Algorithm,Log Source,Log,MRID,Epsilon,Detected Changepoints,Actual Changepoints for Log,F1-Score,Average Lag,Duration,Duration (Seconds),Seconds per Case
Zheng DBSCAN,Ostovar,Atomic_ConditionalToSequence_output_ConditionalToSequence_2,500,50.0,[np.float64(1496.2422310756972)],"[999, 1999]",,,00:00:06,6.212824099988211,0.002071631910632948
Zheng DBSCAN,Ostovar,Atomic_ConditionalToSequence_output_ConditionalToSequence_2,500,100.0,[np.float64(1496.2422310756972)],"[999, 1999]",,,00:00:06,6.212824099988211,0.002071631910632948
Zheng DBSCAN,Ostovar,Atomic_ConditionalToSequence_output_ConditionalToSequence_2,500,150.0,[np.float64(1496.2422310756972)],"[999, 1999]",,,00:00:06,6.212824099988211,0.002071631910632948
Zheng DBSCAN,Ostovar,Atomic_ConditionalToSequence_output_ConditionalToSequence_2,500,200.0,[np.float64(1496.2422310756972)],"[999, 1999]",,,00:00:06,6.212824099988211,0.002071631910632948
Zheng DBSCAN,Ostovar,Atomic_ConditionalToSequence_output_ConditionalToSequence_2,500,250.0,[np.float64(1496.2422310756972)],"[999, 1999]",,,00:00:06,6.212824099988211,0.002071631910632948
Zheng DBSCAN,Bose,bose_log,600,60.0,"[np.float64(1220.888888888889), np.float64(1406.25), np.float64(1781.0), np.float64(1882.0), np.float64(2071.75), np.float64(2231.0), np.float64(2979.0), np.float64(3112.6), np.float64(3395.0), np.float64(3607.714285714286), np.float64(3733.0), np.float64(3799.0), np.float64(3999.1666666666665), np.float64(4129.0), np.float64(4245.5), np.float64(4488.0), np.float64(4808.5), np.float64(5036.0), np.float64(5098.0), np.float64(5286.1), np.float64(5459.0), np.float64(5634.0)]","[1199, 2399, 3599, 4799]",0.3076923076923077,52.02579365079367,00:00:01,1.2408857000118587,0.0002068142833353098
Zheng DBSCAN,Bose,bose_log,600,120.0,"[np.float64(1277.923076923077), np.float64(1971.4444444444443), np.float64(3090.3333333333335), np.float64(3395.0), np.float64(3642.8888888888887), np.float64(4083.5), np.float64(4488.0), np.float64(4808.5), np.float64(5067.0), np.float64(5314.916666666667), np.float64(5634.0)]","[1199, 2399, 3599, 4799]",0.39999999999999997,44.10398860398853,00:00:01,1.2408857000118587,0.0002068142833353098
Zheng DBSCAN,Bose,bose_log,600,180.0,"[np.float64(1277.923076923077), np.float64(1971.4444444444443), np.float64(3090.3333333333335), np.float64(3871.9545454545455), np.float64(4488.0), np.float64(4808.5), np.float64(5303.133333333333)]","[1199, 2399, 3599, 4799]",0.36363636363636365,44.21153846153845,00:00:01,1.2408857000118587,0.0002068142833353098
Zheng DBSCAN,Bose,bose_log,600,240.0,"[np.float64(1277.923076923077), np.float64(1971.4444444444443), np.float64(3731.4827586206898), np.float64(5199.0)]","[1199, 2399, 3599, 4799]",0.5,105.70291777188334,00:00:01,1.2408857000118587,0.0002068142833353098
Zheng DBSCAN,Bose,bose_log,600,300.0,"[np.float64(1277.923076923077), np.float64(1971.4444444444443), np.float64(3731.4827586206898), np.float64(5199.0)]","[1199, 2399, 3599, 4799]",0.5,105.70291777188334,00:00:01,1.2408857000118587,0.0002068142833353098
Zheng DBSCAN,Ostovar,Atomic_Loop_output_Loop_5,800,80.0,[np.float64(1508.4178743961352)],"[999, 1999]",,,00:00:05,5.720754600013606,0.001907554051354987
Zheng DBSCAN,Ostovar,Atomic_Loop_output_Loop_5,800,160.0,[np.float64(1508.4178743961352)],"[999, 1999]",,,00:00:05,5.720754600013606,0.001907554051354987
Zheng DBSCAN,Ostovar,Atomic_Loop_output_Loop_5,800,240.0,[np.float64(1508.4178743961352)],"[999, 1999]",,,00:00:05,5.720754600013606,0.001907554051354987
Zheng DBSCAN,Ostovar,Atomic_Loop_output_Loop_5,800,320.0,[np.float64(1508.4178743961352)],"[999, 1999]",,,00:00:05,5.720754600013606,0.001907554051354987
Zheng DBSCAN,Ostovar,Atomic_Loop_output_Loop_5,800,400.0,[np.float64(1508.4178743961352)],"[999, 1999]",,,00:00:05,5.720754600013606,0.001907554051354987
Zheng DBSCAN,AdditionalLogs,gradual_drift_02,500,50.0,"[np.float64(761.6923076923077), np.float64(1041.56), np.float64(1245.0), np.float64(1332.5)]","[500, 1000]",0.3333333333333333,41.559999999999945,00:00:00,0.4907660000026226,0.00035054714285901616
Zheng DBSCAN,AdditionalLogs,gradual_drift_02,500,100.0,[np.float64(779.4)],"[500, 1000]",,,00:00:00,0.4907660000026226,0.00035054714285901616
Zheng DBSCAN,AdditionalLogs,gradual_drift_02,500,150.0,[np.float64(752.1923076923077)],"[500, 1000]",,,00:00:00,0.4907660000026226,0.00035054714285901616
Zheng DBSCAN,AdditionalLogs,gradual_drift_02,500,200.0,[np.float64(752.1923076923077)],"[500, 1000]",,,00:00:00,0.4907660000026226,0.00035054714285901616
Zheng DBSCAN,AdditionalLogs,gradual_drift_02,500,250.0,[np.float64(752.1923076923077)],"[500, 1000]",,,00:00:00,0.4907660000026226,0.00035054714285901616
Zheng DBSCAN,AdditionalLogs,recurring_drift_07,500,50.0,"[np.float64(500.0), np.float64(1002.0)]","[500, 1000]",1.0,1.0,00:00:00,0.2996900000143796,0.00019979333334291976
Zheng DBSCAN,AdditionalLogs,recurring_drift_07,500,100.0,"[np.float64(500.0), np.float64(1002.0)]","[500, 1000]",1.0,1.0,00:00:00,0.2996900000143796,0.00019979333334291976
Zheng DBSCAN,AdditionalLogs,recurring_drift_07,500,150.0,"[np.float64(500.0), np.float64(1002.0)]","[500, 1000]",1.0,1.0,00:00:00,0.2996900000143796,0.00019979333334291976
Zheng DBSCAN,AdditionalLogs,recurring_drift_07,500,200.0,"[np.float64(500.0), np.float64(1002.0)]","[500, 1000]",1.0,1.0,00:00:00,0.2996900000143796,0.00019979333334291976
Zheng DBSCAN,AdditionalLogs,recurring_drift_07,500,250.0,"[np.float64(500.0), np.float64(1002.0)]","[500, 1000]",1.0,1.0,00:00:00,0.2996900000143796,0.00019979333334291976
Zheng DBSCAN,Ostovar,Composite_ORI_output_ORI,600,60.0,"[np.float64(743.0), np.float64(909.7272727272727), np.float64(1886.0833333333333)]","[999, 1999]",0.8,101.094696969697,00:00:05,5.315195800008951,0.0017723227075721742
Zheng DBSCAN,Ostovar,Composite_ORI_output_ORI,600,120.0,"[np.float64(895.8333333333334), np.float64(1886.0833333333333)]","[999, 1999]",1.0,108.04166666666669,00:00:05,5.315195800008951,0.0017723227075721742
Zheng DBSCAN,Ostovar,Composite_ORI_output_ORI,600,180.0,"[np.float64(895.8333333333334), np.float64(1886.0833333333333)]","[999, 1999]",1.0,108.04166666666669,00:00:05,5.315195800008951,0.0017723227075721742
Zheng DBSCAN,Ostovar,Composite_ORI_output_ORI,600,240.0,"[np.float64(895.8333333333334), np.float64(1886.0833333333333)]","[999, 1999]",1.0,108.04166666666669,00:00:05,5.315195800008951,0.0017723227075721742
Zheng DBSCAN,Ostovar,Composite_ORI_output_ORI,600,300.0,"[np.float64(895.8333333333334), np.float64(1886.0833333333333)]","[999, 1999]",1.0,108.04166666666669,00:00:05,5.315195800008951,0.0017723227075721742
Zheng DBSCAN,AdditionalLogs,gradual_drift_04,800,80.0,"[np.float64(983.35), np.float64(1241.0), np.float64(1334.0)]","[500, 1000]",0.4,16.649999999999977,00:00:00,0.43799740000395104,0.00031285528571710786
Zheng DBSCAN,AdditionalLogs,gradual_drift_04,800,160.0,[np.float64(1011.0)],"[500, 1000]",0.6666666666666666,11.0,00:00:00,0.43799740000395104,0.00031285528571710786
Zheng DBSCAN,AdditionalLogs,gradual_drift_04,800,240.0,[np.float64(1011.0)],"[500, 1000]",0.6666666666666666,11.0,00:00:00,0.43799740000395104,0.00031285528571710786
Zheng DBSCAN,AdditionalLogs,gradual_drift_04,800,320.0,[np.float64(1011.0)],"[500, 1000]",0.6666666666666666,11.0,00:00:00,0.43799740000395104,0.00031285528571710786
Zheng DBSCAN,AdditionalLogs,gradual_drift_04,800,400.0,[np.float64(1011.0)],"[500, 1000]",0.6666666666666666,11.0,00:00:00,0.43799740000395104,0.00031285528571710786
Zheng DBSCAN,Ostovar,Atomic_ConditionalToSequence_output_ConditionalToSequence_5,600,60.0,[np.float64(1501.9309887193099)],"[999, 1999]",,,00:00:06,6.270743900007801,0.0020909449483187065
Zheng DBSCAN,Ostovar,Atomic_ConditionalToSequence_output_ConditionalToSequence_5,600,120.0,[np.float64(1501.9309887193099)],"[999, 1999]",,,00:00:06,6.270743900007801,0.0020909449483187065
Zheng DBSCAN,Ostovar,Atomic_ConditionalToSequence_output_ConditionalToSequence_5,600,180.0,[np.float64(1501.9309887193099)],"[999, 1999]",,,00:00:06,6.270743900007801,0.0020909449483187065
Zheng DBSCAN,Ostovar,Atomic_ConditionalToSequence_output_ConditionalToSequence_5,600,240.0,[np.float64(1501.9309887193099)],"[999, 1999]",,,00:00:06,6.270743900007801,0.0020909449483187065
Zheng DBSCAN,Ostovar,Atomic_ConditionalToSequence_output_ConditionalToSequence_5,600,300.0,[np.float64(1501.9309887193099)],"[999, 1999]",,,00:00:06,6.270743900007801,0.0020909449483187065
Zheng DBSCAN,AdditionalLogs,gradual_drift_02,700,70.0,"[np.float64(715.1), np.float64(1043.4074074074074), np.float64(1332.5)]","[500, 1000]",0.4,43.40740740740739,00:00:00,0.5738092999963555,0.0004098637857116825
Zheng DBSCAN,AdditionalLogs,gradual_drift_02,700,140.0,[np.float64(813.7222222222222)],"[500, 1000]",0.6666666666666666,186.27777777777783,00:00:00,0.5738092999963555,0.0004098637857116825
Zheng DBSCAN,AdditionalLogs,gradual_drift_02,700,210.0,[np.float64(786.1071428571429)],"[500, 1000]",,,00:00:00,0.5738092999963555,0.0004098637857116825
Zheng DBSCAN,AdditionalLogs,gradual_drift_02,700,280.0,[np.float64(786.1071428571429)],"[500, 1000]",,,00:00:00,0.5738092999963555,0.0004098637857116825
Zheng DBSCAN,AdditionalLogs,gradual_drift_02,700,350.0,[np.float64(786.1071428571429)],"[500, 1000]",,,00:00:00,0.5738092999963555,0.0004098637857116825
Zheng DBSCAN,Ceravolo,sudden_trace_noise20_1000_cf,400,40.0,[np.float64(447.0)],[499],1.0,52.0,00:00:00,0.22215390001656488,0.00022215390001656488
Zheng DBSCAN,Ceravolo,sudden_trace_noise20_1000_cf,400,80.0,[np.float64(447.0)],[499],1.0,52.0,00:00:00,0.22215390001656488,0.00022215390001656488
Zheng DBSCAN,Ceravolo,sudden_trace_noise20_1000_cf,400,120.0,[np.float64(447.0)],[499],1.0,52.0,00:00:00,0.22215390001656488,0.00022215390001656488
Zheng DBSCAN,Ceravolo,sudden_trace_noise20_1000_cf,400,160.0,[np.float64(447.0)],[499],1.0,52.0,00:00:00,0.22215390001656488,0.00022215390001656488
Zheng DBSCAN,Ceravolo,sudden_trace_noise20_1000_cf,400,200.0,[np.float64(447.0)],[499],1.0,52.0,00:00:00,0.22215390001656488,0.00022215390001656488
Zheng DBSCAN,Ostovar,Nested_RIO_output_RIO,500,50.0,"[np.float64(968.5555555555555), np.float64(1773.0), np.float64(1910.2608695652175)]","[999, 1999]",0.8,59.59178743961348,00:00:06,6.2815951999800745,0.002094563254411495
Zheng DBSCAN,Ostovar,Nested_RIO_output_RIO,500,100.0,"[np.float64(968.5555555555555), np.float64(1904.5416666666667)]","[999, 1999]",1.0,62.45138888888886,00:00:06,6.2815951999800745,0.002094563254411495
Zheng DBSCAN,Ostovar,Nested_RIO_output_RIO,500,150.0,"[np.float64(968.5555555555555), np.float64(1904.5416666666667)]","[999, 1999]",1.0,62.45138888888886,00:00:06,6.2815951999800745,0.002094563254411495
Zheng DBSCAN,Ostovar,Nested_RIO_output_RIO,500,200.0,"[np.float64(968.5555555555555), np.float64(1904.5416666666667)]","[999, 1999]",1.0,62.45138888888886,00:00:06,6.2815951999800745,0.002094563254411495
Zheng DBSCAN,Ostovar,Nested_RIO_output_RIO,500,250.0,"[np.float64(968.5555555555555), np.float64(1904.5416666666667)]","[999, 1999]",1.0,62.45138888888886,00:00:06,6.2815951999800745,0.002094563254411495
Zheng DBSCAN,Ceravolo,sudden_trace_noise10_1000_rp,400,40.0,[np.float64(449.0)],[499],1.0,50.0,00:00:00,0.24477879999903962,0.00024477879999903964
Zheng DBSCAN,Ceravolo,sudden_trace_noise10_1000_rp,400,80.0,[np.float64(449.0)],[499],1.0,50.0,00:00:00,0.24477879999903962,0.00024477879999903964
Zheng DBSCAN,Ceravolo,sudden_trace_noise10_1000_rp,400,120.0,[np.float64(449.0)],[499],1.0,50.0,00:00:00,0.24477879999903962,0.00024477879999903964
Zheng DBSCAN,Ceravolo,sudden_trace_noise10_1000_rp,400,160.0,[np.float64(449.0)],[499],1.0,50.0,00:00:00,0.24477879999903962,0.00024477879999903964
Zheng DBSCAN,Ceravolo,sudden_trace_noise10_1000_rp,400,200.0,[np.float64(449.0)],[499],1.0,50.0,00:00:00,0.24477879999903962,0.00024477879999903964
Zheng DBSCAN,Ceravolo,sudden_trace_noise10_1000_rp,300,30.0,[np.float64(449.0)],[499],1.0,50.0,00:00:00,0.21705400000791997,0.00021705400000791996
Zheng DBSCAN,Ceravolo,sudden_trace_noise10_1000_rp,300,60.0,[np.float64(449.0)],[499],1.0,50.0,00:00:00,0.21705400000791997,0.00021705400000791996
Zheng DBSCAN,Ceravolo,sudden_trace_noise10_1000_rp,300,90.0,[np.float64(449.0)],[499],1.0,50.0,00:00:00,0.21705400000791997,0.00021705400000791996
Zheng DBSCAN,Ceravolo,sudden_trace_noise10_1000_rp,300,120.0,[np.float64(449.0)],[499],1.0,50.0,00:00:00,0.21705400000791997,0.00021705400000791996
Zheng DBSCAN,Ceravolo,sudden_trace_noise10_1000_rp,300,150.0,[np.float64(449.0)],[499],1.0,50.0,00:00:00,0.21705400000791997,0.00021705400000791996
Zheng DBSCAN,Ceravolo,sudden_trace_noise20_1000_cp,800,80.0,[],[499],,,00:00:00,0.22775049999472685,0.00022775049999472686
Zheng DBSCAN,Ceravolo,sudden_trace_noise20_1000_cp,800,160.0,[],[499],,,00:00:00,0.22775049999472685,0.00022775049999472686
Zheng DBSCAN,Ceravolo,sudden_trace_noise20_1000_cp,800,240.0,[],[499],,,00:00:00,0.22775049999472685,0.00022775049999472686
Zheng DBSCAN,Ceravolo,sudden_trace_noise20_1000_cp,800,320.0,[],[499],,,00:00:00,0.22775049999472685,0.00022775049999472686
Zheng DBSCAN,Ceravolo,sudden_trace_noise20_1000_cp,800,400.0,[],[499],,,00:00:00,0.22775049999472685,0.00022775049999472686
Zheng DBSCAN,Ostovar,Nested_ORI_output_ORI_5,600,60.0,[np.float64(1512.4461351186853)],"[999, 1999]",,,00:00:07,7.0586341000162065,0.0023536625875345803
Zheng DBSCAN,Ostovar,Nested_ORI_output_ORI_5,600,120.0,[np.float64(1512.4461351186853)],"[999, 1999]",,,00:00:07,7.0586341000162065,0.0023536625875345803
Zheng DBSCAN,Ostovar,Nested_ORI_output_ORI_5,600,180.0,[np.float64(1512.4461351186853)],"[999, 1999]",,,00:00:07,7.0586341000162065,0.0023536625875345803
Zheng DBSCAN,Ostovar,Nested_ORI_output_ORI_5,600,240.0,[np.float64(1512.4461351186853)],"[999, 1999]",,,00:00:07,7.0586341000162065,0.0023536625875345803
Zheng DBSCAN,Ostovar,Nested_ORI_output_ORI_5,600,300.0,[np.float64(1512.4461351186853)],"[999, 1999]",,,00:00:07,7.0586341000162065,0.0023536625875345803
Zheng DBSCAN,Ostovar,Atomic_ConditionalRemoval_output_ConditionalRemoval_5,400,40.0,[np.float64(1517.792781580585)],"[999, 1999]",,,00:00:05,5.817414199991617,0.001939784661551056
Zheng DBSCAN,Ostovar,Atomic_ConditionalRemoval_output_ConditionalRemoval_5,400,80.0,[np.float64(1517.792781580585)],"[999, 1999]",,,00:00:05,5.817414199991617,0.001939784661551056
Zheng DBSCAN,Ostovar,Atomic_ConditionalRemoval_output_ConditionalRemoval_5,400,120.0,[np.float64(1517.792781580585)],"[999, 1999]",,,00:00:05,5.817414199991617,0.001939784661551056
Zheng DBSCAN,Ostovar,Atomic_ConditionalRemoval_output_ConditionalRemoval_5,400,160.0,[np.float64(1517.792781580585)],"[999, 1999]",,,00:00:05,5.817414199991617,0.001939784661551056
Zheng DBSCAN,Ostovar,Atomic_ConditionalRemoval_output_ConditionalRemoval_5,400,200.0,[np.float64(1517.792781580585)],"[999, 1999]",,,00:00:05,5.817414199991617,0.001939784661551056
Zheng DBSCAN,Ostovar,Atomic_SerialMove_output_SerialMove_2,400,40.0,[np.float64(1508.1263460157932)],"[999, 1999]",,,00:00:06,6.455939800012857,0.002152697499170676
Zheng DBSCAN,Ostovar,Atomic_SerialMove_output_SerialMove_2,400,80.0,[np.float64(1508.1263460157932)],"[999, 1999]",,,00:00:06,6.455939800012857,0.002152697499170676
Zheng DBSCAN,Ostovar,Atomic_SerialMove_output_SerialMove_2,400,120.0,[np.float64(1508.1263460157932)],"[999, 1999]",,,00:00:06,6.455939800012857,0.002152697499170676
Zheng DBSCAN,Ostovar,Atomic_SerialMove_output_SerialMove_2,400,160.0,[np.float64(1508.1263460157932)],"[999, 1999]",,,00:00:06,6.455939800012857,0.002152697499170676
Zheng DBSCAN,Ostovar,Atomic_SerialMove_output_SerialMove_2,400,200.0,[np.float64(1508.1263460157932)],"[999, 1999]",,,00:00:06,6.455939800012857,0.002152697499170676
Zheng DBSCAN,Ceravolo,sudden_trace_noise20_1000_rp,500,50.0,[],[499],,,00:00:00,0.2178497000131756,0.00021784970001317562
Zheng DBSCAN,Ceravolo,sudden_trace_noise20_1000_rp,500,100.0,[],[499],,,00:00:00,0.2178497000131756,0.00021784970001317562
Zheng DBSCAN,Ceravolo,sudden_trace_noise20_1000_rp,500,150.0,[],[499],,,00:00:00,0.2178497000131756,0.00021784970001317562
Zheng DBSCAN,Ceravolo,sudden_trace_noise20_1000_rp,500,200.0,[],[499],,,00:00:00,0.2178497000131756,0.00021784970001317562
Zheng DBSCAN,Ceravolo,sudden_trace_noise20_1000_rp,500,250.0,[],[499],,,00:00:00,0.2178497000131756,0.00021784970001317562
Zheng DBSCAN,Ceravolo,sudden_trace_noise20_1000_pl,300,30.0,[],[499],,,00:00:00,0.19554669997887686,0.00019554669997887686
Zheng DBSCAN,Ceravolo,sudden_trace_noise20_1000_pl,300,60.0,[],[499],,,00:00:00,0.19554669997887686,0.00019554669997887686
Zheng DBSCAN,Ceravolo,sudden_trace_noise20_1000_pl,300,90.0,[],[499],,,00:00:00,0.19554669997887686,0.00019554669997887686
Zheng DBSCAN,Ceravolo,sudden_trace_noise20_1000_pl,300,120.0,[],[499],,,00:00:00,0.19554669997887686,0.00019554669997887686
Zheng DBSCAN,Ceravolo,sudden_trace_noise20_1000_pl,300,150.0,[],[499],,,00:00:00,0.19554669997887686,0.00019554669997887686
Zheng DBSCAN,Ceravolo,sudden_trace_noise10_1000_RIO,500,50.0,[],[499],,,00:00:00,0.19457059999695048,0.00019457059999695048
Zheng DBSCAN,Ceravolo,sudden_trace_noise10_1000_RIO,500,100.0,[],[499],,,00:00:00,0.19457059999695048,0.00019457059999695048
Zheng DBSCAN,Ceravolo,sudden_trace_noise10_1000_RIO,500,150.0,[],[499],,,00:00:00,0.19457059999695048,0.00019457059999695048
Zheng DBSCAN,Ceravolo,sudden_trace_noise10_1000_RIO,500,200.0,[],[499],,,00:00:00,0.19457059999695048,0.00019457059999695048
Zheng DBSCAN,Ceravolo,sudden_trace_noise10_1000_RIO,500,250.0,[],[499],,,00:00:00,0.19457059999695048,0.00019457059999695048
Zheng DBSCAN,Ceravolo,sudden_trace_noise20_1000_RIO,300,30.0,[np.float64(447.0)],[499],1.0,52.0,00:00:00,0.20653590001165867,0.00020653590001165867
Zheng DBSCAN,Ceravolo,sudden_trace_noise20_1000_RIO,300,60.0,[np.float64(447.0)],[499],1.0,52.0,00:00:00,0.20653590001165867,0.00020653590001165867
Zheng DBSCAN,Ceravolo,sudden_trace_noise20_1000_RIO,300,90.0,[np.float64(447.0)],[499],1.0,52.0,00:00:00,0.20653590001165867,0.00020653590001165867
Zheng DBSCAN,Ceravolo,sudden_trace_noise20_1000_RIO,300,120.0,[np.float64(447.0)],[499],1.0,52.0,00:00:00,0.20653590001165867,0.00020653590001165867
Zheng DBSCAN,Ceravolo,sudden_trace_noise20_1000_RIO,300,150.0,[np.float64(447.0)],[499],1.0,52.0,00:00:00,0.20653590001165867,0.00020653590001165867
Zheng DBSCAN,Ostovar,Atomic_SerialRemoval_output_SerialRemoval,800,80.0,"[np.float64(938.25), np.float64(1935.5)]","[999, 1999]",1.0,62.125,00:00:04,4.528534699988086,0.00151001490496435
Zheng DBSCAN,Ostovar,Atomic_SerialRemoval_output_SerialRemoval,800,160.0,"[np.float64(938.25), np.float64(1935.5)]","[999, 1999]",1.0,62.125,00:00:04,4.528534699988086,0.00151001490496435
Zheng DBSCAN,Ostovar,Atomic_SerialRemoval_output_SerialRemoval,800,240.0,"[np.float64(938.25), np.float64(1935.5)]","[999, 1999]",1.0,62.125,00:00:04,4.528534699988086,0.00151001490496435
Zheng DBSCAN,Ostovar,Atomic_SerialRemoval_output_SerialRemoval,800,320.0,"[np.float64(938.25), np.float64(1935.5)]","[999, 1999]",1.0,62.125,00:00:04,4.528534699988086,0.00151001490496435
Zheng DBSCAN,Ostovar,Atomic_SerialRemoval_output_SerialRemoval,800,400.0,"[np.float64(938.25), np.float64(1935.5)]","[999, 1999]",1.0,62.125,00:00:04,4.528534699988086,0.00151001490496435
Zheng DBSCAN,Ceravolo,sudden_trace_noise15_1000_rp,500,50.0,[],[499],,,00:00:00,0.206914800015511,0.000206914800015511
Zheng DBSCAN,Ceravolo,sudden_trace_noise15_1000_rp,500,100.0,[],[499],,,00:00:00,0.206914800015511,0.000206914800015511
Zheng DBSCAN,Ceravolo,sudden_trace_noise15_1000_rp,500,150.0,[],[499],,,00:00:00,0.206914800015511,0.000206914800015511
Zheng DBSCAN,Ceravolo,sudden_trace_noise15_1000_rp,500,200.0,[],[499],,,00:00:00,0.206914800015511,0.000206914800015511
Zheng DBSCAN,Ceravolo,sudden_trace_noise15_1000_rp,500,250.0,[],[499],,,00:00:00,0.206914800015511,0.000206914800015511
Zheng DBSCAN,Ceravolo,sudden_trace_noise20_1000_sw,400,40.0,[np.float64(451.3333333333333)],[499],1.0,47.666666666666686,00:00:00,0.18716349999886006,0.00018716349999886006
Zheng DBSCAN,Ceravolo,sudden_trace_noise20_1000_sw,400,80.0,[np.float64(451.3333333333333)],[499],1.0,47.666666666666686,00:00:00,0.18716349999886006,0.00018716349999886006
Zheng DBSCAN,Ceravolo,sudden_trace_noise20_1000_sw,400,120.0,[np.float64(451.3333333333333)],[499],1.0,47.666666666666686,00:00:00,0.18716349999886006,0.00018716349999886006
Zheng DBSCAN,Ceravolo,sudden_trace_noise20_1000_sw,400,160.0,[np.float64(451.3333333333333)],[499],1.0,47.666666666666686,00:00:00,0.18716349999886006,0.00018716349999886006
Zheng DBSCAN,Ceravolo,sudden_trace_noise20_1000_sw,400,200.0,[np.float64(451.3333333333333)],[499],1.0,47.666666666666686,00:00:00,0.18716349999886006,0.00018716349999886006
Zheng DBSCAN,Ostovar,Composite_RIO_output_RIO,300,30.0,"[np.float64(937.1428571428571), np.float64(1939.5)]","[999, 1999]",1.0,60.678571428571445,00:00:05,5.205698400008259,0.0017358114038040211
Zheng DBSCAN,Ostovar,Composite_RIO_output_RIO,300,60.0,"[np.float64(937.1428571428571), np.float64(1939.5)]","[999, 1999]",1.0,60.678571428571445,00:00:05,5.205698400008259,0.0017358114038040211
Zheng DBSCAN,Ostovar,Composite_RIO_output_RIO,300,90.0,"[np.float64(937.1428571428571), np.float64(1939.5)]","[999, 1999]",1.0,60.678571428571445,00:00:05,5.205698400008259,0.0017358114038040211
Zheng DBSCAN,Ostovar,Composite_RIO_output_RIO,300,120.0,"[np.float64(937.1428571428571), np.float64(1939.5)]","[999, 1999]",1.0,60.678571428571445,00:00:05,5.205698400008259,0.0017358114038040211
Zheng DBSCAN,Ostovar,Composite_RIO_output_RIO,300,150.0,"[np.float64(937.1428571428571), np.float64(1939.5)]","[999, 1999]",1.0,60.678571428571445,00:00:05,5.205698400008259,0.0017358114038040211
Zheng DBSCAN,Ceravolo,sudden_trace_noise10_1000_re,400,40.0,[np.float64(447.5)],[499],1.0,51.5,00:00:00,0.19658049999270588,0.0001965804999927059
Zheng DBSCAN,Ceravolo,sudden_trace_noise10_1000_re,400,80.0,[np.float64(447.5)],[499],1.0,51.5,00:00:00,0.19658049999270588,0.0001965804999927059
Zheng DBSCAN,Ceravolo,sudden_trace_noise10_1000_re,400,120.0,[np.float64(447.5)],[499],1.0,51.5,00:00:00,0.19658049999270588,0.0001965804999927059
Zheng DBSCAN,Ceravolo,sudden_trace_noise10_1000_re,400,160.0,[np.float64(447.5)],[499],1.0,51.5,00:00:00,0.19658049999270588,0.0001965804999927059
Zheng DBSCAN,Ceravolo,sudden_trace_noise10_1000_re,400,200.0,[np.float64(447.5)],[499],1.0,51.5,00:00:00,0.19658049999270588,0.0001965804999927059
Zheng DBSCAN,Ostovar,Composite_OIR_output_OIR,600,60.0,"[np.float64(943.2380952380952), np.float64(1930.1176470588234)]","[999, 1999]",1.0,62.3221288515407,00:00:04,4.818376000010176,0.0016066608869657138
Zheng DBSCAN,Ostovar,Composite_OIR_output_OIR,600,120.0,"[np.float64(943.2380952380952), np.float64(1930.1176470588234)]","[999, 1999]",1.0,62.3221288515407,00:00:04,4.818376000010176,0.0016066608869657138
Zheng DBSCAN,Ostovar,Composite_OIR_output_OIR,600,180.0,"[np.float64(943.2380952380952), np.float64(1930.1176470588234)]","[999, 1999]",1.0,62.3221288515407,00:00:04,4.818376000010176,0.0016066608869657138
Zheng DBSCAN,Ostovar,Composite_OIR_output_OIR,600,240.0,"[np.float64(943.2380952380952), np.float64(1930.1176470588234)]","[999, 1999]",1.0,62.3221288515407,00:00:04,4.818376000010176,0.0016066608869657138
Zheng DBSCAN,Ostovar,Composite_OIR_output_OIR,600,300.0,"[np.float64(943.2380952380952), np.float64(1930.1176470588234)]","[999, 1999]",1.0,62.3221288515407,00:00:04,4.818376000010176,0.0016066608869657138
Zheng DBSCAN,AdditionalLogs,sudden_drift_07,800,80.0,"[np.float64(913.0), np.float64(1033.4285714285713), np.float64(1324.0)]","[500, 1000]",0.4,33.42857142857133,00:00:00,0.35682779998751357,0.00023788519999167572
Zheng DBSCAN,AdditionalLogs,sudden_drift_07,800,160.0,"[np.float64(1018.375), np.float64(1324.0)]","[500, 1000]",0.5,18.375,00:00:00,0.35682779998751357,0.00023788519999167572
Zheng DBSCAN,AdditionalLogs,sudden_drift_07,800,240.0,"[np.float64(1018.375), np.float64(1324.0)]","[500, 1000]",0.5,18.375,00:00:00,0.35682779998751357,0.00023788519999167572
Zheng DBSCAN,AdditionalLogs,sudden_drift_07,800,320.0,[np.float64(1052.3333333333333)],"[500, 1000]",0.6666666666666666,52.33333333333326,00:00:00,0.35682779998751357,0.00023788519999167572
Zheng DBSCAN,AdditionalLogs,sudden_drift_07,800,400.0,[np.float64(1052.3333333333333)],"[500, 1000]",0.6666666666666666,52.33333333333326,00:00:00,0.35682779998751357,0.00023788519999167572
Zheng DBSCAN,Ceravolo,sudden_trace_noise20_1000_cf,700,70.0,[],[499],,,00:00:00,0.21023189998231828,0.00021023189998231828
Zheng DBSCAN,Ceravolo,sudden_trace_noise20_1000_cf,700,140.0,[],[499],,,00:00:00,0.21023189998231828,0.00021023189998231828
Zheng DBSCAN,Ceravolo,sudden_trace_noise20_1000_cf,700,210.0,[],[499],,,00:00:00,0.21023189998231828,0.00021023189998231828
Zheng DBSCAN,Ceravolo,sudden_trace_noise20_1000_cf,700,280.0,[],[499],,,00:00:00,0.21023189998231828,0.00021023189998231828
Zheng DBSCAN,Ceravolo,sudden_trace_noise20_1000_cf,700,350.0,[],[499],,,00:00:00,0.21023189998231828,0.00021023189998231828
Zheng DBSCAN,Ostovar,Nested_ROI_output_ROI_2,700,70.0,[np.float64(1501.9486940298507)],"[999, 1999]",,,00:00:06,6.077780599996913,0.0020266024007992373
Zheng DBSCAN,Ostovar,Nested_ROI_output_ROI_2,700,140.0,[np.float64(1501.9486940298507)],"[999, 1999]",,,00:00:06,6.077780599996913,0.0020266024007992373
Zheng DBSCAN,Ostovar,Nested_ROI_output_ROI_2,700,210.0,[np.float64(1501.9486940298507)],"[999, 1999]",,,00:00:06,6.077780599996913,0.0020266024007992373
Zheng DBSCAN,Ostovar,Nested_ROI_output_ROI_2,700,280.0,[np.float64(1501.9486940298507)],"[999, 1999]",,,00:00:06,6.077780599996913,0.0020266024007992373
Zheng DBSCAN,Ostovar,Nested_ROI_output_ROI_2,700,350.0,[np.float64(1501.9486940298507)],"[999, 1999]",,,00:00:06,6.077780599996913,0.0020266024007992373
Zheng DBSCAN,Ceravolo,sudden_trace_noise15_1000_pl,400,40.0,[],[499],,,00:00:00,0.23204120001173578,0.0002320412000117358
Zheng DBSCAN,Ceravolo,sudden_trace_noise15_1000_pl,400,80.0,[],[499],,,00:00:00,0.23204120001173578,0.0002320412000117358
Zheng DBSCAN,Ceravolo,sudden_trace_noise15_1000_pl,400,120.0,[],[499],,,00:00:00,0.23204120001173578,0.0002320412000117358
Zheng DBSCAN,Ceravolo,sudden_trace_noise15_1000_pl,400,160.0,[],[499],,,00:00:00,0.23204120001173578,0.0002320412000117358
Zheng DBSCAN,Ceravolo,sudden_trace_noise15_1000_pl,400,200.0,[],[499],,,00:00:00,0.23204120001173578,0.0002320412000117358
Zheng DBSCAN,Ostovar,Atomic_Swap_output_Swap,300,30.0,"[np.float64(930.4444444444445), np.float64(1930.875)]","[999, 1999]",1.0,68.34027777777777,00:00:04,4.648525600001449,0.001550025208403284
Zheng DBSCAN,Ostovar,Atomic_Swap_output_Swap,300,60.0,"[np.float64(930.4444444444445), np.float64(1930.875)]","[999, 1999]",1.0,68.34027777777777,00:00:04,4.648525600001449,0.001550025208403284
Zheng DBSCAN,Ostovar,Atomic_Swap_output_Swap,300,90.0,"[np.float64(930.4444444444445), np.float64(1930.875)]","[999, 1999]",1.0,68.34027777777777,00:00:04,4.648525600001449,0.001550025208403284
Zheng DBSCAN,Ostovar,Atomic_Swap_output_Swap,300,120.0,"[np.float64(930.4444444444445), np.float64(1930.875)]","[999, 1999]",1.0,68.34027777777777,00:00:04,4.648525600001449,0.001550025208403284
Zheng DBSCAN,Ostovar,Atomic_Swap_output_Swap,300,150.0,"[np.float64(930.4444444444445), np.float64(1930.875)]","[999, 1999]",1.0,68.34027777777777,00:00:04,4.648525600001449,0.001550025208403284
Zheng DBSCAN,Ceravolo,sudden_trace_noise20_1000_lp,800,80.0,[],[499],,,00:00:00,0.2082769999979064,0.0002082769999979064
Zheng DBSCAN,Ceravolo,sudden_trace_noise20_1000_lp,800,160.0,[],[499],,,00:00:00,0.2082769999979064,0.0002082769999979064
Zheng DBSCAN,Ceravolo,sudden_trace_noise20_1000_lp,800,240.0,[],[499],,,00:00:00,0.2082769999979064,0.0002082769999979064
Zheng DBSCAN,Ceravolo,sudden_trace_noise20_1000_lp,800,320.0,[],[499],,,00:00:00,0.2082769999979064,0.0002082769999979064
Zheng DBSCAN,Ceravolo,sudden_trace_noise20_1000_lp,800,400.0,[],[499],,,00:00:00,0.2082769999979064,0.0002082769999979064
Zheng DBSCAN,Ceravolo,sudden_trace_noise20_1000_re,400,40.0,[np.float64(447.5)],[499],1.0,51.5,00:00:00,0.21301379997748882,0.0002130137999774888
Zheng DBSCAN,Ceravolo,sudden_trace_noise20_1000_re,400,80.0,[np.float64(447.5)],[499],1.0,51.5,00:00:00,0.21301379997748882,0.0002130137999774888
Zheng DBSCAN,Ceravolo,sudden_trace_noise20_1000_re,400,120.0,[np.float64(447.5)],[499],1.0,51.5,00:00:00,0.21301379997748882,0.0002130137999774888
Zheng DBSCAN,Ceravolo,sudden_trace_noise20_1000_re,400,160.0,[np.float64(447.5)],[499],1.0,51.5,00:00:00,0.21301379997748882,0.0002130137999774888
Zheng DBSCAN,Ceravolo,sudden_trace_noise20_1000_re,400,200.0,[np.float64(447.5)],[499],1.0,51.5,00:00:00,0.21301379997748882,0.0002130137999774888
Zheng DBSCAN,Ostovar,Composite_ORI_output_ORI_2,400,40.0,[np.float64(1499.7998652291105)],"[999, 1999]",,,00:00:08,8.052374699997017,0.0026850199066345507
Zheng DBSCAN,Ostovar,Composite_ORI_output_ORI_2,400,80.0,[np.float64(1499.7998652291105)],"[999, 1999]",,,00:00:08,8.052374699997017,0.0026850199066345507
Zheng DBSCAN,Ostovar,Composite_ORI_output_ORI_2,400,120.0,[np.float64(1499.7998652291105)],"[999, 1999]",,,00:00:08,8.052374699997017,0.0026850199066345507
Zheng DBSCAN,Ostovar,Composite_ORI_output_ORI_2,400,160.0,[np.float64(1499.7998652291105)],"[999, 1999]",,,00:00:08,8.052374699997017,0.0026850199066345507
Zheng DBSCAN,Ostovar,Composite_ORI_output_ORI_2,400,200.0,[np.float64(1499.7998652291105)],"[999, 1999]",,,00:00:08,8.052374699997017,0.0026850199066345507
Zheng DBSCAN,Ceravolo,sudden_trace_noise10_1000_cf,800,80.0,[],[499],,,00:00:00,0.23766169999726117,0.00023766169999726118
Zheng DBSCAN,Ceravolo,sudden_trace_noise10_1000_cf,800,160.0,[],[499],,,00:00:00,0.23766169999726117,0.00023766169999726118
Zheng DBSCAN,Ceravolo,sudden_trace_noise10_1000_cf,800,240.0,[],[499],,,00:00:00,0.23766169999726117,0.00023766169999726118
Zheng DBSCAN,Ceravolo,sudden_trace_noise10_1000_cf,800,320.0,[],[499],,,00:00:00,0.23766169999726117,0.00023766169999726118
Zheng DBSCAN,Ceravolo,sudden_trace_noise10_1000_cf,800,400.0,[],[499],,,00:00:00,0.23766169999726117,0.00023766169999726118
Zheng DBSCAN,Ceravolo,sudden_trace_noise0_1000_IOR,600,60.0,[],[499],,,00:00:00,0.23598989998572506,0.00023598989998572506
Zheng DBSCAN,Ceravolo,sudden_trace_noise0_1000_IOR,600,120.0,[],[499],,,00:00:00,0.23598989998572506,0.00023598989998572506
Zheng DBSCAN,Ceravolo,sudden_trace_noise0_1000_IOR,600,180.0,[],[499],,,00:00:00,0.23598989998572506,0.00023598989998572506
Zheng DBSCAN,Ceravolo,sudden_trace_noise0_1000_IOR,600,240.0,[],[499],,,00:00:00,0.23598989998572506,0.00023598989998572506
Zheng DBSCAN,Ceravolo,sudden_trace_noise0_1000_IOR,600,300.0,[],[499],,,00:00:00,0.23598989998572506,0.00023598989998572506
Zheng DBSCAN,Ostovar,Composite_OIR_output_OIR_2,700,70.0,[np.float64(1493.8129154795822)],"[999, 1999]",,,00:00:07,7.633924699999625,0.002545490063354326
Zheng DBSCAN,Ostovar,Composite_OIR_output_OIR_2,700,140.0,[np.float64(1493.8129154795822)],"[999, 1999]",,,00:00:07,7.633924699999625,0.002545490063354326
Zheng DBSCAN,Ostovar,Composite_OIR_output_OIR_2,700,210.0,[np.float64(1493.8129154795822)],"[999, 1999]",,,00:00:07,7.633924699999625,0.002545490063354326
Zheng DBSCAN,Ostovar,Composite_OIR_output_OIR_2,700,280.0,[np.float64(1493.8129154795822)],"[999, 1999]",,,00:00:07,7.633924699999625,0.002545490063354326
Zheng DBSCAN,Ostovar,Composite_OIR_output_OIR_2,700,350.0,[np.float64(1493.8129154795822)],"[999, 1999]",,,00:00:07,7.633924699999625,0.002545490063354326
Zheng DBSCAN,Ostovar,Atomic_Skip_output_Skip_2,600,60.0,[np.float64(1498.8665496049166)],"[999, 1999]",,,00:00:06,6.799618900025962,0.002267295398474812
Zheng DBSCAN,Ostovar,Atomic_Skip_output_Skip_2,600,120.0,[np.float64(1498.8665496049166)],"[999, 1999]",,,00:00:06,6.799618900025962,0.002267295398474812
Zheng DBSCAN,Ostovar,Atomic_Skip_output_Skip_2,600,180.0,[np.float64(1498.8665496049166)],"[999, 1999]",,,00:00:06,6.799618900025962,0.002267295398474812
Zheng DBSCAN,Ostovar,Atomic_Skip_output_Skip_2,600,240.0,[np.float64(1498.8665496049166)],"[999, 1999]",,,00:00:06,6.799618900025962,0.002267295398474812
Zheng DBSCAN,Ostovar,Atomic_Skip_output_Skip_2,600,300.0,[np.float64(1498.8665496049166)],"[999, 1999]",,,00:00:06,6.799618900025962,0.002267295398474812
Zheng DBSCAN,Ceravolo,sudden_trace_noise15_1000_RIO,300,30.0,[np.float64(447.0)],[499],1.0,52.0,00:00:00,0.2309298000182025,0.0002309298000182025
Zheng DBSCAN,Ceravolo,sudden_trace_noise15_1000_RIO,300,60.0,[np.float64(447.0)],[499],1.0,52.0,00:00:00,0.2309298000182025,0.0002309298000182025
Zheng DBSCAN,Ceravolo,sudden_trace_noise15_1000_RIO,300,90.0,[np.float64(447.0)],[499],1.0,52.0,00:00:00,0.2309298000182025,0.0002309298000182025
Zheng DBSCAN,Ceravolo,sudden_trace_noise15_1000_RIO,300,120.0,[np.float64(447.0)],[499],1.0,52.0,00:00:00,0.2309298000182025,0.0002309298000182025
Zheng DBSCAN,Ceravolo,sudden_trace_noise15_1000_RIO,300,150.0,[np.float64(447.0)],[499],1.0,52.0,00:00:00,0.2309298000182025,0.0002309298000182025
Zheng DBSCAN,AdditionalLogs,recurring_drift_01,400,40.0,"[np.float64(424.5), np.float64(503.5), np.float64(654.1818181818181), np.float64(998.4444444444445), np.float64(1095.6666666666667), np.float64(1261.0), np.float64(1458.0)]","[500, 1000]",0.4444444444444445,2.5277777777777715,00:00:00,0.5854909000045154,0.00039032726666967695
Zheng DBSCAN,AdditionalLogs,recurring_drift_01,400,80.0,"[np.float64(456.9), np.float64(654.1818181818181), np.float64(1022.75), np.float64(1261.0), np.float64(1458.0)]","[500, 1000]",0.5714285714285715,32.92500000000001,00:00:00,0.5854909000045154,0.00039032726666967695
Zheng DBSCAN,AdditionalLogs,recurring_drift_01,400,120.0,"[np.float64(560.2380952380952), np.float64(1022.75), np.float64(1261.0), np.float64(1458.0)]","[500, 1000]",0.6666666666666666,41.49404761904759,00:00:00,0.5854909000045154,0.00039032726666967695
Zheng DBSCAN,AdditionalLogs,recurring_drift_01,400,160.0,"[np.float64(542.3636363636364), np.float64(1041.076923076923), np.float64(1458.0)]","[500, 1000]",0.8,41.720279720279734,00:00:00,0.5854909000045154,0.00039032726666967695
Zheng DBSCAN,AdditionalLogs,recurring_drift_01,400,200.0,"[np.float64(542.3636363636364), np.float64(1070.857142857143)]","[500, 1000]",1.0,56.61038961038963,00:00:00,0.5854909000045154,0.00039032726666967695
Zheng DBSCAN,Ostovar,Composite_IRO_output_IRO_2,800,80.0,[np.float64(1514.9259980525803)],"[999, 1999]",,,00:00:08,8.30786289999378,0.002770211037010263
Zheng DBSCAN,Ostovar,Composite_IRO_output_IRO_2,800,160.0,[np.float64(1514.9259980525803)],"[999, 1999]",,,00:00:08,8.30786289999378,0.002770211037010263
Zheng DBSCAN,Ostovar,Composite_IRO_output_IRO_2,800,240.0,[np.float64(1514.9259980525803)],"[999, 1999]",,,00:00:08,8.30786289999378,0.002770211037010263
Zheng DBSCAN,Ostovar,Composite_IRO_output_IRO_2,800,320.0,[np.float64(1514.9259980525803)],"[999, 1999]",,,00:00:08,8.30786289999378,0.002770211037010263
Zheng DBSCAN,Ostovar,Composite_IRO_output_IRO_2,800,400.0,[np.float64(1514.9259980525803)],"[999, 1999]",,,00:00:08,8.30786289999378,0.002770211037010263
Zheng DBSCAN,Ostovar,Nested_ORI_output_ORI_2,600,60.0,[np.float64(1495.022290545734)],"[999, 1999]",,,00:00:08,8.672158999979729,0.002891683561180303
Zheng DBSCAN,Ostovar,Nested_ORI_output_ORI_2,600,120.0,[np.float64(1495.022290545734)],"[999, 1999]",,,00:00:08,8.672158999979729,0.002891683561180303
Zheng DBSCAN,Ostovar,Nested_ORI_output_ORI_2,600,180.0,[np.float64(1495.022290545734)],"[999, 1999]",,,00:00:08,8.672158999979729,0.002891683561180303
Zheng DBSCAN,Ostovar,Nested_ORI_output_ORI_2,600,240.0,[np.float64(1495.022290545734)],"[999, 1999]",,,00:00:08,8.672158999979729,0.002891683561180303
Zheng DBSCAN,Ostovar,Nested_ORI_output_ORI_2,600,300.0,[np.float64(1495.022290545734)],"[999, 1999]",,,00:00:08,8.672158999979729,0.002891683561180303
Zheng DBSCAN,Ceravolo,sudden_trace_noise20_1000_OIR,500,50.0,[],[499],,,00:00:00,0.2589641999802552,0.0002589641999802552
Zheng DBSCAN,Ceravolo,sudden_trace_noise20_1000_OIR,500,100.0,[],[499],,,00:00:00,0.2589641999802552,0.0002589641999802552
Zheng DBSCAN,Ceravolo,sudden_trace_noise20_1000_OIR,500,150.0,[],[499],,,00:00:00,0.2589641999802552,0.0002589641999802552
Zheng DBSCAN,Ceravolo,sudden_trace_noise20_1000_OIR,500,200.0,[],[499],,,00:00:00,0.2589641999802552,0.0002589641999802552
Zheng DBSCAN,Ceravolo,sudden_trace_noise20_1000_OIR,500,250.0,[],[499],,,00:00:00,0.2589641999802552,0.0002589641999802552
Zheng DBSCAN,Ceravolo,sudden_trace_noise5_1000_sw,600,60.0,[],[499],,,00:00:00,0.22496210000826977,0.00022496210000826978
Zheng DBSCAN,Ceravolo,sudden_trace_noise5_1000_sw,600,120.0,[],[499],,,00:00:00,0.22496210000826977,0.00022496210000826978
Zheng DBSCAN,Ceravolo,sudden_trace_noise5_1000_sw,600,180.0,[],[499],,,00:00:00,0.22496210000826977,0.00022496210000826978
Zheng DBSCAN,Ceravolo,sudden_trace_noise5_1000_sw,600,240.0,[],[499],,,00:00:00,0.22496210000826977,0.00022496210000826978
Zheng DBSCAN,Ceravolo,sudden_trace_noise5_1000_sw,600,300.0,[],[499],,,00:00:00,0.22496210000826977,0.00022496210000826978
Zheng DBSCAN,Ostovar,Nested_IRO_output_IRO_5,500,50.0,[np.float64(1509.0665950590762)],"[999, 1999]",,,00:00:10,10.791203200002201,0.003598267155719307
Zheng DBSCAN,Ostovar,Nested_IRO_output_IRO_5,500,100.0,[np.float64(1509.0665950590762)],"[999, 1999]",,,00:00:10,10.791203200002201,0.003598267155719307
Zheng DBSCAN,Ostovar,Nested_IRO_output_IRO_5,500,150.0,[np.float64(1509.0665950590762)],"[999, 1999]",,,00:00:10,10.791203200002201,0.003598267155719307
Zheng DBSCAN,Ostovar,Nested_IRO_output_IRO_5,500,200.0,[np.float64(1509.0665950590762)],"[999, 1999]",,,00:00:10,10.791203200002201,0.003598267155719307
Zheng DBSCAN,Ostovar,Nested_IRO_output_IRO_5,500,250.0,[np.float64(1509.0665950590762)],"[999, 1999]",,,00:00:10,10.791203200002201,0.003598267155719307
Zheng DBSCAN,AdditionalLogs,recurring_drift_04,400,40.0,"[np.float64(518.2244897959183), np.float64(957.8), np.float64(1109.75), np.float64(1277.0), np.float64(1475.0)]","[500, 1000]",0.5714285714285715,30.21224489795918,00:00:00,0.5489682000188623,0.00036597880001257483
Zheng DBSCAN,AdditionalLogs,recurring_drift_04,400,80.0,"[np.float64(514.96), np.float64(970.204081632653), np.float64(1277.0), np.float64(1475.0)]","[500, 1000]",0.6666666666666666,22.37795918367351,00:00:00,0.5489682000188623,0.00036597880001257483
Zheng DBSCAN,AdditionalLogs,recurring_drift_04,400,120.0,"[np.float64(730.8910891089109), np.float64(1277.0), np.float64(1475.0)]","[500, 1000]",,,00:00:00,0.5489682000188623,0.00036597880001257483
Zheng DBSCAN,AdditionalLogs,recurring_drift_04,400,160.0,"[np.float64(736.2450980392157), np.float64(1475.0)]","[500, 1000]",,,00:00:00,0.5489682000188623,0.00036597880001257483
Zheng DBSCAN,AdditionalLogs,recurring_drift_04,400,200.0,[np.float64(743.4174757281553)],"[500, 1000]",,,00:00:00,0.5489682000188623,0.00036597880001257483
Zheng DBSCAN,Ostovar,Atomic_SerialRemoval_output_SerialRemoval_2,800,80.0,[np.float64(1489.6223849372384)],"[999, 1999]",,,00:00:06,6.788487699988764,0.0022635837612500044
Zheng DBSCAN,Ostovar,Atomic_SerialRemoval_output_SerialRemoval_2,800,160.0,[np.float64(1489.6223849372384)],"[999, 1999]",,,00:00:06,6.788487699988764,0.0022635837612500044
Zheng DBSCAN,Ostovar,Atomic_SerialRemoval_output_SerialRemoval_2,800,240.0,[np.float64(1489.6223849372384)],"[999, 1999]",,,00:00:06,6.788487699988764,0.0022635837612500044
Zheng DBSCAN,Ostovar,Atomic_SerialRemoval_output_SerialRemoval_2,800,320.0,[np.float64(1489.6223849372384)],"[999, 1999]",,,00:00:06,6.788487699988764,0.0022635837612500044
Zheng DBSCAN,Ostovar,Atomic_SerialRemoval_output_SerialRemoval_2,800,400.0,[np.float64(1489.6223849372384)],"[999, 1999]",,,00:00:06,6.788487699988764,0.0022635837612500044
Zheng DBSCAN,Ceravolo,sudden_trace_noise0_1000_IRO,300,30.0,[np.float64(448.6666666666667)],[499],1.0,50.333333333333314,00:00:00,0.2642597999947611,0.0002642597999947611
Zheng DBSCAN,Ceravolo,sudden_trace_noise0_1000_IRO,300,60.0,[np.float64(448.6666666666667)],[499],1.0,50.333333333333314,00:00:00,0.2642597999947611,0.0002642597999947611
Zheng DBSCAN,Ceravolo,sudden_trace_noise0_1000_IRO,300,90.0,[np.float64(448.6666666666667)],[499],1.0,50.333333333333314,00:00:00,0.2642597999947611,0.0002642597999947611
Zheng DBSCAN,Ceravolo,sudden_trace_noise0_1000_IRO,300,120.0,[np.float64(448.6666666666667)],[499],1.0,50.333333333333314,00:00:00,0.2642597999947611,0.0002642597999947611
Zheng DBSCAN,Ceravolo,sudden_trace_noise0_1000_IRO,300,150.0,[np.float64(448.6666666666667)],[499],1.0,50.333333333333314,00:00:00,0.2642597999947611,0.0002642597999947611
Zheng DBSCAN,AdditionalLogs,gradual_drift_06,600,60.0,"[np.float64(728.0), np.float64(966.6470588235294), np.float64(1135.0), np.float64(1206.0), np.float64(1392.0)]","[500, 1000]",0.28571428571428575,33.35294117647061,00:00:00,0.9654386999900453,0.0006895990714214609
Zheng DBSCAN,AdditionalLogs,gradual_drift_06,600,120.0,"[np.float64(988.1052631578947), np.float64(1392.0)]","[500, 1000]",0.5,11.894736842105317,00:00:00,0.9654386999900453,0.0006895990714214609
Zheng DBSCAN,AdditionalLogs,gradual_drift_06,600,180.0,"[np.float64(988.1052631578947), np.float64(1392.0)]","[500, 1000]",0.5,11.894736842105317,00:00:00,0.9654386999900453,0.0006895990714214609
Zheng DBSCAN,AdditionalLogs,gradual_drift_06,600,240.0,[np.float64(868.9285714285714)],"[500, 1000]",0.6666666666666666,131.07142857142856,00:00:00,0.9654386999900453,0.0006895990714214609
Zheng DBSCAN,AdditionalLogs,gradual_drift_06,600,300.0,[np.float64(794.5483870967741)],"[500, 1000]",,,00:00:00,0.9654386999900453,0.0006895990714214609
Zheng DBSCAN,Ostovar,Atomic_ConditionalRemoval_output_ConditionalRemoval_5,500,50.0,[np.float64(1517.6282478347769)],"[999, 1999]",,,00:00:06,6.92021409998415,0.002307507202395515
Zheng DBSCAN,Ostovar,Atomic_ConditionalRemoval_output_ConditionalRemoval_5,500,100.0,[np.float64(1517.6282478347769)],"[999, 1999]",,,00:00:06,6.92021409998415,0.002307507202395515
Zheng DBSCAN,Ostovar,Atomic_ConditionalRemoval_output_ConditionalRemoval_5,500,150.0,[np.float64(1517.6282478347769)],"[999, 1999]",,,00:00:06,6.92021409998415,0.002307507202395515
Zheng DBSCAN,Ostovar,Atomic_ConditionalRemoval_output_ConditionalRemoval_5,500,200.0,[np.float64(1517.6282478347769)],"[999, 1999]",,,00:00:06,6.92021409998415,0.002307507202395515
Zheng DBSCAN,Ostovar,Atomic_ConditionalRemoval_output_ConditionalRemoval_5,500,250.0,[np.float64(1517.6282478347769)],"[999, 1999]",,,00:00:06,6.92021409998415,0.002307507202395515
Zheng DBSCAN,Ceravolo,sudden_trace_noise15_1000_pm,700,70.0,[],[499],,,00:00:00,0.21816600000602193,0.00021816600000602193
Zheng DBSCAN,Ceravolo,sudden_trace_noise15_1000_pm,700,140.0,[],[499],,,00:00:00,0.21816600000602193,0.00021816600000602193
Zheng DBSCAN,Ceravolo,sudden_trace_noise15_1000_pm,700,210.0,[],[499],,,00:00:00,0.21816600000602193,0.00021816600000602193
Zheng DBSCAN,Ceravolo,sudden_trace_noise15_1000_pm,700,280.0,[],[499],,,00:00:00,0.21816600000602193,0.00021816600000602193
Zheng DBSCAN,Ceravolo,sudden_trace_noise15_1000_pm,700,350.0,[],[499],,,00:00:00,0.21816600000602193,0.00021816600000602193
Zheng DBSCAN,Ostovar,Atomic_ConditionalMove_output_ConditionalMove_2,700,70.0,[np.float64(1505.9709251101322)],"[999, 1999]",,,00:00:08,8.560872899979586,0.0028545758252682845
Zheng DBSCAN,Ostovar,Atomic_ConditionalMove_output_ConditionalMove_2,700,140.0,[np.float64(1505.9709251101322)],"[999, 1999]",,,00:00:08,8.560872899979586,0.0028545758252682845
Zheng DBSCAN,Ostovar,Atomic_ConditionalMove_output_ConditionalMove_2,700,210.0,[np.float64(1505.9709251101322)],"[999, 1999]",,,00:00:08,8.560872899979586,0.0028545758252682845
Zheng DBSCAN,Ostovar,Atomic_ConditionalMove_output_ConditionalMove_2,700,280.0,[np.float64(1505.9709251101322)],"[999, 1999]",,,00:00:08,8.560872899979586,0.0028545758252682845
Zheng DBSCAN,Ostovar,Atomic_ConditionalMove_output_ConditionalMove_2,700,350.0,[np.float64(1505.9709251101322)],"[999, 1999]",,,00:00:08,8.560872899979586,0.0028545758252682845
Zheng DBSCAN,Ceravolo,sudden_trace_noise15_1000_cf,300,30.0,[np.float64(447.0)],[499],1.0,52.0,00:00:00,0.2290313999983482,0.0002290313999983482
Zheng DBSCAN,Ceravolo,sudden_trace_noise15_1000_cf,300,60.0,[np.float64(447.0)],[499],1.0,52.0,00:00:00,0.2290313999983482,0.0002290313999983482
Zheng DBSCAN,Ceravolo,sudden_trace_noise15_1000_cf,300,90.0,[np.float64(447.0)],[499],1.0,52.0,00:00:00,0.2290313999983482,0.0002290313999983482
Zheng DBSCAN,Ceravolo,sudden_trace_noise15_1000_cf,300,120.0,[np.float64(447.0)],[499],1.0,52.0,00:00:00,0.2290313999983482,0.0002290313999983482
Zheng DBSCAN,Ceravolo,sudden_trace_noise15_1000_cf,300,150.0,[np.float64(447.0)],[499],1.0,52.0,00:00:00,0.2290313999983482,0.0002290313999983482
Zheng DBSCAN,AdditionalLogs,sudden_drift_06,400,40.0,"[np.float64(516.3181818181819), np.float64(645.0), np.float64(823.75), np.float64(919.0), np.float64(1017.2), np.float64(1219.25), np.float64(1452.0)]","[500, 1000]",0.4444444444444445,16.759090909090958,00:00:01,1.6122146999987308,0.0010748097999991539
Zheng DBSCAN,AdditionalLogs,sudden_drift_06,400,80.0,"[np.float64(521.9130434782609), np.float64(988.1333333333333), np.float64(1219.25), np.float64(1452.0)]","[500, 1000]",0.6666666666666666,16.889855072463774,00:00:01,1.6122146999987308,0.0010748097999991539
Zheng DBSCAN,AdditionalLogs,sudden_drift_06,400,120.0,"[np.float64(521.9130434782609), np.float64(1015.3235294117648), np.float64(1452.0)]","[500, 1000]",0.8,18.618286445012814,00:00:01,1.6122146999987308,0.0010748097999991539
Zheng DBSCAN,AdditionalLogs,sudden_drift_06,400,160.0,"[np.float64(816.2280701754386), np.float64(1452.0)]","[500, 1000]",0.5,183.77192982456143,00:00:01,1.6122146999987308,0.0010748097999991539
Zheng DBSCAN,AdditionalLogs,sudden_drift_06,400,200.0,"[np.float64(816.2280701754386), np.float64(1452.0)]","[500, 1000]",0.5,183.77192982456143,00:00:01,1.6122146999987308,0.0010748097999991539
Zheng DBSCAN,AdditionalLogs,sudden_drift_02,300,30.0,"[np.float64(337.0), np.float64(561.225), np.float64(993.7222222222222), np.float64(1234.0), np.float64(1338.0), np.float64(1377.0), np.float64(1475.75)]","[500, 1000]",0.4444444444444445,33.751388888888926,00:00:00,0.7756202000018675,0.0005170801333345784
Zheng DBSCAN,AdditionalLogs,sudden_drift_02,300,60.0,"[np.float64(773.516129032258), np.float64(1475.75)]","[500, 1000]",,,00:00:00,0.7756202000018675,0.0005170801333345784
Zheng DBSCAN,AdditionalLogs,sudden_drift_02,300,90.0,[np.float64(795.4609375)],"[500, 1000]",,,00:00:00,0.7756202000018675,0.0005170801333345784
Zheng DBSCAN,AdditionalLogs,sudden_drift_02,300,120.0,[np.float64(795.4609375)],"[500, 1000]",,,00:00:00,0.7756202000018675,0.0005170801333345784
Zheng DBSCAN,AdditionalLogs,sudden_drift_02,300,150.0,[np.float64(795.4609375)],"[500, 1000]",,,00:00:00,0.7756202000018675,0.0005170801333345784
Zheng DBSCAN,AdditionalLogs,recurring_drift_02,600,60.0,"[np.float64(709.0487804878048), np.float64(995.0), np.float64(1124.5714285714287), np.float64(1263.5), np.float64(1379.0)]","[500, 1000]",0.28571428571428575,5.0,00:00:00,0.6713575999892782,0.0004475717333261855
Zheng DBSCAN,AdditionalLogs,recurring_drift_02,600,120.0,[np.float64(804.6923076923077)],"[500, 1000]",0.6666666666666666,195.30769230769226,00:00:00,0.6713575999892782,0.0004475717333261855
Zheng DBSCAN,AdditionalLogs,recurring_drift_02,600,180.0,[np.float64(804.6923076923077)],"[500, 1000]",0.6666666666666666,195.30769230769226,00:00:00,0.6713575999892782,0.0004475717333261855
Zheng DBSCAN,AdditionalLogs,recurring_drift_02,600,240.0,[np.float64(804.6923076923077)],"[500, 1000]",0.6666666666666666,195.30769230769226,00:00:00,0.6713575999892782,0.0004475717333261855
Zheng DBSCAN,AdditionalLogs,recurring_drift_02,600,300.0,[np.float64(780.0555555555555)],"[500, 1000]",,,00:00:00,0.6713575999892782,0.0004475717333261855
Zheng DBSCAN,Ostovar,Composite_OIR_output_OIR_5,300,30.0,[np.float64(1491.5903409090909)],"[999, 1999]",,,00:00:08,8.237616999977035,0.0027467879293021124
Zheng DBSCAN,Ostovar,Composite_OIR_output_OIR_5,300,60.0,[np.float64(1491.5903409090909)],"[999, 1999]",,,00:00:08,8.237616999977035,0.0027467879293021124
Zheng DBSCAN,Ostovar,Composite_OIR_output_OIR_5,300,90.0,[np.float64(1491.5903409090909)],"[999, 1999]",,,00:00:08,8.237616999977035,0.0027467879293021124
Zheng DBSCAN,Ostovar,Composite_OIR_output_OIR_5,300,120.0,[np.float64(1491.5903409090909)],"[999, 1999]",,,00:00:08,8.237616999977035,0.0027467879293021124
Zheng DBSCAN,Ostovar,Composite_OIR_output_OIR_5,300,150.0,[np.float64(1491.5903409090909)],"[999, 1999]",,,00:00:08,8.237616999977035,0.0027467879293021124
Zheng DBSCAN,Ceravolo,sudden_trace_noise15_1000_RIO,800,80.0,[],[499],,,00:00:00,0.254833899991354,0.00025483389999135395
Zheng DBSCAN,Ceravolo,sudden_trace_noise15_1000_RIO,800,160.0,[],[499],,,00:00:00,0.254833899991354,0.00025483389999135395
Zheng DBSCAN,Ceravolo,sudden_trace_noise15_1000_RIO,800,240.0,[],[499],,,00:00:00,0.254833899991354,0.00025483389999135395
Zheng DBSCAN,Ceravolo,sudden_trace_noise15_1000_RIO,800,320.0,[],[499],,,00:00:00,0.254833899991354,0.00025483389999135395
Zheng DBSCAN,Ceravolo,sudden_trace_noise15_1000_RIO,800,400.0,[],[499],,,00:00:00,0.254833899991354,0.00025483389999135395
Zheng DBSCAN,AdditionalLogs,gradual_drift_06,400,40.0,"[np.float64(437.625), np.float64(570.0), np.float64(627.5), np.float64(726.5), np.float64(959.6428571428571), np.float64(1135.0), np.float64(1208.0), np.float64(1392.0)]","[500, 1000]",0.4,51.366071428571445,00:00:00,0.9580470000219066,0.0006843192857299333
Zheng DBSCAN,AdditionalLogs,gradual_drift_06,400,80.0,"[np.float64(437.625), np.float64(608.3333333333334), np.float64(726.5), np.float64(959.6428571428571), np.float64(1183.6666666666667), np.float64(1392.0)]","[500, 1000]",0.5,51.366071428571445,00:00:00,0.9580470000219066,0.0006843192857299333
Zheng DBSCAN,AdditionalLogs,gradual_drift_06,400,120.0,"[np.float64(505.2142857142857), np.float64(981.3225806451613), np.float64(1392.0)]","[500, 1000]",0.8,11.945852534562192,00:00:00,0.9580470000219066,0.0006843192857299333
Zheng DBSCAN,AdditionalLogs,gradual_drift_06,400,160.0,"[np.float64(433.7647058823529), np.float64(981.3225806451613), np.float64(1392.0)]","[500, 1000]",0.8,42.45635673624287,00:00:00,0.9580470000219066,0.0006843192857299333
Zheng DBSCAN,AdditionalLogs,gradual_drift_06,400,200.0,[np.float64(799.734693877551)],"[500, 1000]",,,00:00:00,0.9580470000219066,0.0006843192857299333
Zheng DBSCAN,Ceravolo,sudden_trace_noise10_1000_IOR,600,60.0,[],[499],,,00:00:00,0.29736170000978746,0.00029736170000978744
Zheng DBSCAN,Ceravolo,sudden_trace_noise10_1000_IOR,600,120.0,[],[499],,,00:00:00,0.29736170000978746,0.00029736170000978744
Zheng DBSCAN,Ceravolo,sudden_trace_noise10_1000_IOR,600,180.0,[],[499],,,00:00:00,0.29736170000978746,0.00029736170000978744
Zheng DBSCAN,Ceravolo,sudden_trace_noise10_1000_IOR,600,240.0,[],[499],,,00:00:00,0.29736170000978746,0.00029736170000978744
Zheng DBSCAN,Ceravolo,sudden_trace_noise10_1000_IOR,600,300.0,[],[499],,,00:00:00,0.29736170000978746,0.00029736170000978744
Zheng DBSCAN,Ceravolo,sudden_trace_noise5_1000_IRO,700,70.0,[],[499],,,00:00:00,0.308382100018207,0.000308382100018207
Zheng DBSCAN,Ceravolo,sudden_trace_noise5_1000_IRO,700,140.0,[],[499],,,00:00:00,0.308382100018207,0.000308382100018207
Zheng DBSCAN,Ceravolo,sudden_trace_noise5_1000_IRO,700,210.0,[],[499],,,00:00:00,0.308382100018207,0.000308382100018207
Zheng DBSCAN,Ceravolo,sudden_trace_noise5_1000_IRO,700,280.0,[],[499],,,00:00:00,0.308382100018207,0.000308382100018207
Zheng DBSCAN,Ceravolo,sudden_trace_noise5_1000_IRO,700,350.0,[],[499],,,00:00:00,0.308382100018207,0.000308382100018207
Zheng DBSCAN,Ceravolo,sudden_trace_noise15_1000_re,800,80.0,[],[499],,,00:00:00,0.27179589998559095,0.00027179589998559096
Zheng DBSCAN,Ceravolo,sudden_trace_noise15_1000_re,800,160.0,[],[499],,,00:00:00,0.27179589998559095,0.00027179589998559096
Zheng DBSCAN,Ceravolo,sudden_trace_noise15_1000_re,800,240.0,[],[499],,,00:00:00,0.27179589998559095,0.00027179589998559096
Zheng DBSCAN,Ceravolo,sudden_trace_noise15_1000_re,800,320.0,[],[499],,,00:00:00,0.27179589998559095,0.00027179589998559096
Zheng DBSCAN,Ceravolo,sudden_trace_noise15_1000_re,800,400.0,[],[499],,,00:00:00,0.27179589998559095,0.00027179589998559096
Zheng DBSCAN,Ostovar,Atomic_SerialMove_output_SerialMove,400,40.0,"[np.float64(933.5), np.float64(1939.375)]","[999, 1999]",1.0,62.5625,00:00:07,7.012161599996034,0.002338166588861632
Zheng DBSCAN,Ostovar,Atomic_SerialMove_output_SerialMove,400,80.0,"[np.float64(933.5), np.float64(1939.375)]","[999, 1999]",1.0,62.5625,00:00:07,7.012161599996034,0.002338166588861632
Zheng DBSCAN,Ostovar,Atomic_SerialMove_output_SerialMove,400,120.0,"[np.float64(933.5), np.float64(1939.375)]","[999, 1999]",1.0,62.5625,00:00:07,7.012161599996034,0.002338166588861632
Zheng DBSCAN,Ostovar,Atomic_SerialMove_output_SerialMove,400,160.0,"[np.float64(933.5), np.float64(1939.375)]","[999, 1999]",1.0,62.5625,00:00:07,7.012161599996034,0.002338166588861632
Zheng DBSCAN,Ostovar,Atomic_SerialMove_output_SerialMove,400,200.0,"[np.float64(933.5), np.float64(1939.375)]","[999, 1999]",1.0,62.5625,00:00:07,7.012161599996034,0.002338166588861632
Zheng DBSCAN,Ostovar,Nested_IOR_output_IOR_2,600,60.0,[np.float64(1497.9978134110788)],"[999, 1999]",,,00:00:09,9.131678499979898,0.003044907802594164
Zheng DBSCAN,Ostovar,Nested_IOR_output_IOR_2,600,120.0,[np.float64(1497.9978134110788)],"[999, 1999]",,,00:00:09,9.131678499979898,0.003044907802594164
Zheng DBSCAN,Ostovar,Nested_IOR_output_IOR_2,600,180.0,[np.float64(1497.9978134110788)],"[999, 1999]",,,00:00:09,9.131678499979898,0.003044907802594164
Zheng DBSCAN,Ostovar,Nested_IOR_output_IOR_2,600,240.0,[np.float64(1497.9978134110788)],"[999, 1999]",,,00:00:09,9.131678499979898,0.003044907802594164
Zheng DBSCAN,Ostovar,Nested_IOR_output_IOR_2,600,300.0,[np.float64(1497.9978134110788)],"[999, 1999]",,,00:00:09,9.131678499979898,0.003044907802594164
Zheng DBSCAN,Ceravolo,sudden_trace_noise10_1000_cp,300,30.0,[np.float64(449.0)],[499],1.0,50.0,00:00:00,0.2799659000011161,0.0002799659000011161
Zheng DBSCAN,Ceravolo,sudden_trace_noise10_1000_cp,300,60.0,[np.float64(449.0)],[499],1.0,50.0,00:00:00,0.2799659000011161,0.0002799659000011161
Zheng DBSCAN,Ceravolo,sudden_trace_noise10_1000_cp,300,90.0,[np.float64(449.0)],[499],1.0,50.0,00:00:00,0.2799659000011161,0.0002799659000011161
Zheng DBSCAN,Ceravolo,sudden_trace_noise10_1000_cp,300,120.0,[np.float64(449.0)],[499],1.0,50.0,00:00:00,0.2799659000011161,0.0002799659000011161
Zheng DBSCAN,Ceravolo,sudden_trace_noise10_1000_cp,300,150.0,[np.float64(449.0)],[499],1.0,50.0,00:00:00,0.2799659000011161,0.0002799659000011161
Zheng DBSCAN,Ostovar,Atomic_Loop_output_Loop,400,40.0,"[np.float64(915.0), np.float64(1954.0)]","[999, 1999]",1.0,64.5,00:00:05,5.565864000003785,0.0018559066355464439
Zheng DBSCAN,Ostovar,Atomic_Loop_output_Loop,400,80.0,"[np.float64(915.0), np.float64(1954.0)]","[999, 1999]",1.0,64.5,00:00:05,5.565864000003785,0.0018559066355464439
Zheng DBSCAN,Ostovar,Atomic_Loop_output_Loop,400,120.0,"[np.float64(915.0), np.float64(1954.0)]","[999, 1999]",1.0,64.5,00:00:05,5.565864000003785,0.0018559066355464439
Zheng DBSCAN,Ostovar,Atomic_Loop_output_Loop,400,160.0,"[np.float64(915.0), np.float64(1954.0)]","[999, 1999]",1.0,64.5,00:00:05,5.565864000003785,0.0018559066355464439
Zheng DBSCAN,Ostovar,Atomic_Loop_output_Loop,400,200.0,"[np.float64(915.0), np.float64(1954.0)]","[999, 1999]",1.0,64.5,00:00:05,5.565864000003785,0.0018559066355464439
Zheng DBSCAN,Ceravolo,sudden_trace_noise15_1000_cp,700,70.0,[],[499],,,00:00:00,0.25050259998533875,0.00025050259998533875
Zheng DBSCAN,Ceravolo,sudden_trace_noise15_1000_cp,700,140.0,[],[499],,,00:00:00,0.25050259998533875,0.00025050259998533875
Zheng DBSCAN,Ceravolo,sudden_trace_noise15_1000_cp,700,210.0,[],[499],,,00:00:00,0.25050259998533875,0.00025050259998533875
Zheng DBSCAN,Ceravolo,sudden_trace_noise15_1000_cp,700,280.0,[],[499],,,00:00:00,0.25050259998533875,0.00025050259998533875
Zheng DBSCAN,Ceravolo,sudden_trace_noise15_1000_cp,700,350.0,[],[499],,,00:00:00,0.25050259998533875,0.00025050259998533875
Zheng DBSCAN,AdditionalLogs,sudden_drift_03,600,60.0,"[np.float64(816.5), np.float64(914.0), np.float64(994.5), np.float64(1095.0), np.float64(1184.5)]","[500, 1000]",0.28571428571428575,5.5,00:00:00,0.5040373000083491,0.00033602486667223277
Zheng DBSCAN,AdditionalLogs,sudden_drift_03,600,120.0,[np.float64(1000.0)],"[500, 1000]",0.6666666666666666,0.0,00:00:00,0.5040373000083491,0.00033602486667223277
Zheng DBSCAN,AdditionalLogs,sudden_drift_03,600,180.0,[np.float64(1000.0)],"[500, 1000]",0.6666666666666666,0.0,00:00:00,0.5040373000083491,0.00033602486667223277
Zheng DBSCAN,AdditionalLogs,sudden_drift_03,600,240.0,[np.float64(1000.0)],"[500, 1000]",0.6666666666666666,0.0,00:00:00,0.5040373000083491,0.00033602486667223277
Zheng DBSCAN,AdditionalLogs,sudden_drift_03,600,300.0,[np.float64(1000.0)],"[500, 1000]",0.6666666666666666,0.0,00:00:00,0.5040373000083491,0.00033602486667223277
Zheng DBSCAN,AdditionalLogs,gradual_drift_05,700,70.0,"[np.float64(949.4285714285714), np.float64(1133.75), np.float64(1312.5)]","[500, 1000]",0.4,50.571428571428555,00:00:00,0.45642119998228736,0.000326015142844491
Zheng DBSCAN,AdditionalLogs,gradual_drift_05,700,140.0,"[np.float64(1016.4545454545455), np.float64(1312.5)]","[500, 1000]",0.5,16.454545454545496,00:00:00,0.45642119998228736,0.000326015142844491
Zheng DBSCAN,AdditionalLogs,gradual_drift_05,700,210.0,[np.float64(1062.0)],"[500, 1000]",0.6666666666666666,62.0,00:00:00,0.45642119998228736,0.000326015142844491
Zheng DBSCAN,AdditionalLogs,gradual_drift_05,700,280.0,[],"[500, 1000]",,,00:00:00,0.45642119998228736,0.000326015142844491
Zheng DBSCAN,AdditionalLogs,gradual_drift_05,700,350.0,[],"[500, 1000]",,,00:00:00,0.45642119998228736,0.000326015142844491
Zheng DBSCAN,Ostovar,Atomic_ParallelRemoval_output_ParallelRemoval_2,400,40.0,[np.float64(1503.0618971061094)],"[999, 1999]",,,00:00:07,7.196753399999579,0.002399717705901827
Zheng DBSCAN,Ostovar,Atomic_ParallelRemoval_output_ParallelRemoval_2,400,80.0,[np.float64(1503.0618971061094)],"[999, 1999]",,,00:00:07,7.196753399999579,0.002399717705901827
Zheng DBSCAN,Ostovar,Atomic_ParallelRemoval_output_ParallelRemoval_2,400,120.0,[np.float64(1503.0618971061094)],"[999, 1999]",,,00:00:07,7.196753399999579,0.002399717705901827
Zheng DBSCAN,Ostovar,Atomic_ParallelRemoval_output_ParallelRemoval_2,400,160.0,[np.float64(1503.0618971061094)],"[999, 1999]",,,00:00:07,7.196753399999579,0.002399717705901827
Zheng DBSCAN,Ostovar,Atomic_ParallelRemoval_output_ParallelRemoval_2,400,200.0,[np.float64(1503.0618971061094)],"[999, 1999]",,,00:00:07,7.196753399999579,0.002399717705901827
Zheng DBSCAN,Ostovar,Nested_RIO_output_RIO,300,30.0,"[np.float64(885.5), np.float64(975.2), np.float64(1773.0), np.float64(1910.2608695652175)]","[999, 1999]",0.6666666666666666,56.26956521739123,00:00:07,7.819807899999432,0.0026074717905966763
Zheng DBSCAN,Ostovar,Nested_RIO_output_RIO,300,60.0,"[np.float64(968.5555555555555), np.float64(1773.0), np.float64(1910.2608695652175)]","[999, 1999]",0.8,59.59178743961348,00:00:07,7.819807899999432,0.0026074717905966763
Zheng DBSCAN,Ostovar,Nested_RIO_output_RIO,300,90.0,"[np.float64(968.5555555555555), np.float64(1904.5416666666667)]","[999, 1999]",1.0,62.45138888888886,00:00:07,7.819807899999432,0.0026074717905966763
Zheng DBSCAN,Ostovar,Nested_RIO_output_RIO,300,120.0,"[np.float64(968.5555555555555), np.float64(1904.5416666666667)]","[999, 1999]",1.0,62.45138888888886,00:00:07,7.819807899999432,0.0026074717905966763
Zheng DBSCAN,Ostovar,Nested_RIO_output_RIO,300,150.0,"[np.float64(968.5555555555555), np.float64(1904.5416666666667)]","[999, 1999]",1.0,62.45138888888886,00:00:07,7.819807899999432,0.0026074717905966763
Zheng DBSCAN,Ceravolo,sudden_trace_noise20_1000_pl,800,80.0,[],[499],,,00:00:00,0.2584826999809593,0.0002584826999809593
Zheng DBSCAN,Ceravolo,sudden_trace_noise20_1000_pl,800,160.0,[],[499],,,00:00:00,0.2584826999809593,0.0002584826999809593
Zheng DBSCAN,Ceravolo,sudden_trace_noise20_1000_pl,800,240.0,[],[499],,,00:00:00,0.2584826999809593,0.0002584826999809593
Zheng DBSCAN,Ceravolo,sudden_trace_noise20_1000_pl,800,320.0,[],[499],,,00:00:00,0.2584826999809593,0.0002584826999809593
Zheng DBSCAN,Ceravolo,sudden_trace_noise20_1000_pl,800,400.0,[],[499],,,00:00:00,0.2584826999809593,0.0002584826999809593
Zheng DBSCAN,Ostovar,Nested_OIR_output_OIR,800,80.0,"[np.float64(935.5), np.float64(1935.25)]","[999, 1999]",1.0,63.625,00:00:06,6.926953299989691,0.002309754351447046
Zheng DBSCAN,Ostovar,Nested_OIR_output_OIR,800,160.0,"[np.float64(935.5), np.float64(1935.25)]","[999, 1999]",1.0,63.625,00:00:06,6.926953299989691,0.002309754351447046
Zheng DBSCAN,Ostovar,Nested_OIR_output_OIR,800,240.0,"[np.float64(935.5), np.float64(1935.25)]","[999, 1999]",1.0,63.625,00:00:06,6.926953299989691,0.002309754351447046
Zheng DBSCAN,Ostovar,Nested_OIR_output_OIR,800,320.0,"[np.float64(935.5), np.float64(1935.25)]","[999, 1999]",1.0,63.625,00:00:06,6.926953299989691,0.002309754351447046
Zheng DBSCAN,Ostovar,Nested_OIR_output_OIR,800,400.0,"[np.float64(935.5), np.float64(1935.25)]","[999, 1999]",1.0,63.625,00:00:06,6.926953299989691,0.002309754351447046
Zheng DBSCAN,AdditionalLogs,gradual_drift_05,300,30.0,"[np.float64(371.93939393939394), np.float64(630.875), np.float64(781.0), np.float64(836.5), np.float64(959.0), np.float64(1121.8), np.float64(1259.5), np.float64(1312.5), np.float64(1396.0)]","[500, 1000]",0.3636363636363636,84.53030303030303,00:00:00,0.4540988999942783,0.00032435635713877025
Zheng DBSCAN,AdditionalLogs,gradual_drift_05,300,60.0,"[np.float64(304.5217391304348), np.float64(630.875), np.float64(818.0), np.float64(959.0), np.float64(1121.8), np.float64(1286.0), np.float64(1396.0)]","[500, 1000]",0.4444444444444445,85.9375,00:00:00,0.4540988999942783,0.00032435635713877025
Zheng DBSCAN,AdditionalLogs,gradual_drift_05,300,90.0,"[np.float64(352.8703703703704), np.float64(977.6190476190476), np.float64(1308.0)]","[500, 1000]",0.8,84.75529100529101,00:00:00,0.4540988999942783,0.00032435635713877025
Zheng DBSCAN,AdditionalLogs,gradual_drift_05,300,120.0,[np.float64(576.5625)],"[500, 1000]",0.6666666666666666,76.5625,00:00:00,0.4540988999942783,0.00032435635713877025
Zheng DBSCAN,AdditionalLogs,gradual_drift_05,300,150.0,[np.float64(576.5625)],"[500, 1000]",0.6666666666666666,76.5625,00:00:00,0.4540988999942783,0.00032435635713877025
Zheng DBSCAN,AdditionalLogs,sudden_drift_04,400,40.0,"[np.float64(487.5365853658537), np.float64(825.4), np.float64(922.0), np.float64(1028.7), np.float64(1193.0), np.float64(1329.0), np.float64(1492.0)]","[500, 1000]",0.4444444444444445,20.58170731707318,00:00:00,0.7405732000188436,0.000493715466679229
Zheng DBSCAN,AdditionalLogs,sudden_drift_04,400,80.0,"[np.float64(483.3333333333333), np.float64(980.9642857142857), np.float64(1193.0), np.float64(1329.0), np.float64(1492.0)]","[500, 1000]",0.5714285714285715,17.85119047619051,00:00:00,0.7405732000188436,0.000493715466679229
Zheng DBSCAN,AdditionalLogs,sudden_drift_04,400,120.0,"[np.float64(483.3333333333333), np.float64(995.1), np.float64(1329.0), np.float64(1492.0)]","[500, 1000]",0.6666666666666666,10.783333333333331,00:00:00,0.7405732000188436,0.000493715466679229
Zheng DBSCAN,AdditionalLogs,sudden_drift_04,400,160.0,"[np.float64(674.7272727272727), np.float64(1492.0)]","[500, 1000]",0.5,174.72727272727275,00:00:00,0.7405732000188436,0.000493715466679229
Zheng DBSCAN,AdditionalLogs,sudden_drift_04,400,200.0,[np.float64(685.2051282051282)],"[500, 1000]",0.6666666666666666,185.20512820512818,00:00:00,0.7405732000188436,0.000493715466679229
Zheng DBSCAN,Ostovar,Atomic_ConditionalMove_output_ConditionalMove_5,500,50.0,[np.float64(1497.9618696186963)],"[999, 1999]",,,00:00:08,8.154922699992312,0.0027192139713212112
Zheng DBSCAN,Ostovar,Atomic_ConditionalMove_output_ConditionalMove_5,500,100.0,[np.float64(1497.9618696186963)],"[999, 1999]",,,00:00:08,8.154922699992312,0.0027192139713212112
Zheng DBSCAN,Ostovar,Atomic_ConditionalMove_output_ConditionalMove_5,500,150.0,[np.float64(1497.9618696186963)],"[999, 1999]",,,00:00:08,8.154922699992312,0.0027192139713212112
Zheng DBSCAN,Ostovar,Atomic_ConditionalMove_output_ConditionalMove_5,500,200.0,[np.float64(1497.9618696186963)],"[999, 1999]",,,00:00:08,8.154922699992312,0.0027192139713212112
Zheng DBSCAN,Ostovar,Atomic_ConditionalMove_output_ConditionalMove_5,500,250.0,[np.float64(1497.9618696186963)],"[999, 1999]",,,00:00:08,8.154922699992312,0.0027192139713212112
Zheng DBSCAN,Ostovar,Nested_IOR_output_IOR,300,30.0,"[np.float64(754.0), np.float64(794.5), np.float64(901.2857142857143), np.float64(1699.0), np.float64(1783.0), np.float64(1903.6)]","[999, 1999]",0.5,96.55714285714288,00:00:06,6.981127700011712,0.0023278185061726283
Zheng DBSCAN,Ostovar,Nested_IOR_output_IOR,300,60.0,"[np.float64(880.0588235294117), np.float64(1699.0), np.float64(1896.0625)]","[999, 1999]",0.8,110.93933823529414,00:00:06,6.981127700011712,0.0023278185061726283
Zheng DBSCAN,Ostovar,Nested_IOR_output_IOR,300,90.0,"[np.float64(880.0588235294117), np.float64(1884.4705882352941)]","[999, 1999]",1.0,116.73529411764707,00:00:06,6.981127700011712,0.0023278185061726283
Zheng DBSCAN,Ostovar,Nested_IOR_output_IOR,300,120.0,"[np.float64(880.0588235294117), np.float64(1884.4705882352941)]","[999, 1999]",1.0,116.73529411764707,00:00:06,6.981127700011712,0.0023278185061726283
Zheng DBSCAN,Ostovar,Nested_IOR_output_IOR,300,150.0,"[np.float64(880.0588235294117), np.float64(1884.4705882352941)]","[999, 1999]",1.0,116.73529411764707,00:00:06,6.981127700011712,0.0023278185061726283
Zheng DBSCAN,Ceravolo,sudden_trace_noise0_1000_cb,400,40.0,[np.float64(451.0)],[499],1.0,48.0,00:00:00,0.26164859998971224,0.0002616485999897122
Zheng DBSCAN,Ceravolo,sudden_trace_noise0_1000_cb,400,80.0,[np.float64(451.0)],[499],1.0,48.0,00:00:00,0.26164859998971224,0.0002616485999897122
Zheng DBSCAN,Ceravolo,sudden_trace_noise0_1000_cb,400,120.0,[np.float64(451.0)],[499],1.0,48.0,00:00:00,0.26164859998971224,0.0002616485999897122
Zheng DBSCAN,Ceravolo,sudden_trace_noise0_1000_cb,400,160.0,[np.float64(451.0)],[499],1.0,48.0,00:00:00,0.26164859998971224,0.0002616485999897122
Zheng DBSCAN,Ceravolo,sudden_trace_noise0_1000_cb,400,200.0,[np.float64(451.0)],[499],1.0,48.0,00:00:00,0.26164859998971224,0.0002616485999897122
Zheng DBSCAN,Ostovar,Nested_RIO_output_RIO_5,800,80.0,[np.float64(1481.5590277777778)],"[999, 1999]",,,00:00:09,9.218779800023185,0.0030739512504245367
Zheng DBSCAN,Ostovar,Nested_RIO_output_RIO_5,800,160.0,[np.float64(1481.5590277777778)],"[999, 1999]",,,00:00:09,9.218779800023185,0.0030739512504245367
Zheng DBSCAN,Ostovar,Nested_RIO_output_RIO_5,800,240.0,[np.float64(1481.5590277777778)],"[999, 1999]",,,00:00:09,9.218779800023185,0.0030739512504245367
Zheng DBSCAN,Ostovar,Nested_RIO_output_RIO_5,800,320.0,[np.float64(1481.5590277777778)],"[999, 1999]",,,00:00:09,9.218779800023185,0.0030739512504245367
Zheng DBSCAN,Ostovar,Nested_RIO_output_RIO_5,800,400.0,[np.float64(1481.5590277777778)],"[999, 1999]",,,00:00:09,9.218779800023185,0.0030739512504245367
Zheng DBSCAN,Ostovar,Nested_RIO_output_RIO_5,600,60.0,[np.float64(1492.2591687041565)],"[999, 1999]",,,00:00:09,9.531343699985882,0.003178173957981288
Zheng DBSCAN,Ostovar,Nested_RIO_output_RIO_5,600,120.0,[np.float64(1492.2591687041565)],"[999, 1999]",,,00:00:09,9.531343699985882,0.003178173957981288
Zheng DBSCAN,Ostovar,Nested_RIO_output_RIO_5,600,180.0,[np.float64(1492.2591687041565)],"[999, 1999]",,,00:00:09,9.531343699985882,0.003178173957981288
Zheng DBSCAN,Ostovar,Nested_RIO_output_RIO_5,600,240.0,[np.float64(1492.2591687041565)],"[999, 1999]",,,00:00:09,9.531343699985882,0.003178173957981288
Zheng DBSCAN,Ostovar,Nested_RIO_output_RIO_5,600,300.0,[np.float64(1492.2591687041565)],"[999, 1999]",,,00:00:09,9.531343699985882,0.003178173957981288
Zheng DBSCAN,Ceravolo,sudden_trace_noise0_1000_lp,800,80.0,[],[499],,,00:00:00,0.25604950002161786,0.00025604950002161786
Zheng DBSCAN,Ceravolo,sudden_trace_noise0_1000_lp,800,160.0,[],[499],,,00:00:00,0.25604950002161786,0.00025604950002161786
Zheng DBSCAN,Ceravolo,sudden_trace_noise0_1000_lp,800,240.0,[],[499],,,00:00:00,0.25604950002161786,0.00025604950002161786
Zheng DBSCAN,Ceravolo,sudden_trace_noise0_1000_lp,800,320.0,[],[499],,,00:00:00,0.25604950002161786,0.00025604950002161786
Zheng DBSCAN,Ceravolo,sudden_trace_noise0_1000_lp,800,400.0,[],[499],,,00:00:00,0.25604950002161786,0.00025604950002161786
Zheng DBSCAN,AdditionalLogs,gradual_drift_00,500,50.0,"[np.float64(699.0), np.float64(938.6), np.float64(1206.0)]","[500, 1000]",0.8,130.2,00:00:00,0.5459555999841541,0.00038996828570296723
Zheng DBSCAN,AdditionalLogs,gradual_drift_00,500,100.0,"[np.float64(699.0), np.float64(938.6), np.float64(1206.0)]","[500, 1000]",0.8,130.2,00:00:00,0.5459555999841541,0.00038996828570296723
Zheng DBSCAN,AdditionalLogs,gradual_drift_00,500,150.0,"[np.float64(699.0), np.float64(938.6), np.float64(1206.0)]","[500, 1000]",0.8,130.2,00:00:00,0.5459555999841541,0.00038996828570296723
Zheng DBSCAN,AdditionalLogs,gradual_drift_00,500,200.0,"[np.float64(518.0), np.float64(938.6), np.float64(1206.0)]","[500, 1000]",0.8,39.69999999999999,00:00:00,0.5459555999841541,0.00038996828570296723
Zheng DBSCAN,AdditionalLogs,gradual_drift_00,500,250.0,[np.float64(771.7272727272727)],"[500, 1000]",,,00:00:00,0.5459555999841541,0.00038996828570296723
Zheng DBSCAN,Ceravolo,sudden_trace_noise5_1000_pl,600,60.0,[],[499],,,00:00:00,0.27167720001307316,0.00027167720001307317
Zheng DBSCAN,Ceravolo,sudden_trace_noise5_1000_pl,600,120.0,[],[499],,,00:00:00,0.27167720001307316,0.00027167720001307317
Zheng DBSCAN,Ceravolo,sudden_trace_noise5_1000_pl,600,180.0,[],[499],,,00:00:00,0.27167720001307316,0.00027167720001307317
Zheng DBSCAN,Ceravolo,sudden_trace_noise5_1000_pl,600,240.0,[],[499],,,00:00:00,0.27167720001307316,0.00027167720001307317
Zheng DBSCAN,Ceravolo,sudden_trace_noise5_1000_pl,600,300.0,[],[499],,,00:00:00,0.27167720001307316,0.00027167720001307317
Zheng DBSCAN,Ceravolo,sudden_trace_noise0_1000_IRO,700,70.0,[],[499],,,00:00:00,0.2471246000204701,0.0002471246000204701
Zheng DBSCAN,Ceravolo,sudden_trace_noise0_1000_IRO,700,140.0,[],[499],,,00:00:00,0.2471246000204701,0.0002471246000204701
Zheng DBSCAN,Ceravolo,sudden_trace_noise0_1000_IRO,700,210.0,[],[499],,,00:00:00,0.2471246000204701,0.0002471246000204701
Zheng DBSCAN,Ceravolo,sudden_trace_noise0_1000_IRO,700,280.0,[],[499],,,00:00:00,0.2471246000204701,0.0002471246000204701
Zheng DBSCAN,Ceravolo,sudden_trace_noise0_1000_IRO,700,350.0,[],[499],,,00:00:00,0.2471246000204701,0.0002471246000204701
Zheng DBSCAN,Ceravolo,sudden_trace_noise5_1000_re,600,60.0,[],[499],,,00:00:00,0.21851870001410134,0.00021851870001410133
Zheng DBSCAN,Ceravolo,sudden_trace_noise5_1000_re,600,120.0,[],[499],,,00:00:00,0.21851870001410134,0.00021851870001410133
Zheng DBSCAN,Ceravolo,sudden_trace_noise5_1000_re,600,180.0,[],[499],,,00:00:00,0.21851870001410134,0.00021851870001410133
Zheng DBSCAN,Ceravolo,sudden_trace_noise5_1000_re,600,240.0,[],[499],,,00:00:00,0.21851870001410134,0.00021851870001410133
Zheng DBSCAN,Ceravolo,sudden_trace_noise5_1000_re,600,300.0,[],[499],,,00:00:00,0.21851870001410134,0.00021851870001410133
Zheng DBSCAN,Ceravolo,sudden_trace_noise20_1000_OIR,400,40.0,[np.float64(448.0)],[499],1.0,51.0,00:00:00,0.31260720000136644,0.00031260720000136644
Zheng DBSCAN,Ceravolo,sudden_trace_noise20_1000_OIR,400,80.0,[np.float64(448.0)],[499],1.0,51.0,00:00:00,0.31260720000136644,0.00031260720000136644
Zheng DBSCAN,Ceravolo,sudden_trace_noise20_1000_OIR,400,120.0,[np.float64(448.0)],[499],1.0,51.0,00:00:00,0.31260720000136644,0.00031260720000136644
Zheng DBSCAN,Ceravolo,sudden_trace_noise20_1000_OIR,400,160.0,[np.float64(448.0)],[499],1.0,51.0,00:00:00,0.31260720000136644,0.00031260720000136644
Zheng DBSCAN,Ceravolo,sudden_trace_noise20_1000_OIR,400,200.0,[np.float64(448.0)],[499],1.0,51.0,00:00:00,0.31260720000136644,0.00031260720000136644
Zheng DBSCAN,Ostovar,Atomic_ParallelRemoval_output_ParallelRemoval_2,800,80.0,[np.float64(1496.56050955414)],"[999, 1999]",,,00:00:06,6.876106200012146,0.0022927996665595683
Zheng DBSCAN,Ostovar,Atomic_ParallelRemoval_output_ParallelRemoval_2,800,160.0,[np.float64(1496.56050955414)],"[999, 1999]",,,00:00:06,6.876106200012146,0.0022927996665595683
Zheng DBSCAN,Ostovar,Atomic_ParallelRemoval_output_ParallelRemoval_2,800,240.0,[np.float64(1496.56050955414)],"[999, 1999]",,,00:00:06,6.876106200012146,0.0022927996665595683
Zheng DBSCAN,Ostovar,Atomic_ParallelRemoval_output_ParallelRemoval_2,800,320.0,[np.float64(1496.56050955414)],"[999, 1999]",,,00:00:06,6.876106200012146,0.0022927996665595683
Zheng DBSCAN,Ostovar,Atomic_ParallelRemoval_output_ParallelRemoval_2,800,400.0,[np.float64(1496.56050955414)],"[999, 1999]",,,00:00:06,6.876106200012146,0.0022927996665595683
Zheng DBSCAN,Ceravolo,sudden_trace_noise5_1000_sw,800,80.0,[],[499],,,00:00:00,0.2895554999995511,0.0002895554999995511
Zheng DBSCAN,Ceravolo,sudden_trace_noise5_1000_sw,800,160.0,[],[499],,,00:00:00,0.2895554999995511,0.0002895554999995511
Zheng DBSCAN,Ceravolo,sudden_trace_noise5_1000_sw,800,240.0,[],[499],,,00:00:00,0.2895554999995511,0.0002895554999995511
Zheng DBSCAN,Ceravolo,sudden_trace_noise5_1000_sw,800,320.0,[],[499],,,00:00:00,0.2895554999995511,0.0002895554999995511
Zheng DBSCAN,Ceravolo,sudden_trace_noise5_1000_sw,800,400.0,[],[499],,,00:00:00,0.2895554999995511,0.0002895554999995511
Zheng DBSCAN,Ceravolo,sudden_trace_noise20_1000_ROI,500,50.0,[],[499],,,00:00:00,0.2801655000075698,0.00028016550000756977
Zheng DBSCAN,Ceravolo,sudden_trace_noise20_1000_ROI,500,100.0,[],[499],,,00:00:00,0.2801655000075698,0.00028016550000756977
Zheng DBSCAN,Ceravolo,sudden_trace_noise20_1000_ROI,500,150.0,[],[499],,,00:00:00,0.2801655000075698,0.00028016550000756977
Zheng DBSCAN,Ceravolo,sudden_trace_noise20_1000_ROI,500,200.0,[],[499],,,00:00:00,0.2801655000075698,0.00028016550000756977
Zheng DBSCAN,Ceravolo,sudden_trace_noise20_1000_ROI,500,250.0,[],[499],,,00:00:00,0.2801655000075698,0.00028016550000756977
Zheng DBSCAN,Ostovar,Atomic_Swap_output_Swap_2,600,60.0,[np.float64(1485.8433734939758)],"[999, 1999]",,,00:00:07,7.069054399995366,0.0023571371790581416
Zheng DBSCAN,Ostovar,Atomic_Swap_output_Swap_2,600,120.0,[np.float64(1485.8433734939758)],"[999, 1999]",,,00:00:07,7.069054399995366,0.0023571371790581416
Zheng DBSCAN,Ostovar,Atomic_Swap_output_Swap_2,600,180.0,[np.float64(1485.8433734939758)],"[999, 1999]",,,00:00:07,7.069054399995366,0.0023571371790581416
Zheng DBSCAN,Ostovar,Atomic_Swap_output_Swap_2,600,240.0,[np.float64(1485.8433734939758)],"[999, 1999]",,,00:00:07,7.069054399995366,0.0023571371790581416
Zheng DBSCAN,Ostovar,Atomic_Swap_output_Swap_2,600,300.0,[np.float64(1485.8433734939758)],"[999, 1999]",,,00:00:07,7.069054399995366,0.0023571371790581416
Zheng DBSCAN,AdditionalLogs,sudden_drift_00,800,80.0,[np.float64(1027.6)],"[500, 1000]",0.6666666666666666,27.59999999999991,00:00:00,0.7104519999993499,0.0004736346666662333
Zheng DBSCAN,AdditionalLogs,sudden_drift_00,800,160.0,[np.float64(1027.6)],"[500, 1000]",0.6666666666666666,27.59999999999991,00:00:00,0.7104519999993499,0.0004736346666662333
Zheng DBSCAN,AdditionalLogs,sudden_drift_00,800,240.0,[np.float64(1027.6)],"[500, 1000]",0.6666666666666666,27.59999999999991,00:00:00,0.7104519999993499,0.0004736346666662333
Zheng DBSCAN,AdditionalLogs,sudden_drift_00,800,320.0,[np.float64(1027.6)],"[500, 1000]",0.6666666666666666,27.59999999999991,00:00:00,0.7104519999993499,0.0004736346666662333
Zheng DBSCAN,AdditionalLogs,sudden_drift_00,800,400.0,[np.float64(1027.6)],"[500, 1000]",0.6666666666666666,27.59999999999991,00:00:00,0.7104519999993499,0.0004736346666662333
Zheng DBSCAN,Ceravolo,sudden_trace_noise0_1000_IRO,400,40.0,[np.float64(448.6666666666667)],[499],1.0,50.333333333333314,00:00:00,0.2776599999924656,0.0002776599999924656
Zheng DBSCAN,Ceravolo,sudden_trace_noise0_1000_IRO,400,80.0,[np.float64(448.6666666666667)],[499],1.0,50.333333333333314,00:00:00,0.2776599999924656,0.0002776599999924656
Zheng DBSCAN,Ceravolo,sudden_trace_noise0_1000_IRO,400,120.0,[np.float64(448.6666666666667)],[499],1.0,50.333333333333314,00:00:00,0.2776599999924656,0.0002776599999924656
Zheng DBSCAN,Ceravolo,sudden_trace_noise0_1000_IRO,400,160.0,[np.float64(448.6666666666667)],[499],1.0,50.333333333333314,00:00:00,0.2776599999924656,0.0002776599999924656
Zheng DBSCAN,Ceravolo,sudden_trace_noise0_1000_IRO,400,200.0,[np.float64(448.6666666666667)],[499],1.0,50.333333333333314,00:00:00,0.2776599999924656,0.0002776599999924656
Zheng DBSCAN,Ceravolo,sudden_trace_noise15_1000_cf,700,70.0,[],[499],,,00:00:00,0.2359260999946855,0.0002359260999946855
Zheng DBSCAN,Ceravolo,sudden_trace_noise15_1000_cf,700,140.0,[],[499],,,00:00:00,0.2359260999946855,0.0002359260999946855
Zheng DBSCAN,Ceravolo,sudden_trace_noise15_1000_cf,700,210.0,[],[499],,,00:00:00,0.2359260999946855,0.0002359260999946855
Zheng DBSCAN,Ceravolo,sudden_trace_noise15_1000_cf,700,280.0,[],[499],,,00:00:00,0.2359260999946855,0.0002359260999946855
Zheng DBSCAN,Ceravolo,sudden_trace_noise15_1000_cf,700,350.0,[],[499],,,00:00:00,0.2359260999946855,0.0002359260999946855
Zheng DBSCAN,Ostovar,Composite_ORI_output_ORI_2,300,30.0,[np.float64(1498.6524733876017)],"[999, 1999]",,,00:00:08,8.30627299999469,0.0027696808936294396
Zheng DBSCAN,Ostovar,Composite_ORI_output_ORI_2,300,60.0,[np.float64(1498.6524733876017)],"[999, 1999]",,,00:00:08,8.30627299999469,0.0027696808936294396
Zheng DBSCAN,Ostovar,Composite_ORI_output_ORI_2,300,90.0,[np.float64(1498.6524733876017)],"[999, 1999]",,,00:00:08,8.30627299999469,0.0027696808936294396
Zheng DBSCAN,Ostovar,Composite_ORI_output_ORI_2,300,120.0,[np.float64(1498.6524733876017)],"[999, 1999]",,,00:00:08,8.30627299999469,0.0027696808936294396
Zheng DBSCAN,Ostovar,Composite_ORI_output_ORI_2,300,150.0,[np.float64(1498.6524733876017)],"[999, 1999]",,,00:00:08,8.30627299999469,0.0027696808936294396
Zheng DBSCAN,Ostovar,Nested_IRO_output_IRO_2,700,70.0,[np.float64(1491.9769618430525)],"[999, 1999]",,,00:00:09,9.768132199998945,0.0032571297765918456
Zheng DBSCAN,Ostovar,Nested_IRO_output_IRO_2,700,140.0,[np.float64(1491.9769618430525)],"[999, 1999]",,,00:00:09,9.768132199998945,0.0032571297765918456
Zheng DBSCAN,Ostovar,Nested_IRO_output_IRO_2,700,210.0,[np.float64(1491.9769618430525)],"[999, 1999]",,,00:00:09,9.768132199998945,0.0032571297765918456
Zheng DBSCAN,Ostovar,Nested_IRO_output_IRO_2,700,280.0,[np.float64(1491.9769618430525)],"[999, 1999]",,,00:00:09,9.768132199998945,0.0032571297765918456
Zheng DBSCAN,Ostovar,Nested_IRO_output_IRO_2,700,350.0,[np.float64(1491.9769618430525)],"[999, 1999]",,,00:00:09,9.768132199998945,0.0032571297765918456
Zheng DBSCAN,Ceravolo,sudden_trace_noise0_1000_ROI,600,60.0,[],[499],,,00:00:00,0.2739690000016708,0.0002739690000016708
Zheng DBSCAN,Ceravolo,sudden_trace_noise0_1000_ROI,600,120.0,[],[499],,,00:00:00,0.2739690000016708,0.0002739690000016708
Zheng DBSCAN,Ceravolo,sudden_trace_noise0_1000_ROI,600,180.0,[],[499],,,00:00:00,0.2739690000016708,0.0002739690000016708
Zheng DBSCAN,Ceravolo,sudden_trace_noise0_1000_ROI,600,240.0,[],[499],,,00:00:00,0.2739690000016708,0.0002739690000016708
Zheng DBSCAN,Ceravolo,sudden_trace_noise0_1000_ROI,600,300.0,[],[499],,,00:00:00,0.2739690000016708,0.0002739690000016708
Zheng DBSCAN,AdditionalLogs,sudden_drift_05,300,30.0,"[np.float64(430.8), np.float64(516.1), np.float64(638.2), np.float64(722.0), np.float64(795.0), np.float64(881.5), np.float64(1020.0), np.float64(1183.2), np.float64(1360.6), np.float64(1490.5)]","[500, 1000]",0.33333333333333337,18.05000000000001,00:00:00,0.41259349999018013,0.00027506233332678676
Zheng DBSCAN,AdditionalLogs,sudden_drift_05,300,60.0,"[np.float64(426.11290322580646), np.float64(881.5), np.float64(1065.3333333333333), np.float64(1360.6), np.float64(1490.5)]","[500, 1000]",0.5714285714285715,69.6102150537634,00:00:00,0.41259349999018013,0.00027506233332678676
Zheng DBSCAN,AdditionalLogs,sudden_drift_05,300,90.0,"[np.float64(665.34), np.float64(1397.7142857142858)]","[500, 1000]",0.5,165.34000000000003,00:00:00,0.41259349999018013,0.00027506233332678676
Zheng DBSCAN,AdditionalLogs,sudden_drift_05,300,120.0,[np.float64(713.2523364485982)],"[500, 1000]",,,00:00:00,0.41259349999018013,0.00027506233332678676
Zheng DBSCAN,AdditionalLogs,sudden_drift_05,300,150.0,[np.float64(713.2523364485982)],"[500, 1000]",,,00:00:00,0.41259349999018013,0.00027506233332678676
Zheng DBSCAN,Ceravolo,sudden_trace_noise20_1000_cd,400,40.0,[],[499],,,00:00:00,0.25990609999280423,0.00025990609999280425
Zheng DBSCAN,Ceravolo,sudden_trace_noise20_1000_cd,400,80.0,[],[499],,,00:00:00,0.25990609999280423,0.00025990609999280425
Zheng DBSCAN,Ceravolo,sudden_trace_noise20_1000_cd,400,120.0,[],[499],,,00:00:00,0.25990609999280423,0.00025990609999280425
Zheng DBSCAN,Ceravolo,sudden_trace_noise20_1000_cd,400,160.0,[],[499],,,00:00:00,0.25990609999280423,0.00025990609999280425
Zheng DBSCAN,Ceravolo,sudden_trace_noise20_1000_cd,400,200.0,[],[499],,,00:00:00,0.25990609999280423,0.00025990609999280425
Zheng DBSCAN,Ceravolo,sudden_trace_noise10_1000_cf,700,70.0,[],[499],,,00:00:00,0.2397454000019934,0.0002397454000019934
Zheng DBSCAN,Ceravolo,sudden_trace_noise10_1000_cf,700,140.0,[],[499],,,00:00:00,0.2397454000019934,0.0002397454000019934
Zheng DBSCAN,Ceravolo,sudden_trace_noise10_1000_cf,700,210.0,[],[499],,,00:00:00,0.2397454000019934,0.0002397454000019934
Zheng DBSCAN,Ceravolo,sudden_trace_noise10_1000_cf,700,280.0,[],[499],,,00:00:00,0.2397454000019934,0.0002397454000019934
Zheng DBSCAN,Ceravolo,sudden_trace_noise10_1000_cf,700,350.0,[],[499],,,00:00:00,0.2397454000019934,0.0002397454000019934
Zheng DBSCAN,Ostovar,Composite_IRO_output_IRO,600,60.0,"[np.float64(948.0666666666667), np.float64(1943.5714285714287)]","[999, 1999]",1.0,53.180952380952306,00:00:06,6.863949099992169,0.002288745948646939
Zheng DBSCAN,Ostovar,Composite_IRO_output_IRO,600,120.0,"[np.float64(948.0666666666667), np.float64(1943.5714285714287)]","[999, 1999]",1.0,53.180952380952306,00:00:06,6.863949099992169,0.002288745948646939
Zheng DBSCAN,Ostovar,Composite_IRO_output_IRO,600,180.0,"[np.float64(948.0666666666667), np.float64(1943.5714285714287)]","[999, 1999]",1.0,53.180952380952306,00:00:06,6.863949099992169,0.002288745948646939
Zheng DBSCAN,Ostovar,Composite_IRO_output_IRO,600,240.0,"[np.float64(948.0666666666667), np.float64(1943.5714285714287)]","[999, 1999]",1.0,53.180952380952306,00:00:06,6.863949099992169,0.002288745948646939
Zheng DBSCAN,Ostovar,Composite_IRO_output_IRO,600,300.0,"[np.float64(948.0666666666667), np.float64(1943.5714285714287)]","[999, 1999]",1.0,53.180952380952306,00:00:06,6.863949099992169,0.002288745948646939
Zheng DBSCAN,Ceravolo,sudden_trace_noise20_1000_cf,300,30.0,[np.float64(447.0)],[499],1.0,52.0,00:00:00,0.2541018000047188,0.00025410180000471884
Zheng DBSCAN,Ceravolo,sudden_trace_noise20_1000_cf,300,60.0,[np.float64(447.0)],[499],1.0,52.0,00:00:00,0.2541018000047188,0.00025410180000471884
Zheng DBSCAN,Ceravolo,sudden_trace_noise20_1000_cf,300,90.0,[np.float64(447.0)],[499],1.0,52.0,00:00:00,0.2541018000047188,0.00025410180000471884
Zheng DBSCAN,Ceravolo,sudden_trace_noise20_1000_cf,300,120.0,[np.float64(447.0)],[499],1.0,52.0,00:00:00,0.2541018000047188,0.00025410180000471884
Zheng DBSCAN,Ceravolo,sudden_trace_noise20_1000_cf,300,150.0,[np.float64(447.0)],[499],1.0,52.0,00:00:00,0.2541018000047188,0.00025410180000471884
Zheng DBSCAN,Ostovar,Nested_IOR_output_IOR_5,800,80.0,[np.float64(1514.4286689419796)],"[999, 1999]",,,00:00:08,8.64580999998725,0.00288289763253993
Zheng DBSCAN,Ostovar,Nested_IOR_output_IOR_5,800,160.0,[np.float64(1514.4286689419796)],"[999, 1999]",,,00:00:08,8.64580999998725,0.00288289763253993
Zheng DBSCAN,Ostovar,Nested_IOR_output_IOR_5,800,240.0,[np.float64(1514.4286689419796)],"[999, 1999]",,,00:00:08,8.64580999998725,0.00288289763253993
Zheng DBSCAN,Ostovar,Nested_IOR_output_IOR_5,800,320.0,[np.float64(1514.4286689419796)],"[999, 1999]",,,00:00:08,8.64580999998725,0.00288289763253993
Zheng DBSCAN,Ostovar,Nested_IOR_output_IOR_5,800,400.0,[np.float64(1514.4286689419796)],"[999, 1999]",,,00:00:08,8.64580999998725,0.00288289763253993
Zheng DBSCAN,Ceravolo,sudden_trace_noise15_1000_re,600,60.0,[],[499],,,00:00:00,0.2502041999832727,0.0002502041999832727
Zheng DBSCAN,Ceravolo,sudden_trace_noise15_1000_re,600,120.0,[],[499],,,00:00:00,0.2502041999832727,0.0002502041999832727
Zheng DBSCAN,Ceravolo,sudden_trace_noise15_1000_re,600,180.0,[],[499],,,00:00:00,0.2502041999832727,0.0002502041999832727
Zheng DBSCAN,Ceravolo,sudden_trace_noise15_1000_re,600,240.0,[],[499],,,00:00:00,0.2502041999832727,0.0002502041999832727
Zheng DBSCAN,Ceravolo,sudden_trace_noise15_1000_re,600,300.0,[],[499],,,00:00:00,0.2502041999832727,0.0002502041999832727
Zheng DBSCAN,Bose,bose_log,300,30.0,"[np.float64(323.5), np.float64(486.0), np.float64(577.0), np.float64(651.0), np.float64(857.0), np.float64(978.0), np.float64(1186.4), np.float64(1239.3333333333333), np.float64(1288.5), np.float64(1380.5), np.float64(1429.6666666666667), np.float64(1569.0), np.float64(1746.3333333333333), np.float64(1798.5), np.float64(1886.5), np.float64(1956.0), np.float64(1991.0), np.float64(2051.0), np.float64(2093.0), np.float64(2152.0), np.float64(2221.3333333333335), np.float64(2349.0), np.float64(2393.0), np.float64(2549.0), np.float64(2711.5), np.float64(2934.0), np.float64(2973.0), np.float64(3065.5), np.float64(3142.0), np.float64(3276.0), np.float64(3384.0), np.float64(3454.0), np.float64(3502.0), np.float64(3590.6), np.float64(3649.0), np.float64(3720.0), np.float64(3799.0), np.float64(3903.0), np.float64(3957.5), np.float64(4023.4), np.float64(4079.0), np.float64(4110.5), np.float64(4147.5), np.float64(4200.0), np.float64(4245.0), np.float64(4367.0), np.float64(4481.25), np.float64(4558.0), np.float64(4699.0), np.float64(4804.714285714285), np.float64(5035.5), np.float64(5092.5), np.float64(5235.5), np.float64(5319.833333333333), np.float64(5456.8), np.float64(5548.0), np.float64(5634.5), np.float64(5887.0), np.float64(5929.0)]","[1199, 2399, 3599, 4799]",0.12698412698412698,8.178571428571331,00:00:01,1.4558534999960102,0.00024264224999933503
Zheng DBSCAN,Bose,bose_log,300,60.0,"[np.float64(312.0), np.float64(486.0), np.float64(577.0), np.float64(651.0), np.float64(857.0), np.float64(978.0), np.float64(1233.6666666666667), np.float64(1410.0), np.float64(1569.0), np.float64(1767.2), np.float64(1886.5), np.float64(2048.6), np.float64(2221.3333333333335), np.float64(2363.6666666666665), np.float64(2549.0), np.float64(2711.5), np.float64(2960.0), np.float64(3116.5), np.float64(3276.0), np.float64(3445.2), np.float64(3634.0), np.float64(3799.0), np.float64(4086.176470588235), np.float64(4367.0), np.float64(4481.25), np.float64(4558.0), np.float64(4699.0), np.float64(4804.714285714285), np.float64(5064.0), np.float64(5286.1), np.float64(5456.8), np.float64(5548.0), np.float64(5634.5), np.float64(5908.0)]","[1199, 2399, 3599, 4799]",0.21052631578947367,27.678571428571388,00:00:01,1.4558534999960102,0.00024264224999933503
Zheng DBSCAN,Bose,bose_log,300,90.0,"[np.float64(572.75), np.float64(857.0), np.float64(978.0), np.float64(1285.5294117647059), np.float64(1569.0), np.float64(1967.7333333333333), np.float64(2363.6666666666665), np.float64(2549.0), np.float64(2711.5), np.float64(3064.3333333333335), np.float64(3276.0), np.float64(3585.3125), np.float64(4086.176470588235), np.float64(4367.0), np.float64(4496.6), np.float64(4791.5), np.float64(5064.0), np.float64(5286.1), np.float64(5516.555555555556), np.float64(5908.0)]","[1199, 2399, 3599, 4799]",0.33333333333333337,35.762561274509835,00:00:01,1.4558534999960102,0.00024264224999933503
Zheng DBSCAN,Bose,bose_log,300,120.0,"[np.float64(572.75), np.float64(857.0), np.float64(978.0), np.float64(1285.5294117647059), np.float64(1569.0), np.float64(2033.7222222222222), np.float64(2549.0), np.float64(2711.5), np.float64(3766.0204081632655), np.float64(4791.5), np.float64(5064.0), np.float64(5395.263157894737), np.float64(5908.0)]","[1199, 2399, 3599, 4799]",0.47058823529411764,102.76245498199285,00:00:01,1.4558534999960102,0.00024264224999933503
Zheng DBSCAN,Bose,bose_log,300,150.0,"[np.float64(572.75), np.float64(917.5), np.float64(1301.2777777777778), np.float64(2142.181818181818), np.float64(3909.9473684210525), np.float64(5337.652173913043), np.float64(5908.0)]","[1199, 2399, 3599, 4799]",0.18181818181818182,102.27777777777783,00:00:01,1.4558534999960102,0.00024264224999933503
Zheng DBSCAN,AdditionalLogs,gradual_drift_01,500,50.0,"[np.float64(514.4545454545455), np.float64(710.6666666666666), np.float64(952.0), np.float64(1117.0), np.float64(1271.75), np.float64(1368.5)]","[500, 1000]",0.5,31.227272727272748,00:00:00,0.6296640000073239,0.0004497600000052314
Zheng DBSCAN,AdditionalLogs,gradual_drift_01,500,100.0,"[np.float64(616.8260869565217), np.float64(977.3846153846154), np.float64(1304.0)]","[500, 1000]",0.8,69.7207357859532,00:00:00,0.6296640000073239,0.0004497600000052314
Zheng DBSCAN,AdditionalLogs,gradual_drift_01,500,150.0,[np.float64(826.5952380952381)],"[500, 1000]",0.6666666666666666,173.40476190476193,00:00:00,0.6296640000073239,0.0004497600000052314
Zheng DBSCAN,AdditionalLogs,gradual_drift_01,500,200.0,[np.float64(799.0909090909091)],"[500, 1000]",,,00:00:00,0.6296640000073239,0.0004497600000052314
Zheng DBSCAN,AdditionalLogs,gradual_drift_01,500,250.0,[np.float64(799.0909090909091)],"[500, 1000]",,,00:00:00,0.6296640000073239,0.0004497600000052314
Zheng DBSCAN,Ceravolo,sudden_trace_noise10_1000_IRO,500,50.0,[],[499],,,00:00:00,0.27681029998348095,0.00027681029998348093
Zheng DBSCAN,Ceravolo,sudden_trace_noise10_1000_IRO,500,100.0,[],[499],,,00:00:00,0.27681029998348095,0.00027681029998348093
Zheng DBSCAN,Ceravolo,sudden_trace_noise10_1000_IRO,500,150.0,[],[499],,,00:00:00,0.27681029998348095,0.00027681029998348093
Zheng DBSCAN,Ceravolo,sudden_trace_noise10_1000_IRO,500,200.0,[],[499],,,00:00:00,0.27681029998348095,0.00027681029998348093
Zheng DBSCAN,Ceravolo,sudden_trace_noise10_1000_IRO,500,250.0,[],[499],,,00:00:00,0.27681029998348095,0.00027681029998348093
Zheng DBSCAN,Ostovar,Atomic_SerialRemoval_output_SerialRemoval_2,700,70.0,[np.float64(1496.2054527750731)],"[999, 1999]",,,00:00:06,6.977197600004729,0.0023265080360135807
Zheng DBSCAN,Ostovar,Atomic_SerialRemoval_output_SerialRemoval_2,700,140.0,[np.float64(1496.2054527750731)],"[999, 1999]",,,00:00:06,6.977197600004729,0.0023265080360135807
Zheng DBSCAN,Ostovar,Atomic_SerialRemoval_output_SerialRemoval_2,700,210.0,[np.float64(1496.2054527750731)],"[999, 1999]",,,00:00:06,6.977197600004729,0.0023265080360135807
Zheng DBSCAN,Ostovar,Atomic_SerialRemoval_output_SerialRemoval_2,700,280.0,[np.float64(1496.2054527750731)],"[999, 1999]",,,00:00:06,6.977197600004729,0.0023265080360135807
Zheng DBSCAN,Ostovar,Atomic_SerialRemoval_output_SerialRemoval_2,700,350.0,[np.float64(1496.2054527750731)],"[999, 1999]",,,00:00:06,6.977197600004729,0.0023265080360135807
Zheng DBSCAN,Ostovar,Composite_RIO_output_RIO_5,700,70.0,[np.float64(1475.0317348377998)],"[999, 1999]",,,00:00:07,7.903144099982455,0.002635259786589682
Zheng DBSCAN,Ostovar,Composite_RIO_output_RIO_5,700,140.0,[np.float64(1475.0317348377998)],"[999, 1999]",,,00:00:07,7.903144099982455,0.002635259786589682
Zheng DBSCAN,Ostovar,Composite_RIO_output_RIO_5,700,210.0,[np.float64(1475.0317348377998)],"[999, 1999]",,,00:00:07,7.903144099982455,0.002635259786589682
Zheng DBSCAN,Ostovar,Composite_RIO_output_RIO_5,700,280.0,[np.float64(1475.0317348377998)],"[999, 1999]",,,00:00:07,7.903144099982455,0.002635259786589682
Zheng DBSCAN,Ostovar,Composite_RIO_output_RIO_5,700,350.0,[np.float64(1475.0317348377998)],"[999, 1999]",,,00:00:07,7.903144099982455,0.002635259786589682
Zheng DBSCAN,Ceravolo,sudden_trace_noise10_1000_lp,700,70.0,[],[499],,,00:00:00,0.260317699983716,0.000260317699983716
Zheng DBSCAN,Ceravolo,sudden_trace_noise10_1000_lp,700,140.0,[],[499],,,00:00:00,0.260317699983716,0.000260317699983716
Zheng DBSCAN,Ceravolo,sudden_trace_noise10_1000_lp,700,210.0,[],[499],,,00:00:00,0.260317699983716,0.000260317699983716
Zheng DBSCAN,Ceravolo,sudden_trace_noise10_1000_lp,700,280.0,[],[499],,,00:00:00,0.260317699983716,0.000260317699983716
Zheng DBSCAN,Ceravolo,sudden_trace_noise10_1000_lp,700,350.0,[],[499],,,00:00:00,0.260317699983716,0.000260317699983716
Zheng DBSCAN,AdditionalLogs,gradual_drift_06,700,70.0,"[np.float64(966.6470588235294), np.float64(1135.0), np.float64(1206.0), np.float64(1392.0)]","[500, 1000]",0.3333333333333333,33.35294117647061,00:00:01,1.1059133000089787,0.0007899380714349848
Zheng DBSCAN,AdditionalLogs,gradual_drift_06,700,140.0,"[np.float64(988.1052631578947), np.float64(1392.0)]","[500, 1000]",0.5,11.894736842105317,00:00:01,1.1059133000089787,0.0007899380714349848
Zheng DBSCAN,AdditionalLogs,gradual_drift_06,700,210.0,[np.float64(1008.3)],"[500, 1000]",0.6666666666666666,8.299999999999955,00:00:01,1.1059133000089787,0.0007899380714349848
Zheng DBSCAN,AdditionalLogs,gradual_drift_06,700,280.0,[np.float64(1008.3)],"[500, 1000]",0.6666666666666666,8.299999999999955,00:00:01,1.1059133000089787,0.0007899380714349848
Zheng DBSCAN,AdditionalLogs,gradual_drift_06,700,350.0,[np.float64(831.2142857142857)],"[500, 1000]",0.6666666666666666,168.78571428571433,00:00:01,1.1059133000089787,0.0007899380714349848
Zheng DBSCAN,Ostovar,Atomic_ParallelToSequence_output_ParallelToSequence,600,60.0,"[np.float64(940.5), np.float64(1941.909090909091)]","[999, 1999]",1.0,57.795454545454504,00:00:05,5.738558299985016,0.0019134905968606255
Zheng DBSCAN,Ostovar,Atomic_ParallelToSequence_output_ParallelToSequence,600,120.0,"[np.float64(940.5), np.float64(1941.909090909091)]","[999, 1999]",1.0,57.795454545454504,00:00:05,5.738558299985016,0.0019134905968606255
Zheng DBSCAN,Ostovar,Atomic_ParallelToSequence_output_ParallelToSequence,600,180.0,"[np.float64(940.5), np.float64(1941.909090909091)]","[999, 1999]",1.0,57.795454545454504,00:00:05,5.738558299985016,0.0019134905968606255
Zheng DBSCAN,Ostovar,Atomic_ParallelToSequence_output_ParallelToSequence,600,240.0,"[np.float64(940.5), np.float64(1941.909090909091)]","[999, 1999]",1.0,57.795454545454504,00:00:05,5.738558299985016,0.0019134905968606255
Zheng DBSCAN,Ostovar,Atomic_ParallelToSequence_output_ParallelToSequence,600,300.0,"[np.float64(940.5), np.float64(1941.909090909091)]","[999, 1999]",1.0,57.795454545454504,00:00:05,5.738558299985016,0.0019134905968606255
Zheng DBSCAN,Ostovar,Atomic_ParallelToSequence_output_ParallelToSequence_5,500,50.0,[np.float64(1481.3244104525174)],"[999, 1999]",,,00:00:07,7.423105299996678,0.002475193497831503
Zheng DBSCAN,Ostovar,Atomic_ParallelToSequence_output_ParallelToSequence_5,500,100.0,[np.float64(1481.3244104525174)],"[999, 1999]",,,00:00:07,7.423105299996678,0.002475193497831503
Zheng DBSCAN,Ostovar,Atomic_ParallelToSequence_output_ParallelToSequence_5,500,150.0,[np.float64(1481.3244104525174)],"[999, 1999]",,,00:00:07,7.423105299996678,0.002475193497831503
Zheng DBSCAN,Ostovar,Atomic_ParallelToSequence_output_ParallelToSequence_5,500,200.0,[np.float64(1481.3244104525174)],"[999, 1999]",,,00:00:07,7.423105299996678,0.002475193497831503
Zheng DBSCAN,Ostovar,Atomic_ParallelToSequence_output_ParallelToSequence_5,500,250.0,[np.float64(1481.3244104525174)],"[999, 1999]",,,00:00:07,7.423105299996678,0.002475193497831503
Zheng DBSCAN,Ceravolo,sudden_trace_noise5_1000_ROI,600,60.0,[],[499],,,00:00:00,0.26016090001212433,0.00026016090001212435
Zheng DBSCAN,Ceravolo,sudden_trace_noise5_1000_ROI,600,120.0,[],[499],,,00:00:00,0.26016090001212433,0.00026016090001212435
Zheng DBSCAN,Ceravolo,sudden_trace_noise5_1000_ROI,600,180.0,[],[499],,,00:00:00,0.26016090001212433,0.00026016090001212435
Zheng DBSCAN,Ceravolo,sudden_trace_noise5_1000_ROI,600,240.0,[],[499],,,00:00:00,0.26016090001212433,0.00026016090001212435
Zheng DBSCAN,Ceravolo,sudden_trace_noise5_1000_ROI,600,300.0,[],[499],,,00:00:00,0.26016090001212433,0.00026016090001212435
Zheng DBSCAN,Ostovar,Nested_ROI_output_ROI_5,800,80.0,[np.float64(1485.2189254210105)],"[999, 1999]",,,00:00:07,7.2940931000048295,0.002432175091698843
Zheng DBSCAN,Ostovar,Nested_ROI_output_ROI_5,800,160.0,[np.float64(1485.2189254210105)],"[999, 1999]",,,00:00:07,7.2940931000048295,0.002432175091698843
Zheng DBSCAN,Ostovar,Nested_ROI_output_ROI_5,800,240.0,[np.float64(1485.2189254210105)],"[999, 1999]",,,00:00:07,7.2940931000048295,0.002432175091698843
Zheng DBSCAN,Ostovar,Nested_ROI_output_ROI_5,800,320.0,[np.float64(1485.2189254210105)],"[999, 1999]",,,00:00:07,7.2940931000048295,0.002432175091698843
Zheng DBSCAN,Ostovar,Nested_ROI_output_ROI_5,800,400.0,[np.float64(1485.2189254210105)],"[999, 1999]",,,00:00:07,7.2940931000048295,0.002432175091698843
Zheng DBSCAN,Ceravolo,sudden_trace_noise0_1000_RIO,400,40.0,[np.float64(447.0)],[499],1.0,52.0,00:00:00,0.24113830001442693,0.00024113830001442694
Zheng DBSCAN,Ceravolo,sudden_trace_noise0_1000_RIO,400,80.0,[np.float64(447.0)],[499],1.0,52.0,00:00:00,0.24113830001442693,0.00024113830001442694
Zheng DBSCAN,Ceravolo,sudden_trace_noise0_1000_RIO,400,120.0,[np.float64(447.0)],[499],1.0,52.0,00:00:00,0.24113830001442693,0.00024113830001442694
Zheng DBSCAN,Ceravolo,sudden_trace_noise0_1000_RIO,400,160.0,[np.float64(447.0)],[499],1.0,52.0,00:00:00,0.24113830001442693,0.00024113830001442694
Zheng DBSCAN,Ceravolo,sudden_trace_noise0_1000_RIO,400,200.0,[np.float64(447.0)],[499],1.0,52.0,00:00:00,0.24113830001442693,0.00024113830001442694
Zheng DBSCAN,Ostovar,Atomic_ConditionalToSequence_output_ConditionalToSequence,500,50.0,"[np.float64(939.6428571428571), np.float64(1944.357142857143)]","[999, 1999]",1.0,57.0,00:00:05,5.8244572000112385,0.0019421331110407597
Zheng DBSCAN,Ostovar,Atomic_ConditionalToSequence_output_ConditionalToSequence,500,100.0,"[np.float64(939.6428571428571), np.float64(1944.357142857143)]","[999, 1999]",1.0,57.0,00:00:05,5.8244572000112385,0.0019421331110407597
Zheng DBSCAN,Ostovar,Atomic_ConditionalToSequence_output_ConditionalToSequence,500,150.0,"[np.float64(939.6428571428571), np.float64(1944.357142857143)]","[999, 1999]",1.0,57.0,00:00:05,5.8244572000112385,0.0019421331110407597
Zheng DBSCAN,Ostovar,Atomic_ConditionalToSequence_output_ConditionalToSequence,500,200.0,"[np.float64(939.6428571428571), np.float64(1944.357142857143)]","[999, 1999]",1.0,57.0,00:00:05,5.8244572000112385,0.0019421331110407597
Zheng DBSCAN,Ostovar,Atomic_ConditionalToSequence_output_ConditionalToSequence,500,250.0,"[np.float64(939.6428571428571), np.float64(1944.357142857143)]","[999, 1999]",1.0,57.0,00:00:05,5.8244572000112385,0.0019421331110407597
Zheng DBSCAN,Ostovar,Atomic_ConditionalToSequence_output_ConditionalToSequence_2,600,60.0,[np.float64(1491.256779661017)],"[999, 1999]",,,00:00:07,7.607036000001244,0.0025365241747253233
Zheng DBSCAN,Ostovar,Atomic_ConditionalToSequence_output_ConditionalToSequence_2,600,120.0,[np.float64(1491.256779661017)],"[999, 1999]",,,00:00:07,7.607036000001244,0.0025365241747253233
Zheng DBSCAN,Ostovar,Atomic_ConditionalToSequence_output_ConditionalToSequence_2,600,180.0,[np.float64(1491.256779661017)],"[999, 1999]",,,00:00:07,7.607036000001244,0.0025365241747253233
Zheng DBSCAN,Ostovar,Atomic_ConditionalToSequence_output_ConditionalToSequence_2,600,240.0,[np.float64(1491.256779661017)],"[999, 1999]",,,00:00:07,7.607036000001244,0.0025365241747253233
Zheng DBSCAN,Ostovar,Atomic_ConditionalToSequence_output_ConditionalToSequence_2,600,300.0,[np.float64(1491.256779661017)],"[999, 1999]",,,00:00:07,7.607036000001244,0.0025365241747253233
Zheng DBSCAN,Ceravolo,sudden_trace_noise20_1000_OIR,300,30.0,[np.float64(448.0)],[499],1.0,51.0,00:00:00,0.28211659999215044,0.0002821165999921504
Zheng DBSCAN,Ceravolo,sudden_trace_noise20_1000_OIR,300,60.0,[np.float64(448.0)],[499],1.0,51.0,00:00:00,0.28211659999215044,0.0002821165999921504
Zheng DBSCAN,Ceravolo,sudden_trace_noise20_1000_OIR,300,90.0,[np.float64(448.0)],[499],1.0,51.0,00:00:00,0.28211659999215044,0.0002821165999921504
Zheng DBSCAN,Ceravolo,sudden_trace_noise20_1000_OIR,300,120.0,[np.float64(448.0)],[499],1.0,51.0,00:00:00,0.28211659999215044,0.0002821165999921504
Zheng DBSCAN,Ceravolo,sudden_trace_noise20_1000_OIR,300,150.0,[np.float64(448.0)],[499],1.0,51.0,00:00:00,0.28211659999215044,0.0002821165999921504
Zheng DBSCAN,AdditionalLogs,gradual_drift_01,400,40.0,"[np.float64(494.6818181818182), np.float64(700.0666666666667), np.float64(960.5), np.float64(1117.6), np.float64(1271.75), np.float64(1368.5)]","[500, 1000]",0.5,22.409090909090907,00:00:00,0.6458932999812532,0.00046135235712946657
Zheng DBSCAN,AdditionalLogs,gradual_drift_01,400,80.0,"[np.float64(577.9459459459459), np.float64(994.6521739130435), np.float64(1304.0)]","[500, 1000]",0.8,41.64688601645122,00:00:00,0.6458932999812532,0.00046135235712946657
Zheng DBSCAN,AdditionalLogs,gradual_drift_01,400,120.0,"[np.float64(564.6410256410256), np.float64(1058.655172413793)]","[500, 1000]",1.0,61.64809902740933,00:00:00,0.6458932999812532,0.00046135235712946657
Zheng DBSCAN,AdditionalLogs,gradual_drift_01,400,160.0,[np.float64(775.3235294117648)],"[500, 1000]",,,00:00:00,0.6458932999812532,0.00046135235712946657
Zheng DBSCAN,AdditionalLogs,gradual_drift_01,400,200.0,[np.float64(766.1014492753624)],"[500, 1000]",,,00:00:00,0.6458932999812532,0.00046135235712946657
Zheng DBSCAN,Ceravolo,sudden_trace_noise5_1000_pl,500,50.0,[],[499],,,00:00:00,0.2602400000032503,0.0002602400000032503
Zheng DBSCAN,Ceravolo,sudden_trace_noise5_1000_pl,500,100.0,[],[499],,,00:00:00,0.2602400000032503,0.0002602400000032503
Zheng DBSCAN,Ceravolo,sudden_trace_noise5_1000_pl,500,150.0,[],[499],,,00:00:00,0.2602400000032503,0.0002602400000032503
Zheng DBSCAN,Ceravolo,sudden_trace_noise5_1000_pl,500,200.0,[],[499],,,00:00:00,0.2602400000032503,0.0002602400000032503
Zheng DBSCAN,Ceravolo,sudden_trace_noise5_1000_pl,500,250.0,[],[499],,,00:00:00,0.2602400000032503,0.0002602400000032503
Zheng DBSCAN,Ostovar,Nested_IOR_output_IOR_2,700,70.0,[np.float64(1501.971808927173)],"[999, 1999]",,,00:00:09,9.487634799996158,0.0031635994664875487
Zheng DBSCAN,Ostovar,Nested_IOR_output_IOR_2,700,140.0,[np.float64(1501.971808927173)],"[999, 1999]",,,00:00:09,9.487634799996158,0.0031635994664875487
Zheng DBSCAN,Ostovar,Nested_IOR_output_IOR_2,700,210.0,[np.float64(1501.971808927173)],"[999, 1999]",,,00:00:09,9.487634799996158,0.0031635994664875487
Zheng DBSCAN,Ostovar,Nested_IOR_output_IOR_2,700,280.0,[np.float64(1501.971808927173)],"[999, 1999]",,,00:00:09,9.487634799996158,0.0031635994664875487
Zheng DBSCAN,Ostovar,Nested_IOR_output_IOR_2,700,350.0,[np.float64(1501.971808927173)],"[999, 1999]",,,00:00:09,9.487634799996158,0.0031635994664875487
Zheng DBSCAN,Ceravolo,sudden_trace_noise20_1000_rp,300,30.0,[np.float64(449.0)],[499],1.0,50.0,00:00:00,0.2813081000058446,0.0002813081000058446
Zheng DBSCAN,Ceravolo,sudden_trace_noise20_1000_rp,300,60.0,[np.float64(449.0)],[499],1.0,50.0,00:00:00,0.2813081000058446,0.0002813081000058446
Zheng DBSCAN,Ceravolo,sudden_trace_noise20_1000_rp,300,90.0,[np.float64(449.0)],[499],1.0,50.0,00:00:00,0.2813081000058446,0.0002813081000058446
Zheng DBSCAN,Ceravolo,sudden_trace_noise20_1000_rp,300,120.0,[np.float64(449.0)],[499],1.0,50.0,00:00:00,0.2813081000058446,0.0002813081000058446
Zheng DBSCAN,Ceravolo,sudden_trace_noise20_1000_rp,300,150.0,[np.float64(449.0)],[499],1.0,50.0,00:00:00,0.2813081000058446,0.0002813081000058446
Zheng DBSCAN,AdditionalLogs,gradual_drift_09,500,50.0,[np.float64(994.0)],"[500, 1000]",0.6666666666666666,6.0,00:00:00,0.44784330000402406,0.00031988807143144577
Zheng DBSCAN,AdditionalLogs,gradual_drift_09,500,100.0,[np.float64(994.0)],"[500, 1000]",0.6666666666666666,6.0,00:00:00,0.44784330000402406,0.00031988807143144577
Zheng DBSCAN,AdditionalLogs,gradual_drift_09,500,150.0,[np.float64(994.0)],"[500, 1000]",0.6666666666666666,6.0,00:00:00,0.44784330000402406,0.00031988807143144577
Zheng DBSCAN,AdditionalLogs,gradual_drift_09,500,200.0,[np.float64(994.0)],"[500, 1000]",0.6666666666666666,6.0,00:00:00,0.44784330000402406,0.00031988807143144577
Zheng DBSCAN,AdditionalLogs,gradual_drift_09,500,250.0,[np.float64(994.0)],"[500, 1000]",0.6666666666666666,6.0,00:00:00,0.44784330000402406,0.00031988807143144577
Zheng DBSCAN,Ceravolo,sudden_trace_noise10_1000_rp,700,70.0,[],[499],,,00:00:00,0.29197029999340884,0.00029197029999340887
Zheng DBSCAN,Ceravolo,sudden_trace_noise10_1000_rp,700,140.0,[],[499],,,00:00:00,0.29197029999340884,0.00029197029999340887
Zheng DBSCAN,Ceravolo,sudden_trace_noise10_1000_rp,700,210.0,[],[499],,,00:00:00,0.29197029999340884,0.00029197029999340887
Zheng DBSCAN,Ceravolo,sudden_trace_noise10_1000_rp,700,280.0,[],[499],,,00:00:00,0.29197029999340884,0.00029197029999340887
Zheng DBSCAN,Ceravolo,sudden_trace_noise10_1000_rp,700,350.0,[],[499],,,00:00:00,0.29197029999340884,0.00029197029999340887
Zheng DBSCAN,Ceravolo,sudden_trace_noise5_1000_OIR,500,50.0,[],[499],,,00:00:00,0.29005270000197925,0.00029005270000197924
Zheng DBSCAN,Ceravolo,sudden_trace_noise5_1000_OIR,500,100.0,[],[499],,,00:00:00,0.29005270000197925,0.00029005270000197924
Zheng DBSCAN,Ceravolo,sudden_trace_noise5_1000_OIR,500,150.0,[],[499],,,00:00:00,0.29005270000197925,0.00029005270000197924
Zheng DBSCAN,Ceravolo,sudden_trace_noise5_1000_OIR,500,200.0,[],[499],,,00:00:00,0.29005270000197925,0.00029005270000197924
Zheng DBSCAN,Ceravolo,sudden_trace_noise5_1000_OIR,500,250.0,[],[499],,,00:00:00,0.29005270000197925,0.00029005270000197924
Zheng DBSCAN,Ostovar,Atomic_Frequency_output_Frequency,300,30.0,[],"[999, 1999]",,,00:00:02,2.875850200012792,0.0009589363787971964
Zheng DBSCAN,Ostovar,Atomic_Frequency_output_Frequency,300,60.0,[],"[999, 1999]",,,00:00:02,2.875850200012792,0.0009589363787971964
Zheng DBSCAN,Ostovar,Atomic_Frequency_output_Frequency,300,90.0,[],"[999, 1999]",,,00:00:02,2.875850200012792,0.0009589363787971964
Zheng DBSCAN,Ostovar,Atomic_Frequency_output_Frequency,300,120.0,[],"[999, 1999]",,,00:00:02,2.875850200012792,0.0009589363787971964
Zheng DBSCAN,Ostovar,Atomic_Frequency_output_Frequency,300,150.0,[],"[999, 1999]",,,00:00:02,2.875850200012792,0.0009589363787971964
Zheng DBSCAN,Ostovar,Atomic_ParallelToSequence_output_ParallelToSequence_2,600,60.0,[np.float64(1530.4463818657366)],"[999, 1999]",,,00:00:08,8.466339000005974,0.0028230540180079937
Zheng DBSCAN,Ostovar,Atomic_ParallelToSequence_output_ParallelToSequence_2,600,120.0,[np.float64(1530.4463818657366)],"[999, 1999]",,,00:00:08,8.466339000005974,0.0028230540180079937
Zheng DBSCAN,Ostovar,Atomic_ParallelToSequence_output_ParallelToSequence_2,600,180.0,[np.float64(1530.4463818657366)],"[999, 1999]",,,00:00:08,8.466339000005974,0.0028230540180079937
Zheng DBSCAN,Ostovar,Atomic_ParallelToSequence_output_ParallelToSequence_2,600,240.0,[np.float64(1530.4463818657366)],"[999, 1999]",,,00:00:08,8.466339000005974,0.0028230540180079937
Zheng DBSCAN,Ostovar,Atomic_ParallelToSequence_output_ParallelToSequence_2,600,300.0,[np.float64(1530.4463818657366)],"[999, 1999]",,,00:00:08,8.466339000005974,0.0028230540180079937
Zheng DBSCAN,Ceravolo,sudden_trace_noise10_1000_cd,300,30.0,[],[499],,,00:00:00,0.26949589999276213,0.00026949589999276214
Zheng DBSCAN,Ceravolo,sudden_trace_noise10_1000_cd,300,60.0,[],[499],,,00:00:00,0.26949589999276213,0.00026949589999276214
Zheng DBSCAN,Ceravolo,sudden_trace_noise10_1000_cd,300,90.0,[],[499],,,00:00:00,0.26949589999276213,0.00026949589999276214
Zheng DBSCAN,Ceravolo,sudden_trace_noise10_1000_cd,300,120.0,[],[499],,,00:00:00,0.26949589999276213,0.00026949589999276214
Zheng DBSCAN,Ceravolo,sudden_trace_noise10_1000_cd,300,150.0,[],[499],,,00:00:00,0.26949589999276213,0.00026949589999276214
Zheng DBSCAN,Ceravolo,sudden_trace_noise0_1000_IOR,700,70.0,[],[499],,,00:00:00,0.3093278000014834,0.00030932780000148344
Zheng DBSCAN,Ceravolo,sudden_trace_noise0_1000_IOR,700,140.0,[],[499],,,00:00:00,0.3093278000014834,0.00030932780000148344
Zheng DBSCAN,Ceravolo,sudden_trace_noise0_1000_IOR,700,210.0,[],[499],,,00:00:00,0.3093278000014834,0.00030932780000148344
Zheng DBSCAN,Ceravolo,sudden_trace_noise0_1000_IOR,700,280.0,[],[499],,,00:00:00,0.3093278000014834,0.00030932780000148344
Zheng DBSCAN,Ceravolo,sudden_trace_noise0_1000_IOR,700,350.0,[],[499],,,00:00:00,0.3093278000014834,0.00030932780000148344
Zheng DBSCAN,Ceravolo,sudden_trace_noise0_1000_ROI,800,80.0,[],[499],,,00:00:00,0.29179950000252575,0.00029179950000252574
Zheng DBSCAN,Ceravolo,sudden_trace_noise0_1000_ROI,800,160.0,[],[499],,,00:00:00,0.29179950000252575,0.00029179950000252574
Zheng DBSCAN,Ceravolo,sudden_trace_noise0_1000_ROI,800,240.0,[],[499],,,00:00:00,0.29179950000252575,0.00029179950000252574
Zheng DBSCAN,Ceravolo,sudden_trace_noise0_1000_ROI,800,320.0,[],[499],,,00:00:00,0.29179950000252575,0.00029179950000252574
Zheng DBSCAN,Ceravolo,sudden_trace_noise0_1000_ROI,800,400.0,[],[499],,,00:00:00,0.29179950000252575,0.00029179950000252574
Zheng DBSCAN,Ostovar,Composite_IOR_output_IOR_5,400,40.0,[np.float64(1500.6169278996865)],"[999, 1999]",,,00:00:06,6.974742200021865,0.0023256892964394348
Zheng DBSCAN,Ostovar,Composite_IOR_output_IOR_5,400,80.0,[np.float64(1500.6169278996865)],"[999, 1999]",,,00:00:06,6.974742200021865,0.0023256892964394348
Zheng DBSCAN,Ostovar,Composite_IOR_output_IOR_5,400,120.0,[np.float64(1500.6169278996865)],"[999, 1999]",,,00:00:06,6.974742200021865,0.0023256892964394348
Zheng DBSCAN,Ostovar,Composite_IOR_output_IOR_5,400,160.0,[np.float64(1500.6169278996865)],"[999, 1999]",,,00:00:06,6.974742200021865,0.0023256892964394348
Zheng DBSCAN,Ostovar,Composite_IOR_output_IOR_5,400,200.0,[np.float64(1500.6169278996865)],"[999, 1999]",,,00:00:06,6.974742200021865,0.0023256892964394348
Zheng DBSCAN,Ostovar,Atomic_Frequency_output_Frequency_5,400,40.0,[np.float64(1516.9802143446002)],"[999, 1999]",,,00:00:04,4.525807700003497,0.0015091056018684552
Zheng DBSCAN,Ostovar,Atomic_Frequency_output_Frequency_5,400,80.0,[np.float64(1516.9802143446002)],"[999, 1999]",,,00:00:04,4.525807700003497,0.0015091056018684552
Zheng DBSCAN,Ostovar,Atomic_Frequency_output_Frequency_5,400,120.0,[np.float64(1516.9802143446002)],"[999, 1999]",,,00:00:04,4.525807700003497,0.0015091056018684552
Zheng DBSCAN,Ostovar,Atomic_Frequency_output_Frequency_5,400,160.0,[np.float64(1516.9802143446002)],"[999, 1999]",,,00:00:04,4.525807700003497,0.0015091056018684552
Zheng DBSCAN,Ostovar,Atomic_Frequency_output_Frequency_5,400,200.0,[np.float64(1516.9802143446002)],"[999, 1999]",,,00:00:04,4.525807700003497,0.0015091056018684552
Zheng DBSCAN,Ceravolo,sudden_trace_noise10_1000_cf,300,30.0,[np.float64(447.0)],[499],1.0,52.0,00:00:00,0.26431879997835495,0.0002643187999783549
Zheng DBSCAN,Ceravolo,sudden_trace_noise10_1000_cf,300,60.0,[np.float64(447.0)],[499],1.0,52.0,00:00:00,0.26431879997835495,0.0002643187999783549
Zheng DBSCAN,Ceravolo,sudden_trace_noise10_1000_cf,300,90.0,[np.float64(447.0)],[499],1.0,52.0,00:00:00,0.26431879997835495,0.0002643187999783549
Zheng DBSCAN,Ceravolo,sudden_trace_noise10_1000_cf,300,120.0,[np.float64(447.0)],[499],1.0,52.0,00:00:00,0.26431879997835495,0.0002643187999783549
Zheng DBSCAN,Ceravolo,sudden_trace_noise10_1000_cf,300,150.0,[np.float64(447.0)],[499],1.0,52.0,00:00:00,0.26431879997835495,0.0002643187999783549
Zheng DBSCAN,AdditionalLogs,sudden_drift_05,700,70.0,"[np.float64(718.5), np.float64(1075.235294117647), np.float64(1357.0), np.float64(1497.0)]","[500, 1000]",0.3333333333333333,75.23529411764707,00:00:00,0.4125218999979552,0.0002750145999986368
Zheng DBSCAN,AdditionalLogs,sudden_drift_05,700,140.0,[np.float64(1112.2631578947369)],"[500, 1000]",0.6666666666666666,112.26315789473688,00:00:00,0.4125218999979552,0.0002750145999986368
Zheng DBSCAN,AdditionalLogs,sudden_drift_05,700,210.0,[np.float64(1112.2631578947369)],"[500, 1000]",0.6666666666666666,112.26315789473688,00:00:00,0.4125218999979552,0.0002750145999986368
Zheng DBSCAN,AdditionalLogs,sudden_drift_05,700,280.0,[np.float64(734.45)],"[500, 1000]",,,00:00:00,0.4125218999979552,0.0002750145999986368
Zheng DBSCAN,AdditionalLogs,sudden_drift_05,700,350.0,[np.float64(734.45)],"[500, 1000]",,,00:00:00,0.4125218999979552,0.0002750145999986368
Zheng DBSCAN,Ceravolo,sudden_trace_noise15_1000_RIO,600,60.0,[],[499],,,00:00:00,0.25652199998148717,0.00025652199998148716
Zheng DBSCAN,Ceravolo,sudden_trace_noise15_1000_RIO,600,120.0,[],[499],,,00:00:00,0.25652199998148717,0.00025652199998148716
Zheng DBSCAN,Ceravolo,sudden_trace_noise15_1000_RIO,600,180.0,[],[499],,,00:00:00,0.25652199998148717,0.00025652199998148716
Zheng DBSCAN,Ceravolo,sudden_trace_noise15_1000_RIO,600,240.0,[],[499],,,00:00:00,0.25652199998148717,0.00025652199998148716
Zheng DBSCAN,Ceravolo,sudden_trace_noise15_1000_RIO,600,300.0,[],[499],,,00:00:00,0.25652199998148717,0.00025652199998148716
Zheng DBSCAN,Ostovar,Atomic_SerialRemoval_output_SerialRemoval_2,600,60.0,[np.float64(1495.507326007326)],"[999, 1999]",,,00:00:07,7.7427930000121705,0.0025817915972031246
Zheng DBSCAN,Ostovar,Atomic_SerialRemoval_output_SerialRemoval_2,600,120.0,[np.float64(1495.507326007326)],"[999, 1999]",,,00:00:07,7.7427930000121705,0.0025817915972031246
Zheng DBSCAN,Ostovar,Atomic_SerialRemoval_output_SerialRemoval_2,600,180.0,[np.float64(1495.507326007326)],"[999, 1999]",,,00:00:07,7.7427930000121705,0.0025817915972031246
Zheng DBSCAN,Ostovar,Atomic_SerialRemoval_output_SerialRemoval_2,600,240.0,[np.float64(1495.507326007326)],"[999, 1999]",,,00:00:07,7.7427930000121705,0.0025817915972031246
Zheng DBSCAN,Ostovar,Atomic_SerialRemoval_output_SerialRemoval_2,600,300.0,[np.float64(1495.507326007326)],"[999, 1999]",,,00:00:07,7.7427930000121705,0.0025817915972031246
Zheng DBSCAN,Ceravolo,sudden_trace_noise5_1000_OIR,700,70.0,[],[499],,,00:00:00,0.25850850000279024,0.00025850850000279027
Zheng DBSCAN,Ceravolo,sudden_trace_noise5_1000_OIR,700,140.0,[],[499],,,00:00:00,0.25850850000279024,0.00025850850000279027
Zheng DBSCAN,Ceravolo,sudden_trace_noise5_1000_OIR,700,210.0,[],[499],,,00:00:00,0.25850850000279024,0.00025850850000279027
Zheng DBSCAN,Ceravolo,sudden_trace_noise5_1000_OIR,700,280.0,[],[499],,,00:00:00,0.25850850000279024,0.00025850850000279027
Zheng DBSCAN,Ceravolo,sudden_trace_noise5_1000_OIR,700,350.0,[],[499],,,00:00:00,0.25850850000279024,0.00025850850000279027
Zheng DBSCAN,Ostovar,Composite_IOR_output_IOR_5,500,50.0,[np.float64(1502.4753877275791)],"[999, 1999]",,,00:00:06,6.906627799995476,0.002302976925640372
Zheng DBSCAN,Ostovar,Composite_IOR_output_IOR_5,500,100.0,[np.float64(1502.4753877275791)],"[999, 1999]",,,00:00:06,6.906627799995476,0.002302976925640372
Zheng DBSCAN,Ostovar,Composite_IOR_output_IOR_5,500,150.0,[np.float64(1502.4753877275791)],"[999, 1999]",,,00:00:06,6.906627799995476,0.002302976925640372
Zheng DBSCAN,Ostovar,Composite_IOR_output_IOR_5,500,200.0,[np.float64(1502.4753877275791)],"[999, 1999]",,,00:00:06,6.906627799995476,0.002302976925640372
Zheng DBSCAN,Ostovar,Composite_IOR_output_IOR_5,500,250.0,[np.float64(1502.4753877275791)],"[999, 1999]",,,00:00:06,6.906627799995476,0.002302976925640372
Zheng DBSCAN,Ceravolo,sudden_trace_noise15_1000_IRO,300,30.0,[np.float64(448.6666666666667)],[499],1.0,50.333333333333314,00:00:00,0.27208889997564256,0.00027208889997564254
Zheng DBSCAN,Ceravolo,sudden_trace_noise15_1000_IRO,300,60.0,[np.float64(448.6666666666667)],[499],1.0,50.333333333333314,00:00:00,0.27208889997564256,0.00027208889997564254
Zheng DBSCAN,Ceravolo,sudden_trace_noise15_1000_IRO,300,90.0,[np.float64(448.6666666666667)],[499],1.0,50.333333333333314,00:00:00,0.27208889997564256,0.00027208889997564254
Zheng DBSCAN,Ceravolo,sudden_trace_noise15_1000_IRO,300,120.0,[np.float64(448.6666666666667)],[499],1.0,50.333333333333314,00:00:00,0.27208889997564256,0.00027208889997564254
Zheng DBSCAN,Ceravolo,sudden_trace_noise15_1000_IRO,300,150.0,[np.float64(448.6666666666667)],[499],1.0,50.333333333333314,00:00:00,0.27208889997564256,0.00027208889997564254
Zheng DBSCAN,Ceravolo,sudden_trace_noise10_1000_cb,700,70.0,[],[499],,,00:00:00,0.21778310000081547,0.00021778310000081547
Zheng DBSCAN,Ceravolo,sudden_trace_noise10_1000_cb,700,140.0,[],[499],,,00:00:00,0.21778310000081547,0.00021778310000081547
Zheng DBSCAN,Ceravolo,sudden_trace_noise10_1000_cb,700,210.0,[],[499],,,00:00:00,0.21778310000081547,0.00021778310000081547
Zheng DBSCAN,Ceravolo,sudden_trace_noise10_1000_cb,700,280.0,[],[499],,,00:00:00,0.21778310000081547,0.00021778310000081547
Zheng DBSCAN,Ceravolo,sudden_trace_noise10_1000_cb,700,350.0,[],[499],,,00:00:00,0.21778310000081547,0.00021778310000081547
Zheng DBSCAN,Ceravolo,sudden_trace_noise0_1000_pm,700,70.0,[],[499],,,00:00:00,0.21767589999944903,0.00021767589999944904
Zheng DBSCAN,Ceravolo,sudden_trace_noise0_1000_pm,700,140.0,[],[499],,,00:00:00,0.21767589999944903,0.00021767589999944904
Zheng DBSCAN,Ceravolo,sudden_trace_noise0_1000_pm,700,210.0,[],[499],,,00:00:00,0.21767589999944903,0.00021767589999944904
Zheng DBSCAN,Ceravolo,sudden_trace_noise0_1000_pm,700,280.0,[],[499],,,00:00:00,0.21767589999944903,0.00021767589999944904
Zheng DBSCAN,Ceravolo,sudden_trace_noise0_1000_pm,700,350.0,[],[499],,,00:00:00,0.21767589999944903,0.00021767589999944904
Zheng DBSCAN,Ceravolo,sudden_trace_noise10_1000_rp,600,60.0,[],[499],,,00:00:00,0.27227879999554716,0.00027227879999554717
Zheng DBSCAN,Ceravolo,sudden_trace_noise10_1000_rp,600,120.0,[],[499],,,00:00:00,0.27227879999554716,0.00027227879999554717
Zheng DBSCAN,Ceravolo,sudden_trace_noise10_1000_rp,600,180.0,[],[499],,,00:00:00,0.27227879999554716,0.00027227879999554717
Zheng DBSCAN,Ceravolo,sudden_trace_noise10_1000_rp,600,240.0,[],[499],,,00:00:00,0.27227879999554716,0.00027227879999554717
Zheng DBSCAN,Ceravolo,sudden_trace_noise10_1000_rp,600,300.0,[],[499],,,00:00:00,0.27227879999554716,0.00027227879999554717
Zheng DBSCAN,Ceravolo,sudden_trace_noise15_1000_sw,700,70.0,[],[499],,,00:00:00,0.24963179999031126,0.00024963179999031124
Zheng DBSCAN,Ceravolo,sudden_trace_noise15_1000_sw,700,140.0,[],[499],,,00:00:00,0.24963179999031126,0.00024963179999031124
Zheng DBSCAN,Ceravolo,sudden_trace_noise15_1000_sw,700,210.0,[],[499],,,00:00:00,0.24963179999031126,0.00024963179999031124
Zheng DBSCAN,Ceravolo,sudden_trace_noise15_1000_sw,700,280.0,[],[499],,,00:00:00,0.24963179999031126,0.00024963179999031124
Zheng DBSCAN,Ceravolo,sudden_trace_noise15_1000_sw,700,350.0,[],[499],,,00:00:00,0.24963179999031126,0.00024963179999031124
Zheng DBSCAN,Ceravolo,sudden_trace_noise10_1000_cd,400,40.0,[],[499],,,00:00:00,0.256721000012476,0.000256721000012476
Zheng DBSCAN,Ceravolo,sudden_trace_noise10_1000_cd,400,80.0,[],[499],,,00:00:00,0.256721000012476,0.000256721000012476
Zheng DBSCAN,Ceravolo,sudden_trace_noise10_1000_cd,400,120.0,[],[499],,,00:00:00,0.256721000012476,0.000256721000012476
Zheng DBSCAN,Ceravolo,sudden_trace_noise10_1000_cd,400,160.0,[],[499],,,00:00:00,0.256721000012476,0.000256721000012476
Zheng DBSCAN,Ceravolo,sudden_trace_noise10_1000_cd,400,200.0,[],[499],,,00:00:00,0.256721000012476,0.000256721000012476
Zheng DBSCAN,Ceravolo,sudden_trace_noise5_1000_lp,800,80.0,[],[499],,,00:00:00,0.2767791000078432,0.0002767791000078432
Zheng DBSCAN,Ceravolo,sudden_trace_noise5_1000_lp,800,160.0,[],[499],,,00:00:00,0.2767791000078432,0.0002767791000078432
Zheng DBSCAN,Ceravolo,sudden_trace_noise5_1000_lp,800,240.0,[],[499],,,00:00:00,0.2767791000078432,0.0002767791000078432
Zheng DBSCAN,Ceravolo,sudden_trace_noise5_1000_lp,800,320.0,[],[499],,,00:00:00,0.2767791000078432,0.0002767791000078432
Zheng DBSCAN,Ceravolo,sudden_trace_noise5_1000_lp,800,400.0,[],[499],,,00:00:00,0.2767791000078432,0.0002767791000078432
Zheng DBSCAN,Ceravolo,sudden_trace_noise5_1000_rp,400,40.0,[np.float64(449.0)],[499],1.0,50.0,00:00:00,0.2962769999867305,0.0002962769999867305
Zheng DBSCAN,Ceravolo,sudden_trace_noise5_1000_rp,400,80.0,[np.float64(449.0)],[499],1.0,50.0,00:00:00,0.2962769999867305,0.0002962769999867305
Zheng DBSCAN,Ceravolo,sudden_trace_noise5_1000_rp,400,120.0,[np.float64(449.0)],[499],1.0,50.0,00:00:00,0.2962769999867305,0.0002962769999867305
Zheng DBSCAN,Ceravolo,sudden_trace_noise5_1000_rp,400,160.0,[np.float64(449.0)],[499],1.0,50.0,00:00:00,0.2962769999867305,0.0002962769999867305
Zheng DBSCAN,Ceravolo,sudden_trace_noise5_1000_rp,400,200.0,[np.float64(449.0)],[499],1.0,50.0,00:00:00,0.2962769999867305,0.0002962769999867305
Zheng DBSCAN,AdditionalLogs,recurring_drift_09,300,30.0,"[np.float64(497.4), np.float64(917.0), np.float64(1012.1111111111111)]","[500, 1000]",0.8,7.355555555555554,00:00:00,0.48643399999127723,0.00032428933332751816
Zheng DBSCAN,AdditionalLogs,recurring_drift_09,300,60.0,"[np.float64(497.4), np.float64(994.8181818181819)]","[500, 1000]",1.0,3.8909090909090764,00:00:00,0.48643399999127723,0.00032428933332751816
Zheng DBSCAN,AdditionalLogs,recurring_drift_09,300,90.0,"[np.float64(497.4), np.float64(994.8181818181819)]","[500, 1000]",1.0,3.8909090909090764,00:00:00,0.48643399999127723,0.00032428933332751816
Zheng DBSCAN,AdditionalLogs,recurring_drift_09,300,120.0,"[np.float64(497.4), np.float64(994.8181818181819)]","[500, 1000]",1.0,3.8909090909090764,00:00:00,0.48643399999127723,0.00032428933332751816
Zheng DBSCAN,AdditionalLogs,recurring_drift_09,300,150.0,"[np.float64(497.4), np.float64(994.8181818181819)]","[500, 1000]",1.0,3.8909090909090764,00:00:00,0.48643399999127723,0.00032428933332751816
Zheng DBSCAN,AdditionalLogs,gradual_drift_02,300,30.0,"[np.float64(436.45454545454544), np.float64(887.7375), np.float64(1172.7142857142858), np.float64(1238.5), np.float64(1336.0)]","[500, 1000]",0.5714285714285715,87.9039772727273,00:00:00,0.6431853000249248,0.00045941807144637487
Zheng DBSCAN,AdditionalLogs,gradual_drift_02,300,60.0,"[np.float64(754.5846153846154), np.float64(1336.0)]","[500, 1000]",,,00:00:00,0.6431853000249248,0.00045941807144637487
Zheng DBSCAN,AdditionalLogs,gradual_drift_02,300,90.0,[np.float64(746.7697841726618)],"[500, 1000]",,,00:00:00,0.6431853000249248,0.00045941807144637487
Zheng DBSCAN,AdditionalLogs,gradual_drift_02,300,120.0,[np.float64(746.7697841726618)],"[500, 1000]",,,00:00:00,0.6431853000249248,0.00045941807144637487
Zheng DBSCAN,AdditionalLogs,gradual_drift_02,300,150.0,[np.float64(746.7697841726618)],"[500, 1000]",,,00:00:00,0.6431853000249248,0.00045941807144637487
Zheng DBSCAN,Ostovar,Atomic_SerialMove_output_SerialMove,500,50.0,"[np.float64(933.5), np.float64(1939.375)]","[999, 1999]",1.0,62.5625,00:00:07,7.294389599992428,0.0024322739579834703
Zheng DBSCAN,Ostovar,Atomic_SerialMove_output_SerialMove,500,100.0,"[np.float64(933.5), np.float64(1939.375)]","[999, 1999]",1.0,62.5625,00:00:07,7.294389599992428,0.0024322739579834703
Zheng DBSCAN,Ostovar,Atomic_SerialMove_output_SerialMove,500,150.0,"[np.float64(933.5), np.float64(1939.375)]","[999, 1999]",1.0,62.5625,00:00:07,7.294389599992428,0.0024322739579834703
Zheng DBSCAN,Ostovar,Atomic_SerialMove_output_SerialMove,500,200.0,"[np.float64(933.5), np.float64(1939.375)]","[999, 1999]",1.0,62.5625,00:00:07,7.294389599992428,0.0024322739579834703
Zheng DBSCAN,Ostovar,Atomic_SerialMove_output_SerialMove,500,250.0,"[np.float64(933.5), np.float64(1939.375)]","[999, 1999]",1.0,62.5625,00:00:07,7.294389599992428,0.0024322739579834703
Zheng DBSCAN,Ceravolo,sudden_trace_noise5_1000_cd,300,30.0,[],[499],,,00:00:00,0.2539878000097815,0.0002539878000097815
Zheng DBSCAN,Ceravolo,sudden_trace_noise5_1000_cd,300,60.0,[],[499],,,00:00:00,0.2539878000097815,0.0002539878000097815
Zheng DBSCAN,Ceravolo,sudden_trace_noise5_1000_cd,300,90.0,[],[499],,,00:00:00,0.2539878000097815,0.0002539878000097815
Zheng DBSCAN,Ceravolo,sudden_trace_noise5_1000_cd,300,120.0,[],[499],,,00:00:00,0.2539878000097815,0.0002539878000097815
Zheng DBSCAN,Ceravolo,sudden_trace_noise5_1000_cd,300,150.0,[],[499],,,00:00:00,0.2539878000097815,0.0002539878000097815
Zheng DBSCAN,Ostovar,Atomic_Loop_output_Loop_5,400,40.0,[np.float64(1507.1032376298106)],"[999, 1999]",,,00:00:07,7.296841000003042,0.0024330913637889435
Zheng DBSCAN,Ostovar,Atomic_Loop_output_Loop_5,400,80.0,[np.float64(1507.1032376298106)],"[999, 1999]",,,00:00:07,7.296841000003042,0.0024330913637889435
Zheng DBSCAN,Ostovar,Atomic_Loop_output_Loop_5,400,120.0,[np.float64(1507.1032376298106)],"[999, 1999]",,,00:00:07,7.296841000003042,0.0024330913637889435
Zheng DBSCAN,Ostovar,Atomic_Loop_output_Loop_5,400,160.0,[np.float64(1507.1032376298106)],"[999, 1999]",,,00:00:07,7.296841000003042,0.0024330913637889435
Zheng DBSCAN,Ostovar,Atomic_Loop_output_Loop_5,400,200.0,[np.float64(1507.1032376298106)],"[999, 1999]",,,00:00:07,7.296841000003042,0.0024330913637889435
Zheng DBSCAN,Ostovar,Composite_ROI_output_ROI,600,60.0,"[np.float64(940.25), np.float64(1936.6923076923076)]","[999, 1999]",1.0,60.52884615384619,00:00:07,7.310169200005475,0.0024375355785280013
Zheng DBSCAN,Ostovar,Composite_ROI_output_ROI,600,120.0,"[np.float64(940.25), np.float64(1936.6923076923076)]","[999, 1999]",1.0,60.52884615384619,00:00:07,7.310169200005475,0.0024375355785280013
Zheng DBSCAN,Ostovar,Composite_ROI_output_ROI,600,180.0,"[np.float64(940.25), np.float64(1936.6923076923076)]","[999, 1999]",1.0,60.52884615384619,00:00:07,7.310169200005475,0.0024375355785280013
Zheng DBSCAN,Ostovar,Composite_ROI_output_ROI,600,240.0,"[np.float64(940.25), np.float64(1936.6923076923076)]","[999, 1999]",1.0,60.52884615384619,00:00:07,7.310169200005475,0.0024375355785280013
Zheng DBSCAN,Ostovar,Composite_ROI_output_ROI,600,300.0,"[np.float64(940.25), np.float64(1936.6923076923076)]","[999, 1999]",1.0,60.52884615384619,00:00:07,7.310169200005475,0.0024375355785280013
Zheng DBSCAN,AdditionalLogs,recurring_drift_03,600,60.0,"[np.float64(669.25), np.float64(831.0), np.float64(911.0), np.float64(1188.0), np.float64(1284.0), np.float64(1377.0)]","[500, 1000]",0.5,129.125,00:00:00,0.5331088000093587,0.0003554058666729058
Zheng DBSCAN,AdditionalLogs,recurring_drift_03,600,120.0,"[np.float64(669.25), np.float64(871.0), np.float64(1282.8)]","[500, 1000]",0.8,149.125,00:00:00,0.5331088000093587,0.0003554058666729058
Zheng DBSCAN,AdditionalLogs,recurring_drift_03,600,180.0,"[np.float64(620.8461538461538), np.float64(1282.8)]","[500, 1000]",0.5,120.84615384615381,00:00:00,0.5331088000093587,0.0003554058666729058
Zheng DBSCAN,AdditionalLogs,recurring_drift_03,600,240.0,[np.float64(1282.8)],"[500, 1000]",,,00:00:00,0.5331088000093587,0.0003554058666729058
Zheng DBSCAN,AdditionalLogs,recurring_drift_03,600,300.0,[np.float64(763.8421052631579)],"[500, 1000]",,,00:00:00,0.5331088000093587,0.0003554058666729058
Zheng DBSCAN,Ceravolo,sudden_trace_noise5_1000_cp,500,50.0,[],[499],,,00:00:00,0.2541819000034593,0.0002541819000034593
Zheng DBSCAN,Ceravolo,sudden_trace_noise5_1000_cp,500,100.0,[],[499],,,00:00:00,0.2541819000034593,0.0002541819000034593
Zheng DBSCAN,Ceravolo,sudden_trace_noise5_1000_cp,500,150.0,[],[499],,,00:00:00,0.2541819000034593,0.0002541819000034593
Zheng DBSCAN,Ceravolo,sudden_trace_noise5_1000_cp,500,200.0,[],[499],,,00:00:00,0.2541819000034593,0.0002541819000034593
Zheng DBSCAN,Ceravolo,sudden_trace_noise5_1000_cp,500,250.0,[],[499],,,00:00:00,0.2541819000034593,0.0002541819000034593
Zheng DBSCAN,Ceravolo,sudden_trace_noise5_1000_rp,800,80.0,[],[499],,,00:00:00,0.2920303999853786,0.0002920303999853786
Zheng DBSCAN,Ceravolo,sudden_trace_noise5_1000_rp,800,160.0,[],[499],,,00:00:00,0.2920303999853786,0.0002920303999853786
Zheng DBSCAN,Ceravolo,sudden_trace_noise5_1000_rp,800,240.0,[],[499],,,00:00:00,0.2920303999853786,0.0002920303999853786
Zheng DBSCAN,Ceravolo,sudden_trace_noise5_1000_rp,800,320.0,[],[499],,,00:00:00,0.2920303999853786,0.0002920303999853786
Zheng DBSCAN,Ceravolo,sudden_trace_noise5_1000_rp,800,400.0,[],[499],,,00:00:00,0.2920303999853786,0.0002920303999853786
Zheng DBSCAN,Ceravolo,sudden_trace_noise0_1000_cb,700,70.0,[],[499],,,00:00:00,0.25546240000403486,0.00025546240000403486
Zheng DBSCAN,Ceravolo,sudden_trace_noise0_1000_cb,700,140.0,[],[499],,,00:00:00,0.25546240000403486,0.00025546240000403486
Zheng DBSCAN,Ceravolo,sudden_trace_noise0_1000_cb,700,210.0,[],[499],,,00:00:00,0.25546240000403486,0.00025546240000403486
Zheng DBSCAN,Ceravolo,sudden_trace_noise0_1000_cb,700,280.0,[],[499],,,00:00:00,0.25546240000403486,0.00025546240000403486
Zheng DBSCAN,Ceravolo,sudden_trace_noise0_1000_cb,700,350.0,[],[499],,,00:00:00,0.25546240000403486,0.00025546240000403486
Zheng DBSCAN,Ceravolo,sudden_trace_noise5_1000_re,700,70.0,[],[499],,,00:00:00,0.2534354000235908,0.0002534354000235908
Zheng DBSCAN,Ceravolo,sudden_trace_noise5_1000_re,700,140.0,[],[499],,,00:00:00,0.2534354000235908,0.0002534354000235908
Zheng DBSCAN,Ceravolo,sudden_trace_noise5_1000_re,700,210.0,[],[499],,,00:00:00,0.2534354000235908,0.0002534354000235908
Zheng DBSCAN,Ceravolo,sudden_trace_noise5_1000_re,700,280.0,[],[499],,,00:00:00,0.2534354000235908,0.0002534354000235908
Zheng DBSCAN,Ceravolo,sudden_trace_noise5_1000_re,700,350.0,[],[499],,,00:00:00,0.2534354000235908,0.0002534354000235908
Zheng DBSCAN,Ostovar,Nested_IOR_output_IOR_5,500,50.0,[np.float64(1509.9586549062844)],"[999, 1999]",,,00:00:09,9.888560199993663,0.003297285828607423
Zheng DBSCAN,Ostovar,Nested_IOR_output_IOR_5,500,100.0,[np.float64(1509.9586549062844)],"[999, 1999]",,,00:00:09,9.888560199993663,0.003297285828607423
Zheng DBSCAN,Ostovar,Nested_IOR_output_IOR_5,500,150.0,[np.float64(1509.9586549062844)],"[999, 1999]",,,00:00:09,9.888560199993663,0.003297285828607423
Zheng DBSCAN,Ostovar,Nested_IOR_output_IOR_5,500,200.0,[np.float64(1509.9586549062844)],"[999, 1999]",,,00:00:09,9.888560199993663,0.003297285828607423
Zheng DBSCAN,Ostovar,Nested_IOR_output_IOR_5,500,250.0,[np.float64(1509.9586549062844)],"[999, 1999]",,,00:00:09,9.888560199993663,0.003297285828607423
Zheng DBSCAN,Ceravolo,sudden_trace_noise0_1000_cd,700,70.0,[],[499],,,00:00:00,0.21459109999705106,0.00021459109999705106
Zheng DBSCAN,Ceravolo,sudden_trace_noise0_1000_cd,700,140.0,[],[499],,,00:00:00,0.21459109999705106,0.00021459109999705106
Zheng DBSCAN,Ceravolo,sudden_trace_noise0_1000_cd,700,210.0,[],[499],,,00:00:00,0.21459109999705106,0.00021459109999705106
Zheng DBSCAN,Ceravolo,sudden_trace_noise0_1000_cd,700,280.0,[],[499],,,00:00:00,0.21459109999705106,0.00021459109999705106
Zheng DBSCAN,Ceravolo,sudden_trace_noise0_1000_cd,700,350.0,[],[499],,,00:00:00,0.21459109999705106,0.00021459109999705106
Zheng DBSCAN,Ceravolo,sudden_trace_noise15_1000_cb,300,30.0,[np.float64(451.0)],[499],1.0,48.0,00:00:00,0.2737689000205137,0.0002737689000205137
Zheng DBSCAN,Ceravolo,sudden_trace_noise15_1000_cb,300,60.0,[np.float64(451.0)],[499],1.0,48.0,00:00:00,0.2737689000205137,0.0002737689000205137
Zheng DBSCAN,Ceravolo,sudden_trace_noise15_1000_cb,300,90.0,[np.float64(451.0)],[499],1.0,48.0,00:00:00,0.2737689000205137,0.0002737689000205137
Zheng DBSCAN,Ceravolo,sudden_trace_noise15_1000_cb,300,120.0,[np.float64(451.0)],[499],1.0,48.0,00:00:00,0.2737689000205137,0.0002737689000205137
Zheng DBSCAN,Ceravolo,sudden_trace_noise15_1000_cb,300,150.0,[np.float64(451.0)],[499],1.0,48.0,00:00:00,0.2737689000205137,0.0002737689000205137
Zheng DBSCAN,Ostovar,Nested_IRO_output_IRO_5,800,80.0,[np.float64(1503.8963934426229)],"[999, 1999]",,,00:00:10,10.979310499998974,0.0036609904968319352
Zheng DBSCAN,Ostovar,Nested_IRO_output_IRO_5,800,160.0,[np.float64(1503.8963934426229)],"[999, 1999]",,,00:00:10,10.979310499998974,0.0036609904968319352
Zheng DBSCAN,Ostovar,Nested_IRO_output_IRO_5,800,240.0,[np.float64(1503.8963934426229)],"[999, 1999]",,,00:00:10,10.979310499998974,0.0036609904968319352
Zheng DBSCAN,Ostovar,Nested_IRO_output_IRO_5,800,320.0,[np.float64(1503.8963934426229)],"[999, 1999]",,,00:00:10,10.979310499998974,0.0036609904968319352
Zheng DBSCAN,Ostovar,Nested_IRO_output_IRO_5,800,400.0,[np.float64(1503.8963934426229)],"[999, 1999]",,,00:00:10,10.979310499998974,0.0036609904968319352
Zheng DBSCAN,AdditionalLogs,recurring_drift_09,800,80.0,[],"[500, 1000]",,,00:00:00,0.4160109999938868,0.0002773406666625912
Zheng DBSCAN,AdditionalLogs,recurring_drift_09,800,160.0,[],"[500, 1000]",,,00:00:00,0.4160109999938868,0.0002773406666625912
Zheng DBSCAN,AdditionalLogs,recurring_drift_09,800,240.0,[],"[500, 1000]",,,00:00:00,0.4160109999938868,0.0002773406666625912
Zheng DBSCAN,AdditionalLogs,recurring_drift_09,800,320.0,[],"[500, 1000]",,,00:00:00,0.4160109999938868,0.0002773406666625912
Zheng DBSCAN,AdditionalLogs,recurring_drift_09,800,400.0,[],"[500, 1000]",,,00:00:00,0.4160109999938868,0.0002773406666625912
Zheng DBSCAN,Ostovar,Atomic_ConditionalToSequence_output_ConditionalToSequence_5,400,40.0,[np.float64(1500.9107246376811)],"[999, 1999]",,,00:00:07,7.925195999996504,0.00264261287095582
Zheng DBSCAN,Ostovar,Atomic_ConditionalToSequence_output_ConditionalToSequence_5,400,80.0,[np.float64(1500.9107246376811)],"[999, 1999]",,,00:00:07,7.925195999996504,0.00264261287095582
Zheng DBSCAN,Ostovar,Atomic_ConditionalToSequence_output_ConditionalToSequence_5,400,120.0,[np.float64(1500.9107246376811)],"[999, 1999]",,,00:00:07,7.925195999996504,0.00264261287095582
Zheng DBSCAN,Ostovar,Atomic_ConditionalToSequence_output_ConditionalToSequence_5,400,160.0,[np.float64(1500.9107246376811)],"[999, 1999]",,,00:00:07,7.925195999996504,0.00264261287095582
Zheng DBSCAN,Ostovar,Atomic_ConditionalToSequence_output_ConditionalToSequence_5,400,200.0,[np.float64(1500.9107246376811)],"[999, 1999]",,,00:00:07,7.925195999996504,0.00264261287095582
Zheng DBSCAN,Ceravolo,sudden_trace_noise20_1000_cp,400,40.0,[np.float64(449.0)],[499],1.0,50.0,00:00:00,0.271058099984657,0.000271058099984657
Zheng DBSCAN,Ceravolo,sudden_trace_noise20_1000_cp,400,80.0,[np.float64(449.0)],[499],1.0,50.0,00:00:00,0.271058099984657,0.000271058099984657
Zheng DBSCAN,Ceravolo,sudden_trace_noise20_1000_cp,400,120.0,[np.float64(449.0)],[499],1.0,50.0,00:00:00,0.271058099984657,0.000271058099984657
Zheng DBSCAN,Ceravolo,sudden_trace_noise20_1000_cp,400,160.0,[np.float64(449.0)],[499],1.0,50.0,00:00:00,0.271058099984657,0.000271058099984657
Zheng DBSCAN,Ceravolo,sudden_trace_noise20_1000_cp,400,200.0,[np.float64(449.0)],[499],1.0,50.0,00:00:00,0.271058099984657,0.000271058099984657
Zheng DBSCAN,Ceravolo,sudden_trace_noise0_1000_cp,400,40.0,[np.float64(449.0)],[499],1.0,50.0,00:00:00,0.26910199999110773,0.0002691019999911077
Zheng DBSCAN,Ceravolo,sudden_trace_noise0_1000_cp,400,80.0,[np.float64(449.0)],[499],1.0,50.0,00:00:00,0.26910199999110773,0.0002691019999911077
Zheng DBSCAN,Ceravolo,sudden_trace_noise0_1000_cp,400,120.0,[np.float64(449.0)],[499],1.0,50.0,00:00:00,0.26910199999110773,0.0002691019999911077
Zheng DBSCAN,Ceravolo,sudden_trace_noise0_1000_cp,400,160.0,[np.float64(449.0)],[499],1.0,50.0,00:00:00,0.26910199999110773,0.0002691019999911077
Zheng DBSCAN,Ceravolo,sudden_trace_noise0_1000_cp,400,200.0,[np.float64(449.0)],[499],1.0,50.0,00:00:00,0.26910199999110773,0.0002691019999911077
Zheng DBSCAN,Ceravolo,sudden_trace_noise10_1000_sw,400,40.0,[np.float64(451.3333333333333)],[499],1.0,47.666666666666686,00:00:00,0.26312940000207163,0.00026312940000207163
Zheng DBSCAN,Ceravolo,sudden_trace_noise10_1000_sw,400,80.0,[np.float64(451.3333333333333)],[499],1.0,47.666666666666686,00:00:00,0.26312940000207163,0.00026312940000207163
Zheng DBSCAN,Ceravolo,sudden_trace_noise10_1000_sw,400,120.0,[np.float64(451.3333333333333)],[499],1.0,47.666666666666686,00:00:00,0.26312940000207163,0.00026312940000207163
Zheng DBSCAN,Ceravolo,sudden_trace_noise10_1000_sw,400,160.0,[np.float64(451.3333333333333)],[499],1.0,47.666666666666686,00:00:00,0.26312940000207163,0.00026312940000207163
Zheng DBSCAN,Ceravolo,sudden_trace_noise10_1000_sw,400,200.0,[np.float64(451.3333333333333)],[499],1.0,47.666666666666686,00:00:00,0.26312940000207163,0.00026312940000207163
Zheng DBSCAN,Ceravolo,sudden_trace_noise20_1000_pl,600,60.0,[],[499],,,00:00:00,0.2542280000052415,0.0002542280000052415
Zheng DBSCAN,Ceravolo,sudden_trace_noise20_1000_pl,600,120.0,[],[499],,,00:00:00,0.2542280000052415,0.0002542280000052415
Zheng DBSCAN,Ceravolo,sudden_trace_noise20_1000_pl,600,180.0,[],[499],,,00:00:00,0.2542280000052415,0.0002542280000052415
Zheng DBSCAN,Ceravolo,sudden_trace_noise20_1000_pl,600,240.0,[],[499],,,00:00:00,0.2542280000052415,0.0002542280000052415
Zheng DBSCAN,Ceravolo,sudden_trace_noise20_1000_pl,600,300.0,[],[499],,,00:00:00,0.2542280000052415,0.0002542280000052415
Zheng DBSCAN,Ceravolo,sudden_trace_noise5_1000_re,800,80.0,[],[499],,,00:00:00,0.29625040001701564,0.0002962504000170156
Zheng DBSCAN,Ceravolo,sudden_trace_noise5_1000_re,800,160.0,[],[499],,,00:00:00,0.29625040001701564,0.0002962504000170156
Zheng DBSCAN,Ceravolo,sudden_trace_noise5_1000_re,800,240.0,[],[499],,,00:00:00,0.29625040001701564,0.0002962504000170156
Zheng DBSCAN,Ceravolo,sudden_trace_noise5_1000_re,800,320.0,[],[499],,,00:00:00,0.29625040001701564,0.0002962504000170156
Zheng DBSCAN,Ceravolo,sudden_trace_noise5_1000_re,800,400.0,[],[499],,,00:00:00,0.29625040001701564,0.0002962504000170156
Zheng DBSCAN,Ceravolo,sudden_trace_noise15_1000_cd,300,30.0,[],[499],,,00:00:00,0.2526664000179153,0.0002526664000179153
Zheng DBSCAN,Ceravolo,sudden_trace_noise15_1000_cd,300,60.0,[],[499],,,00:00:00,0.2526664000179153,0.0002526664000179153
Zheng DBSCAN,Ceravolo,sudden_trace_noise15_1000_cd,300,90.0,[],[499],,,00:00:00,0.2526664000179153,0.0002526664000179153
Zheng DBSCAN,Ceravolo,sudden_trace_noise15_1000_cd,300,120.0,[],[499],,,00:00:00,0.2526664000179153,0.0002526664000179153
Zheng DBSCAN,Ceravolo,sudden_trace_noise15_1000_cd,300,150.0,[],[499],,,00:00:00,0.2526664000179153,0.0002526664000179153
Zheng DBSCAN,Ceravolo,sudden_trace_noise10_1000_sw,700,70.0,[],[499],,,00:00:00,0.2815402999985963,0.0002815402999985963
Zheng DBSCAN,Ceravolo,sudden_trace_noise10_1000_sw,700,140.0,[],[499],,,00:00:00,0.2815402999985963,0.0002815402999985963
Zheng DBSCAN,Ceravolo,sudden_trace_noise10_1000_sw,700,210.0,[],[499],,,00:00:00,0.2815402999985963,0.0002815402999985963
Zheng DBSCAN,Ceravolo,sudden_trace_noise10_1000_sw,700,280.0,[],[499],,,00:00:00,0.2815402999985963,0.0002815402999985963
Zheng DBSCAN,Ceravolo,sudden_trace_noise10_1000_sw,700,350.0,[],[499],,,00:00:00,0.2815402999985963,0.0002815402999985963
Zheng DBSCAN,Ceravolo,sudden_trace_noise5_1000_re,300,30.0,[np.float64(447.5)],[499],1.0,51.5,00:00:00,0.24098209998919629,0.00024098209998919628
Zheng DBSCAN,Ceravolo,sudden_trace_noise5_1000_re,300,60.0,[np.float64(447.5)],[499],1.0,51.5,00:00:00,0.24098209998919629,0.00024098209998919628
Zheng DBSCAN,Ceravolo,sudden_trace_noise5_1000_re,300,90.0,[np.float64(447.5)],[499],1.0,51.5,00:00:00,0.24098209998919629,0.00024098209998919628
Zheng DBSCAN,Ceravolo,sudden_trace_noise5_1000_re,300,120.0,[np.float64(447.5)],[499],1.0,51.5,00:00:00,0.24098209998919629,0.00024098209998919628
Zheng DBSCAN,Ceravolo,sudden_trace_noise5_1000_re,300,150.0,[np.float64(447.5)],[499],1.0,51.5,00:00:00,0.24098209998919629,0.00024098209998919628
Zheng DBSCAN,Ceravolo,sudden_trace_noise20_1000_sw,300,30.0,[np.float64(451.3333333333333)],[499],1.0,47.666666666666686,00:00:00,0.24565399999846704,0.00024565399999846704
Zheng DBSCAN,Ceravolo,sudden_trace_noise20_1000_sw,300,60.0,[np.float64(451.3333333333333)],[499],1.0,47.666666666666686,00:00:00,0.24565399999846704,0.00024565399999846704
Zheng DBSCAN,Ceravolo,sudden_trace_noise20_1000_sw,300,90.0,[np.float64(451.3333333333333)],[499],1.0,47.666666666666686,00:00:00,0.24565399999846704,0.00024565399999846704
Zheng DBSCAN,Ceravolo,sudden_trace_noise20_1000_sw,300,120.0,[np.float64(451.3333333333333)],[499],1.0,47.666666666666686,00:00:00,0.24565399999846704,0.00024565399999846704
Zheng DBSCAN,Ceravolo,sudden_trace_noise20_1000_sw,300,150.0,[np.float64(451.3333333333333)],[499],1.0,47.666666666666686,00:00:00,0.24565399999846704,0.00024565399999846704
Zheng DBSCAN,Ostovar,Atomic_Swap_output_Swap,400,40.0,"[np.float64(930.4444444444445), np.float64(1930.875)]","[999, 1999]",1.0,68.34027777777777,00:00:05,5.536016199999722,0.0018459540513503573
Zheng DBSCAN,Ostovar,Atomic_Swap_output_Swap,400,80.0,"[np.float64(930.4444444444445), np.float64(1930.875)]","[999, 1999]",1.0,68.34027777777777,00:00:05,5.536016199999722,0.0018459540513503573
Zheng DBSCAN,Ostovar,Atomic_Swap_output_Swap,400,120.0,"[np.float64(930.4444444444445), np.float64(1930.875)]","[999, 1999]",1.0,68.34027777777777,00:00:05,5.536016199999722,0.0018459540513503573
Zheng DBSCAN,Ostovar,Atomic_Swap_output_Swap,400,160.0,"[np.float64(930.4444444444445), np.float64(1930.875)]","[999, 1999]",1.0,68.34027777777777,00:00:05,5.536016199999722,0.0018459540513503573
Zheng DBSCAN,Ostovar,Atomic_Swap_output_Swap,400,200.0,"[np.float64(930.4444444444445), np.float64(1930.875)]","[999, 1999]",1.0,68.34027777777777,00:00:05,5.536016199999722,0.0018459540513503573
Zheng DBSCAN,Ceravolo,sudden_trace_noise0_1000_lp,400,40.0,[np.float64(448.0)],[499],1.0,51.0,00:00:00,0.2724650999880396,0.0002724650999880396
Zheng DBSCAN,Ceravolo,sudden_trace_noise0_1000_lp,400,80.0,[np.float64(448.0)],[499],1.0,51.0,00:00:00,0.2724650999880396,0.0002724650999880396
Zheng DBSCAN,Ceravolo,sudden_trace_noise0_1000_lp,400,120.0,[np.float64(448.0)],[499],1.0,51.0,00:00:00,0.2724650999880396,0.0002724650999880396
Zheng DBSCAN,Ceravolo,sudden_trace_noise0_1000_lp,400,160.0,[np.float64(448.0)],[499],1.0,51.0,00:00:00,0.2724650999880396,0.0002724650999880396
Zheng DBSCAN,Ceravolo,sudden_trace_noise0_1000_lp,400,200.0,[np.float64(448.0)],[499],1.0,51.0,00:00:00,0.2724650999880396,0.0002724650999880396
Zheng DBSCAN,Ceravolo,sudden_trace_noise5_1000_ROI,500,50.0,[],[499],,,00:00:00,0.30444099998567253,0.0003044409999856725
Zheng DBSCAN,Ceravolo,sudden_trace_noise5_1000_ROI,500,100.0,[],[499],,,00:00:00,0.30444099998567253,0.0003044409999856725
Zheng DBSCAN,Ceravolo,sudden_trace_noise5_1000_ROI,500,150.0,[],[499],,,00:00:00,0.30444099998567253,0.0003044409999856725
Zheng DBSCAN,Ceravolo,sudden_trace_noise5_1000_ROI,500,200.0,[],[499],,,00:00:00,0.30444099998567253,0.0003044409999856725
Zheng DBSCAN,Ceravolo,sudden_trace_noise5_1000_ROI,500,250.0,[],[499],,,00:00:00,0.30444099998567253,0.0003044409999856725
Zheng DBSCAN,Ostovar,Composite_IRO_output_IRO_2,600,60.0,[np.float64(1515.3496503496503)],"[999, 1999]",,,00:00:08,8.652665600006003,0.002885183594533512
Zheng DBSCAN,Ostovar,Composite_IRO_output_IRO_2,600,120.0,[np.float64(1515.3496503496503)],"[999, 1999]",,,00:00:08,8.652665600006003,0.002885183594533512
Zheng DBSCAN,Ostovar,Composite_IRO_output_IRO_2,600,180.0,[np.float64(1515.3496503496503)],"[999, 1999]",,,00:00:08,8.652665600006003,0.002885183594533512
Zheng DBSCAN,Ostovar,Composite_IRO_output_IRO_2,600,240.0,[np.float64(1515.3496503496503)],"[999, 1999]",,,00:00:08,8.652665600006003,0.002885183594533512
Zheng DBSCAN,Ostovar,Composite_IRO_output_IRO_2,600,300.0,[np.float64(1515.3496503496503)],"[999, 1999]",,,00:00:08,8.652665600006003,0.002885183594533512
Zheng DBSCAN,AdditionalLogs,sudden_drift_06,700,70.0,"[np.float64(813.5), np.float64(1021.2666666666667), np.float64(1220.0), np.float64(1452.0)]","[500, 1000]",0.3333333333333333,21.26666666666665,00:00:01,1.6388387999904808,0.001092559199993654
Zheng DBSCAN,AdditionalLogs,sudden_drift_06,700,140.0,"[np.float64(1030.3), np.float64(1452.0)]","[500, 1000]",0.5,30.299999999999955,00:00:01,1.6388387999904808,0.001092559199993654
Zheng DBSCAN,AdditionalLogs,sudden_drift_06,700,210.0,"[np.float64(1030.3), np.float64(1452.0)]","[500, 1000]",0.5,30.299999999999955,00:00:01,1.6388387999904808,0.001092559199993654
Zheng DBSCAN,AdditionalLogs,sudden_drift_06,700,280.0,[np.float64(928.8888888888889)],"[500, 1000]",0.6666666666666666,71.11111111111109,00:00:01,1.6388387999904808,0.001092559199993654
Zheng DBSCAN,AdditionalLogs,sudden_drift_06,700,350.0,[np.float64(928.8888888888889)],"[500, 1000]",0.6666666666666666,71.11111111111109,00:00:01,1.6388387999904808,0.001092559199993654
Zheng DBSCAN,Ceravolo,sudden_trace_noise10_1000_ROI,700,70.0,[],[499],,,00:00:00,0.27581130000180565,0.00027581130000180567
Zheng DBSCAN,Ceravolo,sudden_trace_noise10_1000_ROI,700,140.0,[],[499],,,00:00:00,0.27581130000180565,0.00027581130000180567
Zheng DBSCAN,Ceravolo,sudden_trace_noise10_1000_ROI,700,210.0,[],[499],,,00:00:00,0.27581130000180565,0.00027581130000180567
Zheng DBSCAN,Ceravolo,sudden_trace_noise10_1000_ROI,700,280.0,[],[499],,,00:00:00,0.27581130000180565,0.00027581130000180567
Zheng DBSCAN,Ceravolo,sudden_trace_noise10_1000_ROI,700,350.0,[],[499],,,00:00:00,0.27581130000180565,0.00027581130000180567
Zheng DBSCAN,Ceravolo,sudden_trace_noise5_1000_re,400,40.0,[np.float64(447.5)],[499],1.0,51.5,00:00:00,0.2680588999937754,0.0002680588999937754
Zheng DBSCAN,Ceravolo,sudden_trace_noise5_1000_re,400,80.0,[np.float64(447.5)],[499],1.0,51.5,00:00:00,0.2680588999937754,0.0002680588999937754
Zheng DBSCAN,Ceravolo,sudden_trace_noise5_1000_re,400,120.0,[np.float64(447.5)],[499],1.0,51.5,00:00:00,0.2680588999937754,0.0002680588999937754
Zheng DBSCAN,Ceravolo,sudden_trace_noise5_1000_re,400,160.0,[np.float64(447.5)],[499],1.0,51.5,00:00:00,0.2680588999937754,0.0002680588999937754
Zheng DBSCAN,Ceravolo,sudden_trace_noise5_1000_re,400,200.0,[np.float64(447.5)],[499],1.0,51.5,00:00:00,0.2680588999937754,0.0002680588999937754
Zheng DBSCAN,Ostovar,Composite_RIO_output_RIO_2,800,80.0,[np.float64(1501.8392523364487)],"[999, 1999]",,,00:00:07,7.96780939999735,0.002656822074023791
Zheng DBSCAN,Ostovar,Composite_RIO_output_RIO_2,800,160.0,[np.float64(1501.8392523364487)],"[999, 1999]",,,00:00:07,7.96780939999735,0.002656822074023791
Zheng DBSCAN,Ostovar,Composite_RIO_output_RIO_2,800,240.0,[np.float64(1501.8392523364487)],"[999, 1999]",,,00:00:07,7.96780939999735,0.002656822074023791
Zheng DBSCAN,Ostovar,Composite_RIO_output_RIO_2,800,320.0,[np.float64(1501.8392523364487)],"[999, 1999]",,,00:00:07,7.96780939999735,0.002656822074023791
Zheng DBSCAN,Ostovar,Composite_RIO_output_RIO_2,800,400.0,[np.float64(1501.8392523364487)],"[999, 1999]",,,00:00:07,7.96780939999735,0.002656822074023791
Zheng DBSCAN,Ceravolo,sudden_trace_noise5_1000_cd,800,80.0,[],[499],,,00:00:00,0.2542111999937333,0.00025421119999373333
Zheng DBSCAN,Ceravolo,sudden_trace_noise5_1000_cd,800,160.0,[],[499],,,00:00:00,0.2542111999937333,0.00025421119999373333
Zheng DBSCAN,Ceravolo,sudden_trace_noise5_1000_cd,800,240.0,[],[499],,,00:00:00,0.2542111999937333,0.00025421119999373333
Zheng DBSCAN,Ceravolo,sudden_trace_noise5_1000_cd,800,320.0,[],[499],,,00:00:00,0.2542111999937333,0.00025421119999373333
Zheng DBSCAN,Ceravolo,sudden_trace_noise5_1000_cd,800,400.0,[],[499],,,00:00:00,0.2542111999937333,0.00025421119999373333
Zheng DBSCAN,Ostovar,Nested_IRO_output_IRO_5,300,30.0,[np.float64(1503.8926048045219)],"[999, 1999]",,,00:00:10,10.458399299997836,0.0034872955318432266
Zheng DBSCAN,Ostovar,Nested_IRO_output_IRO_5,300,60.0,[np.float64(1503.8926048045219)],"[999, 1999]",,,00:00:10,10.458399299997836,0.0034872955318432266
Zheng DBSCAN,Ostovar,Nested_IRO_output_IRO_5,300,90.0,[np.float64(1503.8926048045219)],"[999, 1999]",,,00:00:10,10.458399299997836,0.0034872955318432266
Zheng DBSCAN,Ostovar,Nested_IRO_output_IRO_5,300,120.0,[np.float64(1503.8926048045219)],"[999, 1999]",,,00:00:10,10.458399299997836,0.0034872955318432266
Zheng DBSCAN,Ostovar,Nested_IRO_output_IRO_5,300,150.0,[np.float64(1503.8926048045219)],"[999, 1999]",,,00:00:10,10.458399299997836,0.0034872955318432266
Zheng DBSCAN,Ostovar,Atomic_ConditionalMove_output_ConditionalMove,400,40.0,"[np.float64(941.4285714285714), np.float64(1934.7777777777778)]","[999, 1999]",1.0,60.89682539682536,00:00:06,6.66171040001791,0.002221310570196035
Zheng DBSCAN,Ostovar,Atomic_ConditionalMove_output_ConditionalMove,400,80.0,"[np.float64(941.4285714285714), np.float64(1934.7777777777778)]","[999, 1999]",1.0,60.89682539682536,00:00:06,6.66171040001791,0.002221310570196035
Zheng DBSCAN,Ostovar,Atomic_ConditionalMove_output_ConditionalMove,400,120.0,"[np.float64(941.4285714285714), np.float64(1934.7777777777778)]","[999, 1999]",1.0,60.89682539682536,00:00:06,6.66171040001791,0.002221310570196035
Zheng DBSCAN,Ostovar,Atomic_ConditionalMove_output_ConditionalMove,400,160.0,"[np.float64(941.4285714285714), np.float64(1934.7777777777778)]","[999, 1999]",1.0,60.89682539682536,00:00:06,6.66171040001791,0.002221310570196035
Zheng DBSCAN,Ostovar,Atomic_ConditionalMove_output_ConditionalMove,400,200.0,"[np.float64(941.4285714285714), np.float64(1934.7777777777778)]","[999, 1999]",1.0,60.89682539682536,00:00:06,6.66171040001791,0.002221310570196035
Zheng DBSCAN,AdditionalLogs,recurring_drift_04,700,70.0,"[np.float64(783.0), np.float64(1277.0)]","[500, 1000]",,,00:00:00,0.6784392999834381,0.0004522928666556254
Zheng DBSCAN,AdditionalLogs,recurring_drift_04,700,140.0,"[np.float64(783.0), np.float64(1277.0)]","[500, 1000]",,,00:00:00,0.6784392999834381,0.0004522928666556254
Zheng DBSCAN,AdditionalLogs,recurring_drift_04,700,210.0,"[np.float64(783.0), np.float64(1277.0)]","[500, 1000]",,,00:00:00,0.6784392999834381,0.0004522928666556254
Zheng DBSCAN,AdditionalLogs,recurring_drift_04,700,280.0,"[np.float64(783.0), np.float64(1277.0)]","[500, 1000]",,,00:00:00,0.6784392999834381,0.0004522928666556254
Zheng DBSCAN,AdditionalLogs,recurring_drift_04,700,350.0,[np.float64(1277.0)],"[500, 1000]",,,00:00:00,0.6784392999834381,0.0004522928666556254
Zheng DBSCAN,Ostovar,Atomic_ParallelRemoval_output_ParallelRemoval_5,500,50.0,[np.float64(1513.003896103896)],"[999, 1999]",,,00:00:06,6.908544500009157,0.002303616038682613
Zheng DBSCAN,Ostovar,Atomic_ParallelRemoval_output_ParallelRemoval_5,500,100.0,[np.float64(1513.003896103896)],"[999, 1999]",,,00:00:06,6.908544500009157,0.002303616038682613
Zheng DBSCAN,Ostovar,Atomic_ParallelRemoval_output_ParallelRemoval_5,500,150.0,[np.float64(1513.003896103896)],"[999, 1999]",,,00:00:06,6.908544500009157,0.002303616038682613
Zheng DBSCAN,Ostovar,Atomic_ParallelRemoval_output_ParallelRemoval_5,500,200.0,[np.float64(1513.003896103896)],"[999, 1999]",,,00:00:06,6.908544500009157,0.002303616038682613
Zheng DBSCAN,Ostovar,Atomic_ParallelRemoval_output_ParallelRemoval_5,500,250.0,[np.float64(1513.003896103896)],"[999, 1999]",,,00:00:06,6.908544500009157,0.002303616038682613
Zheng DBSCAN,Ceravolo,sudden_trace_noise15_1000_lp,700,70.0,[],[499],,,00:00:00,0.284579200000735,0.000284579200000735
Zheng DBSCAN,Ceravolo,sudden_trace_noise15_1000_lp,700,140.0,[],[499],,,00:00:00,0.284579200000735,0.000284579200000735
Zheng DBSCAN,Ceravolo,sudden_trace_noise15_1000_lp,700,210.0,[],[499],,,00:00:00,0.284579200000735,0.000284579200000735
Zheng DBSCAN,Ceravolo,sudden_trace_noise15_1000_lp,700,280.0,[],[499],,,00:00:00,0.284579200000735,0.000284579200000735
Zheng DBSCAN,Ceravolo,sudden_trace_noise15_1000_lp,700,350.0,[],[499],,,00:00:00,0.284579200000735,0.000284579200000735
Zheng DBSCAN,Ostovar,Atomic_Skip_output_Skip_5,400,40.0,[np.float64(1489.720860729229)],"[999, 1999]",,,00:00:06,6.865577100019436,0.0022892887962719026
Zheng DBSCAN,Ostovar,Atomic_Skip_output_Skip_5,400,80.0,[np.float64(1489.720860729229)],"[999, 1999]",,,00:00:06,6.865577100019436,0.0022892887962719026
Zheng DBSCAN,Ostovar,Atomic_Skip_output_Skip_5,400,120.0,[np.float64(1489.720860729229)],"[999, 1999]",,,00:00:06,6.865577100019436,0.0022892887962719026
Zheng DBSCAN,Ostovar,Atomic_Skip_output_Skip_5,400,160.0,[np.float64(1489.720860729229)],"[999, 1999]",,,00:00:06,6.865577100019436,0.0022892887962719026
Zheng DBSCAN,Ostovar,Atomic_Skip_output_Skip_5,400,200.0,[np.float64(1489.720860729229)],"[999, 1999]",,,00:00:06,6.865577100019436,0.0022892887962719026
Zheng DBSCAN,Ostovar,Composite_RIO_output_RIO_2,300,30.0,[np.float64(1494.9811056682995)],"[999, 1999]",,,00:00:07,7.504184699995676,0.002502228976324
Zheng DBSCAN,Ostovar,Composite_RIO_output_RIO_2,300,60.0,[np.float64(1494.9811056682995)],"[999, 1999]",,,00:00:07,7.504184699995676,0.002502228976324
Zheng DBSCAN,Ostovar,Composite_RIO_output_RIO_2,300,90.0,[np.float64(1494.9811056682995)],"[999, 1999]",,,00:00:07,7.504184699995676,0.002502228976324
Zheng DBSCAN,Ostovar,Composite_RIO_output_RIO_2,300,120.0,[np.float64(1494.9811056682995)],"[999, 1999]",,,00:00:07,7.504184699995676,0.002502228976324
Zheng DBSCAN,Ostovar,Composite_RIO_output_RIO_2,300,150.0,[np.float64(1494.9811056682995)],"[999, 1999]",,,00:00:07,7.504184699995676,0.002502228976324
Zheng DBSCAN,Ostovar,Composite_ORI_output_ORI_2,800,80.0,[np.float64(1518.4054529463501)],"[999, 1999]",,,00:00:08,8.049721099989256,0.0026841350783558707
Zheng DBSCAN,Ostovar,Composite_ORI_output_ORI_2,800,160.0,[np.float64(1518.4054529463501)],"[999, 1999]",,,00:00:08,8.049721099989256,0.0026841350783558707
Zheng DBSCAN,Ostovar,Composite_ORI_output_ORI_2,800,240.0,[np.float64(1518.4054529463501)],"[999, 1999]",,,00:00:08,8.049721099989256,0.0026841350783558707
Zheng DBSCAN,Ostovar,Composite_ORI_output_ORI_2,800,320.0,[np.float64(1518.4054529463501)],"[999, 1999]",,,00:00:08,8.049721099989256,0.0026841350783558707
Zheng DBSCAN,Ostovar,Composite_ORI_output_ORI_2,800,400.0,[np.float64(1518.4054529463501)],"[999, 1999]",,,00:00:08,8.049721099989256,0.0026841350783558707
Zheng DBSCAN,Ceravolo,sudden_trace_noise0_1000_IOR,500,50.0,[],[499],,,00:00:00,0.283310500002699,0.00028331050000269896
Zheng DBSCAN,Ceravolo,sudden_trace_noise0_1000_IOR,500,100.0,[],[499],,,00:00:00,0.283310500002699,0.00028331050000269896
Zheng DBSCAN,Ceravolo,sudden_trace_noise0_1000_IOR,500,150.0,[],[499],,,00:00:00,0.283310500002699,0.00028331050000269896
Zheng DBSCAN,Ceravolo,sudden_trace_noise0_1000_IOR,500,200.0,[],[499],,,00:00:00,0.283310500002699,0.00028331050000269896
Zheng DBSCAN,Ceravolo,sudden_trace_noise0_1000_IOR,500,250.0,[],[499],,,00:00:00,0.283310500002699,0.00028331050000269896
Zheng DBSCAN,Ostovar,Composite_ROI_output_ROI_5,700,70.0,[np.float64(1504.5535590877678)],"[999, 1999]",,,00:00:08,8.488601399993058,0.0028304772924284956
Zheng DBSCAN,Ostovar,Composite_ROI_output_ROI_5,700,140.0,[np.float64(1504.5535590877678)],"[999, 1999]",,,00:00:08,8.488601399993058,0.0028304772924284956
Zheng DBSCAN,Ostovar,Composite_ROI_output_ROI_5,700,210.0,[np.float64(1504.5535590877678)],"[999, 1999]",,,00:00:08,8.488601399993058,0.0028304772924284956
Zheng DBSCAN,Ostovar,Composite_ROI_output_ROI_5,700,280.0,[np.float64(1504.5535590877678)],"[999, 1999]",,,00:00:08,8.488601399993058,0.0028304772924284956
Zheng DBSCAN,Ostovar,Composite_ROI_output_ROI_5,700,350.0,[np.float64(1504.5535590877678)],"[999, 1999]",,,00:00:08,8.488601399993058,0.0028304772924284956
Zheng DBSCAN,Ceravolo,sudden_trace_noise10_1000_lp,800,80.0,[],[499],,,00:00:00,0.24065829999744892,0.00024065829999744893
Zheng DBSCAN,Ceravolo,sudden_trace_noise10_1000_lp,800,160.0,[],[499],,,00:00:00,0.24065829999744892,0.00024065829999744893
Zheng DBSCAN,Ceravolo,sudden_trace_noise10_1000_lp,800,240.0,[],[499],,,00:00:00,0.24065829999744892,0.00024065829999744893
Zheng DBSCAN,Ceravolo,sudden_trace_noise10_1000_lp,800,320.0,[],[499],,,00:00:00,0.24065829999744892,0.00024065829999744893
Zheng DBSCAN,Ceravolo,sudden_trace_noise10_1000_lp,800,400.0,[],[499],,,00:00:00,0.24065829999744892,0.00024065829999744893
Zheng DBSCAN,Ostovar,Nested_OIR_output_OIR_2,300,30.0,[np.float64(1481.7707454289732)],"[999, 1999]",,,00:00:08,8.88817890000064,0.002963714204735125
Zheng DBSCAN,Ostovar,Nested_OIR_output_OIR_2,300,60.0,[np.float64(1481.7707454289732)],"[999, 1999]",,,00:00:08,8.88817890000064,0.002963714204735125
Zheng DBSCAN,Ostovar,Nested_OIR_output_OIR_2,300,90.0,[np.float64(1481.7707454289732)],"[999, 1999]",,,00:00:08,8.88817890000064,0.002963714204735125
Zheng DBSCAN,Ostovar,Nested_OIR_output_OIR_2,300,120.0,[np.float64(1481.7707454289732)],"[999, 1999]",,,00:00:08,8.88817890000064,0.002963714204735125
Zheng DBSCAN,Ostovar,Nested_OIR_output_OIR_2,300,150.0,[np.float64(1481.7707454289732)],"[999, 1999]",,,00:00:08,8.88817890000064,0.002963714204735125
Zheng DBSCAN,Ostovar,Atomic_ConditionalRemoval_output_ConditionalRemoval_5,800,80.0,[np.float64(1520.5092816787733)],"[999, 1999]",,,00:00:07,7.301417199982097,0.002434617272418172
Zheng DBSCAN,Ostovar,Atomic_ConditionalRemoval_output_ConditionalRemoval_5,800,160.0,[np.float64(1520.5092816787733)],"[999, 1999]",,,00:00:07,7.301417199982097,0.002434617272418172
Zheng DBSCAN,Ostovar,Atomic_ConditionalRemoval_output_ConditionalRemoval_5,800,240.0,[np.float64(1520.5092816787733)],"[999, 1999]",,,00:00:07,7.301417199982097,0.002434617272418172
Zheng DBSCAN,Ostovar,Atomic_ConditionalRemoval_output_ConditionalRemoval_5,800,320.0,[np.float64(1520.5092816787733)],"[999, 1999]",,,00:00:07,7.301417199982097,0.002434617272418172
Zheng DBSCAN,Ostovar,Atomic_ConditionalRemoval_output_ConditionalRemoval_5,800,400.0,[np.float64(1520.5092816787733)],"[999, 1999]",,,00:00:07,7.301417199982097,0.002434617272418172
Zheng DBSCAN,Ostovar,Atomic_SerialMove_output_SerialMove,700,70.0,"[np.float64(933.5), np.float64(1939.375)]","[999, 1999]",1.0,62.5625,00:00:07,7.1351229999854695,0.002379167389124865
Zheng DBSCAN,Ostovar,Atomic_SerialMove_output_SerialMove,700,140.0,"[np.float64(933.5), np.float64(1939.375)]","[999, 1999]",1.0,62.5625,00:00:07,7.1351229999854695,0.002379167389124865
Zheng DBSCAN,Ostovar,Atomic_SerialMove_output_SerialMove,700,210.0,"[np.float64(933.5), np.float64(1939.375)]","[999, 1999]",1.0,62.5625,00:00:07,7.1351229999854695,0.002379167389124865
Zheng DBSCAN,Ostovar,Atomic_SerialMove_output_SerialMove,700,280.0,"[np.float64(933.5), np.float64(1939.375)]","[999, 1999]",1.0,62.5625,00:00:07,7.1351229999854695,0.002379167389124865
Zheng DBSCAN,Ostovar,Atomic_SerialMove_output_SerialMove,700,350.0,"[np.float64(933.5), np.float64(1939.375)]","[999, 1999]",1.0,62.5625,00:00:07,7.1351229999854695,0.002379167389124865
Zheng DBSCAN,Ceravolo,sudden_trace_noise20_1000_sw,700,70.0,[],[499],,,00:00:00,0.24684459998388775,0.00024684459998388774
Zheng DBSCAN,Ceravolo,sudden_trace_noise20_1000_sw,700,140.0,[],[499],,,00:00:00,0.24684459998388775,0.00024684459998388774
Zheng DBSCAN,Ceravolo,sudden_trace_noise20_1000_sw,700,210.0,[],[499],,,00:00:00,0.24684459998388775,0.00024684459998388774
Zheng DBSCAN,Ceravolo,sudden_trace_noise20_1000_sw,700,280.0,[],[499],,,00:00:00,0.24684459998388775,0.00024684459998388774
Zheng DBSCAN,Ceravolo,sudden_trace_noise20_1000_sw,700,350.0,[],[499],,,00:00:00,0.24684459998388775,0.00024684459998388774
Zheng DBSCAN,Ceravolo,sudden_trace_noise0_1000_ROI,400,40.0,[np.float64(448.5)],[499],1.0,50.5,00:00:00,0.310302199999569,0.000310302199999569
Zheng DBSCAN,Ceravolo,sudden_trace_noise0_1000_ROI,400,80.0,[np.float64(448.5)],[499],1.0,50.5,00:00:00,0.310302199999569,0.000310302199999569
Zheng DBSCAN,Ceravolo,sudden_trace_noise0_1000_ROI,400,120.0,[np.float64(448.5)],[499],1.0,50.5,00:00:00,0.310302199999569,0.000310302199999569
Zheng DBSCAN,Ceravolo,sudden_trace_noise0_1000_ROI,400,160.0,[np.float64(448.5)],[499],1.0,50.5,00:00:00,0.310302199999569,0.000310302199999569
Zheng DBSCAN,Ceravolo,sudden_trace_noise0_1000_ROI,400,200.0,[np.float64(448.5)],[499],1.0,50.5,00:00:00,0.310302199999569,0.000310302199999569
Zheng DBSCAN,Ostovar,Nested_IOR_output_IOR,600,60.0,"[np.float64(880.0588235294117), np.float64(1699.0), np.float64(1896.0625)]","[999, 1999]",0.8,110.93933823529414,00:00:07,7.950511000002734,0.0026510540180069136
Zheng DBSCAN,Ostovar,Nested_IOR_output_IOR,600,120.0,"[np.float64(880.0588235294117), np.float64(1884.4705882352941)]","[999, 1999]",1.0,116.73529411764707,00:00:07,7.950511000002734,0.0026510540180069136
Zheng DBSCAN,Ostovar,Nested_IOR_output_IOR,600,180.0,"[np.float64(880.0588235294117), np.float64(1884.4705882352941)]","[999, 1999]",1.0,116.73529411764707,00:00:07,7.950511000002734,0.0026510540180069136
Zheng DBSCAN,Ostovar,Nested_IOR_output_IOR,600,240.0,"[np.float64(880.0588235294117), np.float64(1884.4705882352941)]","[999, 1999]",1.0,116.73529411764707,00:00:07,7.950511000002734,0.0026510540180069136
Zheng DBSCAN,Ostovar,Nested_IOR_output_IOR,600,300.0,"[np.float64(880.0588235294117), np.float64(1884.4705882352941)]","[999, 1999]",1.0,116.73529411764707,00:00:07,7.950511000002734,0.0026510540180069136
Zheng DBSCAN,AdditionalLogs,gradual_drift_00,800,80.0,"[np.float64(938.6), np.float64(1206.0)]","[500, 1000]",0.5,61.39999999999998,00:00:00,0.5009224000095855,0.0003578017142925611
Zheng DBSCAN,AdditionalLogs,gradual_drift_00,800,160.0,"[np.float64(938.6), np.float64(1206.0)]","[500, 1000]",0.5,61.39999999999998,00:00:00,0.5009224000095855,0.0003578017142925611
Zheng DBSCAN,AdditionalLogs,gradual_drift_00,800,240.0,[np.float64(983.1666666666666)],"[500, 1000]",0.6666666666666666,16.83333333333337,00:00:00,0.5009224000095855,0.0003578017142925611
Zheng DBSCAN,AdditionalLogs,gradual_drift_00,800,320.0,[np.float64(983.1666666666666)],"[500, 1000]",0.6666666666666666,16.83333333333337,00:00:00,0.5009224000095855,0.0003578017142925611
Zheng DBSCAN,AdditionalLogs,gradual_drift_00,800,400.0,[np.float64(983.1666666666666)],"[500, 1000]",0.6666666666666666,16.83333333333337,00:00:00,0.5009224000095855,0.0003578017142925611
Zheng DBSCAN,Ostovar,Atomic_ParallelMove_output_ParallelMove_5,600,60.0,[np.float64(1480.7627118644068)],"[999, 1999]",,,00:00:08,8.919303000002401,0.0029740923641221745
Zheng DBSCAN,Ostovar,Atomic_ParallelMove_output_ParallelMove_5,600,120.0,[np.float64(1480.7627118644068)],"[999, 1999]",,,00:00:08,8.919303000002401,0.0029740923641221745
Zheng DBSCAN,Ostovar,Atomic_ParallelMove_output_ParallelMove_5,600,180.0,[np.float64(1480.7627118644068)],"[999, 1999]",,,00:00:08,8.919303000002401,0.0029740923641221745
Zheng DBSCAN,Ostovar,Atomic_ParallelMove_output_ParallelMove_5,600,240.0,[np.float64(1480.7627118644068)],"[999, 1999]",,,00:00:08,8.919303000002401,0.0029740923641221745
Zheng DBSCAN,Ostovar,Atomic_ParallelMove_output_ParallelMove_5,600,300.0,[np.float64(1480.7627118644068)],"[999, 1999]",,,00:00:08,8.919303000002401,0.0029740923641221745
Zheng DBSCAN,Ceravolo,sudden_trace_noise5_1000_RIO,700,70.0,[],[499],,,00:00:00,0.23939799997606315,0.00023939799997606313
Zheng DBSCAN,Ceravolo,sudden_trace_noise5_1000_RIO,700,140.0,[],[499],,,00:00:00,0.23939799997606315,0.00023939799997606313
Zheng DBSCAN,Ceravolo,sudden_trace_noise5_1000_RIO,700,210.0,[],[499],,,00:00:00,0.23939799997606315,0.00023939799997606313
Zheng DBSCAN,Ceravolo,sudden_trace_noise5_1000_RIO,700,280.0,[],[499],,,00:00:00,0.23939799997606315,0.00023939799997606313
Zheng DBSCAN,Ceravolo,sudden_trace_noise5_1000_RIO,700,350.0,[],[499],,,00:00:00,0.23939799997606315,0.00023939799997606313
Zheng DBSCAN,AdditionalLogs,recurring_drift_03,700,70.0,"[np.float64(911.0), np.float64(1188.0), np.float64(1377.0)]","[500, 1000]",0.4,89.0,00:00:00,0.5653942000062671,0.0003769294666708447
Zheng DBSCAN,AdditionalLogs,recurring_drift_03,700,140.0,"[np.float64(911.0), np.float64(1282.5)]","[500, 1000]",0.5,89.0,00:00:00,0.5653942000062671,0.0003769294666708447
Zheng DBSCAN,AdditionalLogs,recurring_drift_03,700,210.0,"[np.float64(911.0), np.float64(1282.5)]","[500, 1000]",0.5,89.0,00:00:00,0.5653942000062671,0.0003769294666708447
Zheng DBSCAN,AdditionalLogs,recurring_drift_03,700,280.0,[np.float64(759.9090909090909)],"[500, 1000]",,,00:00:00,0.5653942000062671,0.0003769294666708447
Zheng DBSCAN,AdditionalLogs,recurring_drift_03,700,350.0,[np.float64(759.9090909090909)],"[500, 1000]",,,00:00:00,0.5653942000062671,0.0003769294666708447
Zheng DBSCAN,Ceravolo,sudden_trace_noise5_1000_RIO,600,60.0,[],[499],,,00:00:00,0.24809850001474842,0.00024809850001474845
Zheng DBSCAN,Ceravolo,sudden_trace_noise5_1000_RIO,600,120.0,[],[499],,,00:00:00,0.24809850001474842,0.00024809850001474845
Zheng DBSCAN,Ceravolo,sudden_trace_noise5_1000_RIO,600,180.0,[],[499],,,00:00:00,0.24809850001474842,0.00024809850001474845
Zheng DBSCAN,Ceravolo,sudden_trace_noise5_1000_RIO,600,240.0,[],[499],,,00:00:00,0.24809850001474842,0.00024809850001474845
Zheng DBSCAN,Ceravolo,sudden_trace_noise5_1000_RIO,600,300.0,[],[499],,,00:00:00,0.24809850001474842,0.00024809850001474845
Zheng DBSCAN,Ceravolo,sudden_trace_noise10_1000_OIR,800,80.0,[],[499],,,00:00:00,0.29319460000260733,0.0002931946000026073
Zheng DBSCAN,Ceravolo,sudden_trace_noise10_1000_OIR,800,160.0,[],[499],,,00:00:00,0.29319460000260733,0.0002931946000026073
Zheng DBSCAN,Ceravolo,sudden_trace_noise10_1000_OIR,800,240.0,[],[499],,,00:00:00,0.29319460000260733,0.0002931946000026073
Zheng DBSCAN,Ceravolo,sudden_trace_noise10_1000_OIR,800,320.0,[],[499],,,00:00:00,0.29319460000260733,0.0002931946000026073
Zheng DBSCAN,Ceravolo,sudden_trace_noise10_1000_OIR,800,400.0,[],[499],,,00:00:00,0.29319460000260733,0.0002931946000026073
Zheng DBSCAN,Ceravolo,sudden_trace_noise15_1000_lp,400,40.0,[np.float64(448.0)],[499],1.0,51.0,00:00:00,0.2593845999799669,0.0002593845999799669
Zheng DBSCAN,Ceravolo,sudden_trace_noise15_1000_lp,400,80.0,[np.float64(448.0)],[499],1.0,51.0,00:00:00,0.2593845999799669,0.0002593845999799669
Zheng DBSCAN,Ceravolo,sudden_trace_noise15_1000_lp,400,120.0,[np.float64(448.0)],[499],1.0,51.0,00:00:00,0.2593845999799669,0.0002593845999799669
Zheng DBSCAN,Ceravolo,sudden_trace_noise15_1000_lp,400,160.0,[np.float64(448.0)],[499],1.0,51.0,00:00:00,0.2593845999799669,0.0002593845999799669
Zheng DBSCAN,Ceravolo,sudden_trace_noise15_1000_lp,400,200.0,[np.float64(448.0)],[499],1.0,51.0,00:00:00,0.2593845999799669,0.0002593845999799669
Zheng DBSCAN,Ostovar,Atomic_ConditionalRemoval_output_ConditionalRemoval_5,600,60.0,[np.float64(1514.5327169274537)],"[999, 1999]",,,00:00:07,7.657444300013594,0.002553332544185927
Zheng DBSCAN,Ostovar,Atomic_ConditionalRemoval_output_ConditionalRemoval_5,600,120.0,[np.float64(1514.5327169274537)],"[999, 1999]",,,00:00:07,7.657444300013594,0.002553332544185927
Zheng DBSCAN,Ostovar,Atomic_ConditionalRemoval_output_ConditionalRemoval_5,600,180.0,[np.float64(1514.5327169274537)],"[999, 1999]",,,00:00:07,7.657444300013594,0.002553332544185927
Zheng DBSCAN,Ostovar,Atomic_ConditionalRemoval_output_ConditionalRemoval_5,600,240.0,[np.float64(1514.5327169274537)],"[999, 1999]",,,00:00:07,7.657444300013594,0.002553332544185927
Zheng DBSCAN,Ostovar,Atomic_ConditionalRemoval_output_ConditionalRemoval_5,600,300.0,[np.float64(1514.5327169274537)],"[999, 1999]",,,00:00:07,7.657444300013594,0.002553332544185927
Zheng DBSCAN,Ceravolo,sudden_trace_noise5_1000_cb,300,30.0,[np.float64(451.0)],[499],1.0,48.0,00:00:00,0.27208960001007654,0.00027208960001007655
Zheng DBSCAN,Ceravolo,sudden_trace_noise5_1000_cb,300,60.0,[np.float64(451.0)],[499],1.0,48.0,00:00:00,0.27208960001007654,0.00027208960001007655
Zheng DBSCAN,Ceravolo,sudden_trace_noise5_1000_cb,300,90.0,[np.float64(451.0)],[499],1.0,48.0,00:00:00,0.27208960001007654,0.00027208960001007655
Zheng DBSCAN,Ceravolo,sudden_trace_noise5_1000_cb,300,120.0,[np.float64(451.0)],[499],1.0,48.0,00:00:00,0.27208960001007654,0.00027208960001007655
Zheng DBSCAN,Ceravolo,sudden_trace_noise5_1000_cb,300,150.0,[np.float64(451.0)],[499],1.0,48.0,00:00:00,0.27208960001007654,0.00027208960001007655
Zheng DBSCAN,AdditionalLogs,recurring_drift_08,800,80.0,"[np.float64(890.5), np.float64(1088.5714285714287), np.float64(1234.3333333333333), np.float64(1354.5), np.float64(1496.5)]","[500, 1000]",0.28571428571428575,88.57142857142867,00:00:00,0.7596593000052962,0.0005064395333368642
Zheng DBSCAN,AdditionalLogs,recurring_drift_08,800,160.0,[np.float64(1175.375)],"[500, 1000]",0.6666666666666666,175.375,00:00:00,0.7596593000052962,0.0005064395333368642
Zheng DBSCAN,AdditionalLogs,recurring_drift_08,800,240.0,[],"[500, 1000]",,,00:00:00,0.7596593000052962,0.0005064395333368642
Zheng DBSCAN,AdditionalLogs,recurring_drift_08,800,320.0,[],"[500, 1000]",,,00:00:00,0.7596593000052962,0.0005064395333368642
Zheng DBSCAN,AdditionalLogs,recurring_drift_08,800,400.0,[],"[500, 1000]",,,00:00:00,0.7596593000052962,0.0005064395333368642
Zheng DBSCAN,Ostovar,Atomic_ParallelMove_output_ParallelMove_2,300,30.0,[np.float64(1483.3677852348994)],"[999, 1999]",,,00:00:08,8.447218799992697,0.0028166784928285084
Zheng DBSCAN,Ostovar,Atomic_ParallelMove_output_ParallelMove_2,300,60.0,[np.float64(1483.3677852348994)],"[999, 1999]",,,00:00:08,8.447218799992697,0.0028166784928285084
Zheng DBSCAN,Ostovar,Atomic_ParallelMove_output_ParallelMove_2,300,90.0,[np.float64(1483.3677852348994)],"[999, 1999]",,,00:00:08,8.447218799992697,0.0028166784928285084
Zheng DBSCAN,Ostovar,Atomic_ParallelMove_output_ParallelMove_2,300,120.0,[np.float64(1483.3677852348994)],"[999, 1999]",,,00:00:08,8.447218799992697,0.0028166784928285084
Zheng DBSCAN,Ostovar,Atomic_ParallelMove_output_ParallelMove_2,300,150.0,[np.float64(1483.3677852348994)],"[999, 1999]",,,00:00:08,8.447218799992697,0.0028166784928285084
Zheng DBSCAN,Ceravolo,sudden_trace_noise5_1000_IRO,300,30.0,[np.float64(448.6666666666667)],[499],1.0,50.333333333333314,00:00:00,0.2993488000065554,0.00029934880000655537
Zheng DBSCAN,Ceravolo,sudden_trace_noise5_1000_IRO,300,60.0,[np.float64(448.6666666666667)],[499],1.0,50.333333333333314,00:00:00,0.2993488000065554,0.00029934880000655537
Zheng DBSCAN,Ceravolo,sudden_trace_noise5_1000_IRO,300,90.0,[np.float64(448.6666666666667)],[499],1.0,50.333333333333314,00:00:00,0.2993488000065554,0.00029934880000655537
Zheng DBSCAN,Ceravolo,sudden_trace_noise5_1000_IRO,300,120.0,[np.float64(448.6666666666667)],[499],1.0,50.333333333333314,00:00:00,0.2993488000065554,0.00029934880000655537
Zheng DBSCAN,Ceravolo,sudden_trace_noise5_1000_IRO,300,150.0,[np.float64(448.6666666666667)],[499],1.0,50.333333333333314,00:00:00,0.2993488000065554,0.00029934880000655537
Zheng DBSCAN,Ostovar,Composite_ORI_output_ORI,800,80.0,"[np.float64(909.7272727272727), np.float64(1886.0833333333333)]","[999, 1999]",1.0,101.094696969697,00:00:06,6.833459999994375,0.0022785795265069606
Zheng DBSCAN,Ostovar,Composite_ORI_output_ORI,800,160.0,"[np.float64(909.7272727272727), np.float64(1886.0833333333333)]","[999, 1999]",1.0,101.094696969697,00:00:06,6.833459999994375,0.0022785795265069606
Zheng DBSCAN,Ostovar,Composite_ORI_output_ORI,800,240.0,"[np.float64(909.7272727272727), np.float64(1886.0833333333333)]","[999, 1999]",1.0,101.094696969697,00:00:06,6.833459999994375,0.0022785795265069606
Zheng DBSCAN,Ostovar,Composite_ORI_output_ORI,800,320.0,"[np.float64(909.7272727272727), np.float64(1886.0833333333333)]","[999, 1999]",1.0,101.094696969697,00:00:06,6.833459999994375,0.0022785795265069606
Zheng DBSCAN,Ostovar,Composite_ORI_output_ORI,800,400.0,"[np.float64(909.7272727272727), np.float64(1886.0833333333333)]","[999, 1999]",1.0,101.094696969697,00:00:06,6.833459999994375,0.0022785795265069606
Zheng DBSCAN,Ceravolo,sudden_trace_noise0_1000_OIR,500,50.0,[],[499],,,00:00:00,0.3070268999726977,0.0003070268999726977
Zheng DBSCAN,Ceravolo,sudden_trace_noise0_1000_OIR,500,100.0,[],[499],,,00:00:00,0.3070268999726977,0.0003070268999726977
Zheng DBSCAN,Ceravolo,sudden_trace_noise0_1000_OIR,500,150.0,[],[499],,,00:00:00,0.3070268999726977,0.0003070268999726977
Zheng DBSCAN,Ceravolo,sudden_trace_noise0_1000_OIR,500,200.0,[],[499],,,00:00:00,0.3070268999726977,0.0003070268999726977
Zheng DBSCAN,Ceravolo,sudden_trace_noise0_1000_OIR,500,250.0,[],[499],,,00:00:00,0.3070268999726977,0.0003070268999726977
Zheng DBSCAN,Ostovar,Nested_OIR_output_OIR,300,30.0,"[np.float64(928.1428571428571), np.float64(987.0), np.float64(1935.25)]","[999, 1999]",0.8,37.875,00:00:07,7.124219399993308,0.0023755316438790622
Zheng DBSCAN,Ostovar,Nested_OIR_output_OIR,300,60.0,"[np.float64(935.5), np.float64(1935.25)]","[999, 1999]",1.0,63.625,00:00:07,7.124219399993308,0.0023755316438790622
Zheng DBSCAN,Ostovar,Nested_OIR_output_OIR,300,90.0,"[np.float64(935.5), np.float64(1935.25)]","[999, 1999]",1.0,63.625,00:00:07,7.124219399993308,0.0023755316438790622
Zheng DBSCAN,Ostovar,Nested_OIR_output_OIR,300,120.0,"[np.float64(935.5), np.float64(1935.25)]","[999, 1999]",1.0,63.625,00:00:07,7.124219399993308,0.0023755316438790622
Zheng DBSCAN,Ostovar,Nested_OIR_output_OIR,300,150.0,"[np.float64(935.5), np.float64(1935.25)]","[999, 1999]",1.0,63.625,00:00:07,7.124219399993308,0.0023755316438790622
Zheng DBSCAN,Ostovar,Composite_IRO_output_IRO,800,80.0,"[np.float64(948.0666666666667), np.float64(1943.5714285714287)]","[999, 1999]",1.0,53.180952380952306,00:00:06,6.888793199992506,0.0022970300766897316
Zheng DBSCAN,Ostovar,Composite_IRO_output_IRO,800,160.0,"[np.float64(948.0666666666667), np.float64(1943.5714285714287)]","[999, 1999]",1.0,53.180952380952306,00:00:06,6.888793199992506,0.0022970300766897316
Zheng DBSCAN,Ostovar,Composite_IRO_output_IRO,800,240.0,"[np.float64(948.0666666666667), np.float64(1943.5714285714287)]","[999, 1999]",1.0,53.180952380952306,00:00:06,6.888793199992506,0.0022970300766897316
Zheng DBSCAN,Ostovar,Composite_IRO_output_IRO,800,320.0,"[np.float64(948.0666666666667), np.float64(1943.5714285714287)]","[999, 1999]",1.0,53.180952380952306,00:00:06,6.888793199992506,0.0022970300766897316
Zheng DBSCAN,Ostovar,Composite_IRO_output_IRO,800,400.0,"[np.float64(948.0666666666667), np.float64(1943.5714285714287)]","[999, 1999]",1.0,53.180952380952306,00:00:06,6.888793199992506,0.0022970300766897316
Zheng DBSCAN,AdditionalLogs,recurring_drift_08,600,60.0,"[np.float64(725.3333333333334), np.float64(1052.5238095238096), np.float64(1324.0), np.float64(1385.0), np.float64(1496.5)]","[500, 1000]",0.28571428571428575,52.52380952380963,00:00:00,0.7404449000023305,0.000493629933334887
Zheng DBSCAN,AdditionalLogs,recurring_drift_08,600,120.0,[np.float64(727.8363636363637)],"[500, 1000]",,,00:00:00,0.7404449000023305,0.000493629933334887
Zheng DBSCAN,AdditionalLogs,recurring_drift_08,600,180.0,[np.float64(727.8363636363637)],"[500, 1000]",,,00:00:00,0.7404449000023305,0.000493629933334887
Zheng DBSCAN,AdditionalLogs,recurring_drift_08,600,240.0,[np.float64(727.8363636363637)],"[500, 1000]",,,00:00:00,0.7404449000023305,0.000493629933334887
Zheng DBSCAN,AdditionalLogs,recurring_drift_08,600,300.0,[np.float64(727.8363636363637)],"[500, 1000]",,,00:00:00,0.7404449000023305,0.000493629933334887
Zheng DBSCAN,Ceravolo,sudden_trace_noise0_1000_OIR,400,40.0,[np.float64(448.0)],[499],1.0,51.0,00:00:00,0.31003759999293834,0.00031003759999293835
Zheng DBSCAN,Ceravolo,sudden_trace_noise0_1000_OIR,400,80.0,[np.float64(448.0)],[499],1.0,51.0,00:00:00,0.31003759999293834,0.00031003759999293835
Zheng DBSCAN,Ceravolo,sudden_trace_noise0_1000_OIR,400,120.0,[np.float64(448.0)],[499],1.0,51.0,00:00:00,0.31003759999293834,0.00031003759999293835
Zheng DBSCAN,Ceravolo,sudden_trace_noise0_1000_OIR,400,160.0,[np.float64(448.0)],[499],1.0,51.0,00:00:00,0.31003759999293834,0.00031003759999293835
Zheng DBSCAN,Ceravolo,sudden_trace_noise0_1000_OIR,400,200.0,[np.float64(448.0)],[499],1.0,51.0,00:00:00,0.31003759999293834,0.00031003759999293835
Zheng DBSCAN,Ostovar,Composite_IRO_output_IRO_5,500,50.0,[np.float64(1483.9413619167717)],"[999, 1999]",,,00:00:08,8.669127500004834,0.0028906727242430257
Zheng DBSCAN,Ostovar,Composite_IRO_output_IRO_5,500,100.0,[np.float64(1483.9413619167717)],"[999, 1999]",,,00:00:08,8.669127500004834,0.0028906727242430257
Zheng DBSCAN,Ostovar,Composite_IRO_output_IRO_5,500,150.0,[np.float64(1483.9413619167717)],"[999, 1999]",,,00:00:08,8.669127500004834,0.0028906727242430257
Zheng DBSCAN,Ostovar,Composite_IRO_output_IRO_5,500,200.0,[np.float64(1483.9413619167717)],"[999, 1999]",,,00:00:08,8.669127500004834,0.0028906727242430257
Zheng DBSCAN,Ostovar,Composite_IRO_output_IRO_5,500,250.0,[np.float64(1483.9413619167717)],"[999, 1999]",,,00:00:08,8.669127500004834,0.0028906727242430257
Zheng DBSCAN,AdditionalLogs,gradual_drift_05,800,80.0,"[np.float64(949.4285714285714), np.float64(1133.75), np.float64(1316.0)]","[500, 1000]",0.4,50.571428571428555,00:00:00,0.42467770000803284,0.00030334121429145204
Zheng DBSCAN,AdditionalLogs,gradual_drift_05,800,160.0,"[np.float64(1016.4545454545455), np.float64(1316.0)]","[500, 1000]",0.5,16.454545454545496,00:00:00,0.42467770000803284,0.00030334121429145204
Zheng DBSCAN,AdditionalLogs,gradual_drift_05,800,240.0,[np.float64(1041.4166666666667)],"[500, 1000]",0.6666666666666666,41.41666666666674,00:00:00,0.42467770000803284,0.00030334121429145204
Zheng DBSCAN,AdditionalLogs,gradual_drift_05,800,320.0,[np.float64(1041.4166666666667)],"[500, 1000]",0.6666666666666666,41.41666666666674,00:00:00,0.42467770000803284,0.00030334121429145204
Zheng DBSCAN,AdditionalLogs,gradual_drift_05,800,400.0,[np.float64(1041.4166666666667)],"[500, 1000]",0.6666666666666666,41.41666666666674,00:00:00,0.42467770000803284,0.00030334121429145204
Zheng DBSCAN,Ceravolo,sudden_trace_noise15_1000_sw,600,60.0,[],[499],,,00:00:00,0.2402470000088215,0.0002402470000088215
Zheng DBSCAN,Ceravolo,sudden_trace_noise15_1000_sw,600,120.0,[],[499],,,00:00:00,0.2402470000088215,0.0002402470000088215
Zheng DBSCAN,Ceravolo,sudden_trace_noise15_1000_sw,600,180.0,[],[499],,,00:00:00,0.2402470000088215,0.0002402470000088215
Zheng DBSCAN,Ceravolo,sudden_trace_noise15_1000_sw,600,240.0,[],[499],,,00:00:00,0.2402470000088215,0.0002402470000088215
Zheng DBSCAN,Ceravolo,sudden_trace_noise15_1000_sw,600,300.0,[],[499],,,00:00:00,0.2402470000088215,0.0002402470000088215
Zheng DBSCAN,Ostovar,Atomic_ConditionalRemoval_output_ConditionalRemoval,600,60.0,"[np.float64(931.5), np.float64(1943.0)]","[999, 1999]",1.0,61.75,00:00:05,5.525383099971805,0.0018424085028248766
Zheng DBSCAN,Ostovar,Atomic_ConditionalRemoval_output_ConditionalRemoval,600,120.0,"[np.float64(931.5), np.float64(1943.0)]","[999, 1999]",1.0,61.75,00:00:05,5.525383099971805,0.0018424085028248766
Zheng DBSCAN,Ostovar,Atomic_ConditionalRemoval_output_ConditionalRemoval,600,180.0,"[np.float64(931.5), np.float64(1943.0)]","[999, 1999]",1.0,61.75,00:00:05,5.525383099971805,0.0018424085028248766
Zheng DBSCAN,Ostovar,Atomic_ConditionalRemoval_output_ConditionalRemoval,600,240.0,"[np.float64(931.5), np.float64(1943.0)]","[999, 1999]",1.0,61.75,00:00:05,5.525383099971805,0.0018424085028248766
Zheng DBSCAN,Ostovar,Atomic_ConditionalRemoval_output_ConditionalRemoval,600,300.0,"[np.float64(931.5), np.float64(1943.0)]","[999, 1999]",1.0,61.75,00:00:05,5.525383099971805,0.0018424085028248766
Zheng DBSCAN,Ostovar,Atomic_ConditionalToSequence_output_ConditionalToSequence_5,700,70.0,[np.float64(1507.8648068669527)],"[999, 1999]",,,00:00:07,7.680808100005379,0.002561123074359913
Zheng DBSCAN,Ostovar,Atomic_ConditionalToSequence_output_ConditionalToSequence_5,700,140.0,[np.float64(1507.8648068669527)],"[999, 1999]",,,00:00:07,7.680808100005379,0.002561123074359913
Zheng DBSCAN,Ostovar,Atomic_ConditionalToSequence_output_ConditionalToSequence_5,700,210.0,[np.float64(1507.8648068669527)],"[999, 1999]",,,00:00:07,7.680808100005379,0.002561123074359913
Zheng DBSCAN,Ostovar,Atomic_ConditionalToSequence_output_ConditionalToSequence_5,700,280.0,[np.float64(1507.8648068669527)],"[999, 1999]",,,00:00:07,7.680808100005379,0.002561123074359913
Zheng DBSCAN,Ostovar,Atomic_ConditionalToSequence_output_ConditionalToSequence_5,700,350.0,[np.float64(1507.8648068669527)],"[999, 1999]",,,00:00:07,7.680808100005379,0.002561123074359913
Zheng DBSCAN,Ostovar,Composite_IOR_output_IOR_2,800,80.0,[np.float64(1490.5421166306696)],"[999, 1999]",,,00:00:06,6.447976900002686,0.0021500423141055974
Zheng DBSCAN,Ostovar,Composite_IOR_output_IOR_2,800,160.0,[np.float64(1490.5421166306696)],"[999, 1999]",,,00:00:06,6.447976900002686,0.0021500423141055974
Zheng DBSCAN,Ostovar,Composite_IOR_output_IOR_2,800,240.0,[np.float64(1490.5421166306696)],"[999, 1999]",,,00:00:06,6.447976900002686,0.0021500423141055974
Zheng DBSCAN,Ostovar,Composite_IOR_output_IOR_2,800,320.0,[np.float64(1490.5421166306696)],"[999, 1999]",,,00:00:06,6.447976900002686,0.0021500423141055974
Zheng DBSCAN,Ostovar,Composite_IOR_output_IOR_2,800,400.0,[np.float64(1490.5421166306696)],"[999, 1999]",,,00:00:06,6.447976900002686,0.0021500423141055974
Zheng DBSCAN,Ceravolo,sudden_trace_noise0_1000_sw,800,80.0,[],[499],,,00:00:00,0.23003089998383075,0.00023003089998383075
Zheng DBSCAN,Ceravolo,sudden_trace_noise0_1000_sw,800,160.0,[],[499],,,00:00:00,0.23003089998383075,0.00023003089998383075
Zheng DBSCAN,Ceravolo,sudden_trace_noise0_1000_sw,800,240.0,[],[499],,,00:00:00,0.23003089998383075,0.00023003089998383075
Zheng DBSCAN,Ceravolo,sudden_trace_noise0_1000_sw,800,320.0,[],[499],,,00:00:00,0.23003089998383075,0.00023003089998383075
Zheng DBSCAN,Ceravolo,sudden_trace_noise0_1000_sw,800,400.0,[],[499],,,00:00:00,0.23003089998383075,0.00023003089998383075
Zheng DBSCAN,Ostovar,Atomic_Loop_output_Loop_2,700,70.0,[np.float64(1485.984375)],"[999, 1999]",,,00:00:06,6.663802900002338,0.0022220083027683687
Zheng DBSCAN,Ostovar,Atomic_Loop_output_Loop_2,700,140.0,[np.float64(1485.984375)],"[999, 1999]",,,00:00:06,6.663802900002338,0.0022220083027683687
Zheng DBSCAN,Ostovar,Atomic_Loop_output_Loop_2,700,210.0,[np.float64(1485.984375)],"[999, 1999]",,,00:00:06,6.663802900002338,0.0022220083027683687
Zheng DBSCAN,Ostovar,Atomic_Loop_output_Loop_2,700,280.0,[np.float64(1485.984375)],"[999, 1999]",,,00:00:06,6.663802900002338,0.0022220083027683687
Zheng DBSCAN,Ostovar,Atomic_Loop_output_Loop_2,700,350.0,[np.float64(1485.984375)],"[999, 1999]",,,00:00:06,6.663802900002338,0.0022220083027683687
Zheng DBSCAN,Ostovar,Nested_IRO_output_IRO,500,50.0,"[np.float64(721.0), np.float64(883.2), np.float64(1891.3684210526317)]","[999, 1999]",0.8,111.71578947368414,00:00:09,9.025391900009708,0.0030094671223773618
Zheng DBSCAN,Ostovar,Nested_IRO_output_IRO,500,100.0,"[np.float64(873.0625), np.float64(1891.3684210526317)]","[999, 1999]",1.0,116.78453947368416,00:00:09,9.025391900009708,0.0030094671223773618
Zheng DBSCAN,Ostovar,Nested_IRO_output_IRO,500,150.0,"[np.float64(873.0625), np.float64(1891.3684210526317)]","[999, 1999]",1.0,116.78453947368416,00:00:09,9.025391900009708,0.0030094671223773618
Zheng DBSCAN,Ostovar,Nested_IRO_output_IRO,500,200.0,"[np.float64(873.0625), np.float64(1891.3684210526317)]","[999, 1999]",1.0,116.78453947368416,00:00:09,9.025391900009708,0.0030094671223773618
Zheng DBSCAN,Ostovar,Nested_IRO_output_IRO,500,250.0,"[np.float64(873.0625), np.float64(1891.3684210526317)]","[999, 1999]",1.0,116.78453947368416,00:00:09,9.025391900009708,0.0030094671223773618
Zheng DBSCAN,Ostovar,Atomic_SerialRemoval_output_SerialRemoval_5,800,80.0,[np.float64(1506.6320598006644)],"[999, 1999]",,,00:00:07,7.262662900000578,0.0024216948649551776
Zheng DBSCAN,Ostovar,Atomic_SerialRemoval_output_SerialRemoval_5,800,160.0,[np.float64(1506.6320598006644)],"[999, 1999]",,,00:00:07,7.262662900000578,0.0024216948649551776
Zheng DBSCAN,Ostovar,Atomic_SerialRemoval_output_SerialRemoval_5,800,240.0,[np.float64(1506.6320598006644)],"[999, 1999]",,,00:00:07,7.262662900000578,0.0024216948649551776
Zheng DBSCAN,Ostovar,Atomic_SerialRemoval_output_SerialRemoval_5,800,320.0,[np.float64(1506.6320598006644)],"[999, 1999]",,,00:00:07,7.262662900000578,0.0024216948649551776
Zheng DBSCAN,Ostovar,Atomic_SerialRemoval_output_SerialRemoval_5,800,400.0,[np.float64(1506.6320598006644)],"[999, 1999]",,,00:00:07,7.262662900000578,0.0024216948649551776
Zheng DBSCAN,Ceravolo,sudden_trace_noise10_1000_cp,400,40.0,[np.float64(449.0)],[499],1.0,50.0,00:00:00,0.28060690002166666,0.00028060690002166665
Zheng DBSCAN,Ceravolo,sudden_trace_noise10_1000_cp,400,80.0,[np.float64(449.0)],[499],1.0,50.0,00:00:00,0.28060690002166666,0.00028060690002166665
Zheng DBSCAN,Ceravolo,sudden_trace_noise10_1000_cp,400,120.0,[np.float64(449.0)],[499],1.0,50.0,00:00:00,0.28060690002166666,0.00028060690002166665
Zheng DBSCAN,Ceravolo,sudden_trace_noise10_1000_cp,400,160.0,[np.float64(449.0)],[499],1.0,50.0,00:00:00,0.28060690002166666,0.00028060690002166665
Zheng DBSCAN,Ceravolo,sudden_trace_noise10_1000_cp,400,200.0,[np.float64(449.0)],[499],1.0,50.0,00:00:00,0.28060690002166666,0.00028060690002166665
Zheng DBSCAN,Ostovar,Atomic_Frequency_output_Frequency_2,500,50.0,[np.float64(1511.9976553341148)],"[999, 1999]",,,00:00:04,4.124299899995094,0.0013752250416789243
Zheng DBSCAN,Ostovar,Atomic_Frequency_output_Frequency_2,500,100.0,[np.float64(1511.9976553341148)],"[999, 1999]",,,00:00:04,4.124299899995094,0.0013752250416789243
Zheng DBSCAN,Ostovar,Atomic_Frequency_output_Frequency_2,500,150.0,[np.float64(1511.9976553341148)],"[999, 1999]",,,00:00:04,4.124299899995094,0.0013752250416789243
Zheng DBSCAN,Ostovar,Atomic_Frequency_output_Frequency_2,500,200.0,[np.float64(1511.9976553341148)],"[999, 1999]",,,00:00:04,4.124299899995094,0.0013752250416789243
Zheng DBSCAN,Ostovar,Atomic_Frequency_output_Frequency_2,500,250.0,[np.float64(1511.9976553341148)],"[999, 1999]",,,00:00:04,4.124299899995094,0.0013752250416789243
Zheng DBSCAN,Ostovar,Atomic_Substitute_output_Substitute_2,800,80.0,[np.float64(1516.3107177974434)],"[999, 1999]",,,00:00:08,8.139804700011155,0.00271417295765627
Zheng DBSCAN,Ostovar,Atomic_Substitute_output_Substitute_2,800,160.0,[np.float64(1516.3107177974434)],"[999, 1999]",,,00:00:08,8.139804700011155,0.00271417295765627
Zheng DBSCAN,Ostovar,Atomic_Substitute_output_Substitute_2,800,240.0,[np.float64(1516.3107177974434)],"[999, 1999]",,,00:00:08,8.139804700011155,0.00271417295765627
Zheng DBSCAN,Ostovar,Atomic_Substitute_output_Substitute_2,800,320.0,[np.float64(1516.3107177974434)],"[999, 1999]",,,00:00:08,8.139804700011155,0.00271417295765627
Zheng DBSCAN,Ostovar,Atomic_Substitute_output_Substitute_2,800,400.0,[np.float64(1516.3107177974434)],"[999, 1999]",,,00:00:08,8.139804700011155,0.00271417295765627
Zheng DBSCAN,Ceravolo,sudden_trace_noise5_1000_IOR,700,70.0,[],[499],,,00:00:00,0.283508399996208,0.000283508399996208
Zheng DBSCAN,Ceravolo,sudden_trace_noise5_1000_IOR,700,140.0,[],[499],,,00:00:00,0.283508399996208,0.000283508399996208
Zheng DBSCAN,Ceravolo,sudden_trace_noise5_1000_IOR,700,210.0,[],[499],,,00:00:00,0.283508399996208,0.000283508399996208
Zheng DBSCAN,Ceravolo,sudden_trace_noise5_1000_IOR,700,280.0,[],[499],,,00:00:00,0.283508399996208,0.000283508399996208
Zheng DBSCAN,Ceravolo,sudden_trace_noise5_1000_IOR,700,350.0,[],[499],,,00:00:00,0.283508399996208,0.000283508399996208
Zheng DBSCAN,Ostovar,Nested_IOR_output_IOR_2,800,80.0,[np.float64(1501.3801652892562)],"[999, 1999]",,,00:00:08,8.77620179997757,0.00292637605867875
Zheng DBSCAN,Ostovar,Nested_IOR_output_IOR_2,800,160.0,[np.float64(1501.3801652892562)],"[999, 1999]",,,00:00:08,8.77620179997757,0.00292637605867875
Zheng DBSCAN,Ostovar,Nested_IOR_output_IOR_2,800,240.0,[np.float64(1501.3801652892562)],"[999, 1999]",,,00:00:08,8.77620179997757,0.00292637605867875
Zheng DBSCAN,Ostovar,Nested_IOR_output_IOR_2,800,320.0,[np.float64(1501.3801652892562)],"[999, 1999]",,,00:00:08,8.77620179997757,0.00292637605867875
Zheng DBSCAN,Ostovar,Nested_IOR_output_IOR_2,800,400.0,[np.float64(1501.3801652892562)],"[999, 1999]",,,00:00:08,8.77620179997757,0.00292637605867875
Zheng DBSCAN,Ceravolo,sudden_trace_noise15_1000_IRO,400,40.0,[np.float64(448.6666666666667)],[499],1.0,50.333333333333314,00:00:00,0.2768657999986317,0.0002768657999986317
Zheng DBSCAN,Ceravolo,sudden_trace_noise15_1000_IRO,400,80.0,[np.float64(448.6666666666667)],[499],1.0,50.333333333333314,00:00:00,0.2768657999986317,0.0002768657999986317
Zheng DBSCAN,Ceravolo,sudden_trace_noise15_1000_IRO,400,120.0,[np.float64(448.6666666666667)],[499],1.0,50.333333333333314,00:00:00,0.2768657999986317,0.0002768657999986317
Zheng DBSCAN,Ceravolo,sudden_trace_noise15_1000_IRO,400,160.0,[np.float64(448.6666666666667)],[499],1.0,50.333333333333314,00:00:00,0.2768657999986317,0.0002768657999986317
Zheng DBSCAN,Ceravolo,sudden_trace_noise15_1000_IRO,400,200.0,[np.float64(448.6666666666667)],[499],1.0,50.333333333333314,00:00:00,0.2768657999986317,0.0002768657999986317
Zheng DBSCAN,AdditionalLogs,sudden_drift_01,500,50.0,"[np.float64(500.1764705882353), np.float64(620.5), np.float64(786.0), np.float64(921.5), np.float64(1007.3333333333334), np.float64(1115.0), np.float64(1254.0), np.float64(1337.0)]","[500, 1000]",0.4,3.7549019607843377,00:00:00,0.6553548000229057,0.00043690320001527045
Zheng DBSCAN,AdditionalLogs,sudden_drift_01,500,100.0,"[np.float64(786.0), np.float64(1000.2222222222222), np.float64(1295.5)]","[500, 1000]",0.4,0.2222222222221717,00:00:00,0.6553548000229057,0.00043690320001527045
Zheng DBSCAN,AdditionalLogs,sudden_drift_01,500,150.0,[np.float64(671.5277777777778)],"[500, 1000]",0.6666666666666666,171.52777777777783,00:00:00,0.6553548000229057,0.00043690320001527045
Zheng DBSCAN,AdditionalLogs,sudden_drift_01,500,200.0,[np.float64(654.4864864864865)],"[500, 1000]",0.6666666666666666,154.48648648648646,00:00:00,0.6553548000229057,0.00043690320001527045
Zheng DBSCAN,AdditionalLogs,sudden_drift_01,500,250.0,[np.float64(654.4864864864865)],"[500, 1000]",0.6666666666666666,154.48648648648646,00:00:00,0.6553548000229057,0.00043690320001527045
Zheng DBSCAN,Ceravolo,sudden_trace_noise15_1000_IOR,800,80.0,[],[499],,,00:00:00,0.265802200010512,0.00026580220001051205
Zheng DBSCAN,Ceravolo,sudden_trace_noise15_1000_IOR,800,160.0,[],[499],,,00:00:00,0.265802200010512,0.00026580220001051205
Zheng DBSCAN,Ceravolo,sudden_trace_noise15_1000_IOR,800,240.0,[],[499],,,00:00:00,0.265802200010512,0.00026580220001051205
Zheng DBSCAN,Ceravolo,sudden_trace_noise15_1000_IOR,800,320.0,[],[499],,,00:00:00,0.265802200010512,0.00026580220001051205
Zheng DBSCAN,Ceravolo,sudden_trace_noise15_1000_IOR,800,400.0,[],[499],,,00:00:00,0.265802200010512,0.00026580220001051205
Zheng DBSCAN,Ceravolo,sudden_trace_noise5_1000_pm,600,60.0,[],[499],,,00:00:00,0.2148149000131525,0.0002148149000131525
Zheng DBSCAN,Ceravolo,sudden_trace_noise5_1000_pm,600,120.0,[],[499],,,00:00:00,0.2148149000131525,0.0002148149000131525
Zheng DBSCAN,Ceravolo,sudden_trace_noise5_1000_pm,600,180.0,[],[499],,,00:00:00,0.2148149000131525,0.0002148149000131525
Zheng DBSCAN,Ceravolo,sudden_trace_noise5_1000_pm,600,240.0,[],[499],,,00:00:00,0.2148149000131525,0.0002148149000131525
Zheng DBSCAN,Ceravolo,sudden_trace_noise5_1000_pm,600,300.0,[],[499],,,00:00:00,0.2148149000131525,0.0002148149000131525
Zheng DBSCAN,Ceravolo,sudden_trace_noise15_1000_RIO,500,50.0,[],[499],,,00:00:00,0.25640659997588955,0.00025640659997588954
Zheng DBSCAN,Ceravolo,sudden_trace_noise15_1000_RIO,500,100.0,[],[499],,,00:00:00,0.25640659997588955,0.00025640659997588954
Zheng DBSCAN,Ceravolo,sudden_trace_noise15_1000_RIO,500,150.0,[],[499],,,00:00:00,0.25640659997588955,0.00025640659997588954
Zheng DBSCAN,Ceravolo,sudden_trace_noise15_1000_RIO,500,200.0,[],[499],,,00:00:00,0.25640659997588955,0.00025640659997588954
Zheng DBSCAN,Ceravolo,sudden_trace_noise15_1000_RIO,500,250.0,[],[499],,,00:00:00,0.25640659997588955,0.00025640659997588954
Zheng DBSCAN,Ceravolo,sudden_trace_noise20_1000_IRO,800,80.0,[],[499],,,00:00:00,0.2986152999801561,0.0002986152999801561
Zheng DBSCAN,Ceravolo,sudden_trace_noise20_1000_IRO,800,160.0,[],[499],,,00:00:00,0.2986152999801561,0.0002986152999801561
Zheng DBSCAN,Ceravolo,sudden_trace_noise20_1000_IRO,800,240.0,[],[499],,,00:00:00,0.2986152999801561,0.0002986152999801561
Zheng DBSCAN,Ceravolo,sudden_trace_noise20_1000_IRO,800,320.0,[],[499],,,00:00:00,0.2986152999801561,0.0002986152999801561
Zheng DBSCAN,Ceravolo,sudden_trace_noise20_1000_IRO,800,400.0,[],[499],,,00:00:00,0.2986152999801561,0.0002986152999801561
Zheng DBSCAN,Ostovar,Composite_IRO_output_IRO,500,50.0,"[np.float64(948.0666666666667), np.float64(1943.5714285714287)]","[999, 1999]",1.0,53.180952380952306,00:00:06,6.958592299983138,0.0023203042013948444
Zheng DBSCAN,Ostovar,Composite_IRO_output_IRO,500,100.0,"[np.float64(948.0666666666667), np.float64(1943.5714285714287)]","[999, 1999]",1.0,53.180952380952306,00:00:06,6.958592299983138,0.0023203042013948444
Zheng DBSCAN,Ostovar,Composite_IRO_output_IRO,500,150.0,"[np.float64(948.0666666666667), np.float64(1943.5714285714287)]","[999, 1999]",1.0,53.180952380952306,00:00:06,6.958592299983138,0.0023203042013948444
Zheng DBSCAN,Ostovar,Composite_IRO_output_IRO,500,200.0,"[np.float64(948.0666666666667), np.float64(1943.5714285714287)]","[999, 1999]",1.0,53.180952380952306,00:00:06,6.958592299983138,0.0023203042013948444
Zheng DBSCAN,Ostovar,Composite_IRO_output_IRO,500,250.0,"[np.float64(948.0666666666667), np.float64(1943.5714285714287)]","[999, 1999]",1.0,53.180952380952306,00:00:06,6.958592299983138,0.0023203042013948444
Zheng DBSCAN,Ostovar,Atomic_Skip_output_Skip_5,600,60.0,[np.float64(1498.2347354138399)],"[999, 1999]",,,00:00:07,7.068806499999482,0.0023570545181725517
Zheng DBSCAN,Ostovar,Atomic_Skip_output_Skip_5,600,120.0,[np.float64(1498.2347354138399)],"[999, 1999]",,,00:00:07,7.068806499999482,0.0023570545181725517
Zheng DBSCAN,Ostovar,Atomic_Skip_output_Skip_5,600,180.0,[np.float64(1498.2347354138399)],"[999, 1999]",,,00:00:07,7.068806499999482,0.0023570545181725517
Zheng DBSCAN,Ostovar,Atomic_Skip_output_Skip_5,600,240.0,[np.float64(1498.2347354138399)],"[999, 1999]",,,00:00:07,7.068806499999482,0.0023570545181725517
Zheng DBSCAN,Ostovar,Atomic_Skip_output_Skip_5,600,300.0,[np.float64(1498.2347354138399)],"[999, 1999]",,,00:00:07,7.068806499999482,0.0023570545181725517
Zheng DBSCAN,AdditionalLogs,gradual_drift_09,700,70.0,[np.float64(994.0)],"[500, 1000]",0.6666666666666666,6.0,00:00:00,0.4900204000005033,0.0003500145714289309
Zheng DBSCAN,AdditionalLogs,gradual_drift_09,700,140.0,[np.float64(994.0)],"[500, 1000]",0.6666666666666666,6.0,00:00:00,0.4900204000005033,0.0003500145714289309
Zheng DBSCAN,AdditionalLogs,gradual_drift_09,700,210.0,[np.float64(994.0)],"[500, 1000]",0.6666666666666666,6.0,00:00:00,0.4900204000005033,0.0003500145714289309
Zheng DBSCAN,AdditionalLogs,gradual_drift_09,700,280.0,[np.float64(994.0)],"[500, 1000]",0.6666666666666666,6.0,00:00:00,0.4900204000005033,0.0003500145714289309
Zheng DBSCAN,AdditionalLogs,gradual_drift_09,700,350.0,[np.float64(994.0)],"[500, 1000]",0.6666666666666666,6.0,00:00:00,0.4900204000005033,0.0003500145714289309
Zheng DBSCAN,Ceravolo,sudden_trace_noise0_1000_RIO,800,80.0,[],[499],,,00:00:00,0.25166940002236515,0.00025166940002236516
Zheng DBSCAN,Ceravolo,sudden_trace_noise0_1000_RIO,800,160.0,[],[499],,,00:00:00,0.25166940002236515,0.00025166940002236516
Zheng DBSCAN,Ceravolo,sudden_trace_noise0_1000_RIO,800,240.0,[],[499],,,00:00:00,0.25166940002236515,0.00025166940002236516
Zheng DBSCAN,Ceravolo,sudden_trace_noise0_1000_RIO,800,320.0,[],[499],,,00:00:00,0.25166940002236515,0.00025166940002236516
Zheng DBSCAN,Ceravolo,sudden_trace_noise0_1000_RIO,800,400.0,[],[499],,,00:00:00,0.25166940002236515,0.00025166940002236516
Zheng DBSCAN,Ceravolo,sudden_trace_noise0_1000_cf,400,40.0,[np.float64(447.0)],[499],1.0,52.0,00:00:00,0.25220180000178516,0.00025220180000178516
Zheng DBSCAN,Ceravolo,sudden_trace_noise0_1000_cf,400,80.0,[np.float64(447.0)],[499],1.0,52.0,00:00:00,0.25220180000178516,0.00025220180000178516
Zheng DBSCAN,Ceravolo,sudden_trace_noise0_1000_cf,400,120.0,[np.float64(447.0)],[499],1.0,52.0,00:00:00,0.25220180000178516,0.00025220180000178516
Zheng DBSCAN,Ceravolo,sudden_trace_noise0_1000_cf,400,160.0,[np.float64(447.0)],[499],1.0,52.0,00:00:00,0.25220180000178516,0.00025220180000178516
Zheng DBSCAN,Ceravolo,sudden_trace_noise0_1000_cf,400,200.0,[np.float64(447.0)],[499],1.0,52.0,00:00:00,0.25220180000178516,0.00025220180000178516
Zheng DBSCAN,Ostovar,Composite_OIR_output_OIR,700,70.0,"[np.float64(943.2380952380952), np.float64(1930.1176470588234)]","[999, 1999]",1.0,62.3221288515407,00:00:06,6.543619000003673,0.0021819336445494074
Zheng DBSCAN,Ostovar,Composite_OIR_output_OIR,700,140.0,"[np.float64(943.2380952380952), np.float64(1930.1176470588234)]","[999, 1999]",1.0,62.3221288515407,00:00:06,6.543619000003673,0.0021819336445494074
Zheng DBSCAN,Ostovar,Composite_OIR_output_OIR,700,210.0,"[np.float64(943.2380952380952), np.float64(1930.1176470588234)]","[999, 1999]",1.0,62.3221288515407,00:00:06,6.543619000003673,0.0021819336445494074
Zheng DBSCAN,Ostovar,Composite_OIR_output_OIR,700,280.0,"[np.float64(943.2380952380952), np.float64(1930.1176470588234)]","[999, 1999]",1.0,62.3221288515407,00:00:06,6.543619000003673,0.0021819336445494074
Zheng DBSCAN,Ostovar,Composite_OIR_output_OIR,700,350.0,"[np.float64(943.2380952380952), np.float64(1930.1176470588234)]","[999, 1999]",1.0,62.3221288515407,00:00:06,6.543619000003673,0.0021819336445494074
Zheng DBSCAN,Ostovar,Composite_IOR_output_IOR,400,40.0,"[np.float64(938.7692307692307), np.float64(1939.3846153846155)]","[999, 1999]",1.0,59.923076923076906,00:00:05,5.115654799999902,0.0017057868622873964
Zheng DBSCAN,Ostovar,Composite_IOR_output_IOR,400,80.0,"[np.float64(938.7692307692307), np.float64(1939.3846153846155)]","[999, 1999]",1.0,59.923076923076906,00:00:05,5.115654799999902,0.0017057868622873964
Zheng DBSCAN,Ostovar,Composite_IOR_output_IOR,400,120.0,"[np.float64(938.7692307692307), np.float64(1939.3846153846155)]","[999, 1999]",1.0,59.923076923076906,00:00:05,5.115654799999902,0.0017057868622873964
Zheng DBSCAN,Ostovar,Composite_IOR_output_IOR,400,160.0,"[np.float64(938.7692307692307), np.float64(1939.3846153846155)]","[999, 1999]",1.0,59.923076923076906,00:00:05,5.115654799999902,0.0017057868622873964
Zheng DBSCAN,Ostovar,Composite_IOR_output_IOR,400,200.0,"[np.float64(938.7692307692307), np.float64(1939.3846153846155)]","[999, 1999]",1.0,59.923076923076906,00:00:05,5.115654799999902,0.0017057868622873964
Zheng DBSCAN,Ostovar,Nested_ORI_output_ORI_2,400,40.0,[np.float64(1495.6812585499315)],"[999, 1999]",,,00:00:08,8.138509799988242,0.002713741180389544
Zheng DBSCAN,Ostovar,Nested_ORI_output_ORI_2,400,80.0,[np.float64(1495.6812585499315)],"[999, 1999]",,,00:00:08,8.138509799988242,0.002713741180389544
Zheng DBSCAN,Ostovar,Nested_ORI_output_ORI_2,400,120.0,[np.float64(1495.6812585499315)],"[999, 1999]",,,00:00:08,8.138509799988242,0.002713741180389544
Zheng DBSCAN,Ostovar,Nested_ORI_output_ORI_2,400,160.0,[np.float64(1495.6812585499315)],"[999, 1999]",,,00:00:08,8.138509799988242,0.002713741180389544
Zheng DBSCAN,Ostovar,Nested_ORI_output_ORI_2,400,200.0,[np.float64(1495.6812585499315)],"[999, 1999]",,,00:00:08,8.138509799988242,0.002713741180389544
Zheng DBSCAN,Ostovar,Atomic_Skip_output_Skip_5,500,50.0,[np.float64(1490.0184478371502)],"[999, 1999]",,,00:00:06,6.690580200025579,0.0022309370456904233
Zheng DBSCAN,Ostovar,Atomic_Skip_output_Skip_5,500,100.0,[np.float64(1490.0184478371502)],"[999, 1999]",,,00:00:06,6.690580200025579,0.0022309370456904233
Zheng DBSCAN,Ostovar,Atomic_Skip_output_Skip_5,500,150.0,[np.float64(1490.0184478371502)],"[999, 1999]",,,00:00:06,6.690580200025579,0.0022309370456904233
Zheng DBSCAN,Ostovar,Atomic_Skip_output_Skip_5,500,200.0,[np.float64(1490.0184478371502)],"[999, 1999]",,,00:00:06,6.690580200025579,0.0022309370456904233
Zheng DBSCAN,Ostovar,Atomic_Skip_output_Skip_5,500,250.0,[np.float64(1490.0184478371502)],"[999, 1999]",,,00:00:06,6.690580200025579,0.0022309370456904233
Zheng DBSCAN,Ostovar,Nested_IRO_output_IRO_2,400,40.0,[np.float64(1482.6845921450151)],"[999, 1999]",,,00:00:09,9.832631099998252,0.0032786365788590372
Zheng DBSCAN,Ostovar,Nested_IRO_output_IRO_2,400,80.0,[np.float64(1482.6845921450151)],"[999, 1999]",,,00:00:09,9.832631099998252,0.0032786365788590372
Zheng DBSCAN,Ostovar,Nested_IRO_output_IRO_2,400,120.0,[np.float64(1482.6845921450151)],"[999, 1999]",,,00:00:09,9.832631099998252,0.0032786365788590372
Zheng DBSCAN,Ostovar,Nested_IRO_output_IRO_2,400,160.0,[np.float64(1482.6845921450151)],"[999, 1999]",,,00:00:09,9.832631099998252,0.0032786365788590372
Zheng DBSCAN,Ostovar,Nested_IRO_output_IRO_2,400,200.0,[np.float64(1482.6845921450151)],"[999, 1999]",,,00:00:09,9.832631099998252,0.0032786365788590372
Zheng DBSCAN,Ceravolo,sudden_trace_noise15_1000_pm,300,30.0,[np.float64(449.5)],[499],1.0,49.5,00:00:00,0.24348679999820888,0.00024348679999820888
Zheng DBSCAN,Ceravolo,sudden_trace_noise15_1000_pm,300,60.0,[np.float64(449.5)],[499],1.0,49.5,00:00:00,0.24348679999820888,0.00024348679999820888
Zheng DBSCAN,Ceravolo,sudden_trace_noise15_1000_pm,300,90.0,[np.float64(449.5)],[499],1.0,49.5,00:00:00,0.24348679999820888,0.00024348679999820888
Zheng DBSCAN,Ceravolo,sudden_trace_noise15_1000_pm,300,120.0,[np.float64(449.5)],[499],1.0,49.5,00:00:00,0.24348679999820888,0.00024348679999820888
Zheng DBSCAN,Ceravolo,sudden_trace_noise15_1000_pm,300,150.0,[np.float64(449.5)],[499],1.0,49.5,00:00:00,0.24348679999820888,0.00024348679999820888
Zheng DBSCAN,Ostovar,Nested_ROI_output_ROI_2,600,60.0,[np.float64(1514.3565140845071)],"[999, 1999]",,,00:00:06,6.624722599983215,0.002208977192391869
Zheng DBSCAN,Ostovar,Nested_ROI_output_ROI_2,600,120.0,[np.float64(1514.3565140845071)],"[999, 1999]",,,00:00:06,6.624722599983215,0.002208977192391869
Zheng DBSCAN,Ostovar,Nested_ROI_output_ROI_2,600,180.0,[np.float64(1514.3565140845071)],"[999, 1999]",,,00:00:06,6.624722599983215,0.002208977192391869
Zheng DBSCAN,Ostovar,Nested_ROI_output_ROI_2,600,240.0,[np.float64(1514.3565140845071)],"[999, 1999]",,,00:00:06,6.624722599983215,0.002208977192391869
Zheng DBSCAN,Ostovar,Nested_ROI_output_ROI_2,600,300.0,[np.float64(1514.3565140845071)],"[999, 1999]",,,00:00:06,6.624722599983215,0.002208977192391869
Zheng DBSCAN,AdditionalLogs,sudden_drift_03,400,40.0,"[np.float64(407.5), np.float64(504.0), np.float64(689.0), np.float64(807.6666666666666), np.float64(914.0), np.float64(1008.5), np.float64(1095.0), np.float64(1184.5)]","[500, 1000]",0.4,6.25,00:00:00,0.4571333999920171,0.00030475559999467805
Zheng DBSCAN,AdditionalLogs,sudden_drift_03,400,80.0,"[np.float64(425.15384615384613), np.float64(689.0), np.float64(807.6666666666666), np.float64(1051.5)]","[500, 1000]",0.6666666666666666,63.173076923076934,00:00:00,0.4571333999920171,0.00030475559999467805
Zheng DBSCAN,AdditionalLogs,sudden_drift_03,400,120.0,"[np.float64(425.15384615384613), np.float64(960.3333333333334)]","[500, 1000]",1.0,57.25641025641025,00:00:00,0.4571333999920171,0.00030475559999467805
Zheng DBSCAN,AdditionalLogs,sudden_drift_03,400,160.0,"[np.float64(425.15384615384613), np.float64(960.3333333333334)]","[500, 1000]",1.0,57.25641025641025,00:00:00,0.4571333999920171,0.00030475559999467805
Zheng DBSCAN,AdditionalLogs,sudden_drift_03,400,200.0,[np.float64(682.04)],"[500, 1000]",0.6666666666666666,182.03999999999996,00:00:00,0.4571333999920171,0.00030475559999467805
Zheng DBSCAN,Ceravolo,sudden_trace_noise5_1000_pl,700,70.0,[],[499],,,00:00:00,0.23101190000306815,0.00023101190000306815
Zheng DBSCAN,Ceravolo,sudden_trace_noise5_1000_pl,700,140.0,[],[499],,,00:00:00,0.23101190000306815,0.00023101190000306815
Zheng DBSCAN,Ceravolo,sudden_trace_noise5_1000_pl,700,210.0,[],[499],,,00:00:00,0.23101190000306815,0.00023101190000306815
Zheng DBSCAN,Ceravolo,sudden_trace_noise5_1000_pl,700,280.0,[],[499],,,00:00:00,0.23101190000306815,0.00023101190000306815
Zheng DBSCAN,Ceravolo,sudden_trace_noise5_1000_pl,700,350.0,[],[499],,,00:00:00,0.23101190000306815,0.00023101190000306815
Zheng DBSCAN,AdditionalLogs,sudden_drift_06,300,30.0,"[np.float64(334.5), np.float64(376.0), np.float64(423.75), np.float64(524.9047619047619), np.float64(644.5), np.float64(682.0), np.float64(768.0), np.float64(814.0), np.float64(862.0), np.float64(919.0), np.float64(1022.6666666666666), np.float64(1216.8), np.float64(1440.5)]","[500, 1000]",0.2666666666666667,23.785714285714278,00:00:01,1.44660609998391,0.0009644040666559401
Zheng DBSCAN,AdditionalLogs,sudden_drift_06,300,60.0,"[np.float64(507.5483870967742), np.float64(1012.8461538461538), np.float64(1440.5)]","[500, 1000]",0.8,10.197270471464009,00:00:01,1.44660609998391,0.0009644040666559401
Zheng DBSCAN,AdditionalLogs,sudden_drift_06,300,90.0,"[np.float64(789.0714285714286), np.float64(1440.5)]","[500, 1000]",,,00:00:01,1.44660609998391,0.0009644040666559401
Zheng DBSCAN,AdditionalLogs,sudden_drift_06,300,120.0,"[np.float64(789.0714285714286), np.float64(1440.5)]","[500, 1000]",,,00:00:01,1.44660609998391,0.0009644040666559401
Zheng DBSCAN,AdditionalLogs,sudden_drift_06,300,150.0,"[np.float64(789.0714285714286), np.float64(1440.5)]","[500, 1000]",,,00:00:01,1.44660609998391,0.0009644040666559401
Zheng DBSCAN,Ostovar,Nested_IRO_output_IRO_2,800,80.0,[np.float64(1497.0441176470588)],"[999, 1999]",,,00:00:10,10.533214399998542,0.003512242214070871
Zheng DBSCAN,Ostovar,Nested_IRO_output_IRO_2,800,160.0,[np.float64(1497.0441176470588)],"[999, 1999]",,,00:00:10,10.533214399998542,0.003512242214070871
Zheng DBSCAN,Ostovar,Nested_IRO_output_IRO_2,800,240.0,[np.float64(1497.0441176470588)],"[999, 1999]",,,00:00:10,10.533214399998542,0.003512242214070871
Zheng DBSCAN,Ostovar,Nested_IRO_output_IRO_2,800,320.0,[np.float64(1497.0441176470588)],"[999, 1999]",,,00:00:10,10.533214399998542,0.003512242214070871
Zheng DBSCAN,Ostovar,Nested_IRO_output_IRO_2,800,400.0,[np.float64(1497.0441176470588)],"[999, 1999]",,,00:00:10,10.533214399998542,0.003512242214070871
Zheng DBSCAN,Ceravolo,sudden_trace_noise20_1000_cp,700,70.0,[],[499],,,00:00:00,0.24286850000498816,0.00024286850000498816
Zheng DBSCAN,Ceravolo,sudden_trace_noise20_1000_cp,700,140.0,[],[499],,,00:00:00,0.24286850000498816,0.00024286850000498816
Zheng DBSCAN,Ceravolo,sudden_trace_noise20_1000_cp,700,210.0,[],[499],,,00:00:00,0.24286850000498816,0.00024286850000498816
Zheng DBSCAN,Ceravolo,sudden_trace_noise20_1000_cp,700,280.0,[],[499],,,00:00:00,0.24286850000498816,0.00024286850000498816
Zheng DBSCAN,Ceravolo,sudden_trace_noise20_1000_cp,700,350.0,[],[499],,,00:00:00,0.24286850000498816,0.00024286850000498816
Zheng DBSCAN,Ceravolo,sudden_trace_noise15_1000_IOR,300,30.0,[np.float64(449.5)],[499],1.0,49.5,00:00:00,0.2945616999932099,0.0002945616999932099
Zheng DBSCAN,Ceravolo,sudden_trace_noise15_1000_IOR,300,60.0,[np.float64(449.5)],[499],1.0,49.5,00:00:00,0.2945616999932099,0.0002945616999932099
Zheng DBSCAN,Ceravolo,sudden_trace_noise15_1000_IOR,300,90.0,[np.float64(449.5)],[499],1.0,49.5,00:00:00,0.2945616999932099,0.0002945616999932099
Zheng DBSCAN,Ceravolo,sudden_trace_noise15_1000_IOR,300,120.0,[np.float64(449.5)],[499],1.0,49.5,00:00:00,0.2945616999932099,0.0002945616999932099
Zheng DBSCAN,Ceravolo,sudden_trace_noise15_1000_IOR,300,150.0,[np.float64(449.5)],[499],1.0,49.5,00:00:00,0.2945616999932099,0.0002945616999932099
Zheng DBSCAN,Bose,bose_log,800,80.0,"[np.float64(1220.888888888889), np.float64(1406.25), np.float64(1781.0), np.float64(1882.0), np.float64(2103.6), np.float64(2979.0), np.float64(3112.6), np.float64(3644.0), np.float64(4054.8888888888887), np.float64(4245.5), np.float64(4808.5), np.float64(5036.0), np.float64(5273.0), np.float64(5461.0), np.float64(5634.0)]","[1199, 2399, 3599, 4799]",0.31578947368421056,25.462962962962973,00:00:01,1.1724890999903437,0.0001954148499983906
Zheng DBSCAN,Bose,bose_log,800,160.0,"[np.float64(1277.923076923077), np.float64(1971.4444444444443), np.float64(3090.3333333333335), np.float64(3901.9473684210525), np.float64(4808.5), np.float64(5036.0), np.float64(5310.6), np.float64(5634.0)]","[1199, 2399, 3599, 4799]",0.3333333333333333,44.21153846153845,00:00:01,1.1724890999903437,0.0001954148499983906
Zheng DBSCAN,Bose,bose_log,800,240.0,"[np.float64(1277.923076923077), np.float64(1971.4444444444443), np.float64(3090.3333333333335), np.float64(3901.9473684210525), np.float64(5132.454545454545)]","[1199, 2399, 3599, 4799]",0.22222222222222224,78.9230769230769,00:00:01,1.1724890999903437,0.0001954148499983906
Zheng DBSCAN,Bose,bose_log,800,320.0,"[np.float64(1561.6363636363637), np.float64(3090.3333333333335), np.float64(3901.9473684210525), np.float64(5132.454545454545)]","[1199, 2399, 3599, 4799]",,,00:00:01,1.1724890999903437,0.0001954148499983906
Zheng DBSCAN,Bose,bose_log,800,400.0,"[np.float64(1561.6363636363637), np.float64(3090.3333333333335), np.float64(3901.9473684210525), np.float64(5132.454545454545)]","[1199, 2399, 3599, 4799]",,,00:00:01,1.1724890999903437,0.0001954148499983906
Zheng DBSCAN,Ostovar,Nested_OIR_output_OIR_5,700,70.0,[np.float64(1497.73709902371)],"[999, 1999]",,,00:00:08,8.974401100014802,0.0029924645215121046
Zheng DBSCAN,Ostovar,Nested_OIR_output_OIR_5,700,140.0,[np.float64(1497.73709902371)],"[999, 1999]",,,00:00:08,8.974401100014802,0.0029924645215121046
Zheng DBSCAN,Ostovar,Nested_OIR_output_OIR_5,700,210.0,[np.float64(1497.73709902371)],"[999, 1999]",,,00:00:08,8.974401100014802,0.0029924645215121046
Zheng DBSCAN,Ostovar,Nested_OIR_output_OIR_5,700,280.0,[np.float64(1497.73709902371)],"[999, 1999]",,,00:00:08,8.974401100014802,0.0029924645215121046
Zheng DBSCAN,Ostovar,Nested_OIR_output_OIR_5,700,350.0,[np.float64(1497.73709902371)],"[999, 1999]",,,00:00:08,8.974401100014802,0.0029924645215121046
Zheng DBSCAN,Ostovar,Nested_IRO_output_IRO_2,500,50.0,[np.float64(1488.749357326478)],"[999, 1999]",,,00:00:09,9.769122199999401,0.0032574598866286766
Zheng DBSCAN,Ostovar,Nested_IRO_output_IRO_2,500,100.0,[np.float64(1488.749357326478)],"[999, 1999]",,,00:00:09,9.769122199999401,0.0032574598866286766
Zheng DBSCAN,Ostovar,Nested_IRO_output_IRO_2,500,150.0,[np.float64(1488.749357326478)],"[999, 1999]",,,00:00:09,9.769122199999401,0.0032574598866286766
Zheng DBSCAN,Ostovar,Nested_IRO_output_IRO_2,500,200.0,[np.float64(1488.749357326478)],"[999, 1999]",,,00:00:09,9.769122199999401,0.0032574598866286766
Zheng DBSCAN,Ostovar,Nested_IRO_output_IRO_2,500,250.0,[np.float64(1488.749357326478)],"[999, 1999]",,,00:00:09,9.769122199999401,0.0032574598866286766
Zheng DBSCAN,Ostovar,Nested_IOR_output_IOR_5,600,60.0,[np.float64(1507.7651605231868)],"[999, 1999]",,,00:00:08,8.729041500017047,0.0029106507169113192
Zheng DBSCAN,Ostovar,Nested_IOR_output_IOR_5,600,120.0,[np.float64(1507.7651605231868)],"[999, 1999]",,,00:00:08,8.729041500017047,0.0029106507169113192
Zheng DBSCAN,Ostovar,Nested_IOR_output_IOR_5,600,180.0,[np.float64(1507.7651605231868)],"[999, 1999]",,,00:00:08,8.729041500017047,0.0029106507169113192
Zheng DBSCAN,Ostovar,Nested_IOR_output_IOR_5,600,240.0,[np.float64(1507.7651605231868)],"[999, 1999]",,,00:00:08,8.729041500017047,0.0029106507169113192
Zheng DBSCAN,Ostovar,Nested_IOR_output_IOR_5,600,300.0,[np.float64(1507.7651605231868)],"[999, 1999]",,,00:00:08,8.729041500017047,0.0029106507169113192
Zheng DBSCAN,AdditionalLogs,gradual_drift_03,600,60.0,"[np.float64(601.0), np.float64(689.0), np.float64(975.0588235294117), np.float64(1390.0)]","[500, 1000]",0.6666666666666666,62.970588235294144,00:00:00,0.530563299980713,0.0003789737857005093
Zheng DBSCAN,AdditionalLogs,gradual_drift_03,600,120.0,"[np.float64(777.7142857142857), np.float64(1390.0)]","[500, 1000]",,,00:00:00,0.530563299980713,0.0003789737857005093
Zheng DBSCAN,AdditionalLogs,gradual_drift_03,600,180.0,"[np.float64(755.3103448275862), np.float64(1390.0)]","[500, 1000]",,,00:00:00,0.530563299980713,0.0003789737857005093
Zheng DBSCAN,AdditionalLogs,gradual_drift_03,600,240.0,[np.float64(776.4666666666667)],"[500, 1000]",,,00:00:00,0.530563299980713,0.0003789737857005093
Zheng DBSCAN,AdditionalLogs,gradual_drift_03,600,300.0,[np.float64(776.4666666666667)],"[500, 1000]",,,00:00:00,0.530563299980713,0.0003789737857005093
Zheng DBSCAN,AdditionalLogs,gradual_drift_05,400,40.0,"[np.float64(630.0), np.float64(781.0), np.float64(845.0), np.float64(958.6666666666666), np.float64(1133.75), np.float64(1251.0), np.float64(1312.5), np.float64(1396.0)]","[500, 1000]",0.4,85.66666666666669,00:00:00,0.4695095000206493,0.00033536392858617804
Zheng DBSCAN,AdditionalLogs,gradual_drift_05,400,80.0,"[np.float64(630.0), np.float64(937.8571428571429), np.float64(1133.75), np.float64(1318.0)]","[500, 1000]",0.6666666666666666,96.07142857142856,00:00:00,0.4695095000206493,0.00033536392858617804
Zheng DBSCAN,AdditionalLogs,gradual_drift_05,400,120.0,[np.float64(566.6521739130435)],"[500, 1000]",0.6666666666666666,66.6521739130435,00:00:00,0.4695095000206493,0.00033536392858617804
Zheng DBSCAN,AdditionalLogs,gradual_drift_05,400,160.0,[np.float64(566.6521739130435)],"[500, 1000]",0.6666666666666666,66.6521739130435,00:00:00,0.4695095000206493,0.00033536392858617804
Zheng DBSCAN,AdditionalLogs,gradual_drift_05,400,200.0,[np.float64(566.6521739130435)],"[500, 1000]",0.6666666666666666,66.6521739130435,00:00:00,0.4695095000206493,0.00033536392858617804
Zheng DBSCAN,Ostovar,Atomic_ParallelMove_output_ParallelMove_5,300,30.0,[np.float64(1474.8381256656016)],"[999, 1999]",,,00:00:08,8.386001799983205,0.002796266022001736
Zheng DBSCAN,Ostovar,Atomic_ParallelMove_output_ParallelMove_5,300,60.0,[np.float64(1474.8381256656016)],"[999, 1999]",,,00:00:08,8.386001799983205,0.002796266022001736
Zheng DBSCAN,Ostovar,Atomic_ParallelMove_output_ParallelMove_5,300,90.0,[np.float64(1474.8381256656016)],"[999, 1999]",,,00:00:08,8.386001799983205,0.002796266022001736
Zheng DBSCAN,Ostovar,Atomic_ParallelMove_output_ParallelMove_5,300,120.0,[np.float64(1474.8381256656016)],"[999, 1999]",,,00:00:08,8.386001799983205,0.002796266022001736
Zheng DBSCAN,Ostovar,Atomic_ParallelMove_output_ParallelMove_5,300,150.0,[np.float64(1474.8381256656016)],"[999, 1999]",,,00:00:08,8.386001799983205,0.002796266022001736
Zheng DBSCAN,Ostovar,Atomic_Skip_output_Skip_2,500,50.0,[np.float64(1498.8360522022838)],"[999, 1999]",,,00:00:07,7.183547599997837,0.002395314304767535
Zheng DBSCAN,Ostovar,Atomic_Skip_output_Skip_2,500,100.0,[np.float64(1498.8360522022838)],"[999, 1999]",,,00:00:07,7.183547599997837,0.002395314304767535
Zheng DBSCAN,Ostovar,Atomic_Skip_output_Skip_2,500,150.0,[np.float64(1498.8360522022838)],"[999, 1999]",,,00:00:07,7.183547599997837,0.002395314304767535
Zheng DBSCAN,Ostovar,Atomic_Skip_output_Skip_2,500,200.0,[np.float64(1498.8360522022838)],"[999, 1999]",,,00:00:07,7.183547599997837,0.002395314304767535
Zheng DBSCAN,Ostovar,Atomic_Skip_output_Skip_2,500,250.0,[np.float64(1498.8360522022838)],"[999, 1999]",,,00:00:07,7.183547599997837,0.002395314304767535
Zheng DBSCAN,AdditionalLogs,gradual_drift_02,400,40.0,"[np.float64(448.96), np.float64(904.2615384615384), np.float64(1245.0), np.float64(1332.5)]","[500, 1000]",0.6666666666666666,73.3892307692308,00:00:00,0.6262396999809425,0.00044731407141495894
Zheng DBSCAN,AdditionalLogs,gradual_drift_02,400,80.0,"[np.float64(755.6354166666666), np.float64(1332.5)]","[500, 1000]",,,00:00:00,0.6262396999809425,0.00044731407141495894
Zheng DBSCAN,AdditionalLogs,gradual_drift_02,400,120.0,[np.float64(746.7524752475248)],"[500, 1000]",,,00:00:00,0.6262396999809425,0.00044731407141495894
Zheng DBSCAN,AdditionalLogs,gradual_drift_02,400,160.0,[np.float64(746.7524752475248)],"[500, 1000]",,,00:00:00,0.6262396999809425,0.00044731407141495894
Zheng DBSCAN,AdditionalLogs,gradual_drift_02,400,200.0,[np.float64(746.7524752475248)],"[500, 1000]",,,00:00:00,0.6262396999809425,0.00044731407141495894
Zheng DBSCAN,AdditionalLogs,sudden_drift_05,800,80.0,"[np.float64(1075.235294117647), np.float64(1357.0), np.float64(1497.0)]","[500, 1000]",0.4,75.23529411764707,00:00:00,0.4316177000000607,0.0002877451333333738
Zheng DBSCAN,AdditionalLogs,sudden_drift_05,800,160.0,[np.float64(1112.2631578947369)],"[500, 1000]",0.6666666666666666,112.26315789473688,00:00:00,0.4316177000000607,0.0002877451333333738
Zheng DBSCAN,AdditionalLogs,sudden_drift_05,800,240.0,[np.float64(1112.2631578947369)],"[500, 1000]",0.6666666666666666,112.26315789473688,00:00:00,0.4316177000000607,0.0002877451333333738
Zheng DBSCAN,AdditionalLogs,sudden_drift_05,800,320.0,[np.float64(1112.2631578947369)],"[500, 1000]",0.6666666666666666,112.26315789473688,00:00:00,0.4316177000000607,0.0002877451333333738
Zheng DBSCAN,AdditionalLogs,sudden_drift_05,800,400.0,[],"[500, 1000]",,,00:00:00,0.4316177000000607,0.0002877451333333738
Zheng DBSCAN,Ostovar,Nested_ORI_output_ORI,500,50.0,"[np.float64(929.0), np.float64(1934.8)]","[999, 1999]",1.0,67.10000000000002,00:00:06,6.955147800006671,0.0023191556518861855
Zheng DBSCAN,Ostovar,Nested_ORI_output_ORI,500,100.0,"[np.float64(929.0), np.float64(1934.8)]","[999, 1999]",1.0,67.10000000000002,00:00:06,6.955147800006671,0.0023191556518861855
Zheng DBSCAN,Ostovar,Nested_ORI_output_ORI,500,150.0,"[np.float64(929.0), np.float64(1934.8)]","[999, 1999]",1.0,67.10000000000002,00:00:06,6.955147800006671,0.0023191556518861855
Zheng DBSCAN,Ostovar,Nested_ORI_output_ORI,500,200.0,"[np.float64(929.0), np.float64(1934.8)]","[999, 1999]",1.0,67.10000000000002,00:00:06,6.955147800006671,0.0023191556518861855
Zheng DBSCAN,Ostovar,Nested_ORI_output_ORI,500,250.0,"[np.float64(929.0), np.float64(1934.8)]","[999, 1999]",1.0,67.10000000000002,00:00:06,6.955147800006671,0.0023191556518861855
Zheng DBSCAN,Ostovar,Composite_RIO_output_RIO,800,80.0,"[np.float64(937.1428571428571), np.float64(1939.5)]","[999, 1999]",1.0,60.678571428571445,00:00:06,6.534847600007197,0.0021790088696256077
Zheng DBSCAN,Ostovar,Composite_RIO_output_RIO,800,160.0,"[np.float64(937.1428571428571), np.float64(1939.5)]","[999, 1999]",1.0,60.678571428571445,00:00:06,6.534847600007197,0.0021790088696256077
Zheng DBSCAN,Ostovar,Composite_RIO_output_RIO,800,240.0,"[np.float64(937.1428571428571), np.float64(1939.5)]","[999, 1999]",1.0,60.678571428571445,00:00:06,6.534847600007197,0.0021790088696256077
Zheng DBSCAN,Ostovar,Composite_RIO_output_RIO,800,320.0,"[np.float64(937.1428571428571), np.float64(1939.5)]","[999, 1999]",1.0,60.678571428571445,00:00:06,6.534847600007197,0.0021790088696256077
Zheng DBSCAN,Ostovar,Composite_RIO_output_RIO,800,400.0,"[np.float64(937.1428571428571), np.float64(1939.5)]","[999, 1999]",1.0,60.678571428571445,00:00:06,6.534847600007197,0.0021790088696256077
Zheng DBSCAN,Ostovar,Atomic_Frequency_output_Frequency,800,80.0,[],"[999, 1999]",,,00:00:03,3.0826532999926712,0.0010278937312413043
Zheng DBSCAN,Ostovar,Atomic_Frequency_output_Frequency,800,160.0,[],"[999, 1999]",,,00:00:03,3.0826532999926712,0.0010278937312413043
Zheng DBSCAN,Ostovar,Atomic_Frequency_output_Frequency,800,240.0,[],"[999, 1999]",,,00:00:03,3.0826532999926712,0.0010278937312413043
Zheng DBSCAN,Ostovar,Atomic_Frequency_output_Frequency,800,320.0,[],"[999, 1999]",,,00:00:03,3.0826532999926712,0.0010278937312413043
Zheng DBSCAN,Ostovar,Atomic_Frequency_output_Frequency,800,400.0,[],"[999, 1999]",,,00:00:03,3.0826532999926712,0.0010278937312413043
Zheng DBSCAN,Ceravolo,sudden_trace_noise20_1000_cb,700,70.0,[],[499],,,00:00:00,0.2431615000241436,0.0002431615000241436
Zheng DBSCAN,Ceravolo,sudden_trace_noise20_1000_cb,700,140.0,[],[499],,,00:00:00,0.2431615000241436,0.0002431615000241436
Zheng DBSCAN,Ceravolo,sudden_trace_noise20_1000_cb,700,210.0,[],[499],,,00:00:00,0.2431615000241436,0.0002431615000241436
Zheng DBSCAN,Ceravolo,sudden_trace_noise20_1000_cb,700,280.0,[],[499],,,00:00:00,0.2431615000241436,0.0002431615000241436
Zheng DBSCAN,Ceravolo,sudden_trace_noise20_1000_cb,700,350.0,[],[499],,,00:00:00,0.2431615000241436,0.0002431615000241436
Zheng DBSCAN,Ostovar,Atomic_ParallelToSequence_output_ParallelToSequence_2,800,80.0,[np.float64(1526.2893954410308)],"[999, 1999]",,,00:00:07,7.205477399984375,0.002402626675553309
Zheng DBSCAN,Ostovar,Atomic_ParallelToSequence_output_ParallelToSequence_2,800,160.0,[np.float64(1526.2893954410308)],"[999, 1999]",,,00:00:07,7.205477399984375,0.002402626675553309
Zheng DBSCAN,Ostovar,Atomic_ParallelToSequence_output_ParallelToSequence_2,800,240.0,[np.float64(1526.2893954410308)],"[999, 1999]",,,00:00:07,7.205477399984375,0.002402626675553309
Zheng DBSCAN,Ostovar,Atomic_ParallelToSequence_output_ParallelToSequence_2,800,320.0,[np.float64(1526.2893954410308)],"[999, 1999]",,,00:00:07,7.205477399984375,0.002402626675553309
Zheng DBSCAN,Ostovar,Atomic_ParallelToSequence_output_ParallelToSequence_2,800,400.0,[np.float64(1526.2893954410308)],"[999, 1999]",,,00:00:07,7.205477399984375,0.002402626675553309
Zheng DBSCAN,Ceravolo,sudden_trace_noise15_1000_OIR,700,70.0,[],[499],,,00:00:00,0.26748849998693913,0.00026748849998693914
Zheng DBSCAN,Ceravolo,sudden_trace_noise15_1000_OIR,700,140.0,[],[499],,,00:00:00,0.26748849998693913,0.00026748849998693914
Zheng DBSCAN,Ceravolo,sudden_trace_noise15_1000_OIR,700,210.0,[],[499],,,00:00:00,0.26748849998693913,0.00026748849998693914
Zheng DBSCAN,Ceravolo,sudden_trace_noise15_1000_OIR,700,280.0,[],[499],,,00:00:00,0.26748849998693913,0.00026748849998693914
Zheng DBSCAN,Ceravolo,sudden_trace_noise15_1000_OIR,700,350.0,[],[499],,,00:00:00,0.26748849998693913,0.00026748849998693914
Zheng DBSCAN,Ceravolo,sudden_trace_noise5_1000_lp,600,60.0,[],[499],,,00:00:00,0.24792760002310388,0.0002479276000231039
Zheng DBSCAN,Ceravolo,sudden_trace_noise5_1000_lp,600,120.0,[],[499],,,00:00:00,0.24792760002310388,0.0002479276000231039
Zheng DBSCAN,Ceravolo,sudden_trace_noise5_1000_lp,600,180.0,[],[499],,,00:00:00,0.24792760002310388,0.0002479276000231039
Zheng DBSCAN,Ceravolo,sudden_trace_noise5_1000_lp,600,240.0,[],[499],,,00:00:00,0.24792760002310388,0.0002479276000231039
Zheng DBSCAN,Ceravolo,sudden_trace_noise5_1000_lp,600,300.0,[],[499],,,00:00:00,0.24792760002310388,0.0002479276000231039
Zheng DBSCAN,Ostovar,Atomic_Substitute_output_Substitute,700,70.0,"[np.float64(928.375), np.float64(1937.7142857142858)]","[999, 1999]",1.0,65.95535714285711,00:00:06,6.1838367000164,0.002061966222079493
Zheng DBSCAN,Ostovar,Atomic_Substitute_output_Substitute,700,140.0,"[np.float64(928.375), np.float64(1937.7142857142858)]","[999, 1999]",1.0,65.95535714285711,00:00:06,6.1838367000164,0.002061966222079493
Zheng DBSCAN,Ostovar,Atomic_Substitute_output_Substitute,700,210.0,"[np.float64(928.375), np.float64(1937.7142857142858)]","[999, 1999]",1.0,65.95535714285711,00:00:06,6.1838367000164,0.002061966222079493
Zheng DBSCAN,Ostovar,Atomic_Substitute_output_Substitute,700,280.0,"[np.float64(928.375), np.float64(1937.7142857142858)]","[999, 1999]",1.0,65.95535714285711,00:00:06,6.1838367000164,0.002061966222079493
Zheng DBSCAN,Ostovar,Atomic_Substitute_output_Substitute,700,350.0,"[np.float64(928.375), np.float64(1937.7142857142858)]","[999, 1999]",1.0,65.95535714285711,00:00:06,6.1838367000164,0.002061966222079493
Zheng DBSCAN,Ceravolo,sudden_trace_noise15_1000_pl,500,50.0,[],[499],,,00:00:00,0.23042290000012144,0.00023042290000012145
Zheng DBSCAN,Ceravolo,sudden_trace_noise15_1000_pl,500,100.0,[],[499],,,00:00:00,0.23042290000012144,0.00023042290000012145
Zheng DBSCAN,Ceravolo,sudden_trace_noise15_1000_pl,500,150.0,[],[499],,,00:00:00,0.23042290000012144,0.00023042290000012145
Zheng DBSCAN,Ceravolo,sudden_trace_noise15_1000_pl,500,200.0,[],[499],,,00:00:00,0.23042290000012144,0.00023042290000012145
Zheng DBSCAN,Ceravolo,sudden_trace_noise15_1000_pl,500,250.0,[],[499],,,00:00:00,0.23042290000012144,0.00023042290000012145
Zheng DBSCAN,Ostovar,Composite_ORI_output_ORI_5,300,30.0,[np.float64(1510.0014925373134)],"[999, 1999]",,,00:00:08,8.546463400009088,0.002849771057022037
Zheng DBSCAN,Ostovar,Composite_ORI_output_ORI_5,300,60.0,[np.float64(1510.0014925373134)],"[999, 1999]",,,00:00:08,8.546463400009088,0.002849771057022037
Zheng DBSCAN,Ostovar,Composite_ORI_output_ORI_5,300,90.0,[np.float64(1510.0014925373134)],"[999, 1999]",,,00:00:08,8.546463400009088,0.002849771057022037
Zheng DBSCAN,Ostovar,Composite_ORI_output_ORI_5,300,120.0,[np.float64(1510.0014925373134)],"[999, 1999]",,,00:00:08,8.546463400009088,0.002849771057022037
Zheng DBSCAN,Ostovar,Composite_ORI_output_ORI_5,300,150.0,[np.float64(1510.0014925373134)],"[999, 1999]",,,00:00:08,8.546463400009088,0.002849771057022037
Zheng DBSCAN,Ceravolo,sudden_trace_noise5_1000_re,500,50.0,[],[499],,,00:00:00,0.23083129999577068,0.00023083129999577068
Zheng DBSCAN,Ceravolo,sudden_trace_noise5_1000_re,500,100.0,[],[499],,,00:00:00,0.23083129999577068,0.00023083129999577068
Zheng DBSCAN,Ceravolo,sudden_trace_noise5_1000_re,500,150.0,[],[499],,,00:00:00,0.23083129999577068,0.00023083129999577068
Zheng DBSCAN,Ceravolo,sudden_trace_noise5_1000_re,500,200.0,[],[499],,,00:00:00,0.23083129999577068,0.00023083129999577068
Zheng DBSCAN,Ceravolo,sudden_trace_noise5_1000_re,500,250.0,[],[499],,,00:00:00,0.23083129999577068,0.00023083129999577068
Zheng DBSCAN,Ceravolo,sudden_trace_noise15_1000_cp,600,60.0,[],[499],,,00:00:00,0.2578427999978885,0.0002578427999978885
Zheng DBSCAN,Ceravolo,sudden_trace_noise15_1000_cp,600,120.0,[],[499],,,00:00:00,0.2578427999978885,0.0002578427999978885
Zheng DBSCAN,Ceravolo,sudden_trace_noise15_1000_cp,600,180.0,[],[499],,,00:00:00,0.2578427999978885,0.0002578427999978885
Zheng DBSCAN,Ceravolo,sudden_trace_noise15_1000_cp,600,240.0,[],[499],,,00:00:00,0.2578427999978885,0.0002578427999978885
Zheng DBSCAN,Ceravolo,sudden_trace_noise15_1000_cp,600,300.0,[],[499],,,00:00:00,0.2578427999978885,0.0002578427999978885
Zheng DBSCAN,Ceravolo,sudden_trace_noise5_1000_sw,500,50.0,[],[499],,,00:00:00,0.25287830000161193,0.00025287830000161193
Zheng DBSCAN,Ceravolo,sudden_trace_noise5_1000_sw,500,100.0,[],[499],,,00:00:00,0.25287830000161193,0.00025287830000161193
Zheng DBSCAN,Ceravolo,sudden_trace_noise5_1000_sw,500,150.0,[],[499],,,00:00:00,0.25287830000161193,0.00025287830000161193
Zheng DBSCAN,Ceravolo,sudden_trace_noise5_1000_sw,500,200.0,[],[499],,,00:00:00,0.25287830000161193,0.00025287830000161193
Zheng DBSCAN,Ceravolo,sudden_trace_noise5_1000_sw,500,250.0,[],[499],,,00:00:00,0.25287830000161193,0.00025287830000161193
Zheng DBSCAN,Ceravolo,sudden_trace_noise20_1000_re,600,60.0,[],[499],,,00:00:00,0.2349726999818813,0.0002349726999818813
Zheng DBSCAN,Ceravolo,sudden_trace_noise20_1000_re,600,120.0,[],[499],,,00:00:00,0.2349726999818813,0.0002349726999818813
Zheng DBSCAN,Ceravolo,sudden_trace_noise20_1000_re,600,180.0,[],[499],,,00:00:00,0.2349726999818813,0.0002349726999818813
Zheng DBSCAN,Ceravolo,sudden_trace_noise20_1000_re,600,240.0,[],[499],,,00:00:00,0.2349726999818813,0.0002349726999818813
Zheng DBSCAN,Ceravolo,sudden_trace_noise20_1000_re,600,300.0,[],[499],,,00:00:00,0.2349726999818813,0.0002349726999818813
Zheng DBSCAN,AdditionalLogs,recurring_drift_06,800,80.0,"[np.float64(939.0), np.float64(1231.0)]","[500, 1000]",0.5,61.0,00:00:00,0.9362269999983255,0.000624151333332217
Zheng DBSCAN,AdditionalLogs,recurring_drift_06,800,160.0,"[np.float64(939.0), np.float64(1231.0)]","[500, 1000]",0.5,61.0,00:00:00,0.9362269999983255,0.000624151333332217
Zheng DBSCAN,AdditionalLogs,recurring_drift_06,800,240.0,"[np.float64(939.0), np.float64(1231.0)]","[500, 1000]",0.5,61.0,00:00:00,0.9362269999983255,0.000624151333332217
Zheng DBSCAN,AdditionalLogs,recurring_drift_06,800,320.0,[np.float64(860.25)],"[500, 1000]",0.6666666666666666,139.75,00:00:00,0.9362269999983255,0.000624151333332217
Zheng DBSCAN,AdditionalLogs,recurring_drift_06,800,400.0,[np.float64(860.25)],"[500, 1000]",0.6666666666666666,139.75,00:00:00,0.9362269999983255,0.000624151333332217
Zheng DBSCAN,AdditionalLogs,recurring_drift_01,300,30.0,"[np.float64(316.0), np.float64(369.0), np.float64(424.5), np.float64(505.2857142857143), np.float64(638.6666666666666), np.float64(703.0), np.float64(838.0), np.float64(878.0), np.float64(942.0), np.float64(1011.1), np.float64(1095.6666666666667), np.float64(1269.0), np.float64(1454.0)]","[500, 1000]",0.2666666666666667,8.19285714285715,00:00:00,0.6162505999964196,0.0004108337333309464
Zheng DBSCAN,AdditionalLogs,recurring_drift_01,300,60.0,"[np.float64(441.2857142857143), np.float64(654.75), np.float64(858.0), np.float64(1024.2857142857142), np.float64(1269.0), np.float64(1454.0)]","[500, 1000]",0.5,41.49999999999997,00:00:00,0.6162505999964196,0.0004108337333309464
Zheng DBSCAN,AdditionalLogs,recurring_drift_01,300,90.0,"[np.float64(441.2857142857143), np.float64(654.75), np.float64(1003.5), np.float64(1269.0), np.float64(1454.0)]","[500, 1000]",0.5714285714285715,31.10714285714286,00:00:00,0.6162505999964196,0.0004108337333309464
Zheng DBSCAN,AdditionalLogs,recurring_drift_01,300,120.0,"[np.float64(539.8076923076923), np.float64(1003.5), np.float64(1269.0), np.float64(1454.0)]","[500, 1000]",0.6666666666666666,21.653846153846132,00:00:00,0.6162505999964196,0.0004108337333309464
Zheng DBSCAN,AdditionalLogs,recurring_drift_01,300,150.0,"[np.float64(688.75), np.float64(1269.0), np.float64(1454.0)]","[500, 1000]",0.4,188.75,00:00:00,0.6162505999964196,0.0004108337333309464
Zheng DBSCAN,Ostovar,Composite_RIO_output_RIO_5,800,80.0,[np.float64(1482.7390317700454)],"[999, 1999]",,,00:00:08,8.26363400000264,0.002755463154385675
Zheng DBSCAN,Ostovar,Composite_RIO_output_RIO_5,800,160.0,[np.float64(1482.7390317700454)],"[999, 1999]",,,00:00:08,8.26363400000264,0.002755463154385675
Zheng DBSCAN,Ostovar,Composite_RIO_output_RIO_5,800,240.0,[np.float64(1482.7390317700454)],"[999, 1999]",,,00:00:08,8.26363400000264,0.002755463154385675
Zheng DBSCAN,Ostovar,Composite_RIO_output_RIO_5,800,320.0,[np.float64(1482.7390317700454)],"[999, 1999]",,,00:00:08,8.26363400000264,0.002755463154385675
Zheng DBSCAN,Ostovar,Composite_RIO_output_RIO_5,800,400.0,[np.float64(1482.7390317700454)],"[999, 1999]",,,00:00:08,8.26363400000264,0.002755463154385675
Zheng DBSCAN,Ostovar,Atomic_ParallelRemoval_output_ParallelRemoval_5,300,30.0,[np.float64(1516.8769143505388)],"[999, 1999]",,,00:00:07,7.281029400008265,0.0024278190730270973
Zheng DBSCAN,Ostovar,Atomic_ParallelRemoval_output_ParallelRemoval_5,300,60.0,[np.float64(1516.8769143505388)],"[999, 1999]",,,00:00:07,7.281029400008265,0.0024278190730270973
Zheng DBSCAN,Ostovar,Atomic_ParallelRemoval_output_ParallelRemoval_5,300,90.0,[np.float64(1516.8769143505388)],"[999, 1999]",,,00:00:07,7.281029400008265,0.0024278190730270973
Zheng DBSCAN,Ostovar,Atomic_ParallelRemoval_output_ParallelRemoval_5,300,120.0,[np.float64(1516.8769143505388)],"[999, 1999]",,,00:00:07,7.281029400008265,0.0024278190730270973
Zheng DBSCAN,Ostovar,Atomic_ParallelRemoval_output_ParallelRemoval_5,300,150.0,[np.float64(1516.8769143505388)],"[999, 1999]",,,00:00:07,7.281029400008265,0.0024278190730270973
Zheng DBSCAN,Ostovar,Atomic_Substitute_output_Substitute_2,400,40.0,[np.float64(1519.6268768768768)],"[999, 1999]",,,00:00:07,7.860313299985137,0.0026209780926926096
Zheng DBSCAN,Ostovar,Atomic_Substitute_output_Substitute_2,400,80.0,[np.float64(1519.6268768768768)],"[999, 1999]",,,00:00:07,7.860313299985137,0.0026209780926926096
Zheng DBSCAN,Ostovar,Atomic_Substitute_output_Substitute_2,400,120.0,[np.float64(1519.6268768768768)],"[999, 1999]",,,00:00:07,7.860313299985137,0.0026209780926926096
Zheng DBSCAN,Ostovar,Atomic_Substitute_output_Substitute_2,400,160.0,[np.float64(1519.6268768768768)],"[999, 1999]",,,00:00:07,7.860313299985137,0.0026209780926926096
Zheng DBSCAN,Ostovar,Atomic_Substitute_output_Substitute_2,400,200.0,[np.float64(1519.6268768768768)],"[999, 1999]",,,00:00:07,7.860313299985137,0.0026209780926926096
Zheng DBSCAN,AdditionalLogs,recurring_drift_00,400,40.0,"[np.float64(605.1842105263158), np.float64(961.6551724137931), np.float64(1259.0), np.float64(1435.0)]","[500, 1000]",0.6666666666666666,71.76451905626135,00:00:00,0.558795499993721,0.00037253033332914736
Zheng DBSCAN,AdditionalLogs,recurring_drift_00,400,80.0,"[np.float64(759.4776119402985), np.float64(1259.0), np.float64(1435.0)]","[500, 1000]",,,00:00:00,0.558795499993721,0.00037253033332914736
Zheng DBSCAN,AdditionalLogs,recurring_drift_00,400,120.0,"[np.float64(747.8405797101449), np.float64(1259.0), np.float64(1435.0)]","[500, 1000]",,,00:00:00,0.558795499993721,0.00037253033332914736
Zheng DBSCAN,AdditionalLogs,recurring_drift_00,400,160.0,"[np.float64(747.8405797101449), np.float64(1259.0), np.float64(1435.0)]","[500, 1000]",,,00:00:00,0.558795499993721,0.00037253033332914736
Zheng DBSCAN,AdditionalLogs,recurring_drift_00,400,200.0,[np.float64(764.7183098591549)],"[500, 1000]",,,00:00:00,0.558795499993721,0.00037253033332914736
Zheng DBSCAN,AdditionalLogs,gradual_drift_03,700,70.0,"[np.float64(999.9333333333333), np.float64(1390.0)]","[500, 1000]",0.5,0.06666666666671972,00:00:00,0.4749996999744326,0.0003392854999817376
Zheng DBSCAN,AdditionalLogs,gradual_drift_03,700,140.0,"[np.float64(999.9333333333333), np.float64(1390.0)]","[500, 1000]",0.5,0.06666666666671972,00:00:00,0.4749996999744326,0.0003392854999817376
Zheng DBSCAN,AdditionalLogs,gradual_drift_03,700,210.0,[np.float64(775.6071428571429)],"[500, 1000]",,,00:00:00,0.4749996999744326,0.0003392854999817376
Zheng DBSCAN,AdditionalLogs,gradual_drift_03,700,280.0,[np.float64(775.6071428571429)],"[500, 1000]",,,00:00:00,0.4749996999744326,0.0003392854999817376
Zheng DBSCAN,AdditionalLogs,gradual_drift_03,700,350.0,[np.float64(775.6071428571429)],"[500, 1000]",,,00:00:00,0.4749996999744326,0.0003392854999817376
Zheng DBSCAN,Ostovar,Atomic_ParallelToSequence_output_ParallelToSequence,500,50.0,"[np.float64(940.5), np.float64(1941.909090909091)]","[999, 1999]",1.0,57.795454545454504,00:00:06,6.229541499982588,0.002077206235405998
Zheng DBSCAN,Ostovar,Atomic_ParallelToSequence_output_ParallelToSequence,500,100.0,"[np.float64(940.5), np.float64(1941.909090909091)]","[999, 1999]",1.0,57.795454545454504,00:00:06,6.229541499982588,0.002077206235405998
Zheng DBSCAN,Ostovar,Atomic_ParallelToSequence_output_ParallelToSequence,500,150.0,"[np.float64(940.5), np.float64(1941.909090909091)]","[999, 1999]",1.0,57.795454545454504,00:00:06,6.229541499982588,0.002077206235405998
Zheng DBSCAN,Ostovar,Atomic_ParallelToSequence_output_ParallelToSequence,500,200.0,"[np.float64(940.5), np.float64(1941.909090909091)]","[999, 1999]",1.0,57.795454545454504,00:00:06,6.229541499982588,0.002077206235405998
Zheng DBSCAN,Ostovar,Atomic_ParallelToSequence_output_ParallelToSequence,500,250.0,"[np.float64(940.5), np.float64(1941.909090909091)]","[999, 1999]",1.0,57.795454545454504,00:00:06,6.229541499982588,0.002077206235405998
Zheng DBSCAN,Ostovar,Nested_RIO_output_RIO_2,500,50.0,[np.float64(1513.3272599859845)],"[999, 1999]",,,00:00:09,9.430463199998485,0.0031445359119701517
Zheng DBSCAN,Ostovar,Nested_RIO_output_RIO_2,500,100.0,[np.float64(1513.3272599859845)],"[999, 1999]",,,00:00:09,9.430463199998485,0.0031445359119701517
Zheng DBSCAN,Ostovar,Nested_RIO_output_RIO_2,500,150.0,[np.float64(1513.3272599859845)],"[999, 1999]",,,00:00:09,9.430463199998485,0.0031445359119701517
Zheng DBSCAN,Ostovar,Nested_RIO_output_RIO_2,500,200.0,[np.float64(1513.3272599859845)],"[999, 1999]",,,00:00:09,9.430463199998485,0.0031445359119701517
Zheng DBSCAN,Ostovar,Nested_RIO_output_RIO_2,500,250.0,[np.float64(1513.3272599859845)],"[999, 1999]",,,00:00:09,9.430463199998485,0.0031445359119701517
Zheng DBSCAN,AdditionalLogs,gradual_drift_08,700,70.0,"[np.float64(956.9444444444445), np.float64(1143.0), np.float64(1239.0), np.float64(1348.0)]","[500, 1000]",0.3333333333333333,43.05555555555554,00:00:00,0.8115361999953166,0.000579668714282369
Zheng DBSCAN,AdditionalLogs,gradual_drift_08,700,140.0,[],"[500, 1000]",,,00:00:00,0.8115361999953166,0.000579668714282369
Zheng DBSCAN,AdditionalLogs,gradual_drift_08,700,210.0,[],"[500, 1000]",,,00:00:00,0.8115361999953166,0.000579668714282369
Zheng DBSCAN,AdditionalLogs,gradual_drift_08,700,280.0,[],"[500, 1000]",,,00:00:00,0.8115361999953166,0.000579668714282369
Zheng DBSCAN,AdditionalLogs,gradual_drift_08,700,350.0,[],"[500, 1000]",,,00:00:00,0.8115361999953166,0.000579668714282369
Zheng DBSCAN,Ostovar,Atomic_ConditionalMove_output_ConditionalMove,700,70.0,"[np.float64(941.4285714285714), np.float64(1934.7777777777778)]","[999, 1999]",1.0,60.89682539682536,00:00:06,6.87135760000092,0.002291216272091004
Zheng DBSCAN,Ostovar,Atomic_ConditionalMove_output_ConditionalMove,700,140.0,"[np.float64(941.4285714285714), np.float64(1934.7777777777778)]","[999, 1999]",1.0,60.89682539682536,00:00:06,6.87135760000092,0.002291216272091004
Zheng DBSCAN,Ostovar,Atomic_ConditionalMove_output_ConditionalMove,700,210.0,"[np.float64(941.4285714285714), np.float64(1934.7777777777778)]","[999, 1999]",1.0,60.89682539682536,00:00:06,6.87135760000092,0.002291216272091004
Zheng DBSCAN,Ostovar,Atomic_ConditionalMove_output_ConditionalMove,700,280.0,"[np.float64(941.4285714285714), np.float64(1934.7777777777778)]","[999, 1999]",1.0,60.89682539682536,00:00:06,6.87135760000092,0.002291216272091004
Zheng DBSCAN,Ostovar,Atomic_ConditionalMove_output_ConditionalMove,700,350.0,"[np.float64(941.4285714285714), np.float64(1934.7777777777778)]","[999, 1999]",1.0,60.89682539682536,00:00:06,6.87135760000092,0.002291216272091004
Zheng DBSCAN,Ceravolo,sudden_trace_noise15_1000_cp,300,30.0,[np.float64(449.0)],[499],1.0,50.0,00:00:00,0.23909220000496134,0.00023909220000496134
Zheng DBSCAN,Ceravolo,sudden_trace_noise15_1000_cp,300,60.0,[np.float64(449.0)],[499],1.0,50.0,00:00:00,0.23909220000496134,0.00023909220000496134
Zheng DBSCAN,Ceravolo,sudden_trace_noise15_1000_cp,300,90.0,[np.float64(449.0)],[499],1.0,50.0,00:00:00,0.23909220000496134,0.00023909220000496134
Zheng DBSCAN,Ceravolo,sudden_trace_noise15_1000_cp,300,120.0,[np.float64(449.0)],[499],1.0,50.0,00:00:00,0.23909220000496134,0.00023909220000496134
Zheng DBSCAN,Ceravolo,sudden_trace_noise15_1000_cp,300,150.0,[np.float64(449.0)],[499],1.0,50.0,00:00:00,0.23909220000496134,0.00023909220000496134
Zheng DBSCAN,Ceravolo,sudden_trace_noise0_1000_RIO,300,30.0,[np.float64(447.0)],[499],1.0,52.0,00:00:00,0.24740849999943748,0.0002474084999994375
Zheng DBSCAN,Ceravolo,sudden_trace_noise0_1000_RIO,300,60.0,[np.float64(447.0)],[499],1.0,52.0,00:00:00,0.24740849999943748,0.0002474084999994375
Zheng DBSCAN,Ceravolo,sudden_trace_noise0_1000_RIO,300,90.0,[np.float64(447.0)],[499],1.0,52.0,00:00:00,0.24740849999943748,0.0002474084999994375
Zheng DBSCAN,Ceravolo,sudden_trace_noise0_1000_RIO,300,120.0,[np.float64(447.0)],[499],1.0,52.0,00:00:00,0.24740849999943748,0.0002474084999994375
Zheng DBSCAN,Ceravolo,sudden_trace_noise0_1000_RIO,300,150.0,[np.float64(447.0)],[499],1.0,52.0,00:00:00,0.24740849999943748,0.0002474084999994375
Zheng DBSCAN,Ostovar,Atomic_SerialRemoval_output_SerialRemoval,500,50.0,"[np.float64(938.25), np.float64(1935.5)]","[999, 1999]",1.0,62.125,00:00:05,5.735745499987388,0.0019125526842238706
Zheng DBSCAN,Ostovar,Atomic_SerialRemoval_output_SerialRemoval,500,100.0,"[np.float64(938.25), np.float64(1935.5)]","[999, 1999]",1.0,62.125,00:00:05,5.735745499987388,0.0019125526842238706
Zheng DBSCAN,Ostovar,Atomic_SerialRemoval_output_SerialRemoval,500,150.0,"[np.float64(938.25), np.float64(1935.5)]","[999, 1999]",1.0,62.125,00:00:05,5.735745499987388,0.0019125526842238706
Zheng DBSCAN,Ostovar,Atomic_SerialRemoval_output_SerialRemoval,500,200.0,"[np.float64(938.25), np.float64(1935.5)]","[999, 1999]",1.0,62.125,00:00:05,5.735745499987388,0.0019125526842238706
Zheng DBSCAN,Ostovar,Atomic_SerialRemoval_output_SerialRemoval,500,250.0,"[np.float64(938.25), np.float64(1935.5)]","[999, 1999]",1.0,62.125,00:00:05,5.735745499987388,0.0019125526842238706
Zheng DBSCAN,Ostovar,Nested_IRO_output_IRO_5,700,70.0,[np.float64(1501.8606507059546)],"[999, 1999]",,,00:00:10,10.728943699999945,0.0035775070690229893
Zheng DBSCAN,Ostovar,Nested_IRO_output_IRO_5,700,140.0,[np.float64(1501.8606507059546)],"[999, 1999]",,,00:00:10,10.728943699999945,0.0035775070690229893
Zheng DBSCAN,Ostovar,Nested_IRO_output_IRO_5,700,210.0,[np.float64(1501.8606507059546)],"[999, 1999]",,,00:00:10,10.728943699999945,0.0035775070690229893
Zheng DBSCAN,Ostovar,Nested_IRO_output_IRO_5,700,280.0,[np.float64(1501.8606507059546)],"[999, 1999]",,,00:00:10,10.728943699999945,0.0035775070690229893
Zheng DBSCAN,Ostovar,Nested_IRO_output_IRO_5,700,350.0,[np.float64(1501.8606507059546)],"[999, 1999]",,,00:00:10,10.728943699999945,0.0035775070690229893
Zheng DBSCAN,Ceravolo,sudden_trace_noise20_1000_pm,400,40.0,[np.float64(449.0)],[499],1.0,50.0,00:00:00,0.23594800001592375,0.00023594800001592374
Zheng DBSCAN,Ceravolo,sudden_trace_noise20_1000_pm,400,80.0,[np.float64(449.0)],[499],1.0,50.0,00:00:00,0.23594800001592375,0.00023594800001592374
Zheng DBSCAN,Ceravolo,sudden_trace_noise20_1000_pm,400,120.0,[np.float64(449.0)],[499],1.0,50.0,00:00:00,0.23594800001592375,0.00023594800001592374
Zheng DBSCAN,Ceravolo,sudden_trace_noise20_1000_pm,400,160.0,[np.float64(449.0)],[499],1.0,50.0,00:00:00,0.23594800001592375,0.00023594800001592374
Zheng DBSCAN,Ceravolo,sudden_trace_noise20_1000_pm,400,200.0,[np.float64(449.0)],[499],1.0,50.0,00:00:00,0.23594800001592375,0.00023594800001592374
Zheng DBSCAN,AdditionalLogs,sudden_drift_05,500,50.0,"[np.float64(508.9), np.float64(721.0), np.float64(805.0), np.float64(882.0), np.float64(1051.7037037037037), np.float64(1371.0), np.float64(1497.0)]","[500, 1000]",0.4444444444444445,30.301851851851836,00:00:00,0.41957019999972545,0.0002797134666664836
Zheng DBSCAN,AdditionalLogs,sudden_drift_05,500,100.0,"[np.float64(815.8461538461538), np.float64(1371.0), np.float64(1497.0)]","[500, 1000]",0.4,184.1538461538462,00:00:00,0.41957019999972545,0.0002797134666664836
Zheng DBSCAN,AdditionalLogs,sudden_drift_05,500,150.0,[np.float64(734.8030303030303)],"[500, 1000]",,,00:00:00,0.41957019999972545,0.0002797134666664836
Zheng DBSCAN,AdditionalLogs,sudden_drift_05,500,200.0,[np.float64(734.8030303030303)],"[500, 1000]",,,00:00:00,0.41957019999972545,0.0002797134666664836
Zheng DBSCAN,AdditionalLogs,sudden_drift_05,500,250.0,[np.float64(734.8030303030303)],"[500, 1000]",,,00:00:00,0.41957019999972545,0.0002797134666664836
Zheng DBSCAN,Ceravolo,sudden_trace_noise20_1000_sw,500,50.0,[],[499],,,00:00:00,0.26276599999982864,0.00026276599999982864
Zheng DBSCAN,Ceravolo,sudden_trace_noise20_1000_sw,500,100.0,[],[499],,,00:00:00,0.26276599999982864,0.00026276599999982864
Zheng DBSCAN,Ceravolo,sudden_trace_noise20_1000_sw,500,150.0,[],[499],,,00:00:00,0.26276599999982864,0.00026276599999982864
Zheng DBSCAN,Ceravolo,sudden_trace_noise20_1000_sw,500,200.0,[],[499],,,00:00:00,0.26276599999982864,0.00026276599999982864
Zheng DBSCAN,Ceravolo,sudden_trace_noise20_1000_sw,500,250.0,[],[499],,,00:00:00,0.26276599999982864,0.00026276599999982864
Zheng DBSCAN,AdditionalLogs,sudden_drift_09,800,80.0,"[np.float64(1034.0), np.float64(1216.5)]","[500, 1000]",0.5,34.0,00:00:00,0.46395699999993667,0.00030930466666662446
Zheng DBSCAN,AdditionalLogs,sudden_drift_09,800,160.0,[np.float64(1060.0714285714287)],"[500, 1000]",0.6666666666666666,60.07142857142867,00:00:00,0.46395699999993667,0.00030930466666662446
Zheng DBSCAN,AdditionalLogs,sudden_drift_09,800,240.0,[np.float64(1060.0714285714287)],"[500, 1000]",0.6666666666666666,60.07142857142867,00:00:00,0.46395699999993667,0.00030930466666662446
Zheng DBSCAN,AdditionalLogs,sudden_drift_09,800,320.0,[np.float64(1060.0714285714287)],"[500, 1000]",0.6666666666666666,60.07142857142867,00:00:00,0.46395699999993667,0.00030930466666662446
Zheng DBSCAN,AdditionalLogs,sudden_drift_09,800,400.0,[np.float64(1060.0714285714287)],"[500, 1000]",0.6666666666666666,60.07142857142867,00:00:00,0.46395699999993667,0.00030930466666662446
Zheng DBSCAN,AdditionalLogs,recurring_drift_04,300,30.0,"[np.float64(335.7142857142857), np.float64(516.2888888888889), np.float64(647.4285714285714), np.float64(942.6078431372549), np.float64(1108.8333333333333), np.float64(1165.0), np.float64(1277.0), np.float64(1373.0), np.float64(1475.0)]","[500, 1000]",0.3636363636363636,36.84052287581699,00:00:00,0.6700825000007171,0.00044672166666714474
Zheng DBSCAN,AdditionalLogs,recurring_drift_04,300,60.0,"[np.float64(712.2063492063492), np.float64(1277.0), np.float64(1373.0), np.float64(1475.0)]","[500, 1000]",,,00:00:00,0.6700825000007171,0.00044672166666714474
Zheng DBSCAN,AdditionalLogs,recurring_drift_04,300,90.0,"[np.float64(707.7007874015748), np.float64(1277.0), np.float64(1373.0), np.float64(1475.0)]","[500, 1000]",,,00:00:00,0.6700825000007171,0.00044672166666714474
Zheng DBSCAN,AdditionalLogs,recurring_drift_04,300,120.0,[np.float64(723.1)],"[500, 1000]",,,00:00:00,0.6700825000007171,0.00044672166666714474
Zheng DBSCAN,AdditionalLogs,recurring_drift_04,300,150.0,[np.float64(712.2424242424242)],"[500, 1000]",,,00:00:00,0.6700825000007171,0.00044672166666714474
Zheng DBSCAN,Ostovar,Atomic_SerialMove_output_SerialMove,800,80.0,"[np.float64(933.5), np.float64(1939.375)]","[999, 1999]",1.0,62.5625,00:00:06,6.548567200021353,0.0021835835945386304
Zheng DBSCAN,Ostovar,Atomic_SerialMove_output_SerialMove,800,160.0,"[np.float64(933.5), np.float64(1939.375)]","[999, 1999]",1.0,62.5625,00:00:06,6.548567200021353,0.0021835835945386304
Zheng DBSCAN,Ostovar,Atomic_SerialMove_output_SerialMove,800,240.0,"[np.float64(933.5), np.float64(1939.375)]","[999, 1999]",1.0,62.5625,00:00:06,6.548567200021353,0.0021835835945386304
Zheng DBSCAN,Ostovar,Atomic_SerialMove_output_SerialMove,800,320.0,"[np.float64(933.5), np.float64(1939.375)]","[999, 1999]",1.0,62.5625,00:00:06,6.548567200021353,0.0021835835945386304
Zheng DBSCAN,Ostovar,Atomic_SerialMove_output_SerialMove,800,400.0,"[np.float64(933.5), np.float64(1939.375)]","[999, 1999]",1.0,62.5625,00:00:06,6.548567200021353,0.0021835835945386304
Zheng DBSCAN,Ostovar,Atomic_Substitute_output_Substitute,400,40.0,"[np.float64(928.375), np.float64(1937.7142857142858)]","[999, 1999]",1.0,65.95535714285711,00:00:06,6.223965900018811,0.0020753470823670593
Zheng DBSCAN,Ostovar,Atomic_Substitute_output_Substitute,400,80.0,"[np.float64(928.375), np.float64(1937.7142857142858)]","[999, 1999]",1.0,65.95535714285711,00:00:06,6.223965900018811,0.0020753470823670593
Zheng DBSCAN,Ostovar,Atomic_Substitute_output_Substitute,400,120.0,"[np.float64(928.375), np.float64(1937.7142857142858)]","[999, 1999]",1.0,65.95535714285711,00:00:06,6.223965900018811,0.0020753470823670593
Zheng DBSCAN,Ostovar,Atomic_Substitute_output_Substitute,400,160.0,"[np.float64(928.375), np.float64(1937.7142857142858)]","[999, 1999]",1.0,65.95535714285711,00:00:06,6.223965900018811,0.0020753470823670593
Zheng DBSCAN,Ostovar,Atomic_Substitute_output_Substitute,400,200.0,"[np.float64(928.375), np.float64(1937.7142857142858)]","[999, 1999]",1.0,65.95535714285711,00:00:06,6.223965900018811,0.0020753470823670593
Zheng DBSCAN,AdditionalLogs,gradual_drift_06,800,80.0,"[np.float64(970.0), np.float64(1170.5), np.float64(1392.0)]","[500, 1000]",0.4,30.0,00:00:00,0.9389120000123512,0.0006706514285802509
Zheng DBSCAN,AdditionalLogs,gradual_drift_06,800,160.0,"[np.float64(992.2777777777778), np.float64(1392.0)]","[500, 1000]",0.5,7.722222222222172,00:00:00,0.9389120000123512,0.0006706514285802509
Zheng DBSCAN,AdditionalLogs,gradual_drift_06,800,240.0,[np.float64(1013.3157894736842)],"[500, 1000]",0.6666666666666666,13.315789473684163,00:00:00,0.9389120000123512,0.0006706514285802509
Zheng DBSCAN,AdditionalLogs,gradual_drift_06,800,320.0,[np.float64(1013.3157894736842)],"[500, 1000]",0.6666666666666666,13.315789473684163,00:00:00,0.9389120000123512,0.0006706514285802509
Zheng DBSCAN,AdditionalLogs,gradual_drift_06,800,400.0,[np.float64(853.9230769230769)],"[500, 1000]",0.6666666666666666,146.0769230769231,00:00:00,0.9389120000123512,0.0006706514285802509
Zheng DBSCAN,Ceravolo,sudden_trace_noise5_1000_rp,300,30.0,[np.float64(449.0)],[499],1.0,50.0,00:00:00,0.29917509999359027,0.0002991750999935903
Zheng DBSCAN,Ceravolo,sudden_trace_noise5_1000_rp,300,60.0,[np.float64(449.0)],[499],1.0,50.0,00:00:00,0.29917509999359027,0.0002991750999935903
Zheng DBSCAN,Ceravolo,sudden_trace_noise5_1000_rp,300,90.0,[np.float64(449.0)],[499],1.0,50.0,00:00:00,0.29917509999359027,0.0002991750999935903
Zheng DBSCAN,Ceravolo,sudden_trace_noise5_1000_rp,300,120.0,[np.float64(449.0)],[499],1.0,50.0,00:00:00,0.29917509999359027,0.0002991750999935903
Zheng DBSCAN,Ceravolo,sudden_trace_noise5_1000_rp,300,150.0,[np.float64(449.0)],[499],1.0,50.0,00:00:00,0.29917509999359027,0.0002991750999935903
Zheng DBSCAN,AdditionalLogs,sudden_drift_02,500,50.0,"[np.float64(561.2962962962963), np.float64(777.0), np.float64(1005.3333333333334), np.float64(1212.0), np.float64(1377.0), np.float64(1474.0)]","[500, 1000]",0.5,33.31481481481484,00:00:00,0.7874868000217248,0.0005249912000144832
Zheng DBSCAN,AdditionalLogs,sudden_drift_02,500,100.0,"[np.float64(839.6571428571428), np.float64(1425.5)]","[500, 1000]",0.5,160.34285714285716,00:00:00,0.7874868000217248,0.0005249912000144832
Zheng DBSCAN,AdditionalLogs,sudden_drift_02,500,150.0,[np.float64(871.3243243243244)],"[500, 1000]",0.6666666666666666,128.67567567567562,00:00:00,0.7874868000217248,0.0005249912000144832
Zheng DBSCAN,AdditionalLogs,sudden_drift_02,500,200.0,[np.float64(845.7272727272727)],"[500, 1000]",0.6666666666666666,154.27272727272725,00:00:00,0.7874868000217248,0.0005249912000144832
Zheng DBSCAN,AdditionalLogs,sudden_drift_02,500,250.0,[np.float64(845.7272727272727)],"[500, 1000]",0.6666666666666666,154.27272727272725,00:00:00,0.7874868000217248,0.0005249912000144832
Zheng DBSCAN,Ostovar,Nested_OIR_output_OIR_2,500,50.0,[np.float64(1481.2676727561557)],"[999, 1999]",,,00:00:09,9.023592799989274,0.0030088672224038928
Zheng DBSCAN,Ostovar,Nested_OIR_output_OIR_2,500,100.0,[np.float64(1481.2676727561557)],"[999, 1999]",,,00:00:09,9.023592799989274,0.0030088672224038928
Zheng DBSCAN,Ostovar,Nested_OIR_output_OIR_2,500,150.0,[np.float64(1481.2676727561557)],"[999, 1999]",,,00:00:09,9.023592799989274,0.0030088672224038928
Zheng DBSCAN,Ostovar,Nested_OIR_output_OIR_2,500,200.0,[np.float64(1481.2676727561557)],"[999, 1999]",,,00:00:09,9.023592799989274,0.0030088672224038928
Zheng DBSCAN,Ostovar,Nested_OIR_output_OIR_2,500,250.0,[np.float64(1481.2676727561557)],"[999, 1999]",,,00:00:09,9.023592799989274,0.0030088672224038928
Zheng DBSCAN,Ostovar,Nested_OIR_output_OIR,700,70.0,"[np.float64(935.5), np.float64(1935.25)]","[999, 1999]",1.0,63.625,00:00:07,7.243631299992558,0.0024153488829585052
Zheng DBSCAN,Ostovar,Nested_OIR_output_OIR,700,140.0,"[np.float64(935.5), np.float64(1935.25)]","[999, 1999]",1.0,63.625,00:00:07,7.243631299992558,0.0024153488829585052
Zheng DBSCAN,Ostovar,Nested_OIR_output_OIR,700,210.0,"[np.float64(935.5), np.float64(1935.25)]","[999, 1999]",1.0,63.625,00:00:07,7.243631299992558,0.0024153488829585052
Zheng DBSCAN,Ostovar,Nested_OIR_output_OIR,700,280.0,"[np.float64(935.5), np.float64(1935.25)]","[999, 1999]",1.0,63.625,00:00:07,7.243631299992558,0.0024153488829585052
Zheng DBSCAN,Ostovar,Nested_OIR_output_OIR,700,350.0,"[np.float64(935.5), np.float64(1935.25)]","[999, 1999]",1.0,63.625,00:00:07,7.243631299992558,0.0024153488829585052
Zheng DBSCAN,AdditionalLogs,gradual_drift_00,600,60.0,"[np.float64(699.0), np.float64(938.6), np.float64(1206.0)]","[500, 1000]",0.8,130.2,00:00:00,0.5104157000023406,0.0003645826428588147
Zheng DBSCAN,AdditionalLogs,gradual_drift_00,600,120.0,"[np.float64(699.0), np.float64(938.6), np.float64(1206.0)]","[500, 1000]",0.8,130.2,00:00:00,0.5104157000023406,0.0003645826428588147
Zheng DBSCAN,AdditionalLogs,gradual_drift_00,600,180.0,"[np.float64(699.0), np.float64(938.6), np.float64(1206.0)]","[500, 1000]",0.8,130.2,00:00:00,0.5104157000023406,0.0003645826428588147
Zheng DBSCAN,AdditionalLogs,gradual_drift_00,600,240.0,[np.float64(798.8)],"[500, 1000]",,,00:00:00,0.5104157000023406,0.0003645826428588147
Zheng DBSCAN,AdditionalLogs,gradual_drift_00,600,300.0,[np.float64(798.8)],"[500, 1000]",,,00:00:00,0.5104157000023406,0.0003645826428588147
Zheng DBSCAN,Ostovar,Composite_RIO_output_RIO_5,400,40.0,[np.float64(1485.0388856645386)],"[999, 1999]",,,00:00:08,8.684421699988889,0.0028957724908265717
Zheng DBSCAN,Ostovar,Composite_RIO_output_RIO_5,400,80.0,[np.float64(1485.0388856645386)],"[999, 1999]",,,00:00:08,8.684421699988889,0.0028957724908265717
Zheng DBSCAN,Ostovar,Composite_RIO_output_RIO_5,400,120.0,[np.float64(1485.0388856645386)],"[999, 1999]",,,00:00:08,8.684421699988889,0.0028957724908265717
Zheng DBSCAN,Ostovar,Composite_RIO_output_RIO_5,400,160.0,[np.float64(1485.0388856645386)],"[999, 1999]",,,00:00:08,8.684421699988889,0.0028957724908265717
Zheng DBSCAN,Ostovar,Composite_RIO_output_RIO_5,400,200.0,[np.float64(1485.0388856645386)],"[999, 1999]",,,00:00:08,8.684421699988889,0.0028957724908265717
Zheng DBSCAN,Ceravolo,sudden_trace_noise0_1000_pm,600,60.0,[],[499],,,00:00:00,0.28384509999887086,0.00028384509999887085
Zheng DBSCAN,Ceravolo,sudden_trace_noise0_1000_pm,600,120.0,[],[499],,,00:00:00,0.28384509999887086,0.00028384509999887085
Zheng DBSCAN,Ceravolo,sudden_trace_noise0_1000_pm,600,180.0,[],[499],,,00:00:00,0.28384509999887086,0.00028384509999887085
Zheng DBSCAN,Ceravolo,sudden_trace_noise0_1000_pm,600,240.0,[],[499],,,00:00:00,0.28384509999887086,0.00028384509999887085
Zheng DBSCAN,Ceravolo,sudden_trace_noise0_1000_pm,600,300.0,[],[499],,,00:00:00,0.28384509999887086,0.00028384509999887085
Zheng DBSCAN,AdditionalLogs,recurring_drift_01,800,80.0,[np.float64(1261.0)],"[500, 1000]",,,00:00:00,0.5708642000099644,0.00038057613333997625
Zheng DBSCAN,AdditionalLogs,recurring_drift_01,800,160.0,[np.float64(1261.0)],"[500, 1000]",,,00:00:00,0.5708642000099644,0.00038057613333997625
Zheng DBSCAN,AdditionalLogs,recurring_drift_01,800,240.0,[np.float64(1261.0)],"[500, 1000]",,,00:00:00,0.5708642000099644,0.00038057613333997625
Zheng DBSCAN,AdditionalLogs,recurring_drift_01,800,320.0,[np.float64(1261.0)],"[500, 1000]",,,00:00:00,0.5708642000099644,0.00038057613333997625
Zheng DBSCAN,AdditionalLogs,recurring_drift_01,800,400.0,[np.float64(1261.0)],"[500, 1000]",,,00:00:00,0.5708642000099644,0.00038057613333997625
Zheng DBSCAN,Ceravolo,sudden_trace_noise15_1000_sw,300,30.0,[np.float64(451.3333333333333)],[499],1.0,47.666666666666686,00:00:00,0.24964229998295195,0.00024964229998295195
Zheng DBSCAN,Ceravolo,sudden_trace_noise15_1000_sw,300,60.0,[np.float64(451.3333333333333)],[499],1.0,47.666666666666686,00:00:00,0.24964229998295195,0.00024964229998295195
Zheng DBSCAN,Ceravolo,sudden_trace_noise15_1000_sw,300,90.0,[np.float64(451.3333333333333)],[499],1.0,47.666666666666686,00:00:00,0.24964229998295195,0.00024964229998295195
Zheng DBSCAN,Ceravolo,sudden_trace_noise15_1000_sw,300,120.0,[np.float64(451.3333333333333)],[499],1.0,47.666666666666686,00:00:00,0.24964229998295195,0.00024964229998295195
Zheng DBSCAN,Ceravolo,sudden_trace_noise15_1000_sw,300,150.0,[np.float64(451.3333333333333)],[499],1.0,47.666666666666686,00:00:00,0.24964229998295195,0.00024964229998295195
Zheng DBSCAN,Ostovar,Atomic_SerialMove_output_SerialMove,600,60.0,"[np.float64(933.5), np.float64(1939.375)]","[999, 1999]",1.0,62.5625,00:00:07,7.3029299000045285,0.002435121673892807
Zheng DBSCAN,Ostovar,Atomic_SerialMove_output_SerialMove,600,120.0,"[np.float64(933.5), np.float64(1939.375)]","[999, 1999]",1.0,62.5625,00:00:07,7.3029299000045285,0.002435121673892807
Zheng DBSCAN,Ostovar,Atomic_SerialMove_output_SerialMove,600,180.0,"[np.float64(933.5), np.float64(1939.375)]","[999, 1999]",1.0,62.5625,00:00:07,7.3029299000045285,0.002435121673892807
Zheng DBSCAN,Ostovar,Atomic_SerialMove_output_SerialMove,600,240.0,"[np.float64(933.5), np.float64(1939.375)]","[999, 1999]",1.0,62.5625,00:00:07,7.3029299000045285,0.002435121673892807
Zheng DBSCAN,Ostovar,Atomic_SerialMove_output_SerialMove,600,300.0,"[np.float64(933.5), np.float64(1939.375)]","[999, 1999]",1.0,62.5625,00:00:07,7.3029299000045285,0.002435121673892807
Zheng DBSCAN,Ostovar,Atomic_Loop_output_Loop_2,300,30.0,[np.float64(1475.7805575411007)],"[999, 1999]",,,00:00:07,7.116284799994901,0.0023728858952967325
Zheng DBSCAN,Ostovar,Atomic_Loop_output_Loop_2,300,60.0,[np.float64(1475.7805575411007)],"[999, 1999]",,,00:00:07,7.116284799994901,0.0023728858952967325
Zheng DBSCAN,Ostovar,Atomic_Loop_output_Loop_2,300,90.0,[np.float64(1475.7805575411007)],"[999, 1999]",,,00:00:07,7.116284799994901,0.0023728858952967325
Zheng DBSCAN,Ostovar,Atomic_Loop_output_Loop_2,300,120.0,[np.float64(1475.7805575411007)],"[999, 1999]",,,00:00:07,7.116284799994901,0.0023728858952967325
Zheng DBSCAN,Ostovar,Atomic_Loop_output_Loop_2,300,150.0,[np.float64(1475.7805575411007)],"[999, 1999]",,,00:00:07,7.116284799994901,0.0023728858952967325
Zheng DBSCAN,Ceravolo,sudden_trace_noise5_1000_IRO,400,40.0,[np.float64(448.6666666666667)],[499],1.0,50.333333333333314,00:00:00,0.277317200001562,0.00027731720000156204
Zheng DBSCAN,Ceravolo,sudden_trace_noise5_1000_IRO,400,80.0,[np.float64(448.6666666666667)],[499],1.0,50.333333333333314,00:00:00,0.277317200001562,0.00027731720000156204
Zheng DBSCAN,Ceravolo,sudden_trace_noise5_1000_IRO,400,120.0,[np.float64(448.6666666666667)],[499],1.0,50.333333333333314,00:00:00,0.277317200001562,0.00027731720000156204
Zheng DBSCAN,Ceravolo,sudden_trace_noise5_1000_IRO,400,160.0,[np.float64(448.6666666666667)],[499],1.0,50.333333333333314,00:00:00,0.277317200001562,0.00027731720000156204
Zheng DBSCAN,Ceravolo,sudden_trace_noise5_1000_IRO,400,200.0,[np.float64(448.6666666666667)],[499],1.0,50.333333333333314,00:00:00,0.277317200001562,0.00027731720000156204
Zheng DBSCAN,Ceravolo,sudden_trace_noise20_1000_IOR,600,60.0,[],[499],,,00:00:00,0.2431984000140801,0.0002431984000140801
Zheng DBSCAN,Ceravolo,sudden_trace_noise20_1000_IOR,600,120.0,[],[499],,,00:00:00,0.2431984000140801,0.0002431984000140801
Zheng DBSCAN,Ceravolo,sudden_trace_noise20_1000_IOR,600,180.0,[],[499],,,00:00:00,0.2431984000140801,0.0002431984000140801
Zheng DBSCAN,Ceravolo,sudden_trace_noise20_1000_IOR,600,240.0,[],[499],,,00:00:00,0.2431984000140801,0.0002431984000140801
Zheng DBSCAN,Ceravolo,sudden_trace_noise20_1000_IOR,600,300.0,[],[499],,,00:00:00,0.2431984000140801,0.0002431984000140801
Zheng DBSCAN,Ceravolo,sudden_trace_noise10_1000_rp,500,50.0,[],[499],,,00:00:00,0.3100343999976758,0.0003100343999976758
Zheng DBSCAN,Ceravolo,sudden_trace_noise10_1000_rp,500,100.0,[],[499],,,00:00:00,0.3100343999976758,0.0003100343999976758
Zheng DBSCAN,Ceravolo,sudden_trace_noise10_1000_rp,500,150.0,[],[499],,,00:00:00,0.3100343999976758,0.0003100343999976758
Zheng DBSCAN,Ceravolo,sudden_trace_noise10_1000_rp,500,200.0,[],[499],,,00:00:00,0.3100343999976758,0.0003100343999976758
Zheng DBSCAN,Ceravolo,sudden_trace_noise10_1000_rp,500,250.0,[],[499],,,00:00:00,0.3100343999976758,0.0003100343999976758
Zheng DBSCAN,Ceravolo,sudden_trace_noise20_1000_IRO,600,60.0,[],[499],,,00:00:00,0.29235619999235496,0.00029235619999235494
Zheng DBSCAN,Ceravolo,sudden_trace_noise20_1000_IRO,600,120.0,[],[499],,,00:00:00,0.29235619999235496,0.00029235619999235494
Zheng DBSCAN,Ceravolo,sudden_trace_noise20_1000_IRO,600,180.0,[],[499],,,00:00:00,0.29235619999235496,0.00029235619999235494
Zheng DBSCAN,Ceravolo,sudden_trace_noise20_1000_IRO,600,240.0,[],[499],,,00:00:00,0.29235619999235496,0.00029235619999235494
Zheng DBSCAN,Ceravolo,sudden_trace_noise20_1000_IRO,600,300.0,[],[499],,,00:00:00,0.29235619999235496,0.00029235619999235494
Zheng DBSCAN,Ostovar,Atomic_ConditionalMove_output_ConditionalMove_2,800,80.0,[np.float64(1503.2072490706319)],"[999, 1999]",,,00:00:08,8.98770319999312,0.0029969000333421544
Zheng DBSCAN,Ostovar,Atomic_ConditionalMove_output_ConditionalMove_2,800,160.0,[np.float64(1503.2072490706319)],"[999, 1999]",,,00:00:08,8.98770319999312,0.0029969000333421544
Zheng DBSCAN,Ostovar,Atomic_ConditionalMove_output_ConditionalMove_2,800,240.0,[np.float64(1503.2072490706319)],"[999, 1999]",,,00:00:08,8.98770319999312,0.0029969000333421544
Zheng DBSCAN,Ostovar,Atomic_ConditionalMove_output_ConditionalMove_2,800,320.0,[np.float64(1503.2072490706319)],"[999, 1999]",,,00:00:08,8.98770319999312,0.0029969000333421544
Zheng DBSCAN,Ostovar,Atomic_ConditionalMove_output_ConditionalMove_2,800,400.0,[np.float64(1503.2072490706319)],"[999, 1999]",,,00:00:08,8.98770319999312,0.0029969000333421544
Zheng DBSCAN,AdditionalLogs,recurring_drift_09,600,60.0,[],"[500, 1000]",,,00:00:00,0.4627461000054609,0.0003084974000036406
Zheng DBSCAN,AdditionalLogs,recurring_drift_09,600,120.0,[],"[500, 1000]",,,00:00:00,0.4627461000054609,0.0003084974000036406
Zheng DBSCAN,AdditionalLogs,recurring_drift_09,600,180.0,[],"[500, 1000]",,,00:00:00,0.4627461000054609,0.0003084974000036406
Zheng DBSCAN,AdditionalLogs,recurring_drift_09,600,240.0,[],"[500, 1000]",,,00:00:00,0.4627461000054609,0.0003084974000036406
Zheng DBSCAN,AdditionalLogs,recurring_drift_09,600,300.0,[],"[500, 1000]",,,00:00:00,0.4627461000054609,0.0003084974000036406
Zheng DBSCAN,Ceravolo,sudden_trace_noise15_1000_IRO,700,70.0,[],[499],,,00:00:00,0.2839823999966029,0.0002839823999966029
Zheng DBSCAN,Ceravolo,sudden_trace_noise15_1000_IRO,700,140.0,[],[499],,,00:00:00,0.2839823999966029,0.0002839823999966029
Zheng DBSCAN,Ceravolo,sudden_trace_noise15_1000_IRO,700,210.0,[],[499],,,00:00:00,0.2839823999966029,0.0002839823999966029
Zheng DBSCAN,Ceravolo,sudden_trace_noise15_1000_IRO,700,280.0,[],[499],,,00:00:00,0.2839823999966029,0.0002839823999966029
Zheng DBSCAN,Ceravolo,sudden_trace_noise15_1000_IRO,700,350.0,[],[499],,,00:00:00,0.2839823999966029,0.0002839823999966029
Zheng DBSCAN,Ostovar,Atomic_ParallelToSequence_output_ParallelToSequence_5,600,60.0,[np.float64(1479.1729166666667)],"[999, 1999]",,,00:00:08,8.23014639999019,0.002744296898963051
Zheng DBSCAN,Ostovar,Atomic_ParallelToSequence_output_ParallelToSequence_5,600,120.0,[np.float64(1479.1729166666667)],"[999, 1999]",,,00:00:08,8.23014639999019,0.002744296898963051
Zheng DBSCAN,Ostovar,Atomic_ParallelToSequence_output_ParallelToSequence_5,600,180.0,[np.float64(1479.1729166666667)],"[999, 1999]",,,00:00:08,8.23014639999019,0.002744296898963051
Zheng DBSCAN,Ostovar,Atomic_ParallelToSequence_output_ParallelToSequence_5,600,240.0,[np.float64(1479.1729166666667)],"[999, 1999]",,,00:00:08,8.23014639999019,0.002744296898963051
Zheng DBSCAN,Ostovar,Atomic_ParallelToSequence_output_ParallelToSequence_5,600,300.0,[np.float64(1479.1729166666667)],"[999, 1999]",,,00:00:08,8.23014639999019,0.002744296898963051
Zheng DBSCAN,Ostovar,Atomic_ConditionalMove_output_ConditionalMove,500,50.0,"[np.float64(941.4285714285714), np.float64(1934.7777777777778)]","[999, 1999]",1.0,60.89682539682536,00:00:07,7.483882699976675,0.0024954593864543765
Zheng DBSCAN,Ostovar,Atomic_ConditionalMove_output_ConditionalMove,500,100.0,"[np.float64(941.4285714285714), np.float64(1934.7777777777778)]","[999, 1999]",1.0,60.89682539682536,00:00:07,7.483882699976675,0.0024954593864543765
Zheng DBSCAN,Ostovar,Atomic_ConditionalMove_output_ConditionalMove,500,150.0,"[np.float64(941.4285714285714), np.float64(1934.7777777777778)]","[999, 1999]",1.0,60.89682539682536,00:00:07,7.483882699976675,0.0024954593864543765
Zheng DBSCAN,Ostovar,Atomic_ConditionalMove_output_ConditionalMove,500,200.0,"[np.float64(941.4285714285714), np.float64(1934.7777777777778)]","[999, 1999]",1.0,60.89682539682536,00:00:07,7.483882699976675,0.0024954593864543765
Zheng DBSCAN,Ostovar,Atomic_ConditionalMove_output_ConditionalMove,500,250.0,"[np.float64(941.4285714285714), np.float64(1934.7777777777778)]","[999, 1999]",1.0,60.89682539682536,00:00:07,7.483882699976675,0.0024954593864543765
Zheng DBSCAN,Ceravolo,sudden_trace_noise5_1000_RIO,500,50.0,[],[499],,,00:00:00,0.26215939997928217,0.00026215939997928215
Zheng DBSCAN,Ceravolo,sudden_trace_noise5_1000_RIO,500,100.0,[],[499],,,00:00:00,0.26215939997928217,0.00026215939997928215
Zheng DBSCAN,Ceravolo,sudden_trace_noise5_1000_RIO,500,150.0,[],[499],,,00:00:00,0.26215939997928217,0.00026215939997928215
Zheng DBSCAN,Ceravolo,sudden_trace_noise5_1000_RIO,500,200.0,[],[499],,,00:00:00,0.26215939997928217,0.00026215939997928215
Zheng DBSCAN,Ceravolo,sudden_trace_noise5_1000_RIO,500,250.0,[],[499],,,00:00:00,0.26215939997928217,0.00026215939997928215
Zheng DBSCAN,Ceravolo,sudden_trace_noise10_1000_IOR,700,70.0,[],[499],,,00:00:00,0.2776045000064187,0.0002776045000064187
Zheng DBSCAN,Ceravolo,sudden_trace_noise10_1000_IOR,700,140.0,[],[499],,,00:00:00,0.2776045000064187,0.0002776045000064187
Zheng DBSCAN,Ceravolo,sudden_trace_noise10_1000_IOR,700,210.0,[],[499],,,00:00:00,0.2776045000064187,0.0002776045000064187
Zheng DBSCAN,Ceravolo,sudden_trace_noise10_1000_IOR,700,280.0,[],[499],,,00:00:00,0.2776045000064187,0.0002776045000064187
Zheng DBSCAN,Ceravolo,sudden_trace_noise10_1000_IOR,700,350.0,[],[499],,,00:00:00,0.2776045000064187,0.0002776045000064187
Zheng DBSCAN,Ceravolo,sudden_trace_noise5_1000_OIR,300,30.0,[np.float64(448.0)],[499],1.0,51.0,00:00:00,0.3030245999980252,0.0003030245999980252
Zheng DBSCAN,Ceravolo,sudden_trace_noise5_1000_OIR,300,60.0,[np.float64(448.0)],[499],1.0,51.0,00:00:00,0.3030245999980252,0.0003030245999980252
Zheng DBSCAN,Ceravolo,sudden_trace_noise5_1000_OIR,300,90.0,[np.float64(448.0)],[499],1.0,51.0,00:00:00,0.3030245999980252,0.0003030245999980252
Zheng DBSCAN,Ceravolo,sudden_trace_noise5_1000_OIR,300,120.0,[np.float64(448.0)],[499],1.0,51.0,00:00:00,0.3030245999980252,0.0003030245999980252
Zheng DBSCAN,Ceravolo,sudden_trace_noise5_1000_OIR,300,150.0,[np.float64(448.0)],[499],1.0,51.0,00:00:00,0.3030245999980252,0.0003030245999980252
Zheng DBSCAN,Ostovar,Atomic_Substitute_output_Substitute_2,300,30.0,[np.float64(1528.84388185654)],"[999, 1999]",,,00:00:08,8.38086820000899,0.0027945542514201368
Zheng DBSCAN,Ostovar,Atomic_Substitute_output_Substitute_2,300,60.0,[np.float64(1528.84388185654)],"[999, 1999]",,,00:00:08,8.38086820000899,0.0027945542514201368
Zheng DBSCAN,Ostovar,Atomic_Substitute_output_Substitute_2,300,90.0,[np.float64(1528.84388185654)],"[999, 1999]",,,00:00:08,8.38086820000899,0.0027945542514201368
Zheng DBSCAN,Ostovar,Atomic_Substitute_output_Substitute_2,300,120.0,[np.float64(1528.84388185654)],"[999, 1999]",,,00:00:08,8.38086820000899,0.0027945542514201368
Zheng DBSCAN,Ostovar,Atomic_Substitute_output_Substitute_2,300,150.0,[np.float64(1528.84388185654)],"[999, 1999]",,,00:00:08,8.38086820000899,0.0027945542514201368
Zheng DBSCAN,Ceravolo,sudden_trace_noise10_1000_cb,400,40.0,[np.float64(451.0)],[499],1.0,48.0,00:00:00,0.25336760000209324,0.00025336760000209326
Zheng DBSCAN,Ceravolo,sudden_trace_noise10_1000_cb,400,80.0,[np.float64(451.0)],[499],1.0,48.0,00:00:00,0.25336760000209324,0.00025336760000209326
Zheng DBSCAN,Ceravolo,sudden_trace_noise10_1000_cb,400,120.0,[np.float64(451.0)],[499],1.0,48.0,00:00:00,0.25336760000209324,0.00025336760000209326
Zheng DBSCAN,Ceravolo,sudden_trace_noise10_1000_cb,400,160.0,[np.float64(451.0)],[499],1.0,48.0,00:00:00,0.25336760000209324,0.00025336760000209326
Zheng DBSCAN,Ceravolo,sudden_trace_noise10_1000_cb,400,200.0,[np.float64(451.0)],[499],1.0,48.0,00:00:00,0.25336760000209324,0.00025336760000209326
Zheng DBSCAN,Ceravolo,sudden_trace_noise20_1000_cf,500,50.0,[],[499],,,00:00:00,0.22617239999817684,0.00022617239999817685
Zheng DBSCAN,Ceravolo,sudden_trace_noise20_1000_cf,500,100.0,[],[499],,,00:00:00,0.22617239999817684,0.00022617239999817685
Zheng DBSCAN,Ceravolo,sudden_trace_noise20_1000_cf,500,150.0,[],[499],,,00:00:00,0.22617239999817684,0.00022617239999817685
Zheng DBSCAN,Ceravolo,sudden_trace_noise20_1000_cf,500,200.0,[],[499],,,00:00:00,0.22617239999817684,0.00022617239999817685
Zheng DBSCAN,Ceravolo,sudden_trace_noise20_1000_cf,500,250.0,[],[499],,,00:00:00,0.22617239999817684,0.00022617239999817685
Zheng DBSCAN,Ceravolo,sudden_trace_noise20_1000_pl,700,70.0,[],[499],,,00:00:00,0.2208323999948334,0.0002208323999948334
Zheng DBSCAN,Ceravolo,sudden_trace_noise20_1000_pl,700,140.0,[],[499],,,00:00:00,0.2208323999948334,0.0002208323999948334
Zheng DBSCAN,Ceravolo,sudden_trace_noise20_1000_pl,700,210.0,[],[499],,,00:00:00,0.2208323999948334,0.0002208323999948334
Zheng DBSCAN,Ceravolo,sudden_trace_noise20_1000_pl,700,280.0,[],[499],,,00:00:00,0.2208323999948334,0.0002208323999948334
Zheng DBSCAN,Ceravolo,sudden_trace_noise20_1000_pl,700,350.0,[],[499],,,00:00:00,0.2208323999948334,0.0002208323999948334
Zheng DBSCAN,AdditionalLogs,recurring_drift_06,400,40.0,"[np.float64(532.3333333333334), np.float64(693.0), np.float64(838.5), np.float64(975.0), np.float64(1080.0), np.float64(1231.0), np.float64(1401.0)]","[500, 1000]",0.4444444444444445,28.666666666666686,00:00:01,1.130313000001479,0.0007535420000009859
Zheng DBSCAN,AdditionalLogs,recurring_drift_06,400,80.0,"[np.float64(532.3333333333334), np.float64(693.0), np.float64(969.75), np.float64(1231.0), np.float64(1401.0)]","[500, 1000]",0.5714285714285715,31.291666666666686,00:00:01,1.130313000001479,0.0007535420000009859
Zheng DBSCAN,AdditionalLogs,recurring_drift_06,400,120.0,"[np.float64(768.0), np.float64(1231.0), np.float64(1401.0)]","[500, 1000]",,,00:00:01,1.130313000001479,0.0007535420000009859
Zheng DBSCAN,AdditionalLogs,recurring_drift_06,400,160.0,"[np.float64(785.8076923076923), np.float64(1401.0)]","[500, 1000]",,,00:00:01,1.130313000001479,0.0007535420000009859
Zheng DBSCAN,AdditionalLogs,recurring_drift_06,400,200.0,[np.float64(808.5925925925926)],"[500, 1000]",0.6666666666666666,191.4074074074074,00:00:01,1.130313000001479,0.0007535420000009859
Zheng DBSCAN,AdditionalLogs,recurring_drift_05,800,80.0,"[np.float64(1074.7777777777778), np.float64(1337.0)]","[500, 1000]",0.5,74.77777777777783,00:00:00,0.5547012999886647,0.0003698008666591098
Zheng DBSCAN,AdditionalLogs,recurring_drift_05,800,160.0,[np.float64(1101.0)],"[500, 1000]",0.6666666666666666,101.0,00:00:00,0.5547012999886647,0.0003698008666591098
Zheng DBSCAN,AdditionalLogs,recurring_drift_05,800,240.0,[np.float64(1101.0)],"[500, 1000]",0.6666666666666666,101.0,00:00:00,0.5547012999886647,0.0003698008666591098
Zheng DBSCAN,AdditionalLogs,recurring_drift_05,800,320.0,[np.float64(878.2142857142857)],"[500, 1000]",0.6666666666666666,121.78571428571433,00:00:00,0.5547012999886647,0.0003698008666591098
Zheng DBSCAN,AdditionalLogs,recurring_drift_05,800,400.0,[np.float64(878.2142857142857)],"[500, 1000]",0.6666666666666666,121.78571428571433,00:00:00,0.5547012999886647,0.0003698008666591098
Zheng DBSCAN,Ceravolo,sudden_trace_noise20_1000_pm,500,50.0,[],[499],,,00:00:00,0.22626450000097975,0.00022626450000097975
Zheng DBSCAN,Ceravolo,sudden_trace_noise20_1000_pm,500,100.0,[],[499],,,00:00:00,0.22626450000097975,0.00022626450000097975
Zheng DBSCAN,Ceravolo,sudden_trace_noise20_1000_pm,500,150.0,[],[499],,,00:00:00,0.22626450000097975,0.00022626450000097975
Zheng DBSCAN,Ceravolo,sudden_trace_noise20_1000_pm,500,200.0,[],[499],,,00:00:00,0.22626450000097975,0.00022626450000097975
Zheng DBSCAN,Ceravolo,sudden_trace_noise20_1000_pm,500,250.0,[],[499],,,00:00:00,0.22626450000097975,0.00022626450000097975
Zheng DBSCAN,AdditionalLogs,recurring_drift_05,700,70.0,"[np.float64(759.6666666666666), np.float64(954.25), np.float64(1182.6666666666667), np.float64(1337.0)]","[500, 1000]",0.3333333333333333,45.75,00:00:00,0.5303723999822978,0.0003535815999881985
Zheng DBSCAN,AdditionalLogs,recurring_drift_05,700,140.0,[np.float64(1011.6666666666666)],"[500, 1000]",0.6666666666666666,11.666666666666629,00:00:00,0.5303723999822978,0.0003535815999881985
Zheng DBSCAN,AdditionalLogs,recurring_drift_05,700,210.0,[np.float64(825.2)],"[500, 1000]",0.6666666666666666,174.79999999999995,00:00:00,0.5303723999822978,0.0003535815999881985
Zheng DBSCAN,AdditionalLogs,recurring_drift_05,700,280.0,[np.float64(825.2)],"[500, 1000]",0.6666666666666666,174.79999999999995,00:00:00,0.5303723999822978,0.0003535815999881985
Zheng DBSCAN,AdditionalLogs,recurring_drift_05,700,350.0,[np.float64(825.2)],"[500, 1000]",0.6666666666666666,174.79999999999995,00:00:00,0.5303723999822978,0.0003535815999881985
Zheng DBSCAN,Ostovar,Atomic_ConditionalMove_output_ConditionalMove,600,60.0,"[np.float64(941.4285714285714), np.float64(1934.7777777777778)]","[999, 1999]",1.0,60.89682539682536,00:00:07,7.542213200009428,0.002514909369793074
Zheng DBSCAN,Ostovar,Atomic_ConditionalMove_output_ConditionalMove,600,120.0,"[np.float64(941.4285714285714), np.float64(1934.7777777777778)]","[999, 1999]",1.0,60.89682539682536,00:00:07,7.542213200009428,0.002514909369793074
Zheng DBSCAN,Ostovar,Atomic_ConditionalMove_output_ConditionalMove,600,180.0,"[np.float64(941.4285714285714), np.float64(1934.7777777777778)]","[999, 1999]",1.0,60.89682539682536,00:00:07,7.542213200009428,0.002514909369793074
Zheng DBSCAN,Ostovar,Atomic_ConditionalMove_output_ConditionalMove,600,240.0,"[np.float64(941.4285714285714), np.float64(1934.7777777777778)]","[999, 1999]",1.0,60.89682539682536,00:00:07,7.542213200009428,0.002514909369793074
Zheng DBSCAN,Ostovar,Atomic_ConditionalMove_output_ConditionalMove,600,300.0,"[np.float64(941.4285714285714), np.float64(1934.7777777777778)]","[999, 1999]",1.0,60.89682539682536,00:00:07,7.542213200009428,0.002514909369793074
Zheng DBSCAN,AdditionalLogs,recurring_drift_06,600,60.0,"[np.float64(693.0), np.float64(838.5), np.float64(939.0), np.float64(1231.0), np.float64(1401.0)]","[500, 1000]",0.5714285714285715,127.0,00:00:01,1.109001900011208,0.0007393346000074719
Zheng DBSCAN,AdditionalLogs,recurring_drift_06,600,120.0,"[np.float64(745.75), np.float64(1231.0), np.float64(1401.0)]","[500, 1000]",,,00:00:01,1.109001900011208,0.0007393346000074719
Zheng DBSCAN,AdditionalLogs,recurring_drift_06,600,180.0,"[np.float64(745.75), np.float64(1316.0)]","[500, 1000]",,,00:00:01,1.109001900011208,0.0007393346000074719
Zheng DBSCAN,AdditionalLogs,recurring_drift_06,600,240.0,"[np.float64(745.75), np.float64(1316.0)]","[500, 1000]",,,00:00:01,1.109001900011208,0.0007393346000074719
Zheng DBSCAN,AdditionalLogs,recurring_drift_06,600,300.0,[np.float64(859.8)],"[500, 1000]",0.6666666666666666,140.20000000000005,00:00:01,1.109001900011208,0.0007393346000074719
Zheng DBSCAN,Ceravolo,sudden_trace_noise0_1000_pl,500,50.0,[],[499],,,00:00:00,0.25283130002208054,0.00025283130002208055
Zheng DBSCAN,Ceravolo,sudden_trace_noise0_1000_pl,500,100.0,[],[499],,,00:00:00,0.25283130002208054,0.00025283130002208055
Zheng DBSCAN,Ceravolo,sudden_trace_noise0_1000_pl,500,150.0,[],[499],,,00:00:00,0.25283130002208054,0.00025283130002208055
Zheng DBSCAN,Ceravolo,sudden_trace_noise0_1000_pl,500,200.0,[],[499],,,00:00:00,0.25283130002208054,0.00025283130002208055
Zheng DBSCAN,Ceravolo,sudden_trace_noise0_1000_pl,500,250.0,[],[499],,,00:00:00,0.25283130002208054,0.00025283130002208055
Zheng DBSCAN,Ceravolo,sudden_trace_noise15_1000_IRO,500,50.0,[],[499],,,00:00:00,0.3056871000153478,0.0003056871000153478
Zheng DBSCAN,Ceravolo,sudden_trace_noise15_1000_IRO,500,100.0,[],[499],,,00:00:00,0.3056871000153478,0.0003056871000153478
Zheng DBSCAN,Ceravolo,sudden_trace_noise15_1000_IRO,500,150.0,[],[499],,,00:00:00,0.3056871000153478,0.0003056871000153478
Zheng DBSCAN,Ceravolo,sudden_trace_noise15_1000_IRO,500,200.0,[],[499],,,00:00:00,0.3056871000153478,0.0003056871000153478
Zheng DBSCAN,Ceravolo,sudden_trace_noise15_1000_IRO,500,250.0,[],[499],,,00:00:00,0.3056871000153478,0.0003056871000153478
Zheng DBSCAN,Ostovar,Atomic_ConditionalRemoval_output_ConditionalRemoval,800,80.0,"[np.float64(931.5), np.float64(1943.0)]","[999, 1999]",1.0,61.75,00:00:05,5.8463211999915075,0.0019494235411775616
Zheng DBSCAN,Ostovar,Atomic_ConditionalRemoval_output_ConditionalRemoval,800,160.0,"[np.float64(931.5), np.float64(1943.0)]","[999, 1999]",1.0,61.75,00:00:05,5.8463211999915075,0.0019494235411775616
Zheng DBSCAN,Ostovar,Atomic_ConditionalRemoval_output_ConditionalRemoval,800,240.0,"[np.float64(931.5), np.float64(1943.0)]","[999, 1999]",1.0,61.75,00:00:05,5.8463211999915075,0.0019494235411775616
Zheng DBSCAN,Ostovar,Atomic_ConditionalRemoval_output_ConditionalRemoval,800,320.0,"[np.float64(931.5), np.float64(1943.0)]","[999, 1999]",1.0,61.75,00:00:05,5.8463211999915075,0.0019494235411775616
Zheng DBSCAN,Ostovar,Atomic_ConditionalRemoval_output_ConditionalRemoval,800,400.0,"[np.float64(931.5), np.float64(1943.0)]","[999, 1999]",1.0,61.75,00:00:05,5.8463211999915075,0.0019494235411775616
Zheng DBSCAN,AdditionalLogs,gradual_drift_03,500,50.0,"[np.float64(500.5), np.float64(689.0), np.float64(916.2941176470588), np.float64(1175.75), np.float64(1390.0)]","[500, 1000]",0.5714285714285715,42.10294117647061,00:00:00,0.4888751999824308,0.000349196571416022
Zheng DBSCAN,AdditionalLogs,gradual_drift_03,500,100.0,"[np.float64(764.3783783783783), np.float64(1390.0)]","[500, 1000]",,,00:00:00,0.4888751999824308,0.000349196571416022
Zheng DBSCAN,AdditionalLogs,gradual_drift_03,500,150.0,"[np.float64(764.3783783783783), np.float64(1390.0)]","[500, 1000]",,,00:00:00,0.4888751999824308,0.000349196571416022
Zheng DBSCAN,AdditionalLogs,gradual_drift_03,500,200.0,"[np.float64(747.6315789473684), np.float64(1390.0)]","[500, 1000]",,,00:00:00,0.4888751999824308,0.000349196571416022
Zheng DBSCAN,AdditionalLogs,gradual_drift_03,500,250.0,[np.float64(764.1025641025641)],"[500, 1000]",,,00:00:00,0.4888751999824308,0.000349196571416022
Zheng DBSCAN,Ceravolo,sudden_trace_noise20_1000_cb,600,60.0,[],[499],,,00:00:00,0.24395390000427142,0.00024395390000427143
Zheng DBSCAN,Ceravolo,sudden_trace_noise20_1000_cb,600,120.0,[],[499],,,00:00:00,0.24395390000427142,0.00024395390000427143
Zheng DBSCAN,Ceravolo,sudden_trace_noise20_1000_cb,600,180.0,[],[499],,,00:00:00,0.24395390000427142,0.00024395390000427143
Zheng DBSCAN,Ceravolo,sudden_trace_noise20_1000_cb,600,240.0,[],[499],,,00:00:00,0.24395390000427142,0.00024395390000427143
Zheng DBSCAN,Ceravolo,sudden_trace_noise20_1000_cb,600,300.0,[],[499],,,00:00:00,0.24395390000427142,0.00024395390000427143
Zheng DBSCAN,Ceravolo,sudden_trace_noise10_1000_cd,600,60.0,[],[499],,,00:00:00,0.26812100000097416,0.00026812100000097417
Zheng DBSCAN,Ceravolo,sudden_trace_noise10_1000_cd,600,120.0,[],[499],,,00:00:00,0.26812100000097416,0.00026812100000097417
Zheng DBSCAN,Ceravolo,sudden_trace_noise10_1000_cd,600,180.0,[],[499],,,00:00:00,0.26812100000097416,0.00026812100000097417
Zheng DBSCAN,Ceravolo,sudden_trace_noise10_1000_cd,600,240.0,[],[499],,,00:00:00,0.26812100000097416,0.00026812100000097417
Zheng DBSCAN,Ceravolo,sudden_trace_noise10_1000_cd,600,300.0,[],[499],,,00:00:00,0.26812100000097416,0.00026812100000097417
Zheng DBSCAN,Ceravolo,sudden_trace_noise10_1000_ROI,300,30.0,[np.float64(448.5)],[499],1.0,50.5,00:00:00,0.28447830001823604,0.00028447830001823607
Zheng DBSCAN,Ceravolo,sudden_trace_noise10_1000_ROI,300,60.0,[np.float64(448.5)],[499],1.0,50.5,00:00:00,0.28447830001823604,0.00028447830001823607
Zheng DBSCAN,Ceravolo,sudden_trace_noise10_1000_ROI,300,90.0,[np.float64(448.5)],[499],1.0,50.5,00:00:00,0.28447830001823604,0.00028447830001823607
Zheng DBSCAN,Ceravolo,sudden_trace_noise10_1000_ROI,300,120.0,[np.float64(448.5)],[499],1.0,50.5,00:00:00,0.28447830001823604,0.00028447830001823607
Zheng DBSCAN,Ceravolo,sudden_trace_noise10_1000_ROI,300,150.0,[np.float64(448.5)],[499],1.0,50.5,00:00:00,0.28447830001823604,0.00028447830001823607
Zheng DBSCAN,AdditionalLogs,gradual_drift_07,600,60.0,"[np.float64(740.5), np.float64(937.0)]","[500, 1000]",0.5,63.0,00:00:00,0.430692399997497,0.0003076374285696407
Zheng DBSCAN,AdditionalLogs,gradual_drift_07,600,120.0,"[np.float64(740.5), np.float64(937.0)]","[500, 1000]",0.5,63.0,00:00:00,0.430692399997497,0.0003076374285696407
Zheng DBSCAN,AdditionalLogs,gradual_drift_07,600,180.0,[np.float64(858.4)],"[500, 1000]",0.6666666666666666,141.60000000000002,00:00:00,0.430692399997497,0.0003076374285696407
Zheng DBSCAN,AdditionalLogs,gradual_drift_07,600,240.0,[np.float64(858.4)],"[500, 1000]",0.6666666666666666,141.60000000000002,00:00:00,0.430692399997497,0.0003076374285696407
Zheng DBSCAN,AdditionalLogs,gradual_drift_07,600,300.0,[np.float64(792.3333333333334)],"[500, 1000]",,,00:00:00,0.430692399997497,0.0003076374285696407
Zheng DBSCAN,Ceravolo,sudden_trace_noise15_1000_OIR,400,40.0,[np.float64(448.0)],[499],1.0,51.0,00:00:00,0.2760007999895606,0.00027600079998956064
Zheng DBSCAN,Ceravolo,sudden_trace_noise15_1000_OIR,400,80.0,[np.float64(448.0)],[499],1.0,51.0,00:00:00,0.2760007999895606,0.00027600079998956064
Zheng DBSCAN,Ceravolo,sudden_trace_noise15_1000_OIR,400,120.0,[np.float64(448.0)],[499],1.0,51.0,00:00:00,0.2760007999895606,0.00027600079998956064
Zheng DBSCAN,Ceravolo,sudden_trace_noise15_1000_OIR,400,160.0,[np.float64(448.0)],[499],1.0,51.0,00:00:00,0.2760007999895606,0.00027600079998956064
Zheng DBSCAN,Ceravolo,sudden_trace_noise15_1000_OIR,400,200.0,[np.float64(448.0)],[499],1.0,51.0,00:00:00,0.2760007999895606,0.00027600079998956064
Zheng DBSCAN,Ostovar,Atomic_ParallelMove_output_ParallelMove_5,400,40.0,[np.float64(1476.8104723961299)],"[999, 1999]",,,00:00:08,8.892538100015372,0.0029651677559237653
Zheng DBSCAN,Ostovar,Atomic_ParallelMove_output_ParallelMove_5,400,80.0,[np.float64(1476.8104723961299)],"[999, 1999]",,,00:00:08,8.892538100015372,0.0029651677559237653
Zheng DBSCAN,Ostovar,Atomic_ParallelMove_output_ParallelMove_5,400,120.0,[np.float64(1476.8104723961299)],"[999, 1999]",,,00:00:08,8.892538100015372,0.0029651677559237653
Zheng DBSCAN,Ostovar,Atomic_ParallelMove_output_ParallelMove_5,400,160.0,[np.float64(1476.8104723961299)],"[999, 1999]",,,00:00:08,8.892538100015372,0.0029651677559237653
Zheng DBSCAN,Ostovar,Atomic_ParallelMove_output_ParallelMove_5,400,200.0,[np.float64(1476.8104723961299)],"[999, 1999]",,,00:00:08,8.892538100015372,0.0029651677559237653
Zheng DBSCAN,Ceravolo,sudden_trace_noise0_1000_IOR,400,40.0,[np.float64(449.5)],[499],1.0,49.5,00:00:00,0.2904722999955993,0.00029047229999559933
Zheng DBSCAN,Ceravolo,sudden_trace_noise0_1000_IOR,400,80.0,[np.float64(449.5)],[499],1.0,49.5,00:00:00,0.2904722999955993,0.00029047229999559933
Zheng DBSCAN,Ceravolo,sudden_trace_noise0_1000_IOR,400,120.0,[np.float64(449.5)],[499],1.0,49.5,00:00:00,0.2904722999955993,0.00029047229999559933
Zheng DBSCAN,Ceravolo,sudden_trace_noise0_1000_IOR,400,160.0,[np.float64(449.5)],[499],1.0,49.5,00:00:00,0.2904722999955993,0.00029047229999559933
Zheng DBSCAN,Ceravolo,sudden_trace_noise0_1000_IOR,400,200.0,[np.float64(449.5)],[499],1.0,49.5,00:00:00,0.2904722999955993,0.00029047229999559933
Zheng DBSCAN,Ceravolo,sudden_trace_noise15_1000_rp,800,80.0,[],[499],,,00:00:00,0.2750285000074655,0.00027502850000746547
Zheng DBSCAN,Ceravolo,sudden_trace_noise15_1000_rp,800,160.0,[],[499],,,00:00:00,0.2750285000074655,0.00027502850000746547
Zheng DBSCAN,Ceravolo,sudden_trace_noise15_1000_rp,800,240.0,[],[499],,,00:00:00,0.2750285000074655,0.00027502850000746547
Zheng DBSCAN,Ceravolo,sudden_trace_noise15_1000_rp,800,320.0,[],[499],,,00:00:00,0.2750285000074655,0.00027502850000746547
Zheng DBSCAN,Ceravolo,sudden_trace_noise15_1000_rp,800,400.0,[],[499],,,00:00:00,0.2750285000074655,0.00027502850000746547
Zheng DBSCAN,Ostovar,Nested_ORI_output_ORI,800,80.0,"[np.float64(929.0), np.float64(1934.8)]","[999, 1999]",1.0,67.10000000000002,00:00:07,7.444935600011377,0.0024824726909007592
Zheng DBSCAN,Ostovar,Nested_ORI_output_ORI,800,160.0,"[np.float64(929.0), np.float64(1934.8)]","[999, 1999]",1.0,67.10000000000002,00:00:07,7.444935600011377,0.0024824726909007592
Zheng DBSCAN,Ostovar,Nested_ORI_output_ORI,800,240.0,"[np.float64(929.0), np.float64(1934.8)]","[999, 1999]",1.0,67.10000000000002,00:00:07,7.444935600011377,0.0024824726909007592
Zheng DBSCAN,Ostovar,Nested_ORI_output_ORI,800,320.0,"[np.float64(929.0), np.float64(1934.8)]","[999, 1999]",1.0,67.10000000000002,00:00:07,7.444935600011377,0.0024824726909007592
Zheng DBSCAN,Ostovar,Nested_ORI_output_ORI,800,400.0,"[np.float64(929.0), np.float64(1934.8)]","[999, 1999]",1.0,67.10000000000002,00:00:07,7.444935600011377,0.0024824726909007592
Zheng DBSCAN,Ostovar,Atomic_Swap_output_Swap_5,500,50.0,[np.float64(1490.8227040816328)],"[999, 1999]",,,00:00:07,7.286885500012431,0.0024297717572565624
Zheng DBSCAN,Ostovar,Atomic_Swap_output_Swap_5,500,100.0,[np.float64(1490.8227040816328)],"[999, 1999]",,,00:00:07,7.286885500012431,0.0024297717572565624
Zheng DBSCAN,Ostovar,Atomic_Swap_output_Swap_5,500,150.0,[np.float64(1490.8227040816328)],"[999, 1999]",,,00:00:07,7.286885500012431,0.0024297717572565624
Zheng DBSCAN,Ostovar,Atomic_Swap_output_Swap_5,500,200.0,[np.float64(1490.8227040816328)],"[999, 1999]",,,00:00:07,7.286885500012431,0.0024297717572565624
Zheng DBSCAN,Ostovar,Atomic_Swap_output_Swap_5,500,250.0,[np.float64(1490.8227040816328)],"[999, 1999]",,,00:00:07,7.286885500012431,0.0024297717572565624
Zheng DBSCAN,Ceravolo,sudden_trace_noise20_1000_re,300,30.0,[np.float64(447.5)],[499],1.0,51.5,00:00:00,0.22721429998637177,0.00022721429998637176
Zheng DBSCAN,Ceravolo,sudden_trace_noise20_1000_re,300,60.0,[np.float64(447.5)],[499],1.0,51.5,00:00:00,0.22721429998637177,0.00022721429998637176
Zheng DBSCAN,Ceravolo,sudden_trace_noise20_1000_re,300,90.0,[np.float64(447.5)],[499],1.0,51.5,00:00:00,0.22721429998637177,0.00022721429998637176
Zheng DBSCAN,Ceravolo,sudden_trace_noise20_1000_re,300,120.0,[np.float64(447.5)],[499],1.0,51.5,00:00:00,0.22721429998637177,0.00022721429998637176
Zheng DBSCAN,Ceravolo,sudden_trace_noise20_1000_re,300,150.0,[np.float64(447.5)],[499],1.0,51.5,00:00:00,0.22721429998637177,0.00022721429998637176
Zheng DBSCAN,Ostovar,Atomic_ParallelRemoval_output_ParallelRemoval,600,60.0,"[np.float64(933.5), np.float64(1940.3333333333333)]","[999, 1999]",1.0,62.08333333333337,00:00:05,5.8605195999844,0.001954157919301234
Zheng DBSCAN,Ostovar,Atomic_ParallelRemoval_output_ParallelRemoval,600,120.0,"[np.float64(933.5), np.float64(1940.3333333333333)]","[999, 1999]",1.0,62.08333333333337,00:00:05,5.8605195999844,0.001954157919301234
Zheng DBSCAN,Ostovar,Atomic_ParallelRemoval_output_ParallelRemoval,600,180.0,"[np.float64(933.5), np.float64(1940.3333333333333)]","[999, 1999]",1.0,62.08333333333337,00:00:05,5.8605195999844,0.001954157919301234
Zheng DBSCAN,Ostovar,Atomic_ParallelRemoval_output_ParallelRemoval,600,240.0,"[np.float64(933.5), np.float64(1940.3333333333333)]","[999, 1999]",1.0,62.08333333333337,00:00:05,5.8605195999844,0.001954157919301234
Zheng DBSCAN,Ostovar,Atomic_ParallelRemoval_output_ParallelRemoval,600,300.0,"[np.float64(933.5), np.float64(1940.3333333333333)]","[999, 1999]",1.0,62.08333333333337,00:00:05,5.8605195999844,0.001954157919301234
Zheng DBSCAN,AdditionalLogs,recurring_drift_07,700,70.0,[],"[500, 1000]",,,00:00:00,0.3477646000101231,0.0002318430666734154
Zheng DBSCAN,AdditionalLogs,recurring_drift_07,700,140.0,[],"[500, 1000]",,,00:00:00,0.3477646000101231,0.0002318430666734154
Zheng DBSCAN,AdditionalLogs,recurring_drift_07,700,210.0,[],"[500, 1000]",,,00:00:00,0.3477646000101231,0.0002318430666734154
Zheng DBSCAN,AdditionalLogs,recurring_drift_07,700,280.0,[],"[500, 1000]",,,00:00:00,0.3477646000101231,0.0002318430666734154
Zheng DBSCAN,AdditionalLogs,recurring_drift_07,700,350.0,[],"[500, 1000]",,,00:00:00,0.3477646000101231,0.0002318430666734154
Zheng DBSCAN,Ostovar,Nested_IOR_output_IOR,800,80.0,"[np.float64(894.6666666666666), np.float64(1699.0), np.float64(1896.0625)]","[999, 1999]",0.8,103.63541666666669,00:00:07,7.738734200014733,0.0025804382127424916
Zheng DBSCAN,Ostovar,Nested_IOR_output_IOR,800,160.0,"[np.float64(894.6666666666666), np.float64(1884.4705882352941)]","[999, 1999]",1.0,109.43137254901961,00:00:07,7.738734200014733,0.0025804382127424916
Zheng DBSCAN,Ostovar,Nested_IOR_output_IOR,800,240.0,"[np.float64(894.6666666666666), np.float64(1884.4705882352941)]","[999, 1999]",1.0,109.43137254901961,00:00:07,7.738734200014733,0.0025804382127424916
Zheng DBSCAN,Ostovar,Nested_IOR_output_IOR,800,320.0,"[np.float64(894.6666666666666), np.float64(1884.4705882352941)]","[999, 1999]",1.0,109.43137254901961,00:00:07,7.738734200014733,0.0025804382127424916
Zheng DBSCAN,Ostovar,Nested_IOR_output_IOR,800,400.0,"[np.float64(894.6666666666666), np.float64(1884.4705882352941)]","[999, 1999]",1.0,109.43137254901961,00:00:07,7.738734200014733,0.0025804382127424916
Zheng DBSCAN,AdditionalLogs,gradual_drift_04,700,70.0,"[np.float64(746.0), np.float64(983.35), np.float64(1241.0), np.float64(1334.0)]","[500, 1000]",0.3333333333333333,16.649999999999977,00:00:00,0.525395499978913,0.00037528249998493784
Zheng DBSCAN,AdditionalLogs,gradual_drift_04,700,140.0,"[np.float64(915.5357142857143), np.float64(1287.5)]","[500, 1000]",0.5,84.46428571428567,00:00:00,0.525395499978913,0.00037528249998493784
Zheng DBSCAN,AdditionalLogs,gradual_drift_04,700,210.0,[np.float64(719.58)],"[500, 1000]",,,00:00:00,0.525395499978913,0.00037528249998493784
Zheng DBSCAN,AdditionalLogs,gradual_drift_04,700,280.0,[np.float64(719.58)],"[500, 1000]",,,00:00:00,0.525395499978913,0.00037528249998493784
Zheng DBSCAN,AdditionalLogs,gradual_drift_04,700,350.0,[np.float64(719.58)],"[500, 1000]",,,00:00:00,0.525395499978913,0.00037528249998493784
Zheng DBSCAN,Ceravolo,sudden_trace_noise5_1000_cf,700,70.0,[],[499],,,00:00:00,0.25028959999326617,0.00025028959999326617
Zheng DBSCAN,Ceravolo,sudden_trace_noise5_1000_cf,700,140.0,[],[499],,,00:00:00,0.25028959999326617,0.00025028959999326617
Zheng DBSCAN,Ceravolo,sudden_trace_noise5_1000_cf,700,210.0,[],[499],,,00:00:00,0.25028959999326617,0.00025028959999326617
Zheng DBSCAN,Ceravolo,sudden_trace_noise5_1000_cf,700,280.0,[],[499],,,00:00:00,0.25028959999326617,0.00025028959999326617
Zheng DBSCAN,Ceravolo,sudden_trace_noise5_1000_cf,700,350.0,[],[499],,,00:00:00,0.25028959999326617,0.00025028959999326617
Zheng DBSCAN,Ostovar,Composite_IRO_output_IRO_5,600,60.0,[np.float64(1479.8796484110885)],"[999, 1999]",,,00:00:08,8.766692699980922,0.0029232053017608944
Zheng DBSCAN,Ostovar,Composite_IRO_output_IRO_5,600,120.0,[np.float64(1479.8796484110885)],"[999, 1999]",,,00:00:08,8.766692699980922,0.0029232053017608944
Zheng DBSCAN,Ostovar,Composite_IRO_output_IRO_5,600,180.0,[np.float64(1479.8796484110885)],"[999, 1999]",,,00:00:08,8.766692699980922,0.0029232053017608944
Zheng DBSCAN,Ostovar,Composite_IRO_output_IRO_5,600,240.0,[np.float64(1479.8796484110885)],"[999, 1999]",,,00:00:08,8.766692699980922,0.0029232053017608944
Zheng DBSCAN,Ostovar,Composite_IRO_output_IRO_5,600,300.0,[np.float64(1479.8796484110885)],"[999, 1999]",,,00:00:08,8.766692699980922,0.0029232053017608944
Zheng DBSCAN,Ceravolo,sudden_trace_noise20_1000_cd,300,30.0,[],[499],,,00:00:00,0.24396199997863732,0.00024396199997863733
Zheng DBSCAN,Ceravolo,sudden_trace_noise20_1000_cd,300,60.0,[],[499],,,00:00:00,0.24396199997863732,0.00024396199997863733
Zheng DBSCAN,Ceravolo,sudden_trace_noise20_1000_cd,300,90.0,[],[499],,,00:00:00,0.24396199997863732,0.00024396199997863733
Zheng DBSCAN,Ceravolo,sudden_trace_noise20_1000_cd,300,120.0,[],[499],,,00:00:00,0.24396199997863732,0.00024396199997863733
Zheng DBSCAN,Ceravolo,sudden_trace_noise20_1000_cd,300,150.0,[],[499],,,00:00:00,0.24396199997863732,0.00024396199997863733
Zheng DBSCAN,AdditionalLogs,sudden_drift_07,500,50.0,"[np.float64(567.0), np.float64(913.0), np.float64(1025.875), np.float64(1324.0)]","[500, 1000]",0.6666666666666666,46.4375,00:00:00,0.43824280000990257,0.0002921618666732684
Zheng DBSCAN,AdditionalLogs,sudden_drift_07,500,100.0,"[np.float64(509.6666666666667), np.float64(1013.3333333333334), np.float64(1324.0)]","[500, 1000]",0.8,11.500000000000028,00:00:00,0.43824280000990257,0.0002921618666732684
Zheng DBSCAN,AdditionalLogs,sudden_drift_07,500,150.0,"[np.float64(509.6666666666667), np.float64(1013.3333333333334), np.float64(1324.0)]","[500, 1000]",0.8,11.500000000000028,00:00:00,0.43824280000990257,0.0002921618666732684
Zheng DBSCAN,AdditionalLogs,sudden_drift_07,500,200.0,"[np.float64(509.6666666666667), np.float64(1013.3333333333334), np.float64(1324.0)]","[500, 1000]",0.8,11.500000000000028,00:00:00,0.43824280000990257,0.0002921618666732684
Zheng DBSCAN,AdditionalLogs,sudden_drift_07,500,250.0,"[np.float64(509.6666666666667), np.float64(1044.4)]","[500, 1000]",1.0,27.03333333333339,00:00:00,0.43824280000990257,0.0002921618666732684
Zheng DBSCAN,Ostovar,Atomic_ParallelMove_output_ParallelMove,800,80.0,"[np.float64(933.0), np.float64(1919.111111111111)]","[999, 1999]",1.0,72.94444444444446,00:00:07,7.056974999984959,0.002353109369784915
Zheng DBSCAN,Ostovar,Atomic_ParallelMove_output_ParallelMove,800,160.0,"[np.float64(933.0), np.float64(1919.111111111111)]","[999, 1999]",1.0,72.94444444444446,00:00:07,7.056974999984959,0.002353109369784915
Zheng DBSCAN,Ostovar,Atomic_ParallelMove_output_ParallelMove,800,240.0,"[np.float64(933.0), np.float64(1919.111111111111)]","[999, 1999]",1.0,72.94444444444446,00:00:07,7.056974999984959,0.002353109369784915
Zheng DBSCAN,Ostovar,Atomic_ParallelMove_output_ParallelMove,800,320.0,"[np.float64(933.0), np.float64(1919.111111111111)]","[999, 1999]",1.0,72.94444444444446,00:00:07,7.056974999984959,0.002353109369784915
Zheng DBSCAN,Ostovar,Atomic_ParallelMove_output_ParallelMove,800,400.0,"[np.float64(933.0), np.float64(1919.111111111111)]","[999, 1999]",1.0,72.94444444444446,00:00:07,7.056974999984959,0.002353109369784915
Zheng DBSCAN,Ceravolo,sudden_trace_noise20_1000_cb,400,40.0,[np.float64(451.0)],[499],1.0,48.0,00:00:00,0.2553600999817718,0.00025536009998177177
Zheng DBSCAN,Ceravolo,sudden_trace_noise20_1000_cb,400,80.0,[np.float64(451.0)],[499],1.0,48.0,00:00:00,0.2553600999817718,0.00025536009998177177
Zheng DBSCAN,Ceravolo,sudden_trace_noise20_1000_cb,400,120.0,[np.float64(451.0)],[499],1.0,48.0,00:00:00,0.2553600999817718,0.00025536009998177177
Zheng DBSCAN,Ceravolo,sudden_trace_noise20_1000_cb,400,160.0,[np.float64(451.0)],[499],1.0,48.0,00:00:00,0.2553600999817718,0.00025536009998177177
Zheng DBSCAN,Ceravolo,sudden_trace_noise20_1000_cb,400,200.0,[np.float64(451.0)],[499],1.0,48.0,00:00:00,0.2553600999817718,0.00025536009998177177
Zheng DBSCAN,Ostovar,Atomic_ParallelRemoval_output_ParallelRemoval_5,700,70.0,[np.float64(1512.0850746268657)],"[999, 1999]",,,00:00:07,7.327565299987327,0.0024433362120664646
Zheng DBSCAN,Ostovar,Atomic_ParallelRemoval_output_ParallelRemoval_5,700,140.0,[np.float64(1512.0850746268657)],"[999, 1999]",,,00:00:07,7.327565299987327,0.0024433362120664646
Zheng DBSCAN,Ostovar,Atomic_ParallelRemoval_output_ParallelRemoval_5,700,210.0,[np.float64(1512.0850746268657)],"[999, 1999]",,,00:00:07,7.327565299987327,0.0024433362120664646
Zheng DBSCAN,Ostovar,Atomic_ParallelRemoval_output_ParallelRemoval_5,700,280.0,[np.float64(1512.0850746268657)],"[999, 1999]",,,00:00:07,7.327565299987327,0.0024433362120664646
Zheng DBSCAN,Ostovar,Atomic_ParallelRemoval_output_ParallelRemoval_5,700,350.0,[np.float64(1512.0850746268657)],"[999, 1999]",,,00:00:07,7.327565299987327,0.0024433362120664646
Zheng DBSCAN,Ceravolo,sudden_trace_noise0_1000_ROI,300,30.0,[np.float64(448.5)],[499],1.0,50.5,00:00:00,0.25737420000950806,0.0002573742000095081
Zheng DBSCAN,Ceravolo,sudden_trace_noise0_1000_ROI,300,60.0,[np.float64(448.5)],[499],1.0,50.5,00:00:00,0.25737420000950806,0.0002573742000095081
Zheng DBSCAN,Ceravolo,sudden_trace_noise0_1000_ROI,300,90.0,[np.float64(448.5)],[499],1.0,50.5,00:00:00,0.25737420000950806,0.0002573742000095081
Zheng DBSCAN,Ceravolo,sudden_trace_noise0_1000_ROI,300,120.0,[np.float64(448.5)],[499],1.0,50.5,00:00:00,0.25737420000950806,0.0002573742000095081
Zheng DBSCAN,Ceravolo,sudden_trace_noise0_1000_ROI,300,150.0,[np.float64(448.5)],[499],1.0,50.5,00:00:00,0.25737420000950806,0.0002573742000095081
Zheng DBSCAN,Ceravolo,sudden_trace_noise0_1000_rp,500,50.0,[],[499],,,00:00:00,0.2567298999929335,0.0002567298999929335
Zheng DBSCAN,Ceravolo,sudden_trace_noise0_1000_rp,500,100.0,[],[499],,,00:00:00,0.2567298999929335,0.0002567298999929335
Zheng DBSCAN,Ceravolo,sudden_trace_noise0_1000_rp,500,150.0,[],[499],,,00:00:00,0.2567298999929335,0.0002567298999929335
Zheng DBSCAN,Ceravolo,sudden_trace_noise0_1000_rp,500,200.0,[],[499],,,00:00:00,0.2567298999929335,0.0002567298999929335
Zheng DBSCAN,Ceravolo,sudden_trace_noise0_1000_rp,500,250.0,[],[499],,,00:00:00,0.2567298999929335,0.0002567298999929335
Zheng DBSCAN,Ceravolo,sudden_trace_noise15_1000_pm,600,60.0,[],[499],,,00:00:00,0.2617597999924328,0.00026175979999243284
Zheng DBSCAN,Ceravolo,sudden_trace_noise15_1000_pm,600,120.0,[],[499],,,00:00:00,0.2617597999924328,0.00026175979999243284
Zheng DBSCAN,Ceravolo,sudden_trace_noise15_1000_pm,600,180.0,[],[499],,,00:00:00,0.2617597999924328,0.00026175979999243284
Zheng DBSCAN,Ceravolo,sudden_trace_noise15_1000_pm,600,240.0,[],[499],,,00:00:00,0.2617597999924328,0.00026175979999243284
Zheng DBSCAN,Ceravolo,sudden_trace_noise15_1000_pm,600,300.0,[],[499],,,00:00:00,0.2617597999924328,0.00026175979999243284
Zheng DBSCAN,AdditionalLogs,recurring_drift_05,500,50.0,"[np.float64(515.6), np.float64(704.875), np.float64(968.5), np.float64(1103.0), np.float64(1198.6), np.float64(1331.6666666666667), np.float64(1492.0)]","[500, 1000]",0.4444444444444445,23.55000000000001,00:00:00,0.5237499999930151,0.00034916666666201003
Zheng DBSCAN,AdditionalLogs,recurring_drift_05,500,100.0,"[np.float64(873.7555555555556), np.float64(1492.0)]","[500, 1000]",0.5,126.24444444444441,00:00:00,0.5237499999930151,0.00034916666666201003
Zheng DBSCAN,AdditionalLogs,recurring_drift_05,500,150.0,"[np.float64(798.2352941176471), np.float64(1492.0)]","[500, 1000]",,,00:00:00,0.5237499999930151,0.00034916666666201003
Zheng DBSCAN,AdditionalLogs,recurring_drift_05,500,200.0,[np.float64(811.5769230769231)],"[500, 1000]",0.6666666666666666,188.4230769230769,00:00:00,0.5237499999930151,0.00034916666666201003
Zheng DBSCAN,AdditionalLogs,recurring_drift_05,500,250.0,[np.float64(811.5769230769231)],"[500, 1000]",0.6666666666666666,188.4230769230769,00:00:00,0.5237499999930151,0.00034916666666201003
Zheng DBSCAN,Ostovar,Atomic_ParallelToSequence_output_ParallelToSequence,300,30.0,"[np.float64(940.5), np.float64(1941.909090909091)]","[999, 1999]",1.0,57.795454545454504,00:00:06,6.319489899993641,0.0021071990330088835
Zheng DBSCAN,Ostovar,Atomic_ParallelToSequence_output_ParallelToSequence,300,60.0,"[np.float64(940.5), np.float64(1941.909090909091)]","[999, 1999]",1.0,57.795454545454504,00:00:06,6.319489899993641,0.0021071990330088835
Zheng DBSCAN,Ostovar,Atomic_ParallelToSequence_output_ParallelToSequence,300,90.0,"[np.float64(940.5), np.float64(1941.909090909091)]","[999, 1999]",1.0,57.795454545454504,00:00:06,6.319489899993641,0.0021071990330088835
Zheng DBSCAN,Ostovar,Atomic_ParallelToSequence_output_ParallelToSequence,300,120.0,"[np.float64(940.5), np.float64(1941.909090909091)]","[999, 1999]",1.0,57.795454545454504,00:00:06,6.319489899993641,0.0021071990330088835
Zheng DBSCAN,Ostovar,Atomic_ParallelToSequence_output_ParallelToSequence,300,150.0,"[np.float64(940.5), np.float64(1941.909090909091)]","[999, 1999]",1.0,57.795454545454504,00:00:06,6.319489899993641,0.0021071990330088835
Zheng DBSCAN,Ceravolo,sudden_trace_noise15_1000_IOR,500,50.0,[],[499],,,00:00:00,0.2720825000142213,0.0002720825000142213
Zheng DBSCAN,Ceravolo,sudden_trace_noise15_1000_IOR,500,100.0,[],[499],,,00:00:00,0.2720825000142213,0.0002720825000142213
Zheng DBSCAN,Ceravolo,sudden_trace_noise15_1000_IOR,500,150.0,[],[499],,,00:00:00,0.2720825000142213,0.0002720825000142213
Zheng DBSCAN,Ceravolo,sudden_trace_noise15_1000_IOR,500,200.0,[],[499],,,00:00:00,0.2720825000142213,0.0002720825000142213
Zheng DBSCAN,Ceravolo,sudden_trace_noise15_1000_IOR,500,250.0,[],[499],,,00:00:00,0.2720825000142213,0.0002720825000142213
Zheng DBSCAN,Ostovar,Nested_OIR_output_OIR_2,400,40.0,[np.float64(1479.7781132075472)],"[999, 1999]",,,00:00:08,8.858291299984558,0.0029537483494446676
Zheng DBSCAN,Ostovar,Nested_OIR_output_OIR_2,400,80.0,[np.float64(1479.7781132075472)],"[999, 1999]",,,00:00:08,8.858291299984558,0.0029537483494446676
Zheng DBSCAN,Ostovar,Nested_OIR_output_OIR_2,400,120.0,[np.float64(1479.7781132075472)],"[999, 1999]",,,00:00:08,8.858291299984558,0.0029537483494446676
Zheng DBSCAN,Ostovar,Nested_OIR_output_OIR_2,400,160.0,[np.float64(1479.7781132075472)],"[999, 1999]",,,00:00:08,8.858291299984558,0.0029537483494446676
Zheng DBSCAN,Ostovar,Nested_OIR_output_OIR_2,400,200.0,[np.float64(1479.7781132075472)],"[999, 1999]",,,00:00:08,8.858291299984558,0.0029537483494446676
Zheng DBSCAN,AdditionalLogs,recurring_drift_02,500,50.0,"[np.float64(590.4181818181818), np.float64(968.3488372093024), np.float64(1171.6666666666667), np.float64(1263.5), np.float64(1379.0)]","[500, 1000]",0.5714285714285715,61.03467230443971,00:00:00,0.7444054000079632,0.0004962702666719755
Zheng DBSCAN,AdditionalLogs,recurring_drift_02,500,100.0,"[np.float64(778.1941747572815), np.float64(1379.0)]","[500, 1000]",,,00:00:00,0.7444054000079632,0.0004962702666719755
Zheng DBSCAN,AdditionalLogs,recurring_drift_02,500,150.0,[np.float64(783.9711538461538)],"[500, 1000]",,,00:00:00,0.7444054000079632,0.0004962702666719755
Zheng DBSCAN,AdditionalLogs,recurring_drift_02,500,200.0,[np.float64(783.9711538461538)],"[500, 1000]",,,00:00:00,0.7444054000079632,0.0004962702666719755
Zheng DBSCAN,AdditionalLogs,recurring_drift_02,500,250.0,[np.float64(783.9711538461538)],"[500, 1000]",,,00:00:00,0.7444054000079632,0.0004962702666719755
Zheng DBSCAN,Ceravolo,sudden_trace_noise20_1000_ROI,300,30.0,[np.float64(448.5)],[499],1.0,50.5,00:00:00,0.3247743000101764,0.0003247743000101764
Zheng DBSCAN,Ceravolo,sudden_trace_noise20_1000_ROI,300,60.0,[np.float64(448.5)],[499],1.0,50.5,00:00:00,0.3247743000101764,0.0003247743000101764
Zheng DBSCAN,Ceravolo,sudden_trace_noise20_1000_ROI,300,90.0,[np.float64(448.5)],[499],1.0,50.5,00:00:00,0.3247743000101764,0.0003247743000101764
Zheng DBSCAN,Ceravolo,sudden_trace_noise20_1000_ROI,300,120.0,[np.float64(448.5)],[499],1.0,50.5,00:00:00,0.3247743000101764,0.0003247743000101764
Zheng DBSCAN,Ceravolo,sudden_trace_noise20_1000_ROI,300,150.0,[np.float64(448.5)],[499],1.0,50.5,00:00:00,0.3247743000101764,0.0003247743000101764
Zheng DBSCAN,Ceravolo,sudden_trace_noise15_1000_pl,800,80.0,[],[499],,,00:00:00,0.26610040001105517,0.00026610040001105517
Zheng DBSCAN,Ceravolo,sudden_trace_noise15_1000_pl,800,160.0,[],[499],,,00:00:00,0.26610040001105517,0.00026610040001105517
Zheng DBSCAN,Ceravolo,sudden_trace_noise15_1000_pl,800,240.0,[],[499],,,00:00:00,0.26610040001105517,0.00026610040001105517
Zheng DBSCAN,Ceravolo,sudden_trace_noise15_1000_pl,800,320.0,[],[499],,,00:00:00,0.26610040001105517,0.00026610040001105517
Zheng DBSCAN,Ceravolo,sudden_trace_noise15_1000_pl,800,400.0,[],[499],,,00:00:00,0.26610040001105517,0.00026610040001105517
Zheng DBSCAN,Ostovar,Atomic_ParallelRemoval_output_ParallelRemoval,500,50.0,"[np.float64(933.5), np.float64(1940.3333333333333)]","[999, 1999]",1.0,62.08333333333337,00:00:05,5.883443200000329,0.0019618016672225173
Zheng DBSCAN,Ostovar,Atomic_ParallelRemoval_output_ParallelRemoval,500,100.0,"[np.float64(933.5), np.float64(1940.3333333333333)]","[999, 1999]",1.0,62.08333333333337,00:00:05,5.883443200000329,0.0019618016672225173
Zheng DBSCAN,Ostovar,Atomic_ParallelRemoval_output_ParallelRemoval,500,150.0,"[np.float64(933.5), np.float64(1940.3333333333333)]","[999, 1999]",1.0,62.08333333333337,00:00:05,5.883443200000329,0.0019618016672225173
Zheng DBSCAN,Ostovar,Atomic_ParallelRemoval_output_ParallelRemoval,500,200.0,"[np.float64(933.5), np.float64(1940.3333333333333)]","[999, 1999]",1.0,62.08333333333337,00:00:05,5.883443200000329,0.0019618016672225173
Zheng DBSCAN,Ostovar,Atomic_ParallelRemoval_output_ParallelRemoval,500,250.0,"[np.float64(933.5), np.float64(1940.3333333333333)]","[999, 1999]",1.0,62.08333333333337,00:00:05,5.883443200000329,0.0019618016672225173
Zheng DBSCAN,Ceravolo,sudden_trace_noise20_1000_cf,600,60.0,[],[499],,,00:00:00,0.23508150002453476,0.00023508150002453477
Zheng DBSCAN,Ceravolo,sudden_trace_noise20_1000_cf,600,120.0,[],[499],,,00:00:00,0.23508150002453476,0.00023508150002453477
Zheng DBSCAN,Ceravolo,sudden_trace_noise20_1000_cf,600,180.0,[],[499],,,00:00:00,0.23508150002453476,0.00023508150002453477
Zheng DBSCAN,Ceravolo,sudden_trace_noise20_1000_cf,600,240.0,[],[499],,,00:00:00,0.23508150002453476,0.00023508150002453477
Zheng DBSCAN,Ceravolo,sudden_trace_noise20_1000_cf,600,300.0,[],[499],,,00:00:00,0.23508150002453476,0.00023508150002453477
Zheng DBSCAN,Ceravolo,sudden_trace_noise15_1000_re,300,30.0,[np.float64(447.5)],[499],1.0,51.5,00:00:00,0.24424410000210628,0.0002442441000021063
Zheng DBSCAN,Ceravolo,sudden_trace_noise15_1000_re,300,60.0,[np.float64(447.5)],[499],1.0,51.5,00:00:00,0.24424410000210628,0.0002442441000021063
Zheng DBSCAN,Ceravolo,sudden_trace_noise15_1000_re,300,90.0,[np.float64(447.5)],[499],1.0,51.5,00:00:00,0.24424410000210628,0.0002442441000021063
Zheng DBSCAN,Ceravolo,sudden_trace_noise15_1000_re,300,120.0,[np.float64(447.5)],[499],1.0,51.5,00:00:00,0.24424410000210628,0.0002442441000021063
Zheng DBSCAN,Ceravolo,sudden_trace_noise15_1000_re,300,150.0,[np.float64(447.5)],[499],1.0,51.5,00:00:00,0.24424410000210628,0.0002442441000021063
Zheng DBSCAN,Ceravolo,sudden_trace_noise15_1000_cp,500,50.0,[],[499],,,00:00:00,0.20806219999212772,0.00020806219999212772
Zheng DBSCAN,Ceravolo,sudden_trace_noise15_1000_cp,500,100.0,[],[499],,,00:00:00,0.20806219999212772,0.00020806219999212772
Zheng DBSCAN,Ceravolo,sudden_trace_noise15_1000_cp,500,150.0,[],[499],,,00:00:00,0.20806219999212772,0.00020806219999212772
Zheng DBSCAN,Ceravolo,sudden_trace_noise15_1000_cp,500,200.0,[],[499],,,00:00:00,0.20806219999212772,0.00020806219999212772
Zheng DBSCAN,Ceravolo,sudden_trace_noise15_1000_cp,500,250.0,[],[499],,,00:00:00,0.20806219999212772,0.00020806219999212772
Zheng DBSCAN,AdditionalLogs,sudden_drift_04,700,70.0,"[np.float64(849.0), np.float64(1020.2222222222222), np.float64(1186.0), np.float64(1492.0)]","[500, 1000]",0.3333333333333333,20.22222222222217,00:00:00,0.6906634000188205,0.0004604422666792137
Zheng DBSCAN,AdditionalLogs,sudden_drift_04,700,140.0,"[np.float64(1019.95), np.float64(1492.0)]","[500, 1000]",0.5,19.950000000000045,00:00:00,0.6906634000188205,0.0004604422666792137
Zheng DBSCAN,AdditionalLogs,sudden_drift_04,700,210.0,"[np.float64(1019.95), np.float64(1492.0)]","[500, 1000]",0.5,19.950000000000045,00:00:00,0.6906634000188205,0.0004604422666792137
Zheng DBSCAN,AdditionalLogs,sudden_drift_04,700,280.0,"[np.float64(1019.95), np.float64(1492.0)]","[500, 1000]",0.5,19.950000000000045,00:00:00,0.6906634000188205,0.0004604422666792137
Zheng DBSCAN,AdditionalLogs,sudden_drift_04,700,350.0,[],"[500, 1000]",,,00:00:00,0.6906634000188205,0.0004604422666792137
Zheng DBSCAN,Ostovar,Composite_ORI_output_ORI,300,30.0,"[np.float64(743.0), np.float64(839.0), np.float64(916.8), np.float64(1823.6666666666667), np.float64(1906.888888888889)]","[999, 1999]",0.5714285714285715,87.15555555555557,00:00:07,7.0439427999954205,0.002348763854616679
Zheng DBSCAN,Ostovar,Composite_ORI_output_ORI,300,60.0,"[np.float64(743.0), np.float64(909.7272727272727), np.float64(1886.0833333333333)]","[999, 1999]",0.8,101.094696969697,00:00:07,7.0439427999954205,0.002348763854616679
Zheng DBSCAN,Ostovar,Composite_ORI_output_ORI,300,90.0,"[np.float64(743.0), np.float64(909.7272727272727), np.float64(1886.0833333333333)]","[999, 1999]",0.8,101.094696969697,00:00:07,7.0439427999954205,0.002348763854616679
Zheng DBSCAN,Ostovar,Composite_ORI_output_ORI,300,120.0,"[np.float64(895.8333333333334), np.float64(1886.0833333333333)]","[999, 1999]",1.0,108.04166666666669,00:00:07,7.0439427999954205,0.002348763854616679
Zheng DBSCAN,Ostovar,Composite_ORI_output_ORI,300,150.0,"[np.float64(895.8333333333334), np.float64(1886.0833333333333)]","[999, 1999]",1.0,108.04166666666669,00:00:07,7.0439427999954205,0.002348763854616679
Zheng DBSCAN,Ostovar,Composite_ROI_output_ROI,300,30.0,"[np.float64(940.25), np.float64(1936.6923076923076)]","[999, 1999]",1.0,60.52884615384619,00:00:07,7.417083100008313,0.0024731854284789304
Zheng DBSCAN,Ostovar,Composite_ROI_output_ROI,300,60.0,"[np.float64(940.25), np.float64(1936.6923076923076)]","[999, 1999]",1.0,60.52884615384619,00:00:07,7.417083100008313,0.0024731854284789304
Zheng DBSCAN,Ostovar,Composite_ROI_output_ROI,300,90.0,"[np.float64(940.25), np.float64(1936.6923076923076)]","[999, 1999]",1.0,60.52884615384619,00:00:07,7.417083100008313,0.0024731854284789304
Zheng DBSCAN,Ostovar,Composite_ROI_output_ROI,300,120.0,"[np.float64(940.25), np.float64(1936.6923076923076)]","[999, 1999]",1.0,60.52884615384619,00:00:07,7.417083100008313,0.0024731854284789304
Zheng DBSCAN,Ostovar,Composite_ROI_output_ROI,300,150.0,"[np.float64(940.25), np.float64(1936.6923076923076)]","[999, 1999]",1.0,60.52884615384619,00:00:07,7.417083100008313,0.0024731854284789304
Zheng DBSCAN,Ceravolo,sudden_trace_noise20_1000_ROI,600,60.0,[],[499],,,00:00:00,0.23663539998233318,0.00023663539998233318
Zheng DBSCAN,Ceravolo,sudden_trace_noise20_1000_ROI,600,120.0,[],[499],,,00:00:00,0.23663539998233318,0.00023663539998233318
Zheng DBSCAN,Ceravolo,sudden_trace_noise20_1000_ROI,600,180.0,[],[499],,,00:00:00,0.23663539998233318,0.00023663539998233318
Zheng DBSCAN,Ceravolo,sudden_trace_noise20_1000_ROI,600,240.0,[],[499],,,00:00:00,0.23663539998233318,0.00023663539998233318
Zheng DBSCAN,Ceravolo,sudden_trace_noise20_1000_ROI,600,300.0,[],[499],,,00:00:00,0.23663539998233318,0.00023663539998233318
Zheng DBSCAN,Ceravolo,sudden_trace_noise0_1000_IRO,800,80.0,[],[499],,,00:00:00,0.2754261999798473,0.0002754261999798473
Zheng DBSCAN,Ceravolo,sudden_trace_noise0_1000_IRO,800,160.0,[],[499],,,00:00:00,0.2754261999798473,0.0002754261999798473
Zheng DBSCAN,Ceravolo,sudden_trace_noise0_1000_IRO,800,240.0,[],[499],,,00:00:00,0.2754261999798473,0.0002754261999798473
Zheng DBSCAN,Ceravolo,sudden_trace_noise0_1000_IRO,800,320.0,[],[499],,,00:00:00,0.2754261999798473,0.0002754261999798473
Zheng DBSCAN,Ceravolo,sudden_trace_noise0_1000_IRO,800,400.0,[],[499],,,00:00:00,0.2754261999798473,0.0002754261999798473
Zheng DBSCAN,Ostovar,Composite_OIR_output_OIR,800,80.0,"[np.float64(943.2380952380952), np.float64(1930.1176470588234)]","[999, 1999]",1.0,62.3221288515407,00:00:07,7.111493200005498,0.0023712881627227403
Zheng DBSCAN,Ostovar,Composite_OIR_output_OIR,800,160.0,"[np.float64(943.2380952380952), np.float64(1930.1176470588234)]","[999, 1999]",1.0,62.3221288515407,00:00:07,7.111493200005498,0.0023712881627227403
Zheng DBSCAN,Ostovar,Composite_OIR_output_OIR,800,240.0,"[np.float64(943.2380952380952), np.float64(1930.1176470588234)]","[999, 1999]",1.0,62.3221288515407,00:00:07,7.111493200005498,0.0023712881627227403
Zheng DBSCAN,Ostovar,Composite_OIR_output_OIR,800,320.0,"[np.float64(943.2380952380952), np.float64(1930.1176470588234)]","[999, 1999]",1.0,62.3221288515407,00:00:07,7.111493200005498,0.0023712881627227403
Zheng DBSCAN,Ostovar,Composite_OIR_output_OIR,800,400.0,"[np.float64(943.2380952380952), np.float64(1930.1176470588234)]","[999, 1999]",1.0,62.3221288515407,00:00:07,7.111493200005498,0.0023712881627227403
Zheng DBSCAN,Ostovar,Atomic_ParallelRemoval_output_ParallelRemoval_2,600,60.0,[np.float64(1500.4195612431445)],"[999, 1999]",,,00:00:07,7.855573400011053,0.002619397599203419
Zheng DBSCAN,Ostovar,Atomic_ParallelRemoval_output_ParallelRemoval_2,600,120.0,[np.float64(1500.4195612431445)],"[999, 1999]",,,00:00:07,7.855573400011053,0.002619397599203419
Zheng DBSCAN,Ostovar,Atomic_ParallelRemoval_output_ParallelRemoval_2,600,180.0,[np.float64(1500.4195612431445)],"[999, 1999]",,,00:00:07,7.855573400011053,0.002619397599203419
Zheng DBSCAN,Ostovar,Atomic_ParallelRemoval_output_ParallelRemoval_2,600,240.0,[np.float64(1500.4195612431445)],"[999, 1999]",,,00:00:07,7.855573400011053,0.002619397599203419
Zheng DBSCAN,Ostovar,Atomic_ParallelRemoval_output_ParallelRemoval_2,600,300.0,[np.float64(1500.4195612431445)],"[999, 1999]",,,00:00:07,7.855573400011053,0.002619397599203419
Zheng DBSCAN,Ceravolo,sudden_trace_noise20_1000_lp,400,40.0,[np.float64(448.0)],[499],1.0,51.0,00:00:00,0.26123869998264126,0.00026123869998264125
Zheng DBSCAN,Ceravolo,sudden_trace_noise20_1000_lp,400,80.0,[np.float64(448.0)],[499],1.0,51.0,00:00:00,0.26123869998264126,0.00026123869998264125
Zheng DBSCAN,Ceravolo,sudden_trace_noise20_1000_lp,400,120.0,[np.float64(448.0)],[499],1.0,51.0,00:00:00,0.26123869998264126,0.00026123869998264125
Zheng DBSCAN,Ceravolo,sudden_trace_noise20_1000_lp,400,160.0,[np.float64(448.0)],[499],1.0,51.0,00:00:00,0.26123869998264126,0.00026123869998264125
Zheng DBSCAN,Ceravolo,sudden_trace_noise20_1000_lp,400,200.0,[np.float64(448.0)],[499],1.0,51.0,00:00:00,0.26123869998264126,0.00026123869998264125
Zheng DBSCAN,AdditionalLogs,recurring_drift_03,800,80.0,"[np.float64(911.0), np.float64(1161.0), np.float64(1377.0)]","[500, 1000]",0.4,89.0,00:00:00,0.5448557999916375,0.00036323719999442497
Zheng DBSCAN,AdditionalLogs,recurring_drift_03,800,160.0,"[np.float64(911.0), np.float64(1161.0), np.float64(1377.0)]","[500, 1000]",0.4,89.0,00:00:00,0.5448557999916375,0.00036323719999442497
Zheng DBSCAN,AdditionalLogs,recurring_drift_03,800,240.0,[np.float64(1305.0)],"[500, 1000]",,,00:00:00,0.5448557999916375,0.00036323719999442497
Zheng DBSCAN,AdditionalLogs,recurring_drift_03,800,320.0,[np.float64(1023.5)],"[500, 1000]",0.6666666666666666,23.5,00:00:00,0.5448557999916375,0.00036323719999442497
Zheng DBSCAN,AdditionalLogs,recurring_drift_03,800,400.0,[],"[500, 1000]",,,00:00:00,0.5448557999916375,0.00036323719999442497
Zheng DBSCAN,Ostovar,Composite_ROI_output_ROI_5,800,80.0,[np.float64(1509.8132841328413)],"[999, 1999]",,,00:00:08,8.428362899983767,0.0028103910970269314
Zheng DBSCAN,Ostovar,Composite_ROI_output_ROI_5,800,160.0,[np.float64(1509.8132841328413)],"[999, 1999]",,,00:00:08,8.428362899983767,0.0028103910970269314
Zheng DBSCAN,Ostovar,Composite_ROI_output_ROI_5,800,240.0,[np.float64(1509.8132841328413)],"[999, 1999]",,,00:00:08,8.428362899983767,0.0028103910970269314
Zheng DBSCAN,Ostovar,Composite_ROI_output_ROI_5,800,320.0,[np.float64(1509.8132841328413)],"[999, 1999]",,,00:00:08,8.428362899983767,0.0028103910970269314
Zheng DBSCAN,Ostovar,Composite_ROI_output_ROI_5,800,400.0,[np.float64(1509.8132841328413)],"[999, 1999]",,,00:00:08,8.428362899983767,0.0028103910970269314
Zheng DBSCAN,Ceravolo,sudden_trace_noise5_1000_pm,500,50.0,[],[499],,,00:00:00,0.26583419999224134,0.00026583419999224136
Zheng DBSCAN,Ceravolo,sudden_trace_noise5_1000_pm,500,100.0,[],[499],,,00:00:00,0.26583419999224134,0.00026583419999224136
Zheng DBSCAN,Ceravolo,sudden_trace_noise5_1000_pm,500,150.0,[],[499],,,00:00:00,0.26583419999224134,0.00026583419999224136
Zheng DBSCAN,Ceravolo,sudden_trace_noise5_1000_pm,500,200.0,[],[499],,,00:00:00,0.26583419999224134,0.00026583419999224136
Zheng DBSCAN,Ceravolo,sudden_trace_noise5_1000_pm,500,250.0,[],[499],,,00:00:00,0.26583419999224134,0.00026583419999224136
Zheng DBSCAN,Ostovar,Atomic_Loop_output_Loop_2,500,50.0,[np.float64(1478.5391084945331)],"[999, 1999]",,,00:00:07,7.027768900006777,0.0023433707569212327
Zheng DBSCAN,Ostovar,Atomic_Loop_output_Loop_2,500,100.0,[np.float64(1478.5391084945331)],"[999, 1999]",,,00:00:07,7.027768900006777,0.0023433707569212327
Zheng DBSCAN,Ostovar,Atomic_Loop_output_Loop_2,500,150.0,[np.float64(1478.5391084945331)],"[999, 1999]",,,00:00:07,7.027768900006777,0.0023433707569212327
Zheng DBSCAN,Ostovar,Atomic_Loop_output_Loop_2,500,200.0,[np.float64(1478.5391084945331)],"[999, 1999]",,,00:00:07,7.027768900006777,0.0023433707569212327
Zheng DBSCAN,Ostovar,Atomic_Loop_output_Loop_2,500,250.0,[np.float64(1478.5391084945331)],"[999, 1999]",,,00:00:07,7.027768900006777,0.0023433707569212327
Zheng DBSCAN,Ceravolo,sudden_trace_noise0_1000_cp,300,30.0,[np.float64(449.0)],[499],1.0,50.0,00:00:00,0.25818199999048375,0.00025818199999048377
Zheng DBSCAN,Ceravolo,sudden_trace_noise0_1000_cp,300,60.0,[np.float64(449.0)],[499],1.0,50.0,00:00:00,0.25818199999048375,0.00025818199999048377
Zheng DBSCAN,Ceravolo,sudden_trace_noise0_1000_cp,300,90.0,[np.float64(449.0)],[499],1.0,50.0,00:00:00,0.25818199999048375,0.00025818199999048377
Zheng DBSCAN,Ceravolo,sudden_trace_noise0_1000_cp,300,120.0,[np.float64(449.0)],[499],1.0,50.0,00:00:00,0.25818199999048375,0.00025818199999048377
Zheng DBSCAN,Ceravolo,sudden_trace_noise0_1000_cp,300,150.0,[np.float64(449.0)],[499],1.0,50.0,00:00:00,0.25818199999048375,0.00025818199999048377
Zheng DBSCAN,Ceravolo,sudden_trace_noise10_1000_cb,600,60.0,[],[499],,,00:00:00,0.2547506999981124,0.0002547506999981124
Zheng DBSCAN,Ceravolo,sudden_trace_noise10_1000_cb,600,120.0,[],[499],,,00:00:00,0.2547506999981124,0.0002547506999981124
Zheng DBSCAN,Ceravolo,sudden_trace_noise10_1000_cb,600,180.0,[],[499],,,00:00:00,0.2547506999981124,0.0002547506999981124
Zheng DBSCAN,Ceravolo,sudden_trace_noise10_1000_cb,600,240.0,[],[499],,,00:00:00,0.2547506999981124,0.0002547506999981124
Zheng DBSCAN,Ceravolo,sudden_trace_noise10_1000_cb,600,300.0,[],[499],,,00:00:00,0.2547506999981124,0.0002547506999981124
Zheng DBSCAN,Ceravolo,sudden_trace_noise5_1000_sw,300,30.0,[np.float64(451.3333333333333)],[499],1.0,47.666666666666686,00:00:00,0.24779969998053275,0.00024779969998053273
Zheng DBSCAN,Ceravolo,sudden_trace_noise5_1000_sw,300,60.0,[np.float64(451.3333333333333)],[499],1.0,47.666666666666686,00:00:00,0.24779969998053275,0.00024779969998053273
Zheng DBSCAN,Ceravolo,sudden_trace_noise5_1000_sw,300,90.0,[np.float64(451.3333333333333)],[499],1.0,47.666666666666686,00:00:00,0.24779969998053275,0.00024779969998053273
Zheng DBSCAN,Ceravolo,sudden_trace_noise5_1000_sw,300,120.0,[np.float64(451.3333333333333)],[499],1.0,47.666666666666686,00:00:00,0.24779969998053275,0.00024779969998053273
Zheng DBSCAN,Ceravolo,sudden_trace_noise5_1000_sw,300,150.0,[np.float64(451.3333333333333)],[499],1.0,47.666666666666686,00:00:00,0.24779969998053275,0.00024779969998053273
Zheng DBSCAN,Ceravolo,sudden_trace_noise5_1000_lp,300,30.0,[np.float64(448.0)],[499],1.0,51.0,00:00:00,0.25733339998987503,0.00025733339998987504
Zheng DBSCAN,Ceravolo,sudden_trace_noise5_1000_lp,300,60.0,[np.float64(448.0)],[499],1.0,51.0,00:00:00,0.25733339998987503,0.00025733339998987504
Zheng DBSCAN,Ceravolo,sudden_trace_noise5_1000_lp,300,90.0,[np.float64(448.0)],[499],1.0,51.0,00:00:00,0.25733339998987503,0.00025733339998987504
Zheng DBSCAN,Ceravolo,sudden_trace_noise5_1000_lp,300,120.0,[np.float64(448.0)],[499],1.0,51.0,00:00:00,0.25733339998987503,0.00025733339998987504
Zheng DBSCAN,Ceravolo,sudden_trace_noise5_1000_lp,300,150.0,[np.float64(448.0)],[499],1.0,51.0,00:00:00,0.25733339998987503,0.00025733339998987504
Zheng DBSCAN,Ostovar,Composite_IRO_output_IRO_5,400,40.0,[np.float64(1491.8401179941002)],"[999, 1999]",,,00:00:08,8.891195200005313,0.0029647199733262132
Zheng DBSCAN,Ostovar,Composite_IRO_output_IRO_5,400,80.0,[np.float64(1491.8401179941002)],"[999, 1999]",,,00:00:08,8.891195200005313,0.0029647199733262132
Zheng DBSCAN,Ostovar,Composite_IRO_output_IRO_5,400,120.0,[np.float64(1491.8401179941002)],"[999, 1999]",,,00:00:08,8.891195200005313,0.0029647199733262132
Zheng DBSCAN,Ostovar,Composite_IRO_output_IRO_5,400,160.0,[np.float64(1491.8401179941002)],"[999, 1999]",,,00:00:08,8.891195200005313,0.0029647199733262132
Zheng DBSCAN,Ostovar,Composite_IRO_output_IRO_5,400,200.0,[np.float64(1491.8401179941002)],"[999, 1999]",,,00:00:08,8.891195200005313,0.0029647199733262132
Zheng DBSCAN,Ostovar,Atomic_Skip_output_Skip,600,60.0,"[np.float64(919.0), np.float64(1952.0)]","[999, 1999]",1.0,63.5,00:00:05,5.810786499991082,0.001937574691560881
Zheng DBSCAN,Ostovar,Atomic_Skip_output_Skip,600,120.0,"[np.float64(919.0), np.float64(1952.0)]","[999, 1999]",1.0,63.5,00:00:05,5.810786499991082,0.001937574691560881
Zheng DBSCAN,Ostovar,Atomic_Skip_output_Skip,600,180.0,"[np.float64(919.0), np.float64(1952.0)]","[999, 1999]",1.0,63.5,00:00:05,5.810786499991082,0.001937574691560881
Zheng DBSCAN,Ostovar,Atomic_Skip_output_Skip,600,240.0,"[np.float64(919.0), np.float64(1952.0)]","[999, 1999]",1.0,63.5,00:00:05,5.810786499991082,0.001937574691560881
Zheng DBSCAN,Ostovar,Atomic_Skip_output_Skip,600,300.0,"[np.float64(919.0), np.float64(1952.0)]","[999, 1999]",1.0,63.5,00:00:05,5.810786499991082,0.001937574691560881
Zheng DBSCAN,Ostovar,Atomic_ConditionalRemoval_output_ConditionalRemoval_2,600,60.0,[np.float64(1505.2334241598546)],"[999, 1999]",,,00:00:07,7.43407649997971,0.0024788517839212103
Zheng DBSCAN,Ostovar,Atomic_ConditionalRemoval_output_ConditionalRemoval_2,600,120.0,[np.float64(1505.2334241598546)],"[999, 1999]",,,00:00:07,7.43407649997971,0.0024788517839212103
Zheng DBSCAN,Ostovar,Atomic_ConditionalRemoval_output_ConditionalRemoval_2,600,180.0,[np.float64(1505.2334241598546)],"[999, 1999]",,,00:00:07,7.43407649997971,0.0024788517839212103
Zheng DBSCAN,Ostovar,Atomic_ConditionalRemoval_output_ConditionalRemoval_2,600,240.0,[np.float64(1505.2334241598546)],"[999, 1999]",,,00:00:07,7.43407649997971,0.0024788517839212103
Zheng DBSCAN,Ostovar,Atomic_ConditionalRemoval_output_ConditionalRemoval_2,600,300.0,[np.float64(1505.2334241598546)],"[999, 1999]",,,00:00:07,7.43407649997971,0.0024788517839212103
Zheng DBSCAN,Ostovar,Atomic_SerialRemoval_output_SerialRemoval_2,500,50.0,[np.float64(1487.7374784110536)],"[999, 1999]",,,00:00:07,7.187098099995637,0.0023964981993983454
Zheng DBSCAN,Ostovar,Atomic_SerialRemoval_output_SerialRemoval_2,500,100.0,[np.float64(1487.7374784110536)],"[999, 1999]",,,00:00:07,7.187098099995637,0.0023964981993983454
Zheng DBSCAN,Ostovar,Atomic_SerialRemoval_output_SerialRemoval_2,500,150.0,[np.float64(1487.7374784110536)],"[999, 1999]",,,00:00:07,7.187098099995637,0.0023964981993983454
Zheng DBSCAN,Ostovar,Atomic_SerialRemoval_output_SerialRemoval_2,500,200.0,[np.float64(1487.7374784110536)],"[999, 1999]",,,00:00:07,7.187098099995637,0.0023964981993983454
Zheng DBSCAN,Ostovar,Atomic_SerialRemoval_output_SerialRemoval_2,500,250.0,[np.float64(1487.7374784110536)],"[999, 1999]",,,00:00:07,7.187098099995637,0.0023964981993983454
Zheng DBSCAN,Ostovar,Nested_IRO_output_IRO,400,40.0,"[np.float64(721.0), np.float64(883.2), np.float64(1891.3684210526317)]","[999, 1999]",0.8,111.71578947368414,00:00:09,9.00986359998933,0.0030042892964285864
Zheng DBSCAN,Ostovar,Nested_IRO_output_IRO,400,80.0,"[np.float64(873.0625), np.float64(1891.3684210526317)]","[999, 1999]",1.0,116.78453947368416,00:00:09,9.00986359998933,0.0030042892964285864
Zheng DBSCAN,Ostovar,Nested_IRO_output_IRO,400,120.0,"[np.float64(873.0625), np.float64(1891.3684210526317)]","[999, 1999]",1.0,116.78453947368416,00:00:09,9.00986359998933,0.0030042892964285864
Zheng DBSCAN,Ostovar,Nested_IRO_output_IRO,400,160.0,"[np.float64(873.0625), np.float64(1891.3684210526317)]","[999, 1999]",1.0,116.78453947368416,00:00:09,9.00986359998933,0.0030042892964285864
Zheng DBSCAN,Ostovar,Nested_IRO_output_IRO,400,200.0,"[np.float64(873.0625), np.float64(1891.3684210526317)]","[999, 1999]",1.0,116.78453947368416,00:00:09,9.00986359998933,0.0030042892964285864
Zheng DBSCAN,Ceravolo,sudden_trace_noise5_1000_ROI,300,30.0,[np.float64(448.5)],[499],1.0,50.5,00:00:00,0.29542599999695085,0.00029542599999695084
Zheng DBSCAN,Ceravolo,sudden_trace_noise5_1000_ROI,300,60.0,[np.float64(448.5)],[499],1.0,50.5,00:00:00,0.29542599999695085,0.00029542599999695084
Zheng DBSCAN,Ceravolo,sudden_trace_noise5_1000_ROI,300,90.0,[np.float64(448.5)],[499],1.0,50.5,00:00:00,0.29542599999695085,0.00029542599999695084
Zheng DBSCAN,Ceravolo,sudden_trace_noise5_1000_ROI,300,120.0,[np.float64(448.5)],[499],1.0,50.5,00:00:00,0.29542599999695085,0.00029542599999695084
Zheng DBSCAN,Ceravolo,sudden_trace_noise5_1000_ROI,300,150.0,[np.float64(448.5)],[499],1.0,50.5,00:00:00,0.29542599999695085,0.00029542599999695084
Zheng DBSCAN,Ostovar,Atomic_ParallelRemoval_output_ParallelRemoval,800,80.0,"[np.float64(933.5), np.float64(1940.3333333333333)]","[999, 1999]",1.0,62.08333333333337,00:00:05,5.969698499975493,0.0019905630209988306
Zheng DBSCAN,Ostovar,Atomic_ParallelRemoval_output_ParallelRemoval,800,160.0,"[np.float64(933.5), np.float64(1940.3333333333333)]","[999, 1999]",1.0,62.08333333333337,00:00:05,5.969698499975493,0.0019905630209988306
Zheng DBSCAN,Ostovar,Atomic_ParallelRemoval_output_ParallelRemoval,800,240.0,"[np.float64(933.5), np.float64(1940.3333333333333)]","[999, 1999]",1.0,62.08333333333337,00:00:05,5.969698499975493,0.0019905630209988306
Zheng DBSCAN,Ostovar,Atomic_ParallelRemoval_output_ParallelRemoval,800,320.0,"[np.float64(933.5), np.float64(1940.3333333333333)]","[999, 1999]",1.0,62.08333333333337,00:00:05,5.969698499975493,0.0019905630209988306
Zheng DBSCAN,Ostovar,Atomic_ParallelRemoval_output_ParallelRemoval,800,400.0,"[np.float64(933.5), np.float64(1940.3333333333333)]","[999, 1999]",1.0,62.08333333333337,00:00:05,5.969698499975493,0.0019905630209988306
Zheng DBSCAN,Ceravolo,sudden_trace_noise10_1000_IOR,500,50.0,[],[499],,,00:00:00,0.30370400001993403,0.00030370400001993405
Zheng DBSCAN,Ceravolo,sudden_trace_noise10_1000_IOR,500,100.0,[],[499],,,00:00:00,0.30370400001993403,0.00030370400001993405
Zheng DBSCAN,Ceravolo,sudden_trace_noise10_1000_IOR,500,150.0,[],[499],,,00:00:00,0.30370400001993403,0.00030370400001993405
Zheng DBSCAN,Ceravolo,sudden_trace_noise10_1000_IOR,500,200.0,[],[499],,,00:00:00,0.30370400001993403,0.00030370400001993405
Zheng DBSCAN,Ceravolo,sudden_trace_noise10_1000_IOR,500,250.0,[],[499],,,00:00:00,0.30370400001993403,0.00030370400001993405
Zheng DBSCAN,Ceravolo,sudden_trace_noise15_1000_cd,400,40.0,[],[499],,,00:00:00,0.285664099996211,0.000285664099996211
Zheng DBSCAN,Ceravolo,sudden_trace_noise15_1000_cd,400,80.0,[],[499],,,00:00:00,0.285664099996211,0.000285664099996211
Zheng DBSCAN,Ceravolo,sudden_trace_noise15_1000_cd,400,120.0,[],[499],,,00:00:00,0.285664099996211,0.000285664099996211
Zheng DBSCAN,Ceravolo,sudden_trace_noise15_1000_cd,400,160.0,[],[499],,,00:00:00,0.285664099996211,0.000285664099996211
Zheng DBSCAN,Ceravolo,sudden_trace_noise15_1000_cd,400,200.0,[],[499],,,00:00:00,0.285664099996211,0.000285664099996211
Zheng DBSCAN,Ceravolo,sudden_trace_noise5_1000_cf,400,40.0,[np.float64(447.0)],[499],1.0,52.0,00:00:00,0.2262961000087671,0.0002262961000087671
Zheng DBSCAN,Ceravolo,sudden_trace_noise5_1000_cf,400,80.0,[np.float64(447.0)],[499],1.0,52.0,00:00:00,0.2262961000087671,0.0002262961000087671
Zheng DBSCAN,Ceravolo,sudden_trace_noise5_1000_cf,400,120.0,[np.float64(447.0)],[499],1.0,52.0,00:00:00,0.2262961000087671,0.0002262961000087671
Zheng DBSCAN,Ceravolo,sudden_trace_noise5_1000_cf,400,160.0,[np.float64(447.0)],[499],1.0,52.0,00:00:00,0.2262961000087671,0.0002262961000087671
Zheng DBSCAN,Ceravolo,sudden_trace_noise5_1000_cf,400,200.0,[np.float64(447.0)],[499],1.0,52.0,00:00:00,0.2262961000087671,0.0002262961000087671
Zheng DBSCAN,Ceravolo,sudden_trace_noise20_1000_RIO,500,50.0,[],[499],,,00:00:00,0.26333650000742637,0.0002633365000074264
Zheng DBSCAN,Ceravolo,sudden_trace_noise20_1000_RIO,500,100.0,[],[499],,,00:00:00,0.26333650000742637,0.0002633365000074264
Zheng DBSCAN,Ceravolo,sudden_trace_noise20_1000_RIO,500,150.0,[],[499],,,00:00:00,0.26333650000742637,0.0002633365000074264
Zheng DBSCAN,Ceravolo,sudden_trace_noise20_1000_RIO,500,200.0,[],[499],,,00:00:00,0.26333650000742637,0.0002633365000074264
Zheng DBSCAN,Ceravolo,sudden_trace_noise20_1000_RIO,500,250.0,[],[499],,,00:00:00,0.26333650000742637,0.0002633365000074264
Zheng DBSCAN,Ostovar,Atomic_ParallelToSequence_output_ParallelToSequence_2,700,70.0,[np.float64(1522.2140221402215)],"[999, 1999]",,,00:00:07,7.969941999996081,0.002657533177724602
Zheng DBSCAN,Ostovar,Atomic_ParallelToSequence_output_ParallelToSequence_2,700,140.0,[np.float64(1522.2140221402215)],"[999, 1999]",,,00:00:07,7.969941999996081,0.002657533177724602
Zheng DBSCAN,Ostovar,Atomic_ParallelToSequence_output_ParallelToSequence_2,700,210.0,[np.float64(1522.2140221402215)],"[999, 1999]",,,00:00:07,7.969941999996081,0.002657533177724602
Zheng DBSCAN,Ostovar,Atomic_ParallelToSequence_output_ParallelToSequence_2,700,280.0,[np.float64(1522.2140221402215)],"[999, 1999]",,,00:00:07,7.969941999996081,0.002657533177724602
Zheng DBSCAN,Ostovar,Atomic_ParallelToSequence_output_ParallelToSequence_2,700,350.0,[np.float64(1522.2140221402215)],"[999, 1999]",,,00:00:07,7.969941999996081,0.002657533177724602
Zheng DBSCAN,Ceravolo,sudden_trace_noise10_1000_pl,600,60.0,[],[499],,,00:00:00,0.29703620000509545,0.00029703620000509547
Zheng DBSCAN,Ceravolo,sudden_trace_noise10_1000_pl,600,120.0,[],[499],,,00:00:00,0.29703620000509545,0.00029703620000509547
Zheng DBSCAN,Ceravolo,sudden_trace_noise10_1000_pl,600,180.0,[],[499],,,00:00:00,0.29703620000509545,0.00029703620000509547
Zheng DBSCAN,Ceravolo,sudden_trace_noise10_1000_pl,600,240.0,[],[499],,,00:00:00,0.29703620000509545,0.00029703620000509547
Zheng DBSCAN,Ceravolo,sudden_trace_noise10_1000_pl,600,300.0,[],[499],,,00:00:00,0.29703620000509545,0.00029703620000509547
Zheng DBSCAN,Ostovar,Composite_RIO_output_RIO_2,400,40.0,[np.float64(1495.1245311327832)],"[999, 1999]",,,00:00:08,8.397524400003022,0.0028001081693908043
Zheng DBSCAN,Ostovar,Composite_RIO_output_RIO_2,400,80.0,[np.float64(1495.1245311327832)],"[999, 1999]",,,00:00:08,8.397524400003022,0.0028001081693908043
Zheng DBSCAN,Ostovar,Composite_RIO_output_RIO_2,400,120.0,[np.float64(1495.1245311327832)],"[999, 1999]",,,00:00:08,8.397524400003022,0.0028001081693908043
Zheng DBSCAN,Ostovar,Composite_RIO_output_RIO_2,400,160.0,[np.float64(1495.1245311327832)],"[999, 1999]",,,00:00:08,8.397524400003022,0.0028001081693908043
Zheng DBSCAN,Ostovar,Composite_RIO_output_RIO_2,400,200.0,[np.float64(1495.1245311327832)],"[999, 1999]",,,00:00:08,8.397524400003022,0.0028001081693908043
Zheng DBSCAN,Ceravolo,sudden_trace_noise5_1000_ROI,700,70.0,[],[499],,,00:00:00,0.3250838999811094,0.00032508389998110943
Zheng DBSCAN,Ceravolo,sudden_trace_noise5_1000_ROI,700,140.0,[],[499],,,00:00:00,0.3250838999811094,0.00032508389998110943
Zheng DBSCAN,Ceravolo,sudden_trace_noise5_1000_ROI,700,210.0,[],[499],,,00:00:00,0.3250838999811094,0.00032508389998110943
Zheng DBSCAN,Ceravolo,sudden_trace_noise5_1000_ROI,700,280.0,[],[499],,,00:00:00,0.3250838999811094,0.00032508389998110943
Zheng DBSCAN,Ceravolo,sudden_trace_noise5_1000_ROI,700,350.0,[],[499],,,00:00:00,0.3250838999811094,0.00032508389998110943
Zheng DBSCAN,Ostovar,Composite_OIR_output_OIR,300,30.0,"[np.float64(943.2380952380952), np.float64(1930.1176470588234)]","[999, 1999]",1.0,62.3221288515407,00:00:06,6.964323399995919,0.0023222152050669954
Zheng DBSCAN,Ostovar,Composite_OIR_output_OIR,300,60.0,"[np.float64(943.2380952380952), np.float64(1930.1176470588234)]","[999, 1999]",1.0,62.3221288515407,00:00:06,6.964323399995919,0.0023222152050669954
Zheng DBSCAN,Ostovar,Composite_OIR_output_OIR,300,90.0,"[np.float64(943.2380952380952), np.float64(1930.1176470588234)]","[999, 1999]",1.0,62.3221288515407,00:00:06,6.964323399995919,0.0023222152050669954
Zheng DBSCAN,Ostovar,Composite_OIR_output_OIR,300,120.0,"[np.float64(943.2380952380952), np.float64(1930.1176470588234)]","[999, 1999]",1.0,62.3221288515407,00:00:06,6.964323399995919,0.0023222152050669954
Zheng DBSCAN,Ostovar,Composite_OIR_output_OIR,300,150.0,"[np.float64(943.2380952380952), np.float64(1930.1176470588234)]","[999, 1999]",1.0,62.3221288515407,00:00:06,6.964323399995919,0.0023222152050669954
Zheng DBSCAN,Ceravolo,sudden_trace_noise20_1000_IRO,500,50.0,[],[499],,,00:00:00,0.3038615999976173,0.0003038615999976173
Zheng DBSCAN,Ceravolo,sudden_trace_noise20_1000_IRO,500,100.0,[],[499],,,00:00:00,0.3038615999976173,0.0003038615999976173
Zheng DBSCAN,Ceravolo,sudden_trace_noise20_1000_IRO,500,150.0,[],[499],,,00:00:00,0.3038615999976173,0.0003038615999976173
Zheng DBSCAN,Ceravolo,sudden_trace_noise20_1000_IRO,500,200.0,[],[499],,,00:00:00,0.3038615999976173,0.0003038615999976173
Zheng DBSCAN,Ceravolo,sudden_trace_noise20_1000_IRO,500,250.0,[],[499],,,00:00:00,0.3038615999976173,0.0003038615999976173
Zheng DBSCAN,Ostovar,Atomic_ParallelRemoval_output_ParallelRemoval,700,70.0,"[np.float64(933.5), np.float64(1940.3333333333333)]","[999, 1999]",1.0,62.08333333333337,00:00:05,5.966077799996128,0.0019893557185715668
Zheng DBSCAN,Ostovar,Atomic_ParallelRemoval_output_ParallelRemoval,700,140.0,"[np.float64(933.5), np.float64(1940.3333333333333)]","[999, 1999]",1.0,62.08333333333337,00:00:05,5.966077799996128,0.0019893557185715668
Zheng DBSCAN,Ostovar,Atomic_ParallelRemoval_output_ParallelRemoval,700,210.0,"[np.float64(933.5), np.float64(1940.3333333333333)]","[999, 1999]",1.0,62.08333333333337,00:00:05,5.966077799996128,0.0019893557185715668
Zheng DBSCAN,Ostovar,Atomic_ParallelRemoval_output_ParallelRemoval,700,280.0,"[np.float64(933.5), np.float64(1940.3333333333333)]","[999, 1999]",1.0,62.08333333333337,00:00:05,5.966077799996128,0.0019893557185715668
Zheng DBSCAN,Ostovar,Atomic_ParallelRemoval_output_ParallelRemoval,700,350.0,"[np.float64(933.5), np.float64(1940.3333333333333)]","[999, 1999]",1.0,62.08333333333337,00:00:05,5.966077799996128,0.0019893557185715668
Zheng DBSCAN,Ostovar,Composite_ORI_output_ORI_2,500,50.0,[np.float64(1500.7567760342367)],"[999, 1999]",,,00:00:08,8.353360400011297,0.00278538192731287
Zheng DBSCAN,Ostovar,Composite_ORI_output_ORI_2,500,100.0,[np.float64(1500.7567760342367)],"[999, 1999]",,,00:00:08,8.353360400011297,0.00278538192731287
Zheng DBSCAN,Ostovar,Composite_ORI_output_ORI_2,500,150.0,[np.float64(1500.7567760342367)],"[999, 1999]",,,00:00:08,8.353360400011297,0.00278538192731287
Zheng DBSCAN,Ostovar,Composite_ORI_output_ORI_2,500,200.0,[np.float64(1500.7567760342367)],"[999, 1999]",,,00:00:08,8.353360400011297,0.00278538192731287
Zheng DBSCAN,Ostovar,Composite_ORI_output_ORI_2,500,250.0,[np.float64(1500.7567760342367)],"[999, 1999]",,,00:00:08,8.353360400011297,0.00278538192731287
Zheng DBSCAN,Ostovar,Atomic_Frequency_output_Frequency_5,700,70.0,[np.float64(1521.9751693002258)],"[999, 1999]",,,00:00:04,4.298333899991121,0.001433255718569897
Zheng DBSCAN,Ostovar,Atomic_Frequency_output_Frequency_5,700,140.0,[np.float64(1521.9751693002258)],"[999, 1999]",,,00:00:04,4.298333899991121,0.001433255718569897
Zheng DBSCAN,Ostovar,Atomic_Frequency_output_Frequency_5,700,210.0,[np.float64(1521.9751693002258)],"[999, 1999]",,,00:00:04,4.298333899991121,0.001433255718569897
Zheng DBSCAN,Ostovar,Atomic_Frequency_output_Frequency_5,700,280.0,[np.float64(1521.9751693002258)],"[999, 1999]",,,00:00:04,4.298333899991121,0.001433255718569897
Zheng DBSCAN,Ostovar,Atomic_Frequency_output_Frequency_5,700,350.0,[np.float64(1521.9751693002258)],"[999, 1999]",,,00:00:04,4.298333899991121,0.001433255718569897
Zheng DBSCAN,AdditionalLogs,recurring_drift_01,700,70.0,"[np.float64(1043.0), np.float64(1261.0)]","[500, 1000]",0.5,43.0,00:00:00,0.6075073000101838,0.00040500486667345586
Zheng DBSCAN,AdditionalLogs,recurring_drift_01,700,140.0,"[np.float64(1043.0), np.float64(1261.0)]","[500, 1000]",0.5,43.0,00:00:00,0.6075073000101838,0.00040500486667345586
Zheng DBSCAN,AdditionalLogs,recurring_drift_01,700,210.0,"[np.float64(1043.0), np.float64(1261.0)]","[500, 1000]",0.5,43.0,00:00:00,0.6075073000101838,0.00040500486667345586
Zheng DBSCAN,AdditionalLogs,recurring_drift_01,700,280.0,[np.float64(1152.0)],"[500, 1000]",0.6666666666666666,152.0,00:00:00,0.6075073000101838,0.00040500486667345586
Zheng DBSCAN,AdditionalLogs,recurring_drift_01,700,350.0,[],"[500, 1000]",,,00:00:00,0.6075073000101838,0.00040500486667345586
Zheng DBSCAN,Ceravolo,sudden_trace_noise10_1000_re,800,80.0,[],[499],,,00:00:00,0.23171759999240749,0.00023171759999240747
Zheng DBSCAN,Ceravolo,sudden_trace_noise10_1000_re,800,160.0,[],[499],,,00:00:00,0.23171759999240749,0.00023171759999240747
Zheng DBSCAN,Ceravolo,sudden_trace_noise10_1000_re,800,240.0,[],[499],,,00:00:00,0.23171759999240749,0.00023171759999240747
Zheng DBSCAN,Ceravolo,sudden_trace_noise10_1000_re,800,320.0,[],[499],,,00:00:00,0.23171759999240749,0.00023171759999240747
Zheng DBSCAN,Ceravolo,sudden_trace_noise10_1000_re,800,400.0,[],[499],,,00:00:00,0.23171759999240749,0.00023171759999240747
Zheng DBSCAN,Ostovar,Nested_ORI_output_ORI_5,400,40.0,[np.float64(1497.091006423983)],"[999, 1999]",,,00:00:08,8.88615039997967,0.0029630378125974225
Zheng DBSCAN,Ostovar,Nested_ORI_output_ORI_5,400,80.0,[np.float64(1497.091006423983)],"[999, 1999]",,,00:00:08,8.88615039997967,0.0029630378125974225
Zheng DBSCAN,Ostovar,Nested_ORI_output_ORI_5,400,120.0,[np.float64(1497.091006423983)],"[999, 1999]",,,00:00:08,8.88615039997967,0.0029630378125974225
Zheng DBSCAN,Ostovar,Nested_ORI_output_ORI_5,400,160.0,[np.float64(1497.091006423983)],"[999, 1999]",,,00:00:08,8.88615039997967,0.0029630378125974225
Zheng DBSCAN,Ostovar,Nested_ORI_output_ORI_5,400,200.0,[np.float64(1497.091006423983)],"[999, 1999]",,,00:00:08,8.88615039997967,0.0029630378125974225
Zheng DBSCAN,Ostovar,Atomic_ConditionalToSequence_output_ConditionalToSequence_5,300,30.0,[np.float64(1504.5368364030335)],"[999, 1999]",,,00:00:07,7.672327399981441,0.002558295231737726
Zheng DBSCAN,Ostovar,Atomic_ConditionalToSequence_output_ConditionalToSequence_5,300,60.0,[np.float64(1504.5368364030335)],"[999, 1999]",,,00:00:07,7.672327399981441,0.002558295231737726
Zheng DBSCAN,Ostovar,Atomic_ConditionalToSequence_output_ConditionalToSequence_5,300,90.0,[np.float64(1504.5368364030335)],"[999, 1999]",,,00:00:07,7.672327399981441,0.002558295231737726
Zheng DBSCAN,Ostovar,Atomic_ConditionalToSequence_output_ConditionalToSequence_5,300,120.0,[np.float64(1504.5368364030335)],"[999, 1999]",,,00:00:07,7.672327399981441,0.002558295231737726
Zheng DBSCAN,Ostovar,Atomic_ConditionalToSequence_output_ConditionalToSequence_5,300,150.0,[np.float64(1504.5368364030335)],"[999, 1999]",,,00:00:07,7.672327399981441,0.002558295231737726
Zheng DBSCAN,Ostovar,Atomic_Loop_output_Loop,600,60.0,"[np.float64(915.0), np.float64(1954.0)]","[999, 1999]",1.0,64.5,00:00:05,5.409229000011692,0.001803677559190294
Zheng DBSCAN,Ostovar,Atomic_Loop_output_Loop,600,120.0,"[np.float64(915.0), np.float64(1954.0)]","[999, 1999]",1.0,64.5,00:00:05,5.409229000011692,0.001803677559190294
Zheng DBSCAN,Ostovar,Atomic_Loop_output_Loop,600,180.0,"[np.float64(915.0), np.float64(1954.0)]","[999, 1999]",1.0,64.5,00:00:05,5.409229000011692,0.001803677559190294
Zheng DBSCAN,Ostovar,Atomic_Loop_output_Loop,600,240.0,"[np.float64(915.0), np.float64(1954.0)]","[999, 1999]",1.0,64.5,00:00:05,5.409229000011692,0.001803677559190294
Zheng DBSCAN,Ostovar,Atomic_Loop_output_Loop,600,300.0,"[np.float64(915.0), np.float64(1954.0)]","[999, 1999]",1.0,64.5,00:00:05,5.409229000011692,0.001803677559190294
Zheng DBSCAN,AdditionalLogs,recurring_drift_07,300,30.0,"[np.float64(500.0), np.float64(549.0), np.float64(649.0), np.float64(1002.0), np.float64(1115.0)]","[500, 1000]",0.5714285714285715,1.0,00:00:00,0.3724460999947041,0.0002482973999964694
Zheng DBSCAN,AdditionalLogs,recurring_drift_07,300,60.0,"[np.float64(508.1666666666667), np.float64(649.0), np.float64(1002.0), np.float64(1115.0)]","[500, 1000]",0.6666666666666666,5.083333333333343,00:00:00,0.3724460999947041,0.0002482973999964694
Zheng DBSCAN,AdditionalLogs,recurring_drift_07,300,90.0,"[np.float64(508.1666666666667), np.float64(649.0), np.float64(1002.0), np.float64(1115.0)]","[500, 1000]",0.6666666666666666,5.083333333333343,00:00:00,0.3724460999947041,0.0002482973999964694
Zheng DBSCAN,AdditionalLogs,recurring_drift_07,300,120.0,"[np.float64(528.2857142857143), np.float64(1024.6)]","[500, 1000]",1.0,26.44285714285712,00:00:00,0.3724460999947041,0.0002482973999964694
Zheng DBSCAN,AdditionalLogs,recurring_drift_07,300,150.0,"[np.float64(528.2857142857143), np.float64(1024.6)]","[500, 1000]",1.0,26.44285714285712,00:00:00,0.3724460999947041,0.0002482973999964694
Zheng DBSCAN,Ceravolo,sudden_trace_noise0_1000_cf,800,80.0,[],[499],,,00:00:00,0.2410822000238113,0.0002410822000238113
Zheng DBSCAN,Ceravolo,sudden_trace_noise0_1000_cf,800,160.0,[],[499],,,00:00:00,0.2410822000238113,0.0002410822000238113
Zheng DBSCAN,Ceravolo,sudden_trace_noise0_1000_cf,800,240.0,[],[499],,,00:00:00,0.2410822000238113,0.0002410822000238113
Zheng DBSCAN,Ceravolo,sudden_trace_noise0_1000_cf,800,320.0,[],[499],,,00:00:00,0.2410822000238113,0.0002410822000238113
Zheng DBSCAN,Ceravolo,sudden_trace_noise0_1000_cf,800,400.0,[],[499],,,00:00:00,0.2410822000238113,0.0002410822000238113
Zheng DBSCAN,AdditionalLogs,recurring_drift_09,700,70.0,[],"[500, 1000]",,,00:00:00,0.4329872000089381,0.00028865813333929204
Zheng DBSCAN,AdditionalLogs,recurring_drift_09,700,140.0,[],"[500, 1000]",,,00:00:00,0.4329872000089381,0.00028865813333929204
Zheng DBSCAN,AdditionalLogs,recurring_drift_09,700,210.0,[],"[500, 1000]",,,00:00:00,0.4329872000089381,0.00028865813333929204
Zheng DBSCAN,AdditionalLogs,recurring_drift_09,700,280.0,[],"[500, 1000]",,,00:00:00,0.4329872000089381,0.00028865813333929204
Zheng DBSCAN,AdditionalLogs,recurring_drift_09,700,350.0,[],"[500, 1000]",,,00:00:00,0.4329872000089381,0.00028865813333929204
Zheng DBSCAN,Ceravolo,sudden_trace_noise0_1000_cp,800,80.0,[],[499],,,00:00:00,0.26811289999750443,0.0002681128999975044
Zheng DBSCAN,Ceravolo,sudden_trace_noise0_1000_cp,800,160.0,[],[499],,,00:00:00,0.26811289999750443,0.0002681128999975044
Zheng DBSCAN,Ceravolo,sudden_trace_noise0_1000_cp,800,240.0,[],[499],,,00:00:00,0.26811289999750443,0.0002681128999975044
Zheng DBSCAN,Ceravolo,sudden_trace_noise0_1000_cp,800,320.0,[],[499],,,00:00:00,0.26811289999750443,0.0002681128999975044
Zheng DBSCAN,Ceravolo,sudden_trace_noise0_1000_cp,800,400.0,[],[499],,,00:00:00,0.26811289999750443,0.0002681128999975044
Zheng DBSCAN,AdditionalLogs,recurring_drift_00,500,50.0,"[np.float64(605.1842105263158), np.float64(958.8461538461538), np.float64(1259.0)]","[500, 1000]",0.8,73.16902834008101,00:00:00,0.4997831000073347,0.00033318873333822315
Zheng DBSCAN,AdditionalLogs,recurring_drift_00,500,100.0,"[np.float64(737.0151515151515), np.float64(1259.0)]","[500, 1000]",,,00:00:00,0.4997831000073347,0.00033318873333822315
Zheng DBSCAN,AdditionalLogs,recurring_drift_00,500,150.0,"[np.float64(737.0151515151515), np.float64(1259.0)]","[500, 1000]",,,00:00:00,0.4997831000073347,0.00033318873333822315
Zheng DBSCAN,AdditionalLogs,recurring_drift_00,500,200.0,[np.float64(744.8059701492538)],"[500, 1000]",,,00:00:00,0.4997831000073347,0.00033318873333822315
Zheng DBSCAN,AdditionalLogs,recurring_drift_00,500,250.0,[np.float64(744.8059701492538)],"[500, 1000]",,,00:00:00,0.4997831000073347,0.00033318873333822315
Zheng DBSCAN,AdditionalLogs,gradual_drift_04,600,60.0,"[np.float64(743.6428571428571), np.float64(985.047619047619), np.float64(1241.0), np.float64(1334.0)]","[500, 1000]",0.3333333333333333,14.952380952380963,00:00:00,0.5741896000108682,0.00041013542857919156
Zheng DBSCAN,AdditionalLogs,gradual_drift_04,600,120.0,"[np.float64(888.4857142857143), np.float64(1287.5)]","[500, 1000]",0.5,111.51428571428573,00:00:00,0.5741896000108682,0.00041013542857919156
Zheng DBSCAN,AdditionalLogs,gradual_drift_04,600,180.0,[np.float64(720.5344827586207)],"[500, 1000]",,,00:00:00,0.5741896000108682,0.00041013542857919156
Zheng DBSCAN,AdditionalLogs,gradual_drift_04,600,240.0,[np.float64(720.5344827586207)],"[500, 1000]",,,00:00:00,0.5741896000108682,0.00041013542857919156
Zheng DBSCAN,AdditionalLogs,gradual_drift_04,600,300.0,[np.float64(720.5344827586207)],"[500, 1000]",,,00:00:00,0.5741896000108682,0.00041013542857919156
Zheng DBSCAN,Ostovar,Atomic_Substitute_output_Substitute,800,80.0,"[np.float64(928.375), np.float64(1937.7142857142858)]","[999, 1999]",1.0,65.95535714285711,00:00:06,6.534487900004024,0.002178888929644556
Zheng DBSCAN,Ostovar,Atomic_Substitute_output_Substitute,800,160.0,"[np.float64(928.375), np.float64(1937.7142857142858)]","[999, 1999]",1.0,65.95535714285711,00:00:06,6.534487900004024,0.002178888929644556
Zheng DBSCAN,Ostovar,Atomic_Substitute_output_Substitute,800,240.0,"[np.float64(928.375), np.float64(1937.7142857142858)]","[999, 1999]",1.0,65.95535714285711,00:00:06,6.534487900004024,0.002178888929644556
Zheng DBSCAN,Ostovar,Atomic_Substitute_output_Substitute,800,320.0,"[np.float64(928.375), np.float64(1937.7142857142858)]","[999, 1999]",1.0,65.95535714285711,00:00:06,6.534487900004024,0.002178888929644556
Zheng DBSCAN,Ostovar,Atomic_Substitute_output_Substitute,800,400.0,"[np.float64(928.375), np.float64(1937.7142857142858)]","[999, 1999]",1.0,65.95535714285711,00:00:06,6.534487900004024,0.002178888929644556
Zheng DBSCAN,Ostovar,Atomic_Loop_output_Loop_5,700,70.0,[np.float64(1510.2692307692307)],"[999, 1999]",,,00:00:06,6.771917000005487,0.002258058352786091
Zheng DBSCAN,Ostovar,Atomic_Loop_output_Loop_5,700,140.0,[np.float64(1510.2692307692307)],"[999, 1999]",,,00:00:06,6.771917000005487,0.002258058352786091
Zheng DBSCAN,Ostovar,Atomic_Loop_output_Loop_5,700,210.0,[np.float64(1510.2692307692307)],"[999, 1999]",,,00:00:06,6.771917000005487,0.002258058352786091
Zheng DBSCAN,Ostovar,Atomic_Loop_output_Loop_5,700,280.0,[np.float64(1510.2692307692307)],"[999, 1999]",,,00:00:06,6.771917000005487,0.002258058352786091
Zheng DBSCAN,Ostovar,Atomic_Loop_output_Loop_5,700,350.0,[np.float64(1510.2692307692307)],"[999, 1999]",,,00:00:06,6.771917000005487,0.002258058352786091
Zheng DBSCAN,Ceravolo,sudden_trace_noise15_1000_cb,700,70.0,[],[499],,,00:00:00,0.24702789998264052,0.00024702789998264053
Zheng DBSCAN,Ceravolo,sudden_trace_noise15_1000_cb,700,140.0,[],[499],,,00:00:00,0.24702789998264052,0.00024702789998264053
Zheng DBSCAN,Ceravolo,sudden_trace_noise15_1000_cb,700,210.0,[],[499],,,00:00:00,0.24702789998264052,0.00024702789998264053
Zheng DBSCAN,Ceravolo,sudden_trace_noise15_1000_cb,700,280.0,[],[499],,,00:00:00,0.24702789998264052,0.00024702789998264053
Zheng DBSCAN,Ceravolo,sudden_trace_noise15_1000_cb,700,350.0,[],[499],,,00:00:00,0.24702789998264052,0.00024702789998264053
Zheng DBSCAN,Ceravolo,sudden_trace_noise5_1000_cd,600,60.0,[],[499],,,00:00:00,0.2662051999941468,0.00026620519999414683
Zheng DBSCAN,Ceravolo,sudden_trace_noise5_1000_cd,600,120.0,[],[499],,,00:00:00,0.2662051999941468,0.00026620519999414683
Zheng DBSCAN,Ceravolo,sudden_trace_noise5_1000_cd,600,180.0,[],[499],,,00:00:00,0.2662051999941468,0.00026620519999414683
Zheng DBSCAN,Ceravolo,sudden_trace_noise5_1000_cd,600,240.0,[],[499],,,00:00:00,0.2662051999941468,0.00026620519999414683
Zheng DBSCAN,Ceravolo,sudden_trace_noise5_1000_cd,600,300.0,[],[499],,,00:00:00,0.2662051999941468,0.00026620519999414683
Zheng DBSCAN,Ceravolo,sudden_trace_noise20_1000_OIR,800,80.0,[],[499],,,00:00:00,0.3126658000110183,0.0003126658000110183
Zheng DBSCAN,Ceravolo,sudden_trace_noise20_1000_OIR,800,160.0,[],[499],,,00:00:00,0.3126658000110183,0.0003126658000110183
Zheng DBSCAN,Ceravolo,sudden_trace_noise20_1000_OIR,800,240.0,[],[499],,,00:00:00,0.3126658000110183,0.0003126658000110183
Zheng DBSCAN,Ceravolo,sudden_trace_noise20_1000_OIR,800,320.0,[],[499],,,00:00:00,0.3126658000110183,0.0003126658000110183
Zheng DBSCAN,Ceravolo,sudden_trace_noise20_1000_OIR,800,400.0,[],[499],,,00:00:00,0.3126658000110183,0.0003126658000110183
Zheng DBSCAN,Ostovar,Atomic_SerialRemoval_output_SerialRemoval_2,400,40.0,[np.float64(1492.0251419302515)],"[999, 1999]",,,00:00:06,6.693382600002224,0.002231871490497574
Zheng DBSCAN,Ostovar,Atomic_SerialRemoval_output_SerialRemoval_2,400,80.0,[np.float64(1492.0251419302515)],"[999, 1999]",,,00:00:06,6.693382600002224,0.002231871490497574
Zheng DBSCAN,Ostovar,Atomic_SerialRemoval_output_SerialRemoval_2,400,120.0,[np.float64(1492.0251419302515)],"[999, 1999]",,,00:00:06,6.693382600002224,0.002231871490497574
Zheng DBSCAN,Ostovar,Atomic_SerialRemoval_output_SerialRemoval_2,400,160.0,[np.float64(1492.0251419302515)],"[999, 1999]",,,00:00:06,6.693382600002224,0.002231871490497574
Zheng DBSCAN,Ostovar,Atomic_SerialRemoval_output_SerialRemoval_2,400,200.0,[np.float64(1492.0251419302515)],"[999, 1999]",,,00:00:06,6.693382600002224,0.002231871490497574
Zheng DBSCAN,Ostovar,Atomic_ParallelMove_output_ParallelMove,500,50.0,"[np.float64(933.0), np.float64(1919.111111111111)]","[999, 1999]",1.0,72.94444444444446,00:00:06,6.6611195000004955,0.002221113537846114
Zheng DBSCAN,Ostovar,Atomic_ParallelMove_output_ParallelMove,500,100.0,"[np.float64(933.0), np.float64(1919.111111111111)]","[999, 1999]",1.0,72.94444444444446,00:00:06,6.6611195000004955,0.002221113537846114
Zheng DBSCAN,Ostovar,Atomic_ParallelMove_output_ParallelMove,500,150.0,"[np.float64(933.0), np.float64(1919.111111111111)]","[999, 1999]",1.0,72.94444444444446,00:00:06,6.6611195000004955,0.002221113537846114
Zheng DBSCAN,Ostovar,Atomic_ParallelMove_output_ParallelMove,500,200.0,"[np.float64(933.0), np.float64(1919.111111111111)]","[999, 1999]",1.0,72.94444444444446,00:00:06,6.6611195000004955,0.002221113537846114
Zheng DBSCAN,Ostovar,Atomic_ParallelMove_output_ParallelMove,500,250.0,"[np.float64(933.0), np.float64(1919.111111111111)]","[999, 1999]",1.0,72.94444444444446,00:00:06,6.6611195000004955,0.002221113537846114
Zheng DBSCAN,Ceravolo,sudden_trace_noise10_1000_RIO,600,60.0,[],[499],,,00:00:00,0.24851909998687916,0.0002485190999868792
Zheng DBSCAN,Ceravolo,sudden_trace_noise10_1000_RIO,600,120.0,[],[499],,,00:00:00,0.24851909998687916,0.0002485190999868792
Zheng DBSCAN,Ceravolo,sudden_trace_noise10_1000_RIO,600,180.0,[],[499],,,00:00:00,0.24851909998687916,0.0002485190999868792
Zheng DBSCAN,Ceravolo,sudden_trace_noise10_1000_RIO,600,240.0,[],[499],,,00:00:00,0.24851909998687916,0.0002485190999868792
Zheng DBSCAN,Ceravolo,sudden_trace_noise10_1000_RIO,600,300.0,[],[499],,,00:00:00,0.24851909998687916,0.0002485190999868792
Zheng DBSCAN,Ceravolo,sudden_trace_noise0_1000_OIR,700,70.0,[],[499],,,00:00:00,0.3110698999953456,0.00031106989999534564
Zheng DBSCAN,Ceravolo,sudden_trace_noise0_1000_OIR,700,140.0,[],[499],,,00:00:00,0.3110698999953456,0.00031106989999534564
Zheng DBSCAN,Ceravolo,sudden_trace_noise0_1000_OIR,700,210.0,[],[499],,,00:00:00,0.3110698999953456,0.00031106989999534564
Zheng DBSCAN,Ceravolo,sudden_trace_noise0_1000_OIR,700,280.0,[],[499],,,00:00:00,0.3110698999953456,0.00031106989999534564
Zheng DBSCAN,Ceravolo,sudden_trace_noise0_1000_OIR,700,350.0,[],[499],,,00:00:00,0.3110698999953456,0.00031106989999534564
Zheng DBSCAN,Ostovar,Atomic_Frequency_output_Frequency_5,500,50.0,[np.float64(1518.606392694064)],"[999, 1999]",,,00:00:03,3.8188845999829937,0.0012733859953261066
Zheng DBSCAN,Ostovar,Atomic_Frequency_output_Frequency_5,500,100.0,[np.float64(1518.606392694064)],"[999, 1999]",,,00:00:03,3.8188845999829937,0.0012733859953261066
Zheng DBSCAN,Ostovar,Atomic_Frequency_output_Frequency_5,500,150.0,[np.float64(1518.606392694064)],"[999, 1999]",,,00:00:03,3.8188845999829937,0.0012733859953261066
Zheng DBSCAN,Ostovar,Atomic_Frequency_output_Frequency_5,500,200.0,[np.float64(1518.606392694064)],"[999, 1999]",,,00:00:03,3.8188845999829937,0.0012733859953261066
Zheng DBSCAN,Ostovar,Atomic_Frequency_output_Frequency_5,500,250.0,[np.float64(1518.606392694064)],"[999, 1999]",,,00:00:03,3.8188845999829937,0.0012733859953261066
Zheng DBSCAN,Ostovar,Atomic_Substitute_output_Substitute_5,500,50.0,[np.float64(1506.0544174135723)],"[999, 1999]",,,00:00:07,7.7085199000139255,0.0025703634211450234
Zheng DBSCAN,Ostovar,Atomic_Substitute_output_Substitute_5,500,100.0,[np.float64(1506.0544174135723)],"[999, 1999]",,,00:00:07,7.7085199000139255,0.0025703634211450234
Zheng DBSCAN,Ostovar,Atomic_Substitute_output_Substitute_5,500,150.0,[np.float64(1506.0544174135723)],"[999, 1999]",,,00:00:07,7.7085199000139255,0.0025703634211450234
Zheng DBSCAN,Ostovar,Atomic_Substitute_output_Substitute_5,500,200.0,[np.float64(1506.0544174135723)],"[999, 1999]",,,00:00:07,7.7085199000139255,0.0025703634211450234
Zheng DBSCAN,Ostovar,Atomic_Substitute_output_Substitute_5,500,250.0,[np.float64(1506.0544174135723)],"[999, 1999]",,,00:00:07,7.7085199000139255,0.0025703634211450234
Zheng DBSCAN,Ostovar,Nested_IOR_output_IOR_2,400,40.0,[np.float64(1502.2180546726001)],"[999, 1999]",,,00:00:09,9.137506500002928,0.0030468511170399894
Zheng DBSCAN,Ostovar,Nested_IOR_output_IOR_2,400,80.0,[np.float64(1502.2180546726001)],"[999, 1999]",,,00:00:09,9.137506500002928,0.0030468511170399894
Zheng DBSCAN,Ostovar,Nested_IOR_output_IOR_2,400,120.0,[np.float64(1502.2180546726001)],"[999, 1999]",,,00:00:09,9.137506500002928,0.0030468511170399894
Zheng DBSCAN,Ostovar,Nested_IOR_output_IOR_2,400,160.0,[np.float64(1502.2180546726001)],"[999, 1999]",,,00:00:09,9.137506500002928,0.0030468511170399894
Zheng DBSCAN,Ostovar,Nested_IOR_output_IOR_2,400,200.0,[np.float64(1502.2180546726001)],"[999, 1999]",,,00:00:09,9.137506500002928,0.0030468511170399894
Zheng DBSCAN,Ostovar,Atomic_ParallelMove_output_ParallelMove,700,70.0,"[np.float64(933.0), np.float64(1919.111111111111)]","[999, 1999]",1.0,72.94444444444446,00:00:06,6.777903400012292,0.002260054484832375
Zheng DBSCAN,Ostovar,Atomic_ParallelMove_output_ParallelMove,700,140.0,"[np.float64(933.0), np.float64(1919.111111111111)]","[999, 1999]",1.0,72.94444444444446,00:00:06,6.777903400012292,0.002260054484832375
Zheng DBSCAN,Ostovar,Atomic_ParallelMove_output_ParallelMove,700,210.0,"[np.float64(933.0), np.float64(1919.111111111111)]","[999, 1999]",1.0,72.94444444444446,00:00:06,6.777903400012292,0.002260054484832375
Zheng DBSCAN,Ostovar,Atomic_ParallelMove_output_ParallelMove,700,280.0,"[np.float64(933.0), np.float64(1919.111111111111)]","[999, 1999]",1.0,72.94444444444446,00:00:06,6.777903400012292,0.002260054484832375
Zheng DBSCAN,Ostovar,Atomic_ParallelMove_output_ParallelMove,700,350.0,"[np.float64(933.0), np.float64(1919.111111111111)]","[999, 1999]",1.0,72.94444444444446,00:00:06,6.777903400012292,0.002260054484832375
Zheng DBSCAN,Ostovar,Atomic_SerialRemoval_output_SerialRemoval,700,70.0,"[np.float64(938.25), np.float64(1935.5)]","[999, 1999]",1.0,62.125,00:00:05,5.321462599997176,0.0017744123374448736
Zheng DBSCAN,Ostovar,Atomic_SerialRemoval_output_SerialRemoval,700,140.0,"[np.float64(938.25), np.float64(1935.5)]","[999, 1999]",1.0,62.125,00:00:05,5.321462599997176,0.0017744123374448736
Zheng DBSCAN,Ostovar,Atomic_SerialRemoval_output_SerialRemoval,700,210.0,"[np.float64(938.25), np.float64(1935.5)]","[999, 1999]",1.0,62.125,00:00:05,5.321462599997176,0.0017744123374448736
Zheng DBSCAN,Ostovar,Atomic_SerialRemoval_output_SerialRemoval,700,280.0,"[np.float64(938.25), np.float64(1935.5)]","[999, 1999]",1.0,62.125,00:00:05,5.321462599997176,0.0017744123374448736
Zheng DBSCAN,Ostovar,Atomic_SerialRemoval_output_SerialRemoval,700,350.0,"[np.float64(938.25), np.float64(1935.5)]","[999, 1999]",1.0,62.125,00:00:05,5.321462599997176,0.0017744123374448736
Zheng DBSCAN,Ceravolo,sudden_trace_noise20_1000_cd,600,60.0,[],[499],,,00:00:00,0.29071190001559444,0.0002907119000155944
Zheng DBSCAN,Ceravolo,sudden_trace_noise20_1000_cd,600,120.0,[],[499],,,00:00:00,0.29071190001559444,0.0002907119000155944
Zheng DBSCAN,Ceravolo,sudden_trace_noise20_1000_cd,600,180.0,[],[499],,,00:00:00,0.29071190001559444,0.0002907119000155944
Zheng DBSCAN,Ceravolo,sudden_trace_noise20_1000_cd,600,240.0,[],[499],,,00:00:00,0.29071190001559444,0.0002907119000155944
Zheng DBSCAN,Ceravolo,sudden_trace_noise20_1000_cd,600,300.0,[],[499],,,00:00:00,0.29071190001559444,0.0002907119000155944
Zheng DBSCAN,Ostovar,Atomic_Swap_output_Swap_5,400,40.0,[np.float64(1490.448748510131)],"[999, 1999]",,,00:00:07,7.190940200001933,0.0023977793264427917
Zheng DBSCAN,Ostovar,Atomic_Swap_output_Swap_5,400,80.0,[np.float64(1490.448748510131)],"[999, 1999]",,,00:00:07,7.190940200001933,0.0023977793264427917
Zheng DBSCAN,Ostovar,Atomic_Swap_output_Swap_5,400,120.0,[np.float64(1490.448748510131)],"[999, 1999]",,,00:00:07,7.190940200001933,0.0023977793264427917
Zheng DBSCAN,Ostovar,Atomic_Swap_output_Swap_5,400,160.0,[np.float64(1490.448748510131)],"[999, 1999]",,,00:00:07,7.190940200001933,0.0023977793264427917
Zheng DBSCAN,Ostovar,Atomic_Swap_output_Swap_5,400,200.0,[np.float64(1490.448748510131)],"[999, 1999]",,,00:00:07,7.190940200001933,0.0023977793264427917
Zheng DBSCAN,Ceravolo,sudden_trace_noise0_1000_pm,400,40.0,[np.float64(449.0)],[499],1.0,50.0,00:00:00,0.250616400007857,0.000250616400007857
Zheng DBSCAN,Ceravolo,sudden_trace_noise0_1000_pm,400,80.0,[np.float64(449.0)],[499],1.0,50.0,00:00:00,0.250616400007857,0.000250616400007857
Zheng DBSCAN,Ceravolo,sudden_trace_noise0_1000_pm,400,120.0,[np.float64(449.0)],[499],1.0,50.0,00:00:00,0.250616400007857,0.000250616400007857
Zheng DBSCAN,Ceravolo,sudden_trace_noise0_1000_pm,400,160.0,[np.float64(449.0)],[499],1.0,50.0,00:00:00,0.250616400007857,0.000250616400007857
Zheng DBSCAN,Ceravolo,sudden_trace_noise0_1000_pm,400,200.0,[np.float64(449.0)],[499],1.0,50.0,00:00:00,0.250616400007857,0.000250616400007857
Zheng DBSCAN,AdditionalLogs,sudden_drift_04,300,30.0,"[np.float64(335.0), np.float64(488.90909090909093), np.float64(731.0), np.float64(826.1666666666666), np.float64(922.0), np.float64(1029.9545454545455), np.float64(1187.6666666666667), np.float64(1329.0), np.float64(1415.0), np.float64(1492.0)]","[500, 1000]",0.33333333333333337,20.52272727272728,00:00:00,0.6589009999879636,0.00043926733332530905
Zheng DBSCAN,AdditionalLogs,sudden_drift_04,300,60.0,"[np.float64(479.0851063829787), np.float64(972.28125), np.float64(1187.6666666666667), np.float64(1329.0), np.float64(1415.0), np.float64(1492.0)]","[500, 1000]",0.5,24.31682180851064,00:00:00,0.6589009999879636,0.00043926733332530905
Zheng DBSCAN,AdditionalLogs,sudden_drift_04,300,90.0,"[np.float64(479.0851063829787), np.float64(990.7428571428571), np.float64(1412.0)]","[500, 1000]",0.8,15.086018237082072,00:00:00,0.6589009999879636,0.00043926733332530905
Zheng DBSCAN,AdditionalLogs,sudden_drift_04,300,120.0,"[np.float64(697.4756097560976), np.float64(1412.0)]","[500, 1000]",0.5,197.47560975609758,00:00:00,0.6589009999879636,0.00043926733332530905
Zheng DBSCAN,AdditionalLogs,sudden_drift_04,300,150.0,[np.float64(682.5824175824176)],"[500, 1000]",0.6666666666666666,182.58241758241763,00:00:00,0.6589009999879636,0.00043926733332530905
Zheng DBSCAN,AdditionalLogs,sudden_drift_00,300,30.0,"[np.float64(497.2), np.float64(567.0), np.float64(646.0), np.float64(787.0), np.float64(832.5), np.float64(1015.1666666666666), np.float64(1095.0), np.float64(1143.5), np.float64(1246.0), np.float64(1442.0)]","[500, 1000]",0.33333333333333337,8.98333333333332,00:00:00,0.6795570000249427,0.00045303800001662847
Zheng DBSCAN,AdditionalLogs,sudden_drift_00,300,60.0,"[np.float64(508.8333333333333), np.float64(646.0), np.float64(817.3333333333334), np.float64(1052.5555555555557), np.float64(1246.0), np.float64(1442.0)]","[500, 1000]",0.5,30.694444444444485,00:00:00,0.6795570000249427,0.00045303800001662847
Zheng DBSCAN,AdditionalLogs,sudden_drift_00,300,90.0,"[np.float64(528.4285714285714), np.float64(817.3333333333334), np.float64(1052.5555555555557), np.float64(1246.0), np.float64(1442.0)]","[500, 1000]",0.5714285714285715,40.49206349206355,00:00:00,0.6795570000249427,0.00045303800001662847
Zheng DBSCAN,AdditionalLogs,sudden_drift_00,300,120.0,"[np.float64(528.4285714285714), np.float64(817.3333333333334), np.float64(1071.9), np.float64(1442.0)]","[500, 1000]",0.6666666666666666,50.16428571428577,00:00:00,0.6795570000249427,0.00045303800001662847
Zheng DBSCAN,AdditionalLogs,sudden_drift_00,300,150.0,"[np.float64(615.1), np.float64(1071.9), np.float64(1442.0)]","[500, 1000]",0.8,93.50000000000006,00:00:00,0.6795570000249427,0.00045303800001662847
Zheng DBSCAN,Ostovar,Atomic_ParallelRemoval_output_ParallelRemoval_5,400,40.0,[np.float64(1506.6006006006005)],"[999, 1999]",,,00:00:07,7.630873099988094,0.002544472524170755
Zheng DBSCAN,Ostovar,Atomic_ParallelRemoval_output_ParallelRemoval_5,400,80.0,[np.float64(1506.6006006006005)],"[999, 1999]",,,00:00:07,7.630873099988094,0.002544472524170755
Zheng DBSCAN,Ostovar,Atomic_ParallelRemoval_output_ParallelRemoval_5,400,120.0,[np.float64(1506.6006006006005)],"[999, 1999]",,,00:00:07,7.630873099988094,0.002544472524170755
Zheng DBSCAN,Ostovar,Atomic_ParallelRemoval_output_ParallelRemoval_5,400,160.0,[np.float64(1506.6006006006005)],"[999, 1999]",,,00:00:07,7.630873099988094,0.002544472524170755
Zheng DBSCAN,Ostovar,Atomic_ParallelRemoval_output_ParallelRemoval_5,400,200.0,[np.float64(1506.6006006006005)],"[999, 1999]",,,00:00:07,7.630873099988094,0.002544472524170755
Zheng DBSCAN,Ceravolo,sudden_trace_noise15_1000_ROI,600,60.0,[],[499],,,00:00:00,0.25934660001075827,0.0002593466000107583
Zheng DBSCAN,Ceravolo,sudden_trace_noise15_1000_ROI,600,120.0,[],[499],,,00:00:00,0.25934660001075827,0.0002593466000107583
Zheng DBSCAN,Ceravolo,sudden_trace_noise15_1000_ROI,600,180.0,[],[499],,,00:00:00,0.25934660001075827,0.0002593466000107583
Zheng DBSCAN,Ceravolo,sudden_trace_noise15_1000_ROI,600,240.0,[],[499],,,00:00:00,0.25934660001075827,0.0002593466000107583
Zheng DBSCAN,Ceravolo,sudden_trace_noise15_1000_ROI,600,300.0,[],[499],,,00:00:00,0.25934660001075827,0.0002593466000107583
Zheng DBSCAN,Ceravolo,sudden_trace_noise15_1000_RIO,400,40.0,[np.float64(447.0)],[499],1.0,52.0,00:00:00,0.24435799999628216,0.0002443579999962822
Zheng DBSCAN,Ceravolo,sudden_trace_noise15_1000_RIO,400,80.0,[np.float64(447.0)],[499],1.0,52.0,00:00:00,0.24435799999628216,0.0002443579999962822
Zheng DBSCAN,Ceravolo,sudden_trace_noise15_1000_RIO,400,120.0,[np.float64(447.0)],[499],1.0,52.0,00:00:00,0.24435799999628216,0.0002443579999962822
Zheng DBSCAN,Ceravolo,sudden_trace_noise15_1000_RIO,400,160.0,[np.float64(447.0)],[499],1.0,52.0,00:00:00,0.24435799999628216,0.0002443579999962822
Zheng DBSCAN,Ceravolo,sudden_trace_noise15_1000_RIO,400,200.0,[np.float64(447.0)],[499],1.0,52.0,00:00:00,0.24435799999628216,0.0002443579999962822
Zheng DBSCAN,Ostovar,Nested_ROI_output_ROI,300,30.0,"[np.float64(943.8888888888889), np.float64(991.0), np.float64(1068.0), np.float64(1927.3)]","[999, 1999]",0.6666666666666666,39.85000000000002,00:00:06,6.160638699977426,0.0020542309769848036
Zheng DBSCAN,Ostovar,Nested_ROI_output_ROI,300,60.0,"[np.float64(948.6), np.float64(1068.0), np.float64(1927.3)]","[999, 1999]",0.8,61.05000000000001,00:00:06,6.160638699977426,0.0020542309769848036
Zheng DBSCAN,Ostovar,Nested_ROI_output_ROI,300,90.0,"[np.float64(959.4545454545455), np.float64(1927.3)]","[999, 1999]",1.0,55.622727272727275,00:00:06,6.160638699977426,0.0020542309769848036
Zheng DBSCAN,Ostovar,Nested_ROI_output_ROI,300,120.0,"[np.float64(959.4545454545455), np.float64(1927.3)]","[999, 1999]",1.0,55.622727272727275,00:00:06,6.160638699977426,0.0020542309769848036
Zheng DBSCAN,Ostovar,Nested_ROI_output_ROI,300,150.0,"[np.float64(959.4545454545455), np.float64(1927.3)]","[999, 1999]",1.0,55.622727272727275,00:00:06,6.160638699977426,0.0020542309769848036
Zheng DBSCAN,Ostovar,Nested_OIR_output_OIR_2,600,60.0,[np.float64(1484.747870528109)],"[999, 1999]",,,00:00:08,8.630219499988016,0.0028776990663514556
Zheng DBSCAN,Ostovar,Nested_OIR_output_OIR_2,600,120.0,[np.float64(1484.747870528109)],"[999, 1999]",,,00:00:08,8.630219499988016,0.0028776990663514556
Zheng DBSCAN,Ostovar,Nested_OIR_output_OIR_2,600,180.0,[np.float64(1484.747870528109)],"[999, 1999]",,,00:00:08,8.630219499988016,0.0028776990663514556
Zheng DBSCAN,Ostovar,Nested_OIR_output_OIR_2,600,240.0,[np.float64(1484.747870528109)],"[999, 1999]",,,00:00:08,8.630219499988016,0.0028776990663514556
Zheng DBSCAN,Ostovar,Nested_OIR_output_OIR_2,600,300.0,[np.float64(1484.747870528109)],"[999, 1999]",,,00:00:08,8.630219499988016,0.0028776990663514556
Zheng DBSCAN,Ceravolo,sudden_trace_noise5_1000_RIO,300,30.0,[np.float64(447.0)],[499],1.0,52.0,00:00:00,0.2556598000228405,0.0002556598000228405
Zheng DBSCAN,Ceravolo,sudden_trace_noise5_1000_RIO,300,60.0,[np.float64(447.0)],[499],1.0,52.0,00:00:00,0.2556598000228405,0.0002556598000228405
Zheng DBSCAN,Ceravolo,sudden_trace_noise5_1000_RIO,300,90.0,[np.float64(447.0)],[499],1.0,52.0,00:00:00,0.2556598000228405,0.0002556598000228405
Zheng DBSCAN,Ceravolo,sudden_trace_noise5_1000_RIO,300,120.0,[np.float64(447.0)],[499],1.0,52.0,00:00:00,0.2556598000228405,0.0002556598000228405
Zheng DBSCAN,Ceravolo,sudden_trace_noise5_1000_RIO,300,150.0,[np.float64(447.0)],[499],1.0,52.0,00:00:00,0.2556598000228405,0.0002556598000228405
Zheng DBSCAN,Ceravolo,sudden_trace_noise0_1000_cb,300,30.0,[np.float64(451.0)],[499],1.0,48.0,00:00:00,0.24483290000353009,0.0002448329000035301
Zheng DBSCAN,Ceravolo,sudden_trace_noise0_1000_cb,300,60.0,[np.float64(451.0)],[499],1.0,48.0,00:00:00,0.24483290000353009,0.0002448329000035301
Zheng DBSCAN,Ceravolo,sudden_trace_noise0_1000_cb,300,90.0,[np.float64(451.0)],[499],1.0,48.0,00:00:00,0.24483290000353009,0.0002448329000035301
Zheng DBSCAN,Ceravolo,sudden_trace_noise0_1000_cb,300,120.0,[np.float64(451.0)],[499],1.0,48.0,00:00:00,0.24483290000353009,0.0002448329000035301
Zheng DBSCAN,Ceravolo,sudden_trace_noise0_1000_cb,300,150.0,[np.float64(451.0)],[499],1.0,48.0,00:00:00,0.24483290000353009,0.0002448329000035301
Zheng DBSCAN,Ostovar,Atomic_SerialMove_output_SerialMove_5,600,60.0,[np.float64(1514.3611842105263)],"[999, 1999]",,,00:00:08,8.338301599986153,0.0027803606535465666
Zheng DBSCAN,Ostovar,Atomic_SerialMove_output_SerialMove_5,600,120.0,[np.float64(1514.3611842105263)],"[999, 1999]",,,00:00:08,8.338301599986153,0.0027803606535465666
Zheng DBSCAN,Ostovar,Atomic_SerialMove_output_SerialMove_5,600,180.0,[np.float64(1514.3611842105263)],"[999, 1999]",,,00:00:08,8.338301599986153,0.0027803606535465666
Zheng DBSCAN,Ostovar,Atomic_SerialMove_output_SerialMove_5,600,240.0,[np.float64(1514.3611842105263)],"[999, 1999]",,,00:00:08,8.338301599986153,0.0027803606535465666
Zheng DBSCAN,Ostovar,Atomic_SerialMove_output_SerialMove_5,600,300.0,[np.float64(1514.3611842105263)],"[999, 1999]",,,00:00:08,8.338301599986153,0.0027803606535465666
Zheng DBSCAN,Ceravolo,sudden_trace_noise5_1000_IRO,600,60.0,[],[499],,,00:00:00,0.2919092000229284,0.0002919092000229284
Zheng DBSCAN,Ceravolo,sudden_trace_noise5_1000_IRO,600,120.0,[],[499],,,00:00:00,0.2919092000229284,0.0002919092000229284
Zheng DBSCAN,Ceravolo,sudden_trace_noise5_1000_IRO,600,180.0,[],[499],,,00:00:00,0.2919092000229284,0.0002919092000229284
Zheng DBSCAN,Ceravolo,sudden_trace_noise5_1000_IRO,600,240.0,[],[499],,,00:00:00,0.2919092000229284,0.0002919092000229284
Zheng DBSCAN,Ceravolo,sudden_trace_noise5_1000_IRO,600,300.0,[],[499],,,00:00:00,0.2919092000229284,0.0002919092000229284
Zheng DBSCAN,Ceravolo,sudden_trace_noise15_1000_lp,500,50.0,[],[499],,,00:00:00,0.2481334999902174,0.0002481334999902174
Zheng DBSCAN,Ceravolo,sudden_trace_noise15_1000_lp,500,100.0,[],[499],,,00:00:00,0.2481334999902174,0.0002481334999902174
Zheng DBSCAN,Ceravolo,sudden_trace_noise15_1000_lp,500,150.0,[],[499],,,00:00:00,0.2481334999902174,0.0002481334999902174
Zheng DBSCAN,Ceravolo,sudden_trace_noise15_1000_lp,500,200.0,[],[499],,,00:00:00,0.2481334999902174,0.0002481334999902174
Zheng DBSCAN,Ceravolo,sudden_trace_noise15_1000_lp,500,250.0,[],[499],,,00:00:00,0.2481334999902174,0.0002481334999902174
Zheng DBSCAN,AdditionalLogs,sudden_drift_09,600,60.0,"[np.float64(1034.0), np.float64(1216.5)]","[500, 1000]",0.5,34.0,00:00:00,0.45911930000875145,0.00030607953333916765
Zheng DBSCAN,AdditionalLogs,sudden_drift_09,600,120.0,[np.float64(1060.0714285714287)],"[500, 1000]",0.6666666666666666,60.07142857142867,00:00:00,0.45911930000875145,0.00030607953333916765
Zheng DBSCAN,AdditionalLogs,sudden_drift_09,600,180.0,[np.float64(1060.0714285714287)],"[500, 1000]",0.6666666666666666,60.07142857142867,00:00:00,0.45911930000875145,0.00030607953333916765
Zheng DBSCAN,AdditionalLogs,sudden_drift_09,600,240.0,[np.float64(1060.0714285714287)],"[500, 1000]",0.6666666666666666,60.07142857142867,00:00:00,0.45911930000875145,0.00030607953333916765
Zheng DBSCAN,AdditionalLogs,sudden_drift_09,600,300.0,[np.float64(1060.0714285714287)],"[500, 1000]",0.6666666666666666,60.07142857142867,00:00:00,0.45911930000875145,0.00030607953333916765
Zheng DBSCAN,AdditionalLogs,sudden_drift_08,700,70.0,[np.float64(1113.7058823529412)],"[500, 1000]",0.6666666666666666,113.70588235294122,00:00:00,0.6869690000021365,0.00045797933333475765
Zheng DBSCAN,AdditionalLogs,sudden_drift_08,700,140.0,[np.float64(810.7704918032787)],"[500, 1000]",0.6666666666666666,189.22950819672133,00:00:00,0.6869690000021365,0.00045797933333475765
Zheng DBSCAN,AdditionalLogs,sudden_drift_08,700,210.0,[np.float64(810.7704918032787)],"[500, 1000]",0.6666666666666666,189.22950819672133,00:00:00,0.6869690000021365,0.00045797933333475765
Zheng DBSCAN,AdditionalLogs,sudden_drift_08,700,280.0,[np.float64(810.7704918032787)],"[500, 1000]",0.6666666666666666,189.22950819672133,00:00:00,0.6869690000021365,0.00045797933333475765
Zheng DBSCAN,AdditionalLogs,sudden_drift_08,700,350.0,[np.float64(810.7704918032787)],"[500, 1000]",0.6666666666666666,189.22950819672133,00:00:00,0.6869690000021365,0.00045797933333475765
Zheng DBSCAN,Ceravolo,sudden_trace_noise20_1000_ROI,800,80.0,[],[499],,,00:00:00,0.29054159999941476,0.00029054159999941474
Zheng DBSCAN,Ceravolo,sudden_trace_noise20_1000_ROI,800,160.0,[],[499],,,00:00:00,0.29054159999941476,0.00029054159999941474
Zheng DBSCAN,Ceravolo,sudden_trace_noise20_1000_ROI,800,240.0,[],[499],,,00:00:00,0.29054159999941476,0.00029054159999941474
Zheng DBSCAN,Ceravolo,sudden_trace_noise20_1000_ROI,800,320.0,[],[499],,,00:00:00,0.29054159999941476,0.00029054159999941474
Zheng DBSCAN,Ceravolo,sudden_trace_noise20_1000_ROI,800,400.0,[],[499],,,00:00:00,0.29054159999941476,0.00029054159999941474
Zheng DBSCAN,Ceravolo,sudden_trace_noise10_1000_pl,700,70.0,[],[499],,,00:00:00,0.2575926999852527,0.0002575926999852527
Zheng DBSCAN,Ceravolo,sudden_trace_noise10_1000_pl,700,140.0,[],[499],,,00:00:00,0.2575926999852527,0.0002575926999852527
Zheng DBSCAN,Ceravolo,sudden_trace_noise10_1000_pl,700,210.0,[],[499],,,00:00:00,0.2575926999852527,0.0002575926999852527
Zheng DBSCAN,Ceravolo,sudden_trace_noise10_1000_pl,700,280.0,[],[499],,,00:00:00,0.2575926999852527,0.0002575926999852527
Zheng DBSCAN,Ceravolo,sudden_trace_noise10_1000_pl,700,350.0,[],[499],,,00:00:00,0.2575926999852527,0.0002575926999852527
Zheng DBSCAN,Ostovar,Nested_ORI_output_ORI,700,70.0,"[np.float64(929.0), np.float64(1934.8)]","[999, 1999]",1.0,67.10000000000002,00:00:07,7.20033429999603,0.0024009117372444247
Zheng DBSCAN,Ostovar,Nested_ORI_output_ORI,700,140.0,"[np.float64(929.0), np.float64(1934.8)]","[999, 1999]",1.0,67.10000000000002,00:00:07,7.20033429999603,0.0024009117372444247
Zheng DBSCAN,Ostovar,Nested_ORI_output_ORI,700,210.0,"[np.float64(929.0), np.float64(1934.8)]","[999, 1999]",1.0,67.10000000000002,00:00:07,7.20033429999603,0.0024009117372444247
Zheng DBSCAN,Ostovar,Nested_ORI_output_ORI,700,280.0,"[np.float64(929.0), np.float64(1934.8)]","[999, 1999]",1.0,67.10000000000002,00:00:07,7.20033429999603,0.0024009117372444247
Zheng DBSCAN,Ostovar,Nested_ORI_output_ORI,700,350.0,"[np.float64(929.0), np.float64(1934.8)]","[999, 1999]",1.0,67.10000000000002,00:00:07,7.20033429999603,0.0024009117372444247
Zheng DBSCAN,Ceravolo,sudden_trace_noise15_1000_cf,600,60.0,[],[499],,,00:00:00,0.2835631000052672,0.00028356310000526716
Zheng DBSCAN,Ceravolo,sudden_trace_noise15_1000_cf,600,120.0,[],[499],,,00:00:00,0.2835631000052672,0.00028356310000526716
Zheng DBSCAN,Ceravolo,sudden_trace_noise15_1000_cf,600,180.0,[],[499],,,00:00:00,0.2835631000052672,0.00028356310000526716
Zheng DBSCAN,Ceravolo,sudden_trace_noise15_1000_cf,600,240.0,[],[499],,,00:00:00,0.2835631000052672,0.00028356310000526716
Zheng DBSCAN,Ceravolo,sudden_trace_noise15_1000_cf,600,300.0,[],[499],,,00:00:00,0.2835631000052672,0.00028356310000526716
Zheng DBSCAN,Ostovar,Composite_RIO_output_RIO,500,50.0,"[np.float64(937.1428571428571), np.float64(1939.5)]","[999, 1999]",1.0,60.678571428571445,00:00:06,6.26042820001021,0.002087505235081764
Zheng DBSCAN,Ostovar,Composite_RIO_output_RIO,500,100.0,"[np.float64(937.1428571428571), np.float64(1939.5)]","[999, 1999]",1.0,60.678571428571445,00:00:06,6.26042820001021,0.002087505235081764
Zheng DBSCAN,Ostovar,Composite_RIO_output_RIO,500,150.0,"[np.float64(937.1428571428571), np.float64(1939.5)]","[999, 1999]",1.0,60.678571428571445,00:00:06,6.26042820001021,0.002087505235081764
Zheng DBSCAN,Ostovar,Composite_RIO_output_RIO,500,200.0,"[np.float64(937.1428571428571), np.float64(1939.5)]","[999, 1999]",1.0,60.678571428571445,00:00:06,6.26042820001021,0.002087505235081764
Zheng DBSCAN,Ostovar,Composite_RIO_output_RIO,500,250.0,"[np.float64(937.1428571428571), np.float64(1939.5)]","[999, 1999]",1.0,60.678571428571445,00:00:06,6.26042820001021,0.002087505235081764
Zheng DBSCAN,Ceravolo,sudden_trace_noise10_1000_re,600,60.0,[],[499],,,00:00:00,0.2566942000121344,0.00025669420001213437
Zheng DBSCAN,Ceravolo,sudden_trace_noise10_1000_re,600,120.0,[],[499],,,00:00:00,0.2566942000121344,0.00025669420001213437
Zheng DBSCAN,Ceravolo,sudden_trace_noise10_1000_re,600,180.0,[],[499],,,00:00:00,0.2566942000121344,0.00025669420001213437
Zheng DBSCAN,Ceravolo,sudden_trace_noise10_1000_re,600,240.0,[],[499],,,00:00:00,0.2566942000121344,0.00025669420001213437
Zheng DBSCAN,Ceravolo,sudden_trace_noise10_1000_re,600,300.0,[],[499],,,00:00:00,0.2566942000121344,0.00025669420001213437
Zheng DBSCAN,Ostovar,Composite_ORI_output_ORI_5,600,60.0,[np.float64(1512.380481778876)],"[999, 1999]",,,00:00:08,8.222828899975866,0.0027418569189649436
Zheng DBSCAN,Ostovar,Composite_ORI_output_ORI_5,600,120.0,[np.float64(1512.380481778876)],"[999, 1999]",,,00:00:08,8.222828899975866,0.0027418569189649436
Zheng DBSCAN,Ostovar,Composite_ORI_output_ORI_5,600,180.0,[np.float64(1512.380481778876)],"[999, 1999]",,,00:00:08,8.222828899975866,0.0027418569189649436
Zheng DBSCAN,Ostovar,Composite_ORI_output_ORI_5,600,240.0,[np.float64(1512.380481778876)],"[999, 1999]",,,00:00:08,8.222828899975866,0.0027418569189649436
Zheng DBSCAN,Ostovar,Composite_ORI_output_ORI_5,600,300.0,[np.float64(1512.380481778876)],"[999, 1999]",,,00:00:08,8.222828899975866,0.0027418569189649436
Zheng DBSCAN,Ceravolo,sudden_trace_noise10_1000_sw,800,80.0,[],[499],,,00:00:00,0.24655939999502152,0.0002465593999950215
Zheng DBSCAN,Ceravolo,sudden_trace_noise10_1000_sw,800,160.0,[],[499],,,00:00:00,0.24655939999502152,0.0002465593999950215
Zheng DBSCAN,Ceravolo,sudden_trace_noise10_1000_sw,800,240.0,[],[499],,,00:00:00,0.24655939999502152,0.0002465593999950215
Zheng DBSCAN,Ceravolo,sudden_trace_noise10_1000_sw,800,320.0,[],[499],,,00:00:00,0.24655939999502152,0.0002465593999950215
Zheng DBSCAN,Ceravolo,sudden_trace_noise10_1000_sw,800,400.0,[],[499],,,00:00:00,0.24655939999502152,0.0002465593999950215
Zheng DBSCAN,Ostovar,Atomic_ConditionalRemoval_output_ConditionalRemoval,500,50.0,"[np.float64(931.5), np.float64(1943.0)]","[999, 1999]",1.0,61.75,00:00:05,5.578712699993048,0.0018601909636522334
Zheng DBSCAN,Ostovar,Atomic_ConditionalRemoval_output_ConditionalRemoval,500,100.0,"[np.float64(931.5), np.float64(1943.0)]","[999, 1999]",1.0,61.75,00:00:05,5.578712699993048,0.0018601909636522334
Zheng DBSCAN,Ostovar,Atomic_ConditionalRemoval_output_ConditionalRemoval,500,150.0,"[np.float64(931.5), np.float64(1943.0)]","[999, 1999]",1.0,61.75,00:00:05,5.578712699993048,0.0018601909636522334
Zheng DBSCAN,Ostovar,Atomic_ConditionalRemoval_output_ConditionalRemoval,500,200.0,"[np.float64(931.5), np.float64(1943.0)]","[999, 1999]",1.0,61.75,00:00:05,5.578712699993048,0.0018601909636522334
Zheng DBSCAN,Ostovar,Atomic_ConditionalRemoval_output_ConditionalRemoval,500,250.0,"[np.float64(931.5), np.float64(1943.0)]","[999, 1999]",1.0,61.75,00:00:05,5.578712699993048,0.0018601909636522334
Zheng DBSCAN,Ostovar,Atomic_ConditionalToSequence_output_ConditionalToSequence_5,800,80.0,[np.float64(1514.0061776061775)],"[999, 1999]",,,00:00:07,7.380741700006183,0.0024610675891984604
Zheng DBSCAN,Ostovar,Atomic_ConditionalToSequence_output_ConditionalToSequence_5,800,160.0,[np.float64(1514.0061776061775)],"[999, 1999]",,,00:00:07,7.380741700006183,0.0024610675891984604
Zheng DBSCAN,Ostovar,Atomic_ConditionalToSequence_output_ConditionalToSequence_5,800,240.0,[np.float64(1514.0061776061775)],"[999, 1999]",,,00:00:07,7.380741700006183,0.0024610675891984604
Zheng DBSCAN,Ostovar,Atomic_ConditionalToSequence_output_ConditionalToSequence_5,800,320.0,[np.float64(1514.0061776061775)],"[999, 1999]",,,00:00:07,7.380741700006183,0.0024610675891984604
Zheng DBSCAN,Ostovar,Atomic_ConditionalToSequence_output_ConditionalToSequence_5,800,400.0,[np.float64(1514.0061776061775)],"[999, 1999]",,,00:00:07,7.380741700006183,0.0024610675891984604
Zheng DBSCAN,AdditionalLogs,recurring_drift_03,500,50.0,"[np.float64(501.25), np.float64(669.25), np.float64(831.0), np.float64(911.0), np.float64(978.6), np.float64(1161.0), np.float64(1215.0), np.float64(1284.0), np.float64(1348.0), np.float64(1406.0)]","[500, 1000]",0.33333333333333337,11.324999999999989,00:00:00,0.5463327000034042,0.0003642218000022694
Zheng DBSCAN,AdditionalLogs,recurring_drift_03,500,100.0,"[np.float64(550.6666666666666), np.float64(947.8571428571429), np.float64(1282.8)]","[500, 1000]",0.8,51.40476190476187,00:00:00,0.5463327000034042,0.0003642218000022694
Zheng DBSCAN,AdditionalLogs,recurring_drift_03,500,150.0,"[np.float64(677.0454545454545), np.float64(1282.8)]","[500, 1000]",0.5,177.0454545454545,00:00:00,0.5463327000034042,0.0003642218000022694
Zheng DBSCAN,AdditionalLogs,recurring_drift_03,500,200.0,[np.float64(762.0357142857143)],"[500, 1000]",,,00:00:00,0.5463327000034042,0.0003642218000022694
Zheng DBSCAN,AdditionalLogs,recurring_drift_03,500,250.0,[np.float64(762.0357142857143)],"[500, 1000]",,,00:00:00,0.5463327000034042,0.0003642218000022694
Zheng DBSCAN,AdditionalLogs,recurring_drift_06,700,70.0,"[np.float64(939.0), np.float64(1231.0)]","[500, 1000]",0.5,61.0,00:00:00,0.9791204999783076,0.0006527469999855384
Zheng DBSCAN,AdditionalLogs,recurring_drift_06,700,140.0,"[np.float64(939.0), np.float64(1231.0)]","[500, 1000]",0.5,61.0,00:00:00,0.9791204999783076,0.0006527469999855384
Zheng DBSCAN,AdditionalLogs,recurring_drift_06,700,210.0,"[np.float64(939.0), np.float64(1231.0)]","[500, 1000]",0.5,61.0,00:00:00,0.9791204999783076,0.0006527469999855384
Zheng DBSCAN,AdditionalLogs,recurring_drift_06,700,280.0,"[np.float64(736.6666666666666), np.float64(1231.0)]","[500, 1000]",,,00:00:00,0.9791204999783076,0.0006527469999855384
Zheng DBSCAN,AdditionalLogs,recurring_drift_06,700,350.0,[np.float64(860.25)],"[500, 1000]",0.6666666666666666,139.75,00:00:00,0.9791204999783076,0.0006527469999855384
Zheng DBSCAN,Ostovar,Atomic_Frequency_output_Frequency,600,60.0,[],"[999, 1999]",,,00:00:02,2.9926114000263624,0.0009978697565943188
Zheng DBSCAN,Ostovar,Atomic_Frequency_output_Frequency,600,120.0,[],"[999, 1999]",,,00:00:02,2.9926114000263624,0.0009978697565943188
Zheng DBSCAN,Ostovar,Atomic_Frequency_output_Frequency,600,180.0,[],"[999, 1999]",,,00:00:02,2.9926114000263624,0.0009978697565943188
Zheng DBSCAN,Ostovar,Atomic_Frequency_output_Frequency,600,240.0,[],"[999, 1999]",,,00:00:02,2.9926114000263624,0.0009978697565943188
Zheng DBSCAN,Ostovar,Atomic_Frequency_output_Frequency,600,300.0,[],"[999, 1999]",,,00:00:02,2.9926114000263624,0.0009978697565943188
Zheng DBSCAN,Ostovar,Atomic_Loop_output_Loop,500,50.0,"[np.float64(915.0), np.float64(1954.0)]","[999, 1999]",1.0,64.5,00:00:05,5.242524699977366,0.0017480909303025562
Zheng DBSCAN,Ostovar,Atomic_Loop_output_Loop,500,100.0,"[np.float64(915.0), np.float64(1954.0)]","[999, 1999]",1.0,64.5,00:00:05,5.242524699977366,0.0017480909303025562
Zheng DBSCAN,Ostovar,Atomic_Loop_output_Loop,500,150.0,"[np.float64(915.0), np.float64(1954.0)]","[999, 1999]",1.0,64.5,00:00:05,5.242524699977366,0.0017480909303025562
Zheng DBSCAN,Ostovar,Atomic_Loop_output_Loop,500,200.0,"[np.float64(915.0), np.float64(1954.0)]","[999, 1999]",1.0,64.5,00:00:05,5.242524699977366,0.0017480909303025562
Zheng DBSCAN,Ostovar,Atomic_Loop_output_Loop,500,250.0,"[np.float64(915.0), np.float64(1954.0)]","[999, 1999]",1.0,64.5,00:00:05,5.242524699977366,0.0017480909303025562
Zheng DBSCAN,Ostovar,Atomic_Substitute_output_Substitute_2,700,70.0,[np.float64(1503.4658780709735)],"[999, 1999]",,,00:00:08,8.04082950000884,0.0026811702234107505
Zheng DBSCAN,Ostovar,Atomic_Substitute_output_Substitute_2,700,140.0,[np.float64(1503.4658780709735)],"[999, 1999]",,,00:00:08,8.04082950000884,0.0026811702234107505
Zheng DBSCAN,Ostovar,Atomic_Substitute_output_Substitute_2,700,210.0,[np.float64(1503.4658780709735)],"[999, 1999]",,,00:00:08,8.04082950000884,0.0026811702234107505
Zheng DBSCAN,Ostovar,Atomic_Substitute_output_Substitute_2,700,280.0,[np.float64(1503.4658780709735)],"[999, 1999]",,,00:00:08,8.04082950000884,0.0026811702234107505
Zheng DBSCAN,Ostovar,Atomic_Substitute_output_Substitute_2,700,350.0,[np.float64(1503.4658780709735)],"[999, 1999]",,,00:00:08,8.04082950000884,0.0026811702234107505
Zheng DBSCAN,Ostovar,Nested_RIO_output_RIO_2,700,70.0,[np.float64(1508.625488663018)],"[999, 1999]",,,00:00:09,9.618364200025098,0.0032071904634961984
Zheng DBSCAN,Ostovar,Nested_RIO_output_RIO_2,700,140.0,[np.float64(1508.625488663018)],"[999, 1999]",,,00:00:09,9.618364200025098,0.0032071904634961984
Zheng DBSCAN,Ostovar,Nested_RIO_output_RIO_2,700,210.0,[np.float64(1508.625488663018)],"[999, 1999]",,,00:00:09,9.618364200025098,0.0032071904634961984
Zheng DBSCAN,Ostovar,Nested_RIO_output_RIO_2,700,280.0,[np.float64(1508.625488663018)],"[999, 1999]",,,00:00:09,9.618364200025098,0.0032071904634961984
Zheng DBSCAN,Ostovar,Nested_RIO_output_RIO_2,700,350.0,[np.float64(1508.625488663018)],"[999, 1999]",,,00:00:09,9.618364200025098,0.0032071904634961984
Zheng DBSCAN,Ceravolo,sudden_trace_noise20_1000_ROI,700,70.0,[],[499],,,00:00:00,0.25621619998128153,0.0002562161999812815
Zheng DBSCAN,Ceravolo,sudden_trace_noise20_1000_ROI,700,140.0,[],[499],,,00:00:00,0.25621619998128153,0.0002562161999812815
Zheng DBSCAN,Ceravolo,sudden_trace_noise20_1000_ROI,700,210.0,[],[499],,,00:00:00,0.25621619998128153,0.0002562161999812815
Zheng DBSCAN,Ceravolo,sudden_trace_noise20_1000_ROI,700,280.0,[],[499],,,00:00:00,0.25621619998128153,0.0002562161999812815
Zheng DBSCAN,Ceravolo,sudden_trace_noise20_1000_ROI,700,350.0,[],[499],,,00:00:00,0.25621619998128153,0.0002562161999812815
Zheng DBSCAN,Ostovar,Nested_ROI_output_ROI_2,800,80.0,[np.float64(1506.5577492596249)],"[999, 1999]",,,00:00:07,7.264064600021811,0.002422162254091968
Zheng DBSCAN,Ostovar,Nested_ROI_output_ROI_2,800,160.0,[np.float64(1506.5577492596249)],"[999, 1999]",,,00:00:07,7.264064600021811,0.002422162254091968
Zheng DBSCAN,Ostovar,Nested_ROI_output_ROI_2,800,240.0,[np.float64(1506.5577492596249)],"[999, 1999]",,,00:00:07,7.264064600021811,0.002422162254091968
Zheng DBSCAN,Ostovar,Nested_ROI_output_ROI_2,800,320.0,[np.float64(1506.5577492596249)],"[999, 1999]",,,00:00:07,7.264064600021811,0.002422162254091968
Zheng DBSCAN,Ostovar,Nested_ROI_output_ROI_2,800,400.0,[np.float64(1506.5577492596249)],"[999, 1999]",,,00:00:07,7.264064600021811,0.002422162254091968
Zheng DBSCAN,Ostovar,Composite_IOR_output_IOR_2,400,40.0,[np.float64(1484.7336032388664)],"[999, 1999]",,,00:00:06,6.279816300026141,0.0020939700900387266
Zheng DBSCAN,Ostovar,Composite_IOR_output_IOR_2,400,80.0,[np.float64(1484.7336032388664)],"[999, 1999]",,,00:00:06,6.279816300026141,0.0020939700900387266
Zheng DBSCAN,Ostovar,Composite_IOR_output_IOR_2,400,120.0,[np.float64(1484.7336032388664)],"[999, 1999]",,,00:00:06,6.279816300026141,0.0020939700900387266
Zheng DBSCAN,Ostovar,Composite_IOR_output_IOR_2,400,160.0,[np.float64(1484.7336032388664)],"[999, 1999]",,,00:00:06,6.279816300026141,0.0020939700900387266
Zheng DBSCAN,Ostovar,Composite_IOR_output_IOR_2,400,200.0,[np.float64(1484.7336032388664)],"[999, 1999]",,,00:00:06,6.279816300026141,0.0020939700900387266
Zheng DBSCAN,Ostovar,Atomic_Frequency_output_Frequency_5,300,30.0,[np.float64(1520.7753303964757)],"[999, 1999]",,,00:00:04,4.1471385000040755,0.001382840446816964
Zheng DBSCAN,Ostovar,Atomic_Frequency_output_Frequency_5,300,60.0,[np.float64(1520.7753303964757)],"[999, 1999]",,,00:00:04,4.1471385000040755,0.001382840446816964
Zheng DBSCAN,Ostovar,Atomic_Frequency_output_Frequency_5,300,90.0,[np.float64(1520.7753303964757)],"[999, 1999]",,,00:00:04,4.1471385000040755,0.001382840446816964
Zheng DBSCAN,Ostovar,Atomic_Frequency_output_Frequency_5,300,120.0,[np.float64(1520.7753303964757)],"[999, 1999]",,,00:00:04,4.1471385000040755,0.001382840446816964
Zheng DBSCAN,Ostovar,Atomic_Frequency_output_Frequency_5,300,150.0,[np.float64(1520.7753303964757)],"[999, 1999]",,,00:00:04,4.1471385000040755,0.001382840446816964
Zheng DBSCAN,Ceravolo,sudden_trace_noise0_1000_OIR,800,80.0,[],[499],,,00:00:00,0.31019319998449646,0.00031019319998449647
Zheng DBSCAN,Ceravolo,sudden_trace_noise0_1000_OIR,800,160.0,[],[499],,,00:00:00,0.31019319998449646,0.00031019319998449647
Zheng DBSCAN,Ceravolo,sudden_trace_noise0_1000_OIR,800,240.0,[],[499],,,00:00:00,0.31019319998449646,0.00031019319998449647
Zheng DBSCAN,Ceravolo,sudden_trace_noise0_1000_OIR,800,320.0,[],[499],,,00:00:00,0.31019319998449646,0.00031019319998449647
Zheng DBSCAN,Ceravolo,sudden_trace_noise0_1000_OIR,800,400.0,[],[499],,,00:00:00,0.31019319998449646,0.00031019319998449647
Zheng DBSCAN,Ostovar,Atomic_SerialMove_output_SerialMove_2,700,70.0,[np.float64(1503.0834782608695)],"[999, 1999]",,,00:00:07,7.385846799996216,0.002462769856617611
Zheng DBSCAN,Ostovar,Atomic_SerialMove_output_SerialMove_2,700,140.0,[np.float64(1503.0834782608695)],"[999, 1999]",,,00:00:07,7.385846799996216,0.002462769856617611
Zheng DBSCAN,Ostovar,Atomic_SerialMove_output_SerialMove_2,700,210.0,[np.float64(1503.0834782608695)],"[999, 1999]",,,00:00:07,7.385846799996216,0.002462769856617611
Zheng DBSCAN,Ostovar,Atomic_SerialMove_output_SerialMove_2,700,280.0,[np.float64(1503.0834782608695)],"[999, 1999]",,,00:00:07,7.385846799996216,0.002462769856617611
Zheng DBSCAN,Ostovar,Atomic_SerialMove_output_SerialMove_2,700,350.0,[np.float64(1503.0834782608695)],"[999, 1999]",,,00:00:07,7.385846799996216,0.002462769856617611
Zheng DBSCAN,Ostovar,Atomic_ConditionalRemoval_output_ConditionalRemoval_5,700,70.0,[np.float64(1517.6433990895296)],"[999, 1999]",,,00:00:06,6.545732800004771,0.0021826384794947553
Zheng DBSCAN,Ostovar,Atomic_ConditionalRemoval_output_ConditionalRemoval_5,700,140.0,[np.float64(1517.6433990895296)],"[999, 1999]",,,00:00:06,6.545732800004771,0.0021826384794947553
Zheng DBSCAN,Ostovar,Atomic_ConditionalRemoval_output_ConditionalRemoval_5,700,210.0,[np.float64(1517.6433990895296)],"[999, 1999]",,,00:00:06,6.545732800004771,0.0021826384794947553
Zheng DBSCAN,Ostovar,Atomic_ConditionalRemoval_output_ConditionalRemoval_5,700,280.0,[np.float64(1517.6433990895296)],"[999, 1999]",,,00:00:06,6.545732800004771,0.0021826384794947553
Zheng DBSCAN,Ostovar,Atomic_ConditionalRemoval_output_ConditionalRemoval_5,700,350.0,[np.float64(1517.6433990895296)],"[999, 1999]",,,00:00:06,6.545732800004771,0.0021826384794947553
Zheng DBSCAN,Ostovar,Atomic_ParallelRemoval_output_ParallelRemoval_2,500,50.0,[np.float64(1504.8768303186907)],"[999, 1999]",,,00:00:06,6.716791899991222,0.002239677192394539
Zheng DBSCAN,Ostovar,Atomic_ParallelRemoval_output_ParallelRemoval_2,500,100.0,[np.float64(1504.8768303186907)],"[999, 1999]",,,00:00:06,6.716791899991222,0.002239677192394539
Zheng DBSCAN,Ostovar,Atomic_ParallelRemoval_output_ParallelRemoval_2,500,150.0,[np.float64(1504.8768303186907)],"[999, 1999]",,,00:00:06,6.716791899991222,0.002239677192394539
Zheng DBSCAN,Ostovar,Atomic_ParallelRemoval_output_ParallelRemoval_2,500,200.0,[np.float64(1504.8768303186907)],"[999, 1999]",,,00:00:06,6.716791899991222,0.002239677192394539
Zheng DBSCAN,Ostovar,Atomic_ParallelRemoval_output_ParallelRemoval_2,500,250.0,[np.float64(1504.8768303186907)],"[999, 1999]",,,00:00:06,6.716791899991222,0.002239677192394539
Zheng DBSCAN,Ostovar,Composite_RIO_output_RIO,700,70.0,"[np.float64(937.1428571428571), np.float64(1939.5)]","[999, 1999]",1.0,60.678571428571445,00:00:06,6.218265000003157,0.0020734461487172916
Zheng DBSCAN,Ostovar,Composite_RIO_output_RIO,700,140.0,"[np.float64(937.1428571428571), np.float64(1939.5)]","[999, 1999]",1.0,60.678571428571445,00:00:06,6.218265000003157,0.0020734461487172916
Zheng DBSCAN,Ostovar,Composite_RIO_output_RIO,700,210.0,"[np.float64(937.1428571428571), np.float64(1939.5)]","[999, 1999]",1.0,60.678571428571445,00:00:06,6.218265000003157,0.0020734461487172916
Zheng DBSCAN,Ostovar,Composite_RIO_output_RIO,700,280.0,"[np.float64(937.1428571428571), np.float64(1939.5)]","[999, 1999]",1.0,60.678571428571445,00:00:06,6.218265000003157,0.0020734461487172916
Zheng DBSCAN,Ostovar,Composite_RIO_output_RIO,700,350.0,"[np.float64(937.1428571428571), np.float64(1939.5)]","[999, 1999]",1.0,60.678571428571445,00:00:06,6.218265000003157,0.0020734461487172916
Zheng DBSCAN,Ceravolo,sudden_trace_noise20_1000_pl,500,50.0,[],[499],,,00:00:00,0.23804979998385534,0.00023804979998385533
Zheng DBSCAN,Ceravolo,sudden_trace_noise20_1000_pl,500,100.0,[],[499],,,00:00:00,0.23804979998385534,0.00023804979998385533
Zheng DBSCAN,Ceravolo,sudden_trace_noise20_1000_pl,500,150.0,[],[499],,,00:00:00,0.23804979998385534,0.00023804979998385533
Zheng DBSCAN,Ceravolo,sudden_trace_noise20_1000_pl,500,200.0,[],[499],,,00:00:00,0.23804979998385534,0.00023804979998385533
Zheng DBSCAN,Ceravolo,sudden_trace_noise20_1000_pl,500,250.0,[],[499],,,00:00:00,0.23804979998385534,0.00023804979998385533
Zheng DBSCAN,Ostovar,Nested_RIO_output_RIO_2,300,30.0,[np.float64(1505.460625)],"[999, 1999]",,,00:00:08,8.192789799999446,0.0027318405468487648
Zheng DBSCAN,Ostovar,Nested_RIO_output_RIO_2,300,60.0,[np.float64(1505.460625)],"[999, 1999]",,,00:00:08,8.192789799999446,0.0027318405468487648
Zheng DBSCAN,Ostovar,Nested_RIO_output_RIO_2,300,90.0,[np.float64(1505.460625)],"[999, 1999]",,,00:00:08,8.192789799999446,0.0027318405468487648
Zheng DBSCAN,Ostovar,Nested_RIO_output_RIO_2,300,120.0,[np.float64(1505.460625)],"[999, 1999]",,,00:00:08,8.192789799999446,0.0027318405468487648
Zheng DBSCAN,Ostovar,Nested_RIO_output_RIO_2,300,150.0,[np.float64(1505.460625)],"[999, 1999]",,,00:00:08,8.192789799999446,0.0027318405468487648
Zheng DBSCAN,AdditionalLogs,gradual_drift_07,700,70.0,"[np.float64(740.5), np.float64(937.0)]","[500, 1000]",0.5,63.0,00:00:00,0.38671739998972043,0.0002762267142783717
Zheng DBSCAN,AdditionalLogs,gradual_drift_07,700,140.0,"[np.float64(740.5), np.float64(937.0)]","[500, 1000]",0.5,63.0,00:00:00,0.38671739998972043,0.0002762267142783717
Zheng DBSCAN,AdditionalLogs,gradual_drift_07,700,210.0,[np.float64(858.4)],"[500, 1000]",0.6666666666666666,141.60000000000002,00:00:00,0.38671739998972043,0.0002762267142783717
Zheng DBSCAN,AdditionalLogs,gradual_drift_07,700,280.0,[np.float64(792.3333333333334)],"[500, 1000]",,,00:00:00,0.38671739998972043,0.0002762267142783717
Zheng DBSCAN,AdditionalLogs,gradual_drift_07,700,350.0,[np.float64(792.3333333333334)],"[500, 1000]",,,00:00:00,0.38671739998972043,0.0002762267142783717
Zheng DBSCAN,Ceravolo,sudden_trace_noise15_1000_ROI,300,30.0,[np.float64(448.5)],[499],1.0,50.5,00:00:00,0.2756642999884207,0.00027566429998842067
Zheng DBSCAN,Ceravolo,sudden_trace_noise15_1000_ROI,300,60.0,[np.float64(448.5)],[499],1.0,50.5,00:00:00,0.2756642999884207,0.00027566429998842067
Zheng DBSCAN,Ceravolo,sudden_trace_noise15_1000_ROI,300,90.0,[np.float64(448.5)],[499],1.0,50.5,00:00:00,0.2756642999884207,0.00027566429998842067
Zheng DBSCAN,Ceravolo,sudden_trace_noise15_1000_ROI,300,120.0,[np.float64(448.5)],[499],1.0,50.5,00:00:00,0.2756642999884207,0.00027566429998842067
Zheng DBSCAN,Ceravolo,sudden_trace_noise15_1000_ROI,300,150.0,[np.float64(448.5)],[499],1.0,50.5,00:00:00,0.2756642999884207,0.00027566429998842067
Zheng DBSCAN,Ceravolo,sudden_trace_noise20_1000_sw,800,80.0,[],[499],,,00:00:00,0.23254769999766722,0.00023254769999766722
Zheng DBSCAN,Ceravolo,sudden_trace_noise20_1000_sw,800,160.0,[],[499],,,00:00:00,0.23254769999766722,0.00023254769999766722
Zheng DBSCAN,Ceravolo,sudden_trace_noise20_1000_sw,800,240.0,[],[499],,,00:00:00,0.23254769999766722,0.00023254769999766722
Zheng DBSCAN,Ceravolo,sudden_trace_noise20_1000_sw,800,320.0,[],[499],,,00:00:00,0.23254769999766722,0.00023254769999766722
Zheng DBSCAN,Ceravolo,sudden_trace_noise20_1000_sw,800,400.0,[],[499],,,00:00:00,0.23254769999766722,0.00023254769999766722
Zheng DBSCAN,Ostovar,Atomic_SerialRemoval_output_SerialRemoval_5,600,60.0,[np.float64(1503.170121515368)],"[999, 1999]",,,00:00:06,6.177352400001837,0.002059804068023287
Zheng DBSCAN,Ostovar,Atomic_SerialRemoval_output_SerialRemoval_5,600,120.0,[np.float64(1503.170121515368)],"[999, 1999]",,,00:00:06,6.177352400001837,0.002059804068023287
Zheng DBSCAN,Ostovar,Atomic_SerialRemoval_output_SerialRemoval_5,600,180.0,[np.float64(1503.170121515368)],"[999, 1999]",,,00:00:06,6.177352400001837,0.002059804068023287
Zheng DBSCAN,Ostovar,Atomic_SerialRemoval_output_SerialRemoval_5,600,240.0,[np.float64(1503.170121515368)],"[999, 1999]",,,00:00:06,6.177352400001837,0.002059804068023287
Zheng DBSCAN,Ostovar,Atomic_SerialRemoval_output_SerialRemoval_5,600,300.0,[np.float64(1503.170121515368)],"[999, 1999]",,,00:00:06,6.177352400001837,0.002059804068023287
Zheng DBSCAN,Ceravolo,sudden_trace_noise5_1000_IRO,500,50.0,[],[499],,,00:00:00,0.2888227000075858,0.0002888227000075858
Zheng DBSCAN,Ceravolo,sudden_trace_noise5_1000_IRO,500,100.0,[],[499],,,00:00:00,0.2888227000075858,0.0002888227000075858
Zheng DBSCAN,Ceravolo,sudden_trace_noise5_1000_IRO,500,150.0,[],[499],,,00:00:00,0.2888227000075858,0.0002888227000075858
Zheng DBSCAN,Ceravolo,sudden_trace_noise5_1000_IRO,500,200.0,[],[499],,,00:00:00,0.2888227000075858,0.0002888227000075858
Zheng DBSCAN,Ceravolo,sudden_trace_noise5_1000_IRO,500,250.0,[],[499],,,00:00:00,0.2888227000075858,0.0002888227000075858
Zheng DBSCAN,Ceravolo,sudden_trace_noise20_1000_lp,600,60.0,[],[499],,,00:00:00,0.2566146999888588,0.00025661469998885877
Zheng DBSCAN,Ceravolo,sudden_trace_noise20_1000_lp,600,120.0,[],[499],,,00:00:00,0.2566146999888588,0.00025661469998885877
Zheng DBSCAN,Ceravolo,sudden_trace_noise20_1000_lp,600,180.0,[],[499],,,00:00:00,0.2566146999888588,0.00025661469998885877
Zheng DBSCAN,Ceravolo,sudden_trace_noise20_1000_lp,600,240.0,[],[499],,,00:00:00,0.2566146999888588,0.00025661469998885877
Zheng DBSCAN,Ceravolo,sudden_trace_noise20_1000_lp,600,300.0,[],[499],,,00:00:00,0.2566146999888588,0.00025661469998885877
Zheng DBSCAN,AdditionalLogs,gradual_drift_01,600,60.0,"[np.float64(664.25), np.float64(753.8333333333334), np.float64(952.0), np.float64(1117.0), np.float64(1308.6)]","[500, 1000]",0.5714285714285715,106.125,00:00:00,0.6575682999973651,0.0004696916428552608
Zheng DBSCAN,AdditionalLogs,gradual_drift_01,600,120.0,"[np.float64(718.0), np.float64(1069.388888888889)]","[500, 1000]",0.5,69.38888888888891,00:00:00,0.6575682999973651,0.0004696916428552608
Zheng DBSCAN,AdditionalLogs,gradual_drift_01,600,180.0,[np.float64(879.40625)],"[500, 1000]",0.6666666666666666,120.59375,00:00:00,0.6575682999973651,0.0004696916428552608
Zheng DBSCAN,AdditionalLogs,gradual_drift_01,600,240.0,[np.float64(879.40625)],"[500, 1000]",0.6666666666666666,120.59375,00:00:00,0.6575682999973651,0.0004696916428552608
Zheng DBSCAN,AdditionalLogs,gradual_drift_01,600,300.0,[np.float64(879.40625)],"[500, 1000]",0.6666666666666666,120.59375,00:00:00,0.6575682999973651,0.0004696916428552608
Zheng DBSCAN,Ceravolo,sudden_trace_noise0_1000_cb,800,80.0,[],[499],,,00:00:00,0.28162130000418983,0.00028162130000418986
Zheng DBSCAN,Ceravolo,sudden_trace_noise0_1000_cb,800,160.0,[],[499],,,00:00:00,0.28162130000418983,0.00028162130000418986
Zheng DBSCAN,Ceravolo,sudden_trace_noise0_1000_cb,800,240.0,[],[499],,,00:00:00,0.28162130000418983,0.00028162130000418986
Zheng DBSCAN,Ceravolo,sudden_trace_noise0_1000_cb,800,320.0,[],[499],,,00:00:00,0.28162130000418983,0.00028162130000418986
Zheng DBSCAN,Ceravolo,sudden_trace_noise0_1000_cb,800,400.0,[],[499],,,00:00:00,0.28162130000418983,0.00028162130000418986
Zheng DBSCAN,AdditionalLogs,sudden_drift_03,800,80.0,"[np.float64(816.0), np.float64(914.0), np.float64(1009.0), np.float64(1184.5)]","[500, 1000]",0.3333333333333333,9.0,00:00:00,0.4760293000144884,0.0003173528666763256
Zheng DBSCAN,AdditionalLogs,sudden_drift_03,800,160.0,"[np.float64(913.0), np.float64(1184.5)]","[500, 1000]",0.5,87.0,00:00:00,0.4760293000144884,0.0003173528666763256
Zheng DBSCAN,AdditionalLogs,sudden_drift_03,800,240.0,[np.float64(1021.6)],"[500, 1000]",0.6666666666666666,21.600000000000023,00:00:00,0.4760293000144884,0.0003173528666763256
Zheng DBSCAN,AdditionalLogs,sudden_drift_03,800,320.0,[],"[500, 1000]",,,00:00:00,0.4760293000144884,0.0003173528666763256
Zheng DBSCAN,AdditionalLogs,sudden_drift_03,800,400.0,[],"[500, 1000]",,,00:00:00,0.4760293000144884,0.0003173528666763256
Zheng DBSCAN,Ostovar,Composite_OIR_output_OIR_5,800,80.0,[np.float64(1495.7805071315372)],"[999, 1999]",,,00:00:06,6.431031399988569,0.0021443919306397365
Zheng DBSCAN,Ostovar,Composite_OIR_output_OIR_5,800,160.0,[np.float64(1495.7805071315372)],"[999, 1999]",,,00:00:06,6.431031399988569,0.0021443919306397365
Zheng DBSCAN,Ostovar,Composite_OIR_output_OIR_5,800,240.0,[np.float64(1495.7805071315372)],"[999, 1999]",,,00:00:06,6.431031399988569,0.0021443919306397365
Zheng DBSCAN,Ostovar,Composite_OIR_output_OIR_5,800,320.0,[np.float64(1495.7805071315372)],"[999, 1999]",,,00:00:06,6.431031399988569,0.0021443919306397365
Zheng DBSCAN,Ostovar,Composite_OIR_output_OIR_5,800,400.0,[np.float64(1495.7805071315372)],"[999, 1999]",,,00:00:06,6.431031399988569,0.0021443919306397365
Zheng DBSCAN,Ostovar,Nested_IOR_output_IOR_5,300,30.0,[np.float64(1510.518251681076)],"[999, 1999]",,,00:00:07,7.313379700004589,0.0024386061020355413
Zheng DBSCAN,Ostovar,Nested_IOR_output_IOR_5,300,60.0,[np.float64(1510.518251681076)],"[999, 1999]",,,00:00:07,7.313379700004589,0.0024386061020355413
Zheng DBSCAN,Ostovar,Nested_IOR_output_IOR_5,300,90.0,[np.float64(1510.518251681076)],"[999, 1999]",,,00:00:07,7.313379700004589,0.0024386061020355413
Zheng DBSCAN,Ostovar,Nested_IOR_output_IOR_5,300,120.0,[np.float64(1510.518251681076)],"[999, 1999]",,,00:00:07,7.313379700004589,0.0024386061020355413
Zheng DBSCAN,Ostovar,Nested_IOR_output_IOR_5,300,150.0,[np.float64(1510.518251681076)],"[999, 1999]",,,00:00:07,7.313379700004589,0.0024386061020355413
Zheng DBSCAN,Ostovar,Nested_RIO_output_RIO_2,600,60.0,[np.float64(1514.003657644477)],"[999, 1999]",,,00:00:07,7.517225699994015,0.0025065774258066073
Zheng DBSCAN,Ostovar,Nested_RIO_output_RIO_2,600,120.0,[np.float64(1514.003657644477)],"[999, 1999]",,,00:00:07,7.517225699994015,0.0025065774258066073
Zheng DBSCAN,Ostovar,Nested_RIO_output_RIO_2,600,180.0,[np.float64(1514.003657644477)],"[999, 1999]",,,00:00:07,7.517225699994015,0.0025065774258066073
Zheng DBSCAN,Ostovar,Nested_RIO_output_RIO_2,600,240.0,[np.float64(1514.003657644477)],"[999, 1999]",,,00:00:07,7.517225699994015,0.0025065774258066073
Zheng DBSCAN,Ostovar,Nested_RIO_output_RIO_2,600,300.0,[np.float64(1514.003657644477)],"[999, 1999]",,,00:00:07,7.517225699994015,0.0025065774258066073
Zheng DBSCAN,Ostovar,Atomic_ConditionalRemoval_output_ConditionalRemoval_5,300,30.0,[np.float64(1512.4452133794694)],"[999, 1999]",,,00:00:05,5.247375600010855,0.0017497084361490015
Zheng DBSCAN,Ostovar,Atomic_ConditionalRemoval_output_ConditionalRemoval_5,300,60.0,[np.float64(1512.4452133794694)],"[999, 1999]",,,00:00:05,5.247375600010855,0.0017497084361490015
Zheng DBSCAN,Ostovar,Atomic_ConditionalRemoval_output_ConditionalRemoval_5,300,90.0,[np.float64(1512.4452133794694)],"[999, 1999]",,,00:00:05,5.247375600010855,0.0017497084361490015
Zheng DBSCAN,Ostovar,Atomic_ConditionalRemoval_output_ConditionalRemoval_5,300,120.0,[np.float64(1512.4452133794694)],"[999, 1999]",,,00:00:05,5.247375600010855,0.0017497084361490015
Zheng DBSCAN,Ostovar,Atomic_ConditionalRemoval_output_ConditionalRemoval_5,300,150.0,[np.float64(1512.4452133794694)],"[999, 1999]",,,00:00:05,5.247375600010855,0.0017497084361490015
Zheng DBSCAN,Ostovar,Atomic_Loop_output_Loop_2,600,60.0,[np.float64(1468.5672727272727)],"[999, 1999]",,,00:00:04,4.958423700009007,0.0016533590196762277
Zheng DBSCAN,Ostovar,Atomic_Loop_output_Loop_2,600,120.0,[np.float64(1468.5672727272727)],"[999, 1999]",,,00:00:04,4.958423700009007,0.0016533590196762277
Zheng DBSCAN,Ostovar,Atomic_Loop_output_Loop_2,600,180.0,[np.float64(1468.5672727272727)],"[999, 1999]",,,00:00:04,4.958423700009007,0.0016533590196762277
Zheng DBSCAN,Ostovar,Atomic_Loop_output_Loop_2,600,240.0,[np.float64(1468.5672727272727)],"[999, 1999]",,,00:00:04,4.958423700009007,0.0016533590196762277
Zheng DBSCAN,Ostovar,Atomic_Loop_output_Loop_2,600,300.0,[np.float64(1468.5672727272727)],"[999, 1999]",,,00:00:04,4.958423700009007,0.0016533590196762277
Zheng DBSCAN,Ostovar,Nested_ROI_output_ROI,800,80.0,"[np.float64(959.4545454545455), np.float64(1927.3)]","[999, 1999]",1.0,55.622727272727275,00:00:04,4.590610799990827,0.0015307138379429233
Zheng DBSCAN,Ostovar,Nested_ROI_output_ROI,800,160.0,"[np.float64(959.4545454545455), np.float64(1927.3)]","[999, 1999]",1.0,55.622727272727275,00:00:04,4.590610799990827,0.0015307138379429233
Zheng DBSCAN,Ostovar,Nested_ROI_output_ROI,800,240.0,"[np.float64(959.4545454545455), np.float64(1927.3)]","[999, 1999]",1.0,55.622727272727275,00:00:04,4.590610799990827,0.0015307138379429233
Zheng DBSCAN,Ostovar,Nested_ROI_output_ROI,800,320.0,"[np.float64(959.4545454545455), np.float64(1927.3)]","[999, 1999]",1.0,55.622727272727275,00:00:04,4.590610799990827,0.0015307138379429233
Zheng DBSCAN,Ostovar,Nested_ROI_output_ROI,800,400.0,"[np.float64(959.4545454545455), np.float64(1927.3)]","[999, 1999]",1.0,55.622727272727275,00:00:04,4.590610799990827,0.0015307138379429233
Zheng DBSCAN,Ceravolo,sudden_trace_noise10_1000_RIO,400,40.0,[np.float64(447.0)],[499],1.0,52.0,00:00:00,0.2084032999991905,0.0002084032999991905
Zheng DBSCAN,Ceravolo,sudden_trace_noise10_1000_RIO,400,80.0,[np.float64(447.0)],[499],1.0,52.0,00:00:00,0.2084032999991905,0.0002084032999991905
Zheng DBSCAN,Ceravolo,sudden_trace_noise10_1000_RIO,400,120.0,[np.float64(447.0)],[499],1.0,52.0,00:00:00,0.2084032999991905,0.0002084032999991905
Zheng DBSCAN,Ceravolo,sudden_trace_noise10_1000_RIO,400,160.0,[np.float64(447.0)],[499],1.0,52.0,00:00:00,0.2084032999991905,0.0002084032999991905
Zheng DBSCAN,Ceravolo,sudden_trace_noise10_1000_RIO,400,200.0,[np.float64(447.0)],[499],1.0,52.0,00:00:00,0.2084032999991905,0.0002084032999991905
Zheng DBSCAN,Ceravolo,sudden_trace_noise0_1000_rp,800,80.0,[],[499],,,00:00:00,0.21173589999671094,0.00021173589999671095
Zheng DBSCAN,Ceravolo,sudden_trace_noise0_1000_rp,800,160.0,[],[499],,,00:00:00,0.21173589999671094,0.00021173589999671095
Zheng DBSCAN,Ceravolo,sudden_trace_noise0_1000_rp,800,240.0,[],[499],,,00:00:00,0.21173589999671094,0.00021173589999671095
Zheng DBSCAN,Ceravolo,sudden_trace_noise0_1000_rp,800,320.0,[],[499],,,00:00:00,0.21173589999671094,0.00021173589999671095
Zheng DBSCAN,Ceravolo,sudden_trace_noise0_1000_rp,800,400.0,[],[499],,,00:00:00,0.21173589999671094,0.00021173589999671095
Zheng DBSCAN,AdditionalLogs,sudden_drift_02,400,40.0,"[np.float64(560.6451612903226), np.float64(777.0), np.float64(835.5), np.float64(1013.175), np.float64(1212.0), np.float64(1284.0), np.float64(1377.0), np.float64(1477.0)]","[500, 1000]",0.4,36.91008064516126,00:00:00,0.6280935000104364,0.0004187290000069576
Zheng DBSCAN,AdditionalLogs,sudden_drift_02,400,80.0,"[np.float64(836.8589743589744), np.float64(1377.0), np.float64(1477.0)]","[500, 1000]",0.4,163.14102564102564,00:00:00,0.6280935000104364,0.0004187290000069576
Zheng DBSCAN,AdditionalLogs,sudden_drift_02,400,120.0,[np.float64(873.0120481927711)],"[500, 1000]",0.6666666666666666,126.98795180722891,00:00:00,0.6280935000104364,0.0004187290000069576
Zheng DBSCAN,AdditionalLogs,sudden_drift_02,400,160.0,[np.float64(873.0120481927711)],"[500, 1000]",0.6666666666666666,126.98795180722891,00:00:00,0.6280935000104364,0.0004187290000069576
Zheng DBSCAN,AdditionalLogs,sudden_drift_02,400,200.0,[np.float64(816.9222222222222)],"[500, 1000]",0.6666666666666666,183.07777777777778,00:00:00,0.6280935000104364,0.0004187290000069576
Zheng DBSCAN,AdditionalLogs,sudden_drift_05,400,40.0,"[np.float64(497.2173913043478), np.float64(628.6666666666666), np.float64(721.0), np.float64(805.0), np.float64(882.0), np.float64(1026.32), np.float64(1207.6), np.float64(1371.0), np.float64(1490.5)]","[500, 1000]",0.3636363636363636,14.551304347826061,00:00:00,0.340240299992729,0.0002268268666618193
Zheng DBSCAN,AdditionalLogs,sudden_drift_05,400,80.0,"[np.float64(553.9354838709677), np.float64(1056.5333333333333), np.float64(1371.0), np.float64(1490.5)]","[500, 1000]",0.6666666666666666,55.234408602150495,00:00:00,0.340240299992729,0.0002268268666618193
Zheng DBSCAN,AdditionalLogs,sudden_drift_05,400,120.0,"[np.float64(687.7432432432432), np.float64(1430.75)]","[500, 1000]",0.5,187.74324324324323,00:00:00,0.340240299992729,0.0002268268666618193
Zheng DBSCAN,AdditionalLogs,sudden_drift_05,400,160.0,[np.float64(725.8461538461538)],"[500, 1000]",,,00:00:00,0.340240299992729,0.0002268268666618193
Zheng DBSCAN,AdditionalLogs,sudden_drift_05,400,200.0,[np.float64(725.8461538461538)],"[500, 1000]",,,00:00:00,0.340240299992729,0.0002268268666618193
Zheng DBSCAN,Ceravolo,sudden_trace_noise15_1000_OIR,300,30.0,[np.float64(448.0)],[499],1.0,51.0,00:00:00,0.21602290001465008,0.0002160229000146501
Zheng DBSCAN,Ceravolo,sudden_trace_noise15_1000_OIR,300,60.0,[np.float64(448.0)],[499],1.0,51.0,00:00:00,0.21602290001465008,0.0002160229000146501
Zheng DBSCAN,Ceravolo,sudden_trace_noise15_1000_OIR,300,90.0,[np.float64(448.0)],[499],1.0,51.0,00:00:00,0.21602290001465008,0.0002160229000146501
Zheng DBSCAN,Ceravolo,sudden_trace_noise15_1000_OIR,300,120.0,[np.float64(448.0)],[499],1.0,51.0,00:00:00,0.21602290001465008,0.0002160229000146501
Zheng DBSCAN,Ceravolo,sudden_trace_noise15_1000_OIR,300,150.0,[np.float64(448.0)],[499],1.0,51.0,00:00:00,0.21602290001465008,0.0002160229000146501
Zheng DBSCAN,Ostovar,Atomic_ParallelRemoval_output_ParallelRemoval_2,300,30.0,[np.float64(1502.596254681648)],"[999, 1999]",,,00:00:05,5.343292500008829,0.0017816913971353213
Zheng DBSCAN,Ostovar,Atomic_ParallelRemoval_output_ParallelRemoval_2,300,60.0,[np.float64(1502.596254681648)],"[999, 1999]",,,00:00:05,5.343292500008829,0.0017816913971353213
Zheng DBSCAN,Ostovar,Atomic_ParallelRemoval_output_ParallelRemoval_2,300,90.0,[np.float64(1502.596254681648)],"[999, 1999]",,,00:00:05,5.343292500008829,0.0017816913971353213
Zheng DBSCAN,Ostovar,Atomic_ParallelRemoval_output_ParallelRemoval_2,300,120.0,[np.float64(1502.596254681648)],"[999, 1999]",,,00:00:05,5.343292500008829,0.0017816913971353213
Zheng DBSCAN,Ostovar,Atomic_ParallelRemoval_output_ParallelRemoval_2,300,150.0,[np.float64(1502.596254681648)],"[999, 1999]",,,00:00:05,5.343292500008829,0.0017816913971353213
Zheng DBSCAN,AdditionalLogs,gradual_drift_09,800,80.0,[np.float64(994.0)],"[500, 1000]",0.6666666666666666,6.0,00:00:00,0.3999815999995917,0.0002857011428568512
Zheng DBSCAN,AdditionalLogs,gradual_drift_09,800,160.0,[np.float64(994.0)],"[500, 1000]",0.6666666666666666,6.0,00:00:00,0.3999815999995917,0.0002857011428568512
Zheng DBSCAN,AdditionalLogs,gradual_drift_09,800,240.0,[np.float64(994.0)],"[500, 1000]",0.6666666666666666,6.0,00:00:00,0.3999815999995917,0.0002857011428568512
Zheng DBSCAN,AdditionalLogs,gradual_drift_09,800,320.0,[np.float64(994.0)],"[500, 1000]",0.6666666666666666,6.0,00:00:00,0.3999815999995917,0.0002857011428568512
Zheng DBSCAN,AdditionalLogs,gradual_drift_09,800,400.0,[np.float64(994.0)],"[500, 1000]",0.6666666666666666,6.0,00:00:00,0.3999815999995917,0.0002857011428568512
Zheng DBSCAN,Ceravolo,sudden_trace_noise20_1000_cb,500,50.0,[],[499],,,00:00:00,0.20643960000597872,0.0002064396000059787
Zheng DBSCAN,Ceravolo,sudden_trace_noise20_1000_cb,500,100.0,[],[499],,,00:00:00,0.20643960000597872,0.0002064396000059787
Zheng DBSCAN,Ceravolo,sudden_trace_noise20_1000_cb,500,150.0,[],[499],,,00:00:00,0.20643960000597872,0.0002064396000059787
Zheng DBSCAN,Ceravolo,sudden_trace_noise20_1000_cb,500,200.0,[],[499],,,00:00:00,0.20643960000597872,0.0002064396000059787
Zheng DBSCAN,Ceravolo,sudden_trace_noise20_1000_cb,500,250.0,[],[499],,,00:00:00,0.20643960000597872,0.0002064396000059787
Zheng DBSCAN,Ceravolo,sudden_trace_noise15_1000_cb,400,40.0,[np.float64(451.0)],[499],1.0,48.0,00:00:00,0.20422780001536012,0.0002042278000153601
Zheng DBSCAN,Ceravolo,sudden_trace_noise15_1000_cb,400,80.0,[np.float64(451.0)],[499],1.0,48.0,00:00:00,0.20422780001536012,0.0002042278000153601
Zheng DBSCAN,Ceravolo,sudden_trace_noise15_1000_cb,400,120.0,[np.float64(451.0)],[499],1.0,48.0,00:00:00,0.20422780001536012,0.0002042278000153601
Zheng DBSCAN,Ceravolo,sudden_trace_noise15_1000_cb,400,160.0,[np.float64(451.0)],[499],1.0,48.0,00:00:00,0.20422780001536012,0.0002042278000153601
Zheng DBSCAN,Ceravolo,sudden_trace_noise15_1000_cb,400,200.0,[np.float64(451.0)],[499],1.0,48.0,00:00:00,0.20422780001536012,0.0002042278000153601
Zheng DBSCAN,Ostovar,Atomic_ConditionalRemoval_output_ConditionalRemoval_2,400,40.0,[np.float64(1503.4579663730985)],"[999, 1999]",,,00:00:05,5.638084400008665,0.0018799881293793484
Zheng DBSCAN,Ostovar,Atomic_ConditionalRemoval_output_ConditionalRemoval_2,400,80.0,[np.float64(1503.4579663730985)],"[999, 1999]",,,00:00:05,5.638084400008665,0.0018799881293793484
Zheng DBSCAN,Ostovar,Atomic_ConditionalRemoval_output_ConditionalRemoval_2,400,120.0,[np.float64(1503.4579663730985)],"[999, 1999]",,,00:00:05,5.638084400008665,0.0018799881293793484
Zheng DBSCAN,Ostovar,Atomic_ConditionalRemoval_output_ConditionalRemoval_2,400,160.0,[np.float64(1503.4579663730985)],"[999, 1999]",,,00:00:05,5.638084400008665,0.0018799881293793484
Zheng DBSCAN,Ostovar,Atomic_ConditionalRemoval_output_ConditionalRemoval_2,400,200.0,[np.float64(1503.4579663730985)],"[999, 1999]",,,00:00:05,5.638084400008665,0.0018799881293793484
Zheng DBSCAN,Ostovar,Nested_ORI_output_ORI_2,300,30.0,[np.float64(1499.3955757970073)],"[999, 1999]",,,00:00:06,6.966561599983834,0.002322961520501445
Zheng DBSCAN,Ostovar,Nested_ORI_output_ORI_2,300,60.0,[np.float64(1499.3955757970073)],"[999, 1999]",,,00:00:06,6.966561599983834,0.002322961520501445
Zheng DBSCAN,Ostovar,Nested_ORI_output_ORI_2,300,90.0,[np.float64(1499.3955757970073)],"[999, 1999]",,,00:00:06,6.966561599983834,0.002322961520501445
Zheng DBSCAN,Ostovar,Nested_ORI_output_ORI_2,300,120.0,[np.float64(1499.3955757970073)],"[999, 1999]",,,00:00:06,6.966561599983834,0.002322961520501445
Zheng DBSCAN,Ostovar,Nested_ORI_output_ORI_2,300,150.0,[np.float64(1499.3955757970073)],"[999, 1999]",,,00:00:06,6.966561599983834,0.002322961520501445
Zheng DBSCAN,Ostovar,Atomic_Substitute_output_Substitute,600,60.0,"[np.float64(928.375), np.float64(1937.7142857142858)]","[999, 1999]",1.0,65.95535714285711,00:00:05,5.126013500004774,0.001709240913639471
Zheng DBSCAN,Ostovar,Atomic_Substitute_output_Substitute,600,120.0,"[np.float64(928.375), np.float64(1937.7142857142858)]","[999, 1999]",1.0,65.95535714285711,00:00:05,5.126013500004774,0.001709240913639471
Zheng DBSCAN,Ostovar,Atomic_Substitute_output_Substitute,600,180.0,"[np.float64(928.375), np.float64(1937.7142857142858)]","[999, 1999]",1.0,65.95535714285711,00:00:05,5.126013500004774,0.001709240913639471
Zheng DBSCAN,Ostovar,Atomic_Substitute_output_Substitute,600,240.0,"[np.float64(928.375), np.float64(1937.7142857142858)]","[999, 1999]",1.0,65.95535714285711,00:00:05,5.126013500004774,0.001709240913639471
Zheng DBSCAN,Ostovar,Atomic_Substitute_output_Substitute,600,300.0,"[np.float64(928.375), np.float64(1937.7142857142858)]","[999, 1999]",1.0,65.95535714285711,00:00:05,5.126013500004774,0.001709240913639471
Zheng DBSCAN,Ceravolo,sudden_trace_noise5_1000_cf,300,30.0,[np.float64(447.0)],[499],1.0,52.0,00:00:00,0.18746770001598634,0.00018746770001598634
Zheng DBSCAN,Ceravolo,sudden_trace_noise5_1000_cf,300,60.0,[np.float64(447.0)],[499],1.0,52.0,00:00:00,0.18746770001598634,0.00018746770001598634
Zheng DBSCAN,Ceravolo,sudden_trace_noise5_1000_cf,300,90.0,[np.float64(447.0)],[499],1.0,52.0,00:00:00,0.18746770001598634,0.00018746770001598634
Zheng DBSCAN,Ceravolo,sudden_trace_noise5_1000_cf,300,120.0,[np.float64(447.0)],[499],1.0,52.0,00:00:00,0.18746770001598634,0.00018746770001598634
Zheng DBSCAN,Ceravolo,sudden_trace_noise5_1000_cf,300,150.0,[np.float64(447.0)],[499],1.0,52.0,00:00:00,0.18746770001598634,0.00018746770001598634
Zheng DBSCAN,Ceravolo,sudden_trace_noise15_1000_cd,500,50.0,[],[499],,,00:00:00,0.20000959999742918,0.00020000959999742917
Zheng DBSCAN,Ceravolo,sudden_trace_noise15_1000_cd,500,100.0,[],[499],,,00:00:00,0.20000959999742918,0.00020000959999742917
Zheng DBSCAN,Ceravolo,sudden_trace_noise15_1000_cd,500,150.0,[],[499],,,00:00:00,0.20000959999742918,0.00020000959999742917
Zheng DBSCAN,Ceravolo,sudden_trace_noise15_1000_cd,500,200.0,[],[499],,,00:00:00,0.20000959999742918,0.00020000959999742917
Zheng DBSCAN,Ceravolo,sudden_trace_noise15_1000_cd,500,250.0,[],[499],,,00:00:00,0.20000959999742918,0.00020000959999742917
Zheng DBSCAN,Ostovar,Composite_ROI_output_ROI_2,800,80.0,[np.float64(1481.9715639810427)],"[999, 1999]",,,00:00:06,6.293698900000891,0.002098599166389093
Zheng DBSCAN,Ostovar,Composite_ROI_output_ROI_2,800,160.0,[np.float64(1481.9715639810427)],"[999, 1999]",,,00:00:06,6.293698900000891,0.002098599166389093
Zheng DBSCAN,Ostovar,Composite_ROI_output_ROI_2,800,240.0,[np.float64(1481.9715639810427)],"[999, 1999]",,,00:00:06,6.293698900000891,0.002098599166389093
Zheng DBSCAN,Ostovar,Composite_ROI_output_ROI_2,800,320.0,[np.float64(1481.9715639810427)],"[999, 1999]",,,00:00:06,6.293698900000891,0.002098599166389093
Zheng DBSCAN,Ostovar,Composite_ROI_output_ROI_2,800,400.0,[np.float64(1481.9715639810427)],"[999, 1999]",,,00:00:06,6.293698900000891,0.002098599166389093
Zheng DBSCAN,Ostovar,Atomic_Loop_output_Loop,800,80.0,"[np.float64(915.0), np.float64(1954.0)]","[999, 1999]",1.0,64.5,00:00:04,4.0894894000084605,0.0013636176725603402
Zheng DBSCAN,Ostovar,Atomic_Loop_output_Loop,800,160.0,"[np.float64(915.0), np.float64(1954.0)]","[999, 1999]",1.0,64.5,00:00:04,4.0894894000084605,0.0013636176725603402
Zheng DBSCAN,Ostovar,Atomic_Loop_output_Loop,800,240.0,"[np.float64(915.0), np.float64(1954.0)]","[999, 1999]",1.0,64.5,00:00:04,4.0894894000084605,0.0013636176725603402
Zheng DBSCAN,Ostovar,Atomic_Loop_output_Loop,800,320.0,"[np.float64(915.0), np.float64(1954.0)]","[999, 1999]",1.0,64.5,00:00:04,4.0894894000084605,0.0013636176725603402
Zheng DBSCAN,Ostovar,Atomic_Loop_output_Loop,800,400.0,"[np.float64(915.0), np.float64(1954.0)]","[999, 1999]",1.0,64.5,00:00:04,4.0894894000084605,0.0013636176725603402
Zheng DBSCAN,Ceravolo,sudden_trace_noise20_1000_pm,300,30.0,[np.float64(449.0)],[499],1.0,50.0,00:00:00,0.21347280000918545,0.00021347280000918545
Zheng DBSCAN,Ceravolo,sudden_trace_noise20_1000_pm,300,60.0,[np.float64(449.0)],[499],1.0,50.0,00:00:00,0.21347280000918545,0.00021347280000918545
Zheng DBSCAN,Ceravolo,sudden_trace_noise20_1000_pm,300,90.0,[np.float64(449.0)],[499],1.0,50.0,00:00:00,0.21347280000918545,0.00021347280000918545
Zheng DBSCAN,Ceravolo,sudden_trace_noise20_1000_pm,300,120.0,[np.float64(449.0)],[499],1.0,50.0,00:00:00,0.21347280000918545,0.00021347280000918545
Zheng DBSCAN,Ceravolo,sudden_trace_noise20_1000_pm,300,150.0,[np.float64(449.0)],[499],1.0,50.0,00:00:00,0.21347280000918545,0.00021347280000918545
Zheng DBSCAN,AdditionalLogs,recurring_drift_04,500,50.0,"[np.float64(512.2291666666666), np.float64(968.9166666666666), np.float64(1277.0), np.float64(1475.0)]","[500, 1000]",0.6666666666666666,21.65625,00:00:00,0.4412374999956228,0.0002941583333304152
Zheng DBSCAN,AdditionalLogs,recurring_drift_04,500,100.0,"[np.float64(502.38), np.float64(968.9166666666666), np.float64(1277.0), np.float64(1475.0)]","[500, 1000]",0.6666666666666666,16.731666666666683,00:00:00,0.4412374999956228,0.0002941583333304152
Zheng DBSCAN,AdditionalLogs,recurring_drift_04,500,150.0,"[np.float64(730.8877551020408), np.float64(1277.0), np.float64(1475.0)]","[500, 1000]",,,00:00:00,0.4412374999956228,0.0002941583333304152
Zheng DBSCAN,AdditionalLogs,recurring_drift_04,500,200.0,[np.float64(743.79)],"[500, 1000]",,,00:00:00,0.4412374999956228,0.0002941583333304152
Zheng DBSCAN,AdditionalLogs,recurring_drift_04,500,250.0,[np.float64(743.79)],"[500, 1000]",,,00:00:00,0.4412374999956228,0.0002941583333304152
Zheng DBSCAN,AdditionalLogs,recurring_drift_07,400,40.0,"[np.float64(500.0), np.float64(649.0), np.float64(1002.0)]","[500, 1000]",0.8,1.0,00:00:00,0.2691517000203021,0.0001794344666802014
Zheng DBSCAN,AdditionalLogs,recurring_drift_07,400,80.0,"[np.float64(500.0), np.float64(649.0), np.float64(1002.0)]","[500, 1000]",0.8,1.0,00:00:00,0.2691517000203021,0.0001794344666802014
Zheng DBSCAN,AdditionalLogs,recurring_drift_07,400,120.0,"[np.float64(500.0), np.float64(649.0), np.float64(1002.0)]","[500, 1000]",0.8,1.0,00:00:00,0.2691517000203021,0.0001794344666802014
Zheng DBSCAN,AdditionalLogs,recurring_drift_07,400,160.0,"[np.float64(524.8333333333334), np.float64(1002.0)]","[500, 1000]",1.0,13.416666666666686,00:00:00,0.2691517000203021,0.0001794344666802014
Zheng DBSCAN,AdditionalLogs,recurring_drift_07,400,200.0,"[np.float64(524.8333333333334), np.float64(1002.0)]","[500, 1000]",1.0,13.416666666666686,00:00:00,0.2691517000203021,0.0001794344666802014
Zheng DBSCAN,Ostovar,Nested_OIR_output_OIR_5,400,40.0,[np.float64(1496.904164289789)],"[999, 1999]",,,00:00:06,6.754759300005389,0.002252337212405932
Zheng DBSCAN,Ostovar,Nested_OIR_output_OIR_5,400,80.0,[np.float64(1496.904164289789)],"[999, 1999]",,,00:00:06,6.754759300005389,0.002252337212405932
Zheng DBSCAN,Ostovar,Nested_OIR_output_OIR_5,400,120.0,[np.float64(1496.904164289789)],"[999, 1999]",,,00:00:06,6.754759300005389,0.002252337212405932
Zheng DBSCAN,Ostovar,Nested_OIR_output_OIR_5,400,160.0,[np.float64(1496.904164289789)],"[999, 1999]",,,00:00:06,6.754759300005389,0.002252337212405932
Zheng DBSCAN,Ostovar,Nested_OIR_output_OIR_5,400,200.0,[np.float64(1496.904164289789)],"[999, 1999]",,,00:00:06,6.754759300005389,0.002252337212405932
Zheng DBSCAN,Ceravolo,sudden_trace_noise10_1000_ROI,800,80.0,[],[499],,,00:00:00,0.22041229999740608,0.00022041229999740608
Zheng DBSCAN,Ceravolo,sudden_trace_noise10_1000_ROI,800,160.0,[],[499],,,00:00:00,0.22041229999740608,0.00022041229999740608
Zheng DBSCAN,Ceravolo,sudden_trace_noise10_1000_ROI,800,240.0,[],[499],,,00:00:00,0.22041229999740608,0.00022041229999740608
Zheng DBSCAN,Ceravolo,sudden_trace_noise10_1000_ROI,800,320.0,[],[499],,,00:00:00,0.22041229999740608,0.00022041229999740608
Zheng DBSCAN,Ceravolo,sudden_trace_noise10_1000_ROI,800,400.0,[],[499],,,00:00:00,0.22041229999740608,0.00022041229999740608
Zheng DBSCAN,Ceravolo,sudden_trace_noise5_1000_rp,500,50.0,[],[499],,,00:00:00,0.21088369999779388,0.0002108836999977939
Zheng DBSCAN,Ceravolo,sudden_trace_noise5_1000_rp,500,100.0,[],[499],,,00:00:00,0.21088369999779388,0.0002108836999977939
Zheng DBSCAN,Ceravolo,sudden_trace_noise5_1000_rp,500,150.0,[],[499],,,00:00:00,0.21088369999779388,0.0002108836999977939
Zheng DBSCAN,Ceravolo,sudden_trace_noise5_1000_rp,500,200.0,[],[499],,,00:00:00,0.21088369999779388,0.0002108836999977939
Zheng DBSCAN,Ceravolo,sudden_trace_noise5_1000_rp,500,250.0,[],[499],,,00:00:00,0.21088369999779388,0.0002108836999977939
Zheng DBSCAN,Ceravolo,sudden_trace_noise20_1000_IOR,400,40.0,[np.float64(449.5)],[499],1.0,49.5,00:00:00,0.23067190000438131,0.00023067190000438132
Zheng DBSCAN,Ceravolo,sudden_trace_noise20_1000_IOR,400,80.0,[np.float64(449.5)],[499],1.0,49.5,00:00:00,0.23067190000438131,0.00023067190000438132
Zheng DBSCAN,Ceravolo,sudden_trace_noise20_1000_IOR,400,120.0,[np.float64(449.5)],[499],1.0,49.5,00:00:00,0.23067190000438131,0.00023067190000438132
Zheng DBSCAN,Ceravolo,sudden_trace_noise20_1000_IOR,400,160.0,[np.float64(449.5)],[499],1.0,49.5,00:00:00,0.23067190000438131,0.00023067190000438132
Zheng DBSCAN,Ceravolo,sudden_trace_noise20_1000_IOR,400,200.0,[np.float64(449.5)],[499],1.0,49.5,00:00:00,0.23067190000438131,0.00023067190000438132
Zheng DBSCAN,AdditionalLogs,recurring_drift_09,500,50.0,"[np.float64(917.0), np.float64(1012.1111111111111)]","[500, 1000]",0.5,12.111111111111086,00:00:00,0.3242004000057932,0.00021613360000386213
Zheng DBSCAN,AdditionalLogs,recurring_drift_09,500,100.0,[np.float64(994.8181818181819)],"[500, 1000]",0.6666666666666666,5.18181818181813,00:00:00,0.3242004000057932,0.00021613360000386213
Zheng DBSCAN,AdditionalLogs,recurring_drift_09,500,150.0,[np.float64(994.8181818181819)],"[500, 1000]",0.6666666666666666,5.18181818181813,00:00:00,0.3242004000057932,0.00021613360000386213
Zheng DBSCAN,AdditionalLogs,recurring_drift_09,500,200.0,[np.float64(994.8181818181819)],"[500, 1000]",0.6666666666666666,5.18181818181813,00:00:00,0.3242004000057932,0.00021613360000386213
Zheng DBSCAN,AdditionalLogs,recurring_drift_09,500,250.0,[np.float64(994.8181818181819)],"[500, 1000]",0.6666666666666666,5.18181818181813,00:00:00,0.3242004000057932,0.00021613360000386213
Zheng DBSCAN,AdditionalLogs,gradual_drift_04,400,40.0,"[np.float64(428.1142857142857), np.float64(885.516129032258), np.float64(1228.3333333333333), np.float64(1334.0), np.float64(1396.0)]","[500, 1000]",0.5714285714285715,93.18479262672813,00:00:00,0.4303663000173401,0.00030740450001238577
Zheng DBSCAN,AdditionalLogs,gradual_drift_04,400,80.0,"[np.float64(421.52777777777777), np.float64(885.516129032258), np.float64(1228.3333333333333), np.float64(1365.0)]","[500, 1000]",0.6666666666666666,96.47804659498209,00:00:00,0.4303663000173401,0.00030740450001238577
Zheng DBSCAN,AdditionalLogs,gradual_drift_04,400,120.0,[np.float64(736.3461538461538)],"[500, 1000]",,,00:00:00,0.4303663000173401,0.00030740450001238577
Zheng DBSCAN,AdditionalLogs,gradual_drift_04,400,160.0,[np.float64(736.3461538461538)],"[500, 1000]",,,00:00:00,0.4303663000173401,0.00030740450001238577
Zheng DBSCAN,AdditionalLogs,gradual_drift_04,400,200.0,[np.float64(736.3461538461538)],"[500, 1000]",,,00:00:00,0.4303663000173401,0.00030740450001238577
Zheng DBSCAN,Ceravolo,sudden_trace_noise15_1000_IOR,400,40.0,[np.float64(449.5)],[499],1.0,49.5,00:00:00,0.20273119999910705,0.00020273119999910706
Zheng DBSCAN,Ceravolo,sudden_trace_noise15_1000_IOR,400,80.0,[np.float64(449.5)],[499],1.0,49.5,00:00:00,0.20273119999910705,0.00020273119999910706
Zheng DBSCAN,Ceravolo,sudden_trace_noise15_1000_IOR,400,120.0,[np.float64(449.5)],[499],1.0,49.5,00:00:00,0.20273119999910705,0.00020273119999910706
Zheng DBSCAN,Ceravolo,sudden_trace_noise15_1000_IOR,400,160.0,[np.float64(449.5)],[499],1.0,49.5,00:00:00,0.20273119999910705,0.00020273119999910706
Zheng DBSCAN,Ceravolo,sudden_trace_noise15_1000_IOR,400,200.0,[np.float64(449.5)],[499],1.0,49.5,00:00:00,0.20273119999910705,0.00020273119999910706
Zheng DBSCAN,Ceravolo,sudden_trace_noise0_1000_cf,600,60.0,[],[499],,,00:00:00,0.20520399999804795,0.00020520399999804796
Zheng DBSCAN,Ceravolo,sudden_trace_noise0_1000_cf,600,120.0,[],[499],,,00:00:00,0.20520399999804795,0.00020520399999804796
Zheng DBSCAN,Ceravolo,sudden_trace_noise0_1000_cf,600,180.0,[],[499],,,00:00:00,0.20520399999804795,0.00020520399999804796
Zheng DBSCAN,Ceravolo,sudden_trace_noise0_1000_cf,600,240.0,[],[499],,,00:00:00,0.20520399999804795,0.00020520399999804796
Zheng DBSCAN,Ceravolo,sudden_trace_noise0_1000_cf,600,300.0,[],[499],,,00:00:00,0.20520399999804795,0.00020520399999804796
Zheng DBSCAN,Ostovar,Atomic_ParallelMove_output_ParallelMove,400,40.0,"[np.float64(933.0), np.float64(1919.111111111111)]","[999, 1999]",1.0,72.94444444444446,00:00:05,5.309943400003249,0.0017705713237756748
Zheng DBSCAN,Ostovar,Atomic_ParallelMove_output_ParallelMove,400,80.0,"[np.float64(933.0), np.float64(1919.111111111111)]","[999, 1999]",1.0,72.94444444444446,00:00:05,5.309943400003249,0.0017705713237756748
Zheng DBSCAN,Ostovar,Atomic_ParallelMove_output_ParallelMove,400,120.0,"[np.float64(933.0), np.float64(1919.111111111111)]","[999, 1999]",1.0,72.94444444444446,00:00:05,5.309943400003249,0.0017705713237756748
Zheng DBSCAN,Ostovar,Atomic_ParallelMove_output_ParallelMove,400,160.0,"[np.float64(933.0), np.float64(1919.111111111111)]","[999, 1999]",1.0,72.94444444444446,00:00:05,5.309943400003249,0.0017705713237756748
Zheng DBSCAN,Ostovar,Atomic_ParallelMove_output_ParallelMove,400,200.0,"[np.float64(933.0), np.float64(1919.111111111111)]","[999, 1999]",1.0,72.94444444444446,00:00:05,5.309943400003249,0.0017705713237756748
Zheng DBSCAN,Ostovar,Nested_IOR_output_IOR,400,40.0,"[np.float64(781.0), np.float64(901.2857142857143), np.float64(1699.0), np.float64(1783.0), np.float64(1903.6)]","[999, 1999]",0.5714285714285715,96.55714285714288,00:00:05,5.99646669998765,0.0019994887295724075
Zheng DBSCAN,Ostovar,Nested_IOR_output_IOR,400,80.0,"[np.float64(880.0588235294117), np.float64(1699.0), np.float64(1896.0625)]","[999, 1999]",0.8,110.93933823529414,00:00:05,5.99646669998765,0.0019994887295724075
Zheng DBSCAN,Ostovar,Nested_IOR_output_IOR,400,120.0,"[np.float64(880.0588235294117), np.float64(1884.4705882352941)]","[999, 1999]",1.0,116.73529411764707,00:00:05,5.99646669998765,0.0019994887295724075
Zheng DBSCAN,Ostovar,Nested_IOR_output_IOR,400,160.0,"[np.float64(880.0588235294117), np.float64(1884.4705882352941)]","[999, 1999]",1.0,116.73529411764707,00:00:05,5.99646669998765,0.0019994887295724075
Zheng DBSCAN,Ostovar,Nested_IOR_output_IOR,400,200.0,"[np.float64(880.0588235294117), np.float64(1884.4705882352941)]","[999, 1999]",1.0,116.73529411764707,00:00:05,5.99646669998765,0.0019994887295724075
Zheng DBSCAN,Ostovar,Atomic_ConditionalMove_output_ConditionalMove_5,600,60.0,[np.float64(1501.9568106312292)],"[999, 1999]",,,00:00:06,6.5756406000000425,0.0021926110703568
Zheng DBSCAN,Ostovar,Atomic_ConditionalMove_output_ConditionalMove_5,600,120.0,[np.float64(1501.9568106312292)],"[999, 1999]",,,00:00:06,6.5756406000000425,0.0021926110703568
Zheng DBSCAN,Ostovar,Atomic_ConditionalMove_output_ConditionalMove_5,600,180.0,[np.float64(1501.9568106312292)],"[999, 1999]",,,00:00:06,6.5756406000000425,0.0021926110703568
Zheng DBSCAN,Ostovar,Atomic_ConditionalMove_output_ConditionalMove_5,600,240.0,[np.float64(1501.9568106312292)],"[999, 1999]",,,00:00:06,6.5756406000000425,0.0021926110703568
Zheng DBSCAN,Ostovar,Atomic_ConditionalMove_output_ConditionalMove_5,600,300.0,[np.float64(1501.9568106312292)],"[999, 1999]",,,00:00:06,6.5756406000000425,0.0021926110703568
Zheng DBSCAN,Bose,bose_log,400,40.0,"[np.float64(486.0), np.float64(577.0), np.float64(651.0), np.float64(857.0), np.float64(978.0), np.float64(1233.6666666666667), np.float64(1380.5), np.float64(1432.0), np.float64(1747.0), np.float64(1798.5), np.float64(1882.0), np.float64(1991.0), np.float64(2051.0), np.float64(2093.0), np.float64(2152.0), np.float64(2231.0), np.float64(2353.0), np.float64(2540.0), np.float64(2960.0), np.float64(3065.5), np.float64(3144.0), np.float64(3384.0), np.float64(3501.0), np.float64(3632.6666666666665), np.float64(3799.0), np.float64(3903.0), np.float64(3957.5), np.float64(4023.4), np.float64(4119.0), np.float64(4200.0), np.float64(4245.0), np.float64(4367.0), np.float64(4484.333333333333), np.float64(4558.0), np.float64(4802.2), np.float64(5035.5), np.float64(5098.0), np.float64(5235.5), np.float64(5319.833333333333), np.float64(5456.8), np.float64(5561.0), np.float64(5634.0)]","[1199, 2399, 3599, 4799]",0.17391304347826084,29.38333333333327,00:00:01,1.0093592000193894,0.0001682265333365649
Zheng DBSCAN,Bose,bose_log,400,80.0,"[np.float64(486.0), np.float64(601.6666666666666), np.float64(857.0), np.float64(978.0), np.float64(1233.6666666666667), np.float64(1406.25), np.float64(1772.75), np.float64(1882.0), np.float64(2103.6), np.float64(2353.0), np.float64(2540.0), np.float64(2960.0), np.float64(3112.6), np.float64(3384.0), np.float64(3635.818181818182), np.float64(4086.176470588235), np.float64(4367.0), np.float64(4502.75), np.float64(4802.2), np.float64(5056.333333333333), np.float64(5286.1), np.float64(5456.8), np.float64(5597.5)]","[1199, 2399, 3599, 4799]",0.29629629629629634,30.171212121212136,00:00:01,1.0093592000193894,0.0001682265333365649
Zheng DBSCAN,Bose,bose_log,400,120.0,"[np.float64(572.75), np.float64(857.0), np.float64(978.0), np.float64(1276.8125), np.float64(1949.1), np.float64(2353.0), np.float64(2540.0), np.float64(3055.375), np.float64(3960.1428571428573), np.float64(4802.2), np.float64(5056.333333333333), np.float64(5372.941176470588)]","[1199, 2399, 3599, 4799]",0.375,42.33749999999994,00:00:01,1.0093592000193894,0.0001682265333365649
Zheng DBSCAN,Bose,bose_log,400,160.0,"[np.float64(572.75), np.float64(917.5), np.float64(1276.8125), np.float64(1985.8181818181818), np.float64(2540.0), np.float64(3055.375), np.float64(3960.1428571428573), np.float64(4802.2), np.float64(5325.45)]","[1199, 2399, 3599, 4799]",0.46153846153846156,74.0041666666666,00:00:01,1.0093592000193894,0.0001682265333365649
Zheng DBSCAN,Bose,bose_log,400,200.0,"[np.float64(446.85714285714283), np.float64(1236.888888888889), np.float64(2032.0), np.float64(3055.375), np.float64(3960.1428571428573), np.float64(4802.2), np.float64(5325.45)]","[1199, 2399, 3599, 4799]",0.36363636363636365,20.544444444444366,00:00:01,1.0093592000193894,0.0001682265333365649
Zheng DBSCAN,Ceravolo,sudden_trace_noise10_1000_IRO,700,70.0,[],[499],,,00:00:00,0.23374880000483245,0.00023374880000483244
Zheng DBSCAN,Ceravolo,sudden_trace_noise10_1000_IRO,700,140.0,[],[499],,,00:00:00,0.23374880000483245,0.00023374880000483244
Zheng DBSCAN,Ceravolo,sudden_trace_noise10_1000_IRO,700,210.0,[],[499],,,00:00:00,0.23374880000483245,0.00023374880000483244
Zheng DBSCAN,Ceravolo,sudden_trace_noise10_1000_IRO,700,280.0,[],[499],,,00:00:00,0.23374880000483245,0.00023374880000483244
Zheng DBSCAN,Ceravolo,sudden_trace_noise10_1000_IRO,700,350.0,[],[499],,,00:00:00,0.23374880000483245,0.00023374880000483244
Zheng DBSCAN,Ostovar,Nested_OIR_output_OIR_2,700,70.0,[np.float64(1481.9373321396597)],"[999, 1999]",,,00:00:06,6.8821645000134595,0.0022948197732622407
Zheng DBSCAN,Ostovar,Nested_OIR_output_OIR_2,700,140.0,[np.float64(1481.9373321396597)],"[999, 1999]",,,00:00:06,6.8821645000134595,0.0022948197732622407
Zheng DBSCAN,Ostovar,Nested_OIR_output_OIR_2,700,210.0,[np.float64(1481.9373321396597)],"[999, 1999]",,,00:00:06,6.8821645000134595,0.0022948197732622407
Zheng DBSCAN,Ostovar,Nested_OIR_output_OIR_2,700,280.0,[np.float64(1481.9373321396597)],"[999, 1999]",,,00:00:06,6.8821645000134595,0.0022948197732622407
Zheng DBSCAN,Ostovar,Nested_OIR_output_OIR_2,700,350.0,[np.float64(1481.9373321396597)],"[999, 1999]",,,00:00:06,6.8821645000134595,0.0022948197732622407
Zheng DBSCAN,Ostovar,Atomic_Frequency_output_Frequency,500,50.0,[],"[999, 1999]",,,00:00:02,2.1579832000134047,0.0007195675892008685
Zheng DBSCAN,Ostovar,Atomic_Frequency_output_Frequency,500,100.0,[],"[999, 1999]",,,00:00:02,2.1579832000134047,0.0007195675892008685
Zheng DBSCAN,Ostovar,Atomic_Frequency_output_Frequency,500,150.0,[],"[999, 1999]",,,00:00:02,2.1579832000134047,0.0007195675892008685
Zheng DBSCAN,Ostovar,Atomic_Frequency_output_Frequency,500,200.0,[],"[999, 1999]",,,00:00:02,2.1579832000134047,0.0007195675892008685
Zheng DBSCAN,Ostovar,Atomic_Frequency_output_Frequency,500,250.0,[],"[999, 1999]",,,00:00:02,2.1579832000134047,0.0007195675892008685
Zheng DBSCAN,Ostovar,Atomic_ConditionalToSequence_output_ConditionalToSequence_2,700,70.0,[np.float64(1501.3223140495868)],"[999, 1999]",,,00:00:06,6.003821699996479,0.0020019412137367385
Zheng DBSCAN,Ostovar,Atomic_ConditionalToSequence_output_ConditionalToSequence_2,700,140.0,[np.float64(1501.3223140495868)],"[999, 1999]",,,00:00:06,6.003821699996479,0.0020019412137367385
Zheng DBSCAN,Ostovar,Atomic_ConditionalToSequence_output_ConditionalToSequence_2,700,210.0,[np.float64(1501.3223140495868)],"[999, 1999]",,,00:00:06,6.003821699996479,0.0020019412137367385
Zheng DBSCAN,Ostovar,Atomic_ConditionalToSequence_output_ConditionalToSequence_2,700,280.0,[np.float64(1501.3223140495868)],"[999, 1999]",,,00:00:06,6.003821699996479,0.0020019412137367385
Zheng DBSCAN,Ostovar,Atomic_ConditionalToSequence_output_ConditionalToSequence_2,700,350.0,[np.float64(1501.3223140495868)],"[999, 1999]",,,00:00:06,6.003821699996479,0.0020019412137367385
Zheng DBSCAN,Ceravolo,sudden_trace_noise15_1000_cd,700,70.0,[],[499],,,00:00:00,0.2197716000082437,0.0002197716000082437
Zheng DBSCAN,Ceravolo,sudden_trace_noise15_1000_cd,700,140.0,[],[499],,,00:00:00,0.2197716000082437,0.0002197716000082437
Zheng DBSCAN,Ceravolo,sudden_trace_noise15_1000_cd,700,210.0,[],[499],,,00:00:00,0.2197716000082437,0.0002197716000082437
Zheng DBSCAN,Ceravolo,sudden_trace_noise15_1000_cd,700,280.0,[],[499],,,00:00:00,0.2197716000082437,0.0002197716000082437
Zheng DBSCAN,Ceravolo,sudden_trace_noise15_1000_cd,700,350.0,[],[499],,,00:00:00,0.2197716000082437,0.0002197716000082437
Zheng DBSCAN,AdditionalLogs,recurring_drift_07,600,60.0,[],"[500, 1000]",,,00:00:00,0.2559559000073932,0.00017063726667159546
Zheng DBSCAN,AdditionalLogs,recurring_drift_07,600,120.0,[],"[500, 1000]",,,00:00:00,0.2559559000073932,0.00017063726667159546
Zheng DBSCAN,AdditionalLogs,recurring_drift_07,600,180.0,[],"[500, 1000]",,,00:00:00,0.2559559000073932,0.00017063726667159546
Zheng DBSCAN,AdditionalLogs,recurring_drift_07,600,240.0,[],"[500, 1000]",,,00:00:00,0.2559559000073932,0.00017063726667159546
Zheng DBSCAN,AdditionalLogs,recurring_drift_07,600,300.0,[],"[500, 1000]",,,00:00:00,0.2559559000073932,0.00017063726667159546
Zheng DBSCAN,Ceravolo,sudden_trace_noise15_1000_sw,400,40.0,[np.float64(451.3333333333333)],[499],1.0,47.666666666666686,00:00:00,0.2194411999953445,0.0002194411999953445
Zheng DBSCAN,Ceravolo,sudden_trace_noise15_1000_sw,400,80.0,[np.float64(451.3333333333333)],[499],1.0,47.666666666666686,00:00:00,0.2194411999953445,0.0002194411999953445
Zheng DBSCAN,Ceravolo,sudden_trace_noise15_1000_sw,400,120.0,[np.float64(451.3333333333333)],[499],1.0,47.666666666666686,00:00:00,0.2194411999953445,0.0002194411999953445
Zheng DBSCAN,Ceravolo,sudden_trace_noise15_1000_sw,400,160.0,[np.float64(451.3333333333333)],[499],1.0,47.666666666666686,00:00:00,0.2194411999953445,0.0002194411999953445
Zheng DBSCAN,Ceravolo,sudden_trace_noise15_1000_sw,400,200.0,[np.float64(451.3333333333333)],[499],1.0,47.666666666666686,00:00:00,0.2194411999953445,0.0002194411999953445
Zheng DBSCAN,Ceravolo,sudden_trace_noise20_1000_ROI,400,40.0,[np.float64(448.5)],[499],1.0,50.5,00:00:00,0.20563720000791363,0.00020563720000791363
Zheng DBSCAN,Ceravolo,sudden_trace_noise20_1000_ROI,400,80.0,[np.float64(448.5)],[499],1.0,50.5,00:00:00,0.20563720000791363,0.00020563720000791363
Zheng DBSCAN,Ceravolo,sudden_trace_noise20_1000_ROI,400,120.0,[np.float64(448.5)],[499],1.0,50.5,00:00:00,0.20563720000791363,0.00020563720000791363
Zheng DBSCAN,Ceravolo,sudden_trace_noise20_1000_ROI,400,160.0,[np.float64(448.5)],[499],1.0,50.5,00:00:00,0.20563720000791363,0.00020563720000791363
Zheng DBSCAN,Ceravolo,sudden_trace_noise20_1000_ROI,400,200.0,[np.float64(448.5)],[499],1.0,50.5,00:00:00,0.20563720000791363,0.00020563720000791363
Zheng DBSCAN,Ceravolo,sudden_trace_noise20_1000_cb,800,80.0,[],[499],,,00:00:00,0.1855275999987498,0.0001855275999987498
Zheng DBSCAN,Ceravolo,sudden_trace_noise20_1000_cb,800,160.0,[],[499],,,00:00:00,0.1855275999987498,0.0001855275999987498
Zheng DBSCAN,Ceravolo,sudden_trace_noise20_1000_cb,800,240.0,[],[499],,,00:00:00,0.1855275999987498,0.0001855275999987498
Zheng DBSCAN,Ceravolo,sudden_trace_noise20_1000_cb,800,320.0,[],[499],,,00:00:00,0.1855275999987498,0.0001855275999987498
Zheng DBSCAN,Ceravolo,sudden_trace_noise20_1000_cb,800,400.0,[],[499],,,00:00:00,0.1855275999987498,0.0001855275999987498
Zheng DBSCAN,AdditionalLogs,gradual_drift_02,600,60.0,"[np.float64(713.7058823529412), np.float64(1043.4074074074074), np.float64(1332.5)]","[500, 1000]",0.4,43.40740740740739,00:00:00,0.4527754000155255,0.00032341100001108966
Zheng DBSCAN,AdditionalLogs,gradual_drift_02,600,120.0,[np.float64(767.796875)],"[500, 1000]",,,00:00:00,0.4527754000155255,0.00032341100001108966
Zheng DBSCAN,AdditionalLogs,gradual_drift_02,600,180.0,[np.float64(767.796875)],"[500, 1000]",,,00:00:00,0.4527754000155255,0.00032341100001108966
Zheng DBSCAN,AdditionalLogs,gradual_drift_02,600,240.0,[np.float64(767.796875)],"[500, 1000]",,,00:00:00,0.4527754000155255,0.00032341100001108966
Zheng DBSCAN,AdditionalLogs,gradual_drift_02,600,300.0,[np.float64(767.796875)],"[500, 1000]",,,00:00:00,0.4527754000155255,0.00032341100001108966
Zheng DBSCAN,Ostovar,Atomic_ConditionalMove_output_ConditionalMove_2,600,60.0,[np.float64(1513.3663123466886)],"[999, 1999]",,,00:00:06,6.381881199980853,0.0021280030676828453
Zheng DBSCAN,Ostovar,Atomic_ConditionalMove_output_ConditionalMove_2,600,120.0,[np.float64(1513.3663123466886)],"[999, 1999]",,,00:00:06,6.381881199980853,0.0021280030676828453
Zheng DBSCAN,Ostovar,Atomic_ConditionalMove_output_ConditionalMove_2,600,180.0,[np.float64(1513.3663123466886)],"[999, 1999]",,,00:00:06,6.381881199980853,0.0021280030676828453
Zheng DBSCAN,Ostovar,Atomic_ConditionalMove_output_ConditionalMove_2,600,240.0,[np.float64(1513.3663123466886)],"[999, 1999]",,,00:00:06,6.381881199980853,0.0021280030676828453
Zheng DBSCAN,Ostovar,Atomic_ConditionalMove_output_ConditionalMove_2,600,300.0,[np.float64(1513.3663123466886)],"[999, 1999]",,,00:00:06,6.381881199980853,0.0021280030676828453
Zheng DBSCAN,AdditionalLogs,recurring_drift_09,400,40.0,"[np.float64(497.4), np.float64(917.0), np.float64(1012.1111111111111)]","[500, 1000]",0.8,7.355555555555554,00:00:00,0.3733609000046272,0.0002489072666697515
Zheng DBSCAN,AdditionalLogs,recurring_drift_09,400,80.0,"[np.float64(497.4), np.float64(994.8181818181819)]","[500, 1000]",1.0,3.8909090909090764,00:00:00,0.3733609000046272,0.0002489072666697515
Zheng DBSCAN,AdditionalLogs,recurring_drift_09,400,120.0,"[np.float64(497.4), np.float64(994.8181818181819)]","[500, 1000]",1.0,3.8909090909090764,00:00:00,0.3733609000046272,0.0002489072666697515
Zheng DBSCAN,AdditionalLogs,recurring_drift_09,400,160.0,"[np.float64(497.4), np.float64(994.8181818181819)]","[500, 1000]",1.0,3.8909090909090764,00:00:00,0.3733609000046272,0.0002489072666697515
Zheng DBSCAN,AdditionalLogs,recurring_drift_09,400,200.0,"[np.float64(497.4), np.float64(994.8181818181819)]","[500, 1000]",1.0,3.8909090909090764,00:00:00,0.3733609000046272,0.0002489072666697515
Zheng DBSCAN,Ceravolo,sudden_trace_noise10_1000_lp,400,40.0,[np.float64(448.0)],[499],1.0,51.0,00:00:00,0.19688249999308027,0.00019688249999308028
Zheng DBSCAN,Ceravolo,sudden_trace_noise10_1000_lp,400,80.0,[np.float64(448.0)],[499],1.0,51.0,00:00:00,0.19688249999308027,0.00019688249999308028
Zheng DBSCAN,Ceravolo,sudden_trace_noise10_1000_lp,400,120.0,[np.float64(448.0)],[499],1.0,51.0,00:00:00,0.19688249999308027,0.00019688249999308028
Zheng DBSCAN,Ceravolo,sudden_trace_noise10_1000_lp,400,160.0,[np.float64(448.0)],[499],1.0,51.0,00:00:00,0.19688249999308027,0.00019688249999308028
Zheng DBSCAN,Ceravolo,sudden_trace_noise10_1000_lp,400,200.0,[np.float64(448.0)],[499],1.0,51.0,00:00:00,0.19688249999308027,0.00019688249999308028
Zheng DBSCAN,Ceravolo,sudden_trace_noise15_1000_pl,300,30.0,[],[499],,,00:00:00,0.21817619999637827,0.00021817619999637828
Zheng DBSCAN,Ceravolo,sudden_trace_noise15_1000_pl,300,60.0,[],[499],,,00:00:00,0.21817619999637827,0.00021817619999637828
Zheng DBSCAN,Ceravolo,sudden_trace_noise15_1000_pl,300,90.0,[],[499],,,00:00:00,0.21817619999637827,0.00021817619999637828
Zheng DBSCAN,Ceravolo,sudden_trace_noise15_1000_pl,300,120.0,[],[499],,,00:00:00,0.21817619999637827,0.00021817619999637828
Zheng DBSCAN,Ceravolo,sudden_trace_noise15_1000_pl,300,150.0,[],[499],,,00:00:00,0.21817619999637827,0.00021817619999637828
Zheng DBSCAN,AdditionalLogs,gradual_drift_09,600,60.0,[np.float64(994.0)],"[500, 1000]",0.6666666666666666,6.0,00:00:00,0.4460700000054203,0.0003186214285753002
Zheng DBSCAN,AdditionalLogs,gradual_drift_09,600,120.0,[np.float64(994.0)],"[500, 1000]",0.6666666666666666,6.0,00:00:00,0.4460700000054203,0.0003186214285753002
Zheng DBSCAN,AdditionalLogs,gradual_drift_09,600,180.0,[np.float64(994.0)],"[500, 1000]",0.6666666666666666,6.0,00:00:00,0.4460700000054203,0.0003186214285753002
Zheng DBSCAN,AdditionalLogs,gradual_drift_09,600,240.0,[np.float64(994.0)],"[500, 1000]",0.6666666666666666,6.0,00:00:00,0.4460700000054203,0.0003186214285753002
Zheng DBSCAN,AdditionalLogs,gradual_drift_09,600,300.0,[np.float64(994.0)],"[500, 1000]",0.6666666666666666,6.0,00:00:00,0.4460700000054203,0.0003186214285753002
Zheng DBSCAN,Ceravolo,sudden_trace_noise5_1000_rp,700,70.0,[],[499],,,00:00:00,0.26335600001038983,0.0002633560000103898
Zheng DBSCAN,Ceravolo,sudden_trace_noise5_1000_rp,700,140.0,[],[499],,,00:00:00,0.26335600001038983,0.0002633560000103898
Zheng DBSCAN,Ceravolo,sudden_trace_noise5_1000_rp,700,210.0,[],[499],,,00:00:00,0.26335600001038983,0.0002633560000103898
Zheng DBSCAN,Ceravolo,sudden_trace_noise5_1000_rp,700,280.0,[],[499],,,00:00:00,0.26335600001038983,0.0002633560000103898
Zheng DBSCAN,Ceravolo,sudden_trace_noise5_1000_rp,700,350.0,[],[499],,,00:00:00,0.26335600001038983,0.0002633560000103898
Zheng DBSCAN,Ostovar,Atomic_Substitute_output_Substitute,300,30.0,"[np.float64(928.375), np.float64(1937.7142857142858)]","[999, 1999]",1.0,65.95535714285711,00:00:04,4.7500660000077914,0.0015838832944340751
Zheng DBSCAN,Ostovar,Atomic_Substitute_output_Substitute,300,60.0,"[np.float64(928.375), np.float64(1937.7142857142858)]","[999, 1999]",1.0,65.95535714285711,00:00:04,4.7500660000077914,0.0015838832944340751
Zheng DBSCAN,Ostovar,Atomic_Substitute_output_Substitute,300,90.0,"[np.float64(928.375), np.float64(1937.7142857142858)]","[999, 1999]",1.0,65.95535714285711,00:00:04,4.7500660000077914,0.0015838832944340751
Zheng DBSCAN,Ostovar,Atomic_Substitute_output_Substitute,300,120.0,"[np.float64(928.375), np.float64(1937.7142857142858)]","[999, 1999]",1.0,65.95535714285711,00:00:04,4.7500660000077914,0.0015838832944340751
Zheng DBSCAN,Ostovar,Atomic_Substitute_output_Substitute,300,150.0,"[np.float64(928.375), np.float64(1937.7142857142858)]","[999, 1999]",1.0,65.95535714285711,00:00:04,4.7500660000077914,0.0015838832944340751
Zheng DBSCAN,Ceravolo,sudden_trace_noise20_1000_rp,400,40.0,[np.float64(449.0)],[499],1.0,50.0,00:00:00,0.2295350999920629,0.0002295350999920629
Zheng DBSCAN,Ceravolo,sudden_trace_noise20_1000_rp,400,80.0,[np.float64(449.0)],[499],1.0,50.0,00:00:00,0.2295350999920629,0.0002295350999920629
Zheng DBSCAN,Ceravolo,sudden_trace_noise20_1000_rp,400,120.0,[np.float64(449.0)],[499],1.0,50.0,00:00:00,0.2295350999920629,0.0002295350999920629
Zheng DBSCAN,Ceravolo,sudden_trace_noise20_1000_rp,400,160.0,[np.float64(449.0)],[499],1.0,50.0,00:00:00,0.2295350999920629,0.0002295350999920629
Zheng DBSCAN,Ceravolo,sudden_trace_noise20_1000_rp,400,200.0,[np.float64(449.0)],[499],1.0,50.0,00:00:00,0.2295350999920629,0.0002295350999920629
Zheng DBSCAN,Ceravolo,sudden_trace_noise20_1000_pm,600,60.0,[],[499],,,00:00:00,0.21504019998246804,0.00021504019998246803
Zheng DBSCAN,Ceravolo,sudden_trace_noise20_1000_pm,600,120.0,[],[499],,,00:00:00,0.21504019998246804,0.00021504019998246803
Zheng DBSCAN,Ceravolo,sudden_trace_noise20_1000_pm,600,180.0,[],[499],,,00:00:00,0.21504019998246804,0.00021504019998246803
Zheng DBSCAN,Ceravolo,sudden_trace_noise20_1000_pm,600,240.0,[],[499],,,00:00:00,0.21504019998246804,0.00021504019998246803
Zheng DBSCAN,Ceravolo,sudden_trace_noise20_1000_pm,600,300.0,[],[499],,,00:00:00,0.21504019998246804,0.00021504019998246803
Zheng DBSCAN,Ostovar,Nested_IRO_output_IRO,800,80.0,"[np.float64(891.0), np.float64(1891.3684210526317)]","[999, 1999]",1.0,107.81578947368416,00:00:05,5.9590576000045985,0.0019870148716254078
Zheng DBSCAN,Ostovar,Nested_IRO_output_IRO,800,160.0,"[np.float64(891.0), np.float64(1891.3684210526317)]","[999, 1999]",1.0,107.81578947368416,00:00:05,5.9590576000045985,0.0019870148716254078
Zheng DBSCAN,Ostovar,Nested_IRO_output_IRO,800,240.0,"[np.float64(891.0), np.float64(1891.3684210526317)]","[999, 1999]",1.0,107.81578947368416,00:00:05,5.9590576000045985,0.0019870148716254078
Zheng DBSCAN,Ostovar,Nested_IRO_output_IRO,800,320.0,"[np.float64(891.0), np.float64(1891.3684210526317)]","[999, 1999]",1.0,107.81578947368416,00:00:05,5.9590576000045985,0.0019870148716254078
Zheng DBSCAN,Ostovar,Nested_IRO_output_IRO,800,400.0,"[np.float64(891.0), np.float64(1891.3684210526317)]","[999, 1999]",1.0,107.81578947368416,00:00:05,5.9590576000045985,0.0019870148716254078
Zheng DBSCAN,Ceravolo,sudden_trace_noise10_1000_IRO,800,80.0,[],[499],,,00:00:00,0.24672140000620857,0.0002467214000062086
Zheng DBSCAN,Ceravolo,sudden_trace_noise10_1000_IRO,800,160.0,[],[499],,,00:00:00,0.24672140000620857,0.0002467214000062086
Zheng DBSCAN,Ceravolo,sudden_trace_noise10_1000_IRO,800,240.0,[],[499],,,00:00:00,0.24672140000620857,0.0002467214000062086
Zheng DBSCAN,Ceravolo,sudden_trace_noise10_1000_IRO,800,320.0,[],[499],,,00:00:00,0.24672140000620857,0.0002467214000062086
Zheng DBSCAN,Ceravolo,sudden_trace_noise10_1000_IRO,800,400.0,[],[499],,,00:00:00,0.24672140000620857,0.0002467214000062086
Zheng DBSCAN,Ceravolo,sudden_trace_noise20_1000_cp,500,50.0,[],[499],,,00:00:00,0.2010475999850314,0.0002010475999850314
Zheng DBSCAN,Ceravolo,sudden_trace_noise20_1000_cp,500,100.0,[],[499],,,00:00:00,0.2010475999850314,0.0002010475999850314
Zheng DBSCAN,Ceravolo,sudden_trace_noise20_1000_cp,500,150.0,[],[499],,,00:00:00,0.2010475999850314,0.0002010475999850314
Zheng DBSCAN,Ceravolo,sudden_trace_noise20_1000_cp,500,200.0,[],[499],,,00:00:00,0.2010475999850314,0.0002010475999850314
Zheng DBSCAN,Ceravolo,sudden_trace_noise20_1000_cp,500,250.0,[],[499],,,00:00:00,0.2010475999850314,0.0002010475999850314
Zheng DBSCAN,Ostovar,Composite_ORI_output_ORI_5,700,70.0,[np.float64(1504.2814371257484)],"[999, 1999]",,,00:00:05,5.838710200012429,0.0019468856952358882
Zheng DBSCAN,Ostovar,Composite_ORI_output_ORI_5,700,140.0,[np.float64(1504.2814371257484)],"[999, 1999]",,,00:00:05,5.838710200012429,0.0019468856952358882
Zheng DBSCAN,Ostovar,Composite_ORI_output_ORI_5,700,210.0,[np.float64(1504.2814371257484)],"[999, 1999]",,,00:00:05,5.838710200012429,0.0019468856952358882
Zheng DBSCAN,Ostovar,Composite_ORI_output_ORI_5,700,280.0,[np.float64(1504.2814371257484)],"[999, 1999]",,,00:00:05,5.838710200012429,0.0019468856952358882
Zheng DBSCAN,Ostovar,Composite_ORI_output_ORI_5,700,350.0,[np.float64(1504.2814371257484)],"[999, 1999]",,,00:00:05,5.838710200012429,0.0019468856952358882
Zheng DBSCAN,Ostovar,Composite_OIR_output_OIR,500,50.0,"[np.float64(943.2380952380952), np.float64(1930.1176470588234)]","[999, 1999]",1.0,62.3221288515407,00:00:04,4.448891700012609,0.001483458386132914
Zheng DBSCAN,Ostovar,Composite_OIR_output_OIR,500,100.0,"[np.float64(943.2380952380952), np.float64(1930.1176470588234)]","[999, 1999]",1.0,62.3221288515407,00:00:04,4.448891700012609,0.001483458386132914
Zheng DBSCAN,Ostovar,Composite_OIR_output_OIR,500,150.0,"[np.float64(943.2380952380952), np.float64(1930.1176470588234)]","[999, 1999]",1.0,62.3221288515407,00:00:04,4.448891700012609,0.001483458386132914
Zheng DBSCAN,Ostovar,Composite_OIR_output_OIR,500,200.0,"[np.float64(943.2380952380952), np.float64(1930.1176470588234)]","[999, 1999]",1.0,62.3221288515407,00:00:04,4.448891700012609,0.001483458386132914
Zheng DBSCAN,Ostovar,Composite_OIR_output_OIR,500,250.0,"[np.float64(943.2380952380952), np.float64(1930.1176470588234)]","[999, 1999]",1.0,62.3221288515407,00:00:04,4.448891700012609,0.001483458386132914
Zheng DBSCAN,AdditionalLogs,sudden_drift_09,500,50.0,"[np.float64(520.6666666666666), np.float64(1030.7692307692307), np.float64(1216.5)]","[500, 1000]",0.8,25.717948717948673,00:00:00,0.33810160000575706,0.00022540106667050472
Zheng DBSCAN,AdditionalLogs,sudden_drift_09,500,100.0,"[np.float64(520.6666666666666), np.float64(1030.7692307692307), np.float64(1216.5)]","[500, 1000]",0.8,25.717948717948673,00:00:00,0.33810160000575706,0.00022540106667050472
Zheng DBSCAN,AdditionalLogs,sudden_drift_09,500,150.0,"[np.float64(520.6666666666666), np.float64(1055.5333333333333)]","[500, 1000]",1.0,38.099999999999966,00:00:00,0.33810160000575706,0.00022540106667050472
Zheng DBSCAN,AdditionalLogs,sudden_drift_09,500,200.0,"[np.float64(520.6666666666666), np.float64(1055.5333333333333)]","[500, 1000]",1.0,38.099999999999966,00:00:00,0.33810160000575706,0.00022540106667050472
Zheng DBSCAN,AdditionalLogs,sudden_drift_09,500,250.0,"[np.float64(520.6666666666666), np.float64(1055.5333333333333)]","[500, 1000]",1.0,38.099999999999966,00:00:00,0.33810160000575706,0.00022540106667050472
Zheng DBSCAN,Bose,bose_log,500,50.0,"[np.float64(579.0), np.float64(651.0), np.float64(1222.7), np.float64(1406.25), np.float64(1746.0), np.float64(1798.5), np.float64(1882.0), np.float64(1991.0), np.float64(2072.0), np.float64(2152.0), np.float64(2231.0), np.float64(2353.0), np.float64(2540.0), np.float64(2956.5), np.float64(3065.5), np.float64(3144.0), np.float64(3395.0), np.float64(3607.714285714286), np.float64(3733.0), np.float64(3799.0), np.float64(3999.1666666666665), np.float64(4129.0), np.float64(4245.0), np.float64(4491.0), np.float64(4808.5), np.float64(5035.5), np.float64(5098.0), np.float64(5235.5), np.float64(5319.833333333333), np.float64(5456.8), np.float64(5634.0)]","[1199, 2399, 3599, 4799]",0.2285714285714286,21.978571428571456,00:00:01,1.0973338999901898,0.0001828889833316983
Zheng DBSCAN,Bose,bose_log,500,100.0,"[np.float64(615.0), np.float64(1275.142857142857), np.float64(1806.25), np.float64(2103.6), np.float64(2353.0), np.float64(2540.0), np.float64(3068.0), np.float64(3395.0), np.float64(3642.8888888888887), np.float64(4095.846153846154), np.float64(4491.0), np.float64(4808.5), np.float64(5056.333333333333), np.float64(5286.1), np.float64(5456.8), np.float64(5634.0)]","[1199, 2399, 3599, 4799]",0.4,43.88293650793645,00:00:01,1.0973338999901898,0.0001828889833316983
Zheng DBSCAN,Bose,bose_log,500,150.0,"[np.float64(615.0), np.float64(1275.142857142857), np.float64(2009.6), np.float64(2540.0), np.float64(3068.0), np.float64(3395.0), np.float64(3910.5454545454545), np.float64(4491.0), np.float64(4808.5), np.float64(5295.222222222223), np.float64(5634.0)]","[1199, 2399, 3599, 4799]",0.39999999999999997,75.54761904761904,00:00:01,1.0973338999901898,0.0001828889833316983
Zheng DBSCAN,Bose,bose_log,500,200.0,"[np.float64(615.0), np.float64(1275.142857142857), np.float64(2057.818181818182), np.float64(3068.0), np.float64(3888.1304347826085), np.float64(4491.0), np.float64(4808.5), np.float64(5313.0526315789475)]","[1199, 2399, 3599, 4799]",0.3333333333333333,42.821428571428555,00:00:01,1.0973338999901898,0.0001828889833316983
Zheng DBSCAN,Bose,bose_log,500,250.0,"[np.float64(615.0), np.float64(1275.142857142857), np.float64(2057.818181818182), np.float64(3746.40625), np.float64(5225.304347826087)]","[1199, 2399, 3599, 4799]",0.4444444444444445,111.77455357142856,00:00:01,1.0973338999901898,0.0001828889833316983
Zheng DBSCAN,Ostovar,Nested_ROI_output_ROI_2,500,50.0,[np.float64(1512.8260869565217)],"[999, 1999]",,,00:00:05,5.213153399992734,0.001738297232408381
Zheng DBSCAN,Ostovar,Nested_ROI_output_ROI_2,500,100.0,[np.float64(1512.8260869565217)],"[999, 1999]",,,00:00:05,5.213153399992734,0.001738297232408381
Zheng DBSCAN,Ostovar,Nested_ROI_output_ROI_2,500,150.0,[np.float64(1512.8260869565217)],"[999, 1999]",,,00:00:05,5.213153399992734,0.001738297232408381
Zheng DBSCAN,Ostovar,Nested_ROI_output_ROI_2,500,200.0,[np.float64(1512.8260869565217)],"[999, 1999]",,,00:00:05,5.213153399992734,0.001738297232408381
Zheng DBSCAN,Ostovar,Nested_ROI_output_ROI_2,500,250.0,[np.float64(1512.8260869565217)],"[999, 1999]",,,00:00:05,5.213153399992734,0.001738297232408381
Zheng DBSCAN,Ostovar,Composite_OIR_output_OIR,400,40.0,"[np.float64(943.2380952380952), np.float64(1930.1176470588234)]","[999, 1999]",1.0,62.3221288515407,00:00:04,4.4404972000047565,0.0014806592864303955
Zheng DBSCAN,Ostovar,Composite_OIR_output_OIR,400,80.0,"[np.float64(943.2380952380952), np.float64(1930.1176470588234)]","[999, 1999]",1.0,62.3221288515407,00:00:04,4.4404972000047565,0.0014806592864303955
Zheng DBSCAN,Ostovar,Composite_OIR_output_OIR,400,120.0,"[np.float64(943.2380952380952), np.float64(1930.1176470588234)]","[999, 1999]",1.0,62.3221288515407,00:00:04,4.4404972000047565,0.0014806592864303955
Zheng DBSCAN,Ostovar,Composite_OIR_output_OIR,400,160.0,"[np.float64(943.2380952380952), np.float64(1930.1176470588234)]","[999, 1999]",1.0,62.3221288515407,00:00:04,4.4404972000047565,0.0014806592864303955
Zheng DBSCAN,Ostovar,Composite_OIR_output_OIR,400,200.0,"[np.float64(943.2380952380952), np.float64(1930.1176470588234)]","[999, 1999]",1.0,62.3221288515407,00:00:04,4.4404972000047565,0.0014806592864303955
Zheng DBSCAN,Ceravolo,sudden_trace_noise0_1000_pl,300,30.0,[],[499],,,00:00:00,0.17473870000685565,0.00017473870000685564
Zheng DBSCAN,Ceravolo,sudden_trace_noise0_1000_pl,300,60.0,[],[499],,,00:00:00,0.17473870000685565,0.00017473870000685564
Zheng DBSCAN,Ceravolo,sudden_trace_noise0_1000_pl,300,90.0,[],[499],,,00:00:00,0.17473870000685565,0.00017473870000685564
Zheng DBSCAN,Ceravolo,sudden_trace_noise0_1000_pl,300,120.0,[],[499],,,00:00:00,0.17473870000685565,0.00017473870000685564
Zheng DBSCAN,Ceravolo,sudden_trace_noise0_1000_pl,300,150.0,[],[499],,,00:00:00,0.17473870000685565,0.00017473870000685564
Zheng DBSCAN,Ostovar,Composite_IOR_output_IOR_2,600,60.0,[np.float64(1488.5060804490179)],"[999, 1999]",,,00:00:04,4.148809900012566,0.001383397765926164
Zheng DBSCAN,Ostovar,Composite_IOR_output_IOR_2,600,120.0,[np.float64(1488.5060804490179)],"[999, 1999]",,,00:00:04,4.148809900012566,0.001383397765926164
Zheng DBSCAN,Ostovar,Composite_IOR_output_IOR_2,600,180.0,[np.float64(1488.5060804490179)],"[999, 1999]",,,00:00:04,4.148809900012566,0.001383397765926164
Zheng DBSCAN,Ostovar,Composite_IOR_output_IOR_2,600,240.0,[np.float64(1488.5060804490179)],"[999, 1999]",,,00:00:04,4.148809900012566,0.001383397765926164
Zheng DBSCAN,Ostovar,Composite_IOR_output_IOR_2,600,300.0,[np.float64(1488.5060804490179)],"[999, 1999]",,,00:00:04,4.148809900012566,0.001383397765926164
Zheng DBSCAN,AdditionalLogs,sudden_drift_02,800,80.0,"[np.float64(1057.52), np.float64(1380.0), np.float64(1474.0)]","[500, 1000]",0.4,57.51999999999998,00:00:00,0.5989785999991,0.00039931906666606663
Zheng DBSCAN,AdditionalLogs,sudden_drift_02,800,160.0,[np.float64(1098.7857142857142)],"[500, 1000]",0.6666666666666666,98.78571428571422,00:00:00,0.5989785999991,0.00039931906666606663
Zheng DBSCAN,AdditionalLogs,sudden_drift_02,800,240.0,[np.float64(1098.7857142857142)],"[500, 1000]",0.6666666666666666,98.78571428571422,00:00:00,0.5989785999991,0.00039931906666606663
Zheng DBSCAN,AdditionalLogs,sudden_drift_02,800,320.0,[np.float64(1098.7857142857142)],"[500, 1000]",0.6666666666666666,98.78571428571422,00:00:00,0.5989785999991,0.00039931906666606663
Zheng DBSCAN,AdditionalLogs,sudden_drift_02,800,400.0,[np.float64(973.8)],"[500, 1000]",0.6666666666666666,26.200000000000045,00:00:00,0.5989785999991,0.00039931906666606663
Zheng DBSCAN,Ceravolo,sudden_trace_noise20_1000_pl,400,40.0,[],[499],,,00:00:00,0.20565129999886267,0.00020565129999886267
Zheng DBSCAN,Ceravolo,sudden_trace_noise20_1000_pl,400,80.0,[],[499],,,00:00:00,0.20565129999886267,0.00020565129999886267
Zheng DBSCAN,Ceravolo,sudden_trace_noise20_1000_pl,400,120.0,[],[499],,,00:00:00,0.20565129999886267,0.00020565129999886267
Zheng DBSCAN,Ceravolo,sudden_trace_noise20_1000_pl,400,160.0,[],[499],,,00:00:00,0.20565129999886267,0.00020565129999886267
Zheng DBSCAN,Ceravolo,sudden_trace_noise20_1000_pl,400,200.0,[],[499],,,00:00:00,0.20565129999886267,0.00020565129999886267
Zheng DBSCAN,Ostovar,Atomic_ParallelMove_output_ParallelMove,600,60.0,"[np.float64(933.0), np.float64(1919.111111111111)]","[999, 1999]",1.0,72.94444444444446,00:00:04,4.479471900005592,0.001493655185063552
Zheng DBSCAN,Ostovar,Atomic_ParallelMove_output_ParallelMove,600,120.0,"[np.float64(933.0), np.float64(1919.111111111111)]","[999, 1999]",1.0,72.94444444444446,00:00:04,4.479471900005592,0.001493655185063552
Zheng DBSCAN,Ostovar,Atomic_ParallelMove_output_ParallelMove,600,180.0,"[np.float64(933.0), np.float64(1919.111111111111)]","[999, 1999]",1.0,72.94444444444446,00:00:04,4.479471900005592,0.001493655185063552
Zheng DBSCAN,Ostovar,Atomic_ParallelMove_output_ParallelMove,600,240.0,"[np.float64(933.0), np.float64(1919.111111111111)]","[999, 1999]",1.0,72.94444444444446,00:00:04,4.479471900005592,0.001493655185063552
Zheng DBSCAN,Ostovar,Atomic_ParallelMove_output_ParallelMove,600,300.0,"[np.float64(933.0), np.float64(1919.111111111111)]","[999, 1999]",1.0,72.94444444444446,00:00:04,4.479471900005592,0.001493655185063552
Zheng DBSCAN,AdditionalLogs,sudden_drift_01,700,70.0,"[np.float64(762.0), np.float64(921.0), np.float64(1007.3333333333334), np.float64(1115.0), np.float64(1254.0)]","[500, 1000]",0.28571428571428575,7.333333333333371,00:00:00,0.5539784000138752,0.0003693189333425835
Zheng DBSCAN,AdditionalLogs,sudden_drift_01,700,140.0,"[np.float64(762.0), np.float64(1037.111111111111)]","[500, 1000]",0.5,37.111111111111086,00:00:00,0.5539784000138752,0.0003693189333425835
Zheng DBSCAN,AdditionalLogs,sudden_drift_01,700,210.0,[np.float64(1009.6)],"[500, 1000]",0.6666666666666666,9.600000000000023,00:00:00,0.5539784000138752,0.0003693189333425835
Zheng DBSCAN,AdditionalLogs,sudden_drift_01,700,280.0,[],"[500, 1000]",,,00:00:00,0.5539784000138752,0.0003693189333425835
Zheng DBSCAN,AdditionalLogs,sudden_drift_01,700,350.0,[],"[500, 1000]",,,00:00:00,0.5539784000138752,0.0003693189333425835
Zheng DBSCAN,Ostovar,Nested_OIR_output_OIR,600,60.0,"[np.float64(935.5), np.float64(1935.25)]","[999, 1999]",1.0,63.625,00:00:04,4.840362199989613,0.001613992064017877
Zheng DBSCAN,Ostovar,Nested_OIR_output_OIR,600,120.0,"[np.float64(935.5), np.float64(1935.25)]","[999, 1999]",1.0,63.625,00:00:04,4.840362199989613,0.001613992064017877
Zheng DBSCAN,Ostovar,Nested_OIR_output_OIR,600,180.0,"[np.float64(935.5), np.float64(1935.25)]","[999, 1999]",1.0,63.625,00:00:04,4.840362199989613,0.001613992064017877
Zheng DBSCAN,Ostovar,Nested_OIR_output_OIR,600,240.0,"[np.float64(935.5), np.float64(1935.25)]","[999, 1999]",1.0,63.625,00:00:04,4.840362199989613,0.001613992064017877
Zheng DBSCAN,Ostovar,Nested_OIR_output_OIR,600,300.0,"[np.float64(935.5), np.float64(1935.25)]","[999, 1999]",1.0,63.625,00:00:04,4.840362199989613,0.001613992064017877
Zheng DBSCAN,AdditionalLogs,recurring_drift_08,700,70.0,"[np.float64(730.6), np.float64(1045.1666666666667), np.float64(1234.3333333333333), np.float64(1354.5), np.float64(1496.5)]","[500, 1000]",0.28571428571428575,45.16666666666674,00:00:00,0.5585934999980964,0.0003723956666653976
Zheng DBSCAN,AdditionalLogs,recurring_drift_08,700,140.0,[np.float64(717.3023255813954)],"[500, 1000]",,,00:00:00,0.5585934999980964,0.0003723956666653976
Zheng DBSCAN,AdditionalLogs,recurring_drift_08,700,210.0,[np.float64(717.3023255813954)],"[500, 1000]",,,00:00:00,0.5585934999980964,0.0003723956666653976
Zheng DBSCAN,AdditionalLogs,recurring_drift_08,700,280.0,[np.float64(717.3023255813954)],"[500, 1000]",,,00:00:00,0.5585934999980964,0.0003723956666653976
Zheng DBSCAN,AdditionalLogs,recurring_drift_08,700,350.0,[np.float64(717.3023255813954)],"[500, 1000]",,,00:00:00,0.5585934999980964,0.0003723956666653976
Zheng DBSCAN,AdditionalLogs,gradual_drift_05,500,50.0,"[np.float64(593.5), np.float64(668.0), np.float64(845.0), np.float64(960.1111111111111), np.float64(1133.75), np.float64(1312.5)]","[500, 1000]",0.5,66.69444444444446,00:00:00,0.3124690999975428,0.00022319221428395913
Zheng DBSCAN,AdditionalLogs,gradual_drift_05,500,100.0,"[np.float64(1001.5), np.float64(1312.5)]","[500, 1000]",0.5,1.5,00:00:00,0.3124690999975428,0.00022319221428395913
Zheng DBSCAN,AdditionalLogs,gradual_drift_05,500,150.0,"[np.float64(1001.5), np.float64(1312.5)]","[500, 1000]",0.5,1.5,00:00:00,0.3124690999975428,0.00022319221428395913
Zheng DBSCAN,AdditionalLogs,gradual_drift_05,500,200.0,[np.float64(528.9655172413793)],"[500, 1000]",0.6666666666666666,28.965517241379303,00:00:00,0.3124690999975428,0.00022319221428395913
Zheng DBSCAN,AdditionalLogs,gradual_drift_05,500,250.0,[np.float64(528.9655172413793)],"[500, 1000]",0.6666666666666666,28.965517241379303,00:00:00,0.3124690999975428,0.00022319221428395913
Zheng DBSCAN,Ostovar,Atomic_ConditionalToSequence_output_ConditionalToSequence_5,500,50.0,[np.float64(1499.2129514321296)],"[999, 1999]",,,00:00:05,5.775659900013125,0.0019258619206445897
Zheng DBSCAN,Ostovar,Atomic_ConditionalToSequence_output_ConditionalToSequence_5,500,100.0,[np.float64(1499.2129514321296)],"[999, 1999]",,,00:00:05,5.775659900013125,0.0019258619206445897
Zheng DBSCAN,Ostovar,Atomic_ConditionalToSequence_output_ConditionalToSequence_5,500,150.0,[np.float64(1499.2129514321296)],"[999, 1999]",,,00:00:05,5.775659900013125,0.0019258619206445897
Zheng DBSCAN,Ostovar,Atomic_ConditionalToSequence_output_ConditionalToSequence_5,500,200.0,[np.float64(1499.2129514321296)],"[999, 1999]",,,00:00:05,5.775659900013125,0.0019258619206445897
Zheng DBSCAN,Ostovar,Atomic_ConditionalToSequence_output_ConditionalToSequence_5,500,250.0,[np.float64(1499.2129514321296)],"[999, 1999]",,,00:00:05,5.775659900013125,0.0019258619206445897
Zheng DBSCAN,Ceravolo,sudden_trace_noise0_1000_sw,500,50.0,[],[499],,,00:00:00,0.1881610999989789,0.0001881610999989789
Zheng DBSCAN,Ceravolo,sudden_trace_noise0_1000_sw,500,100.0,[],[499],,,00:00:00,0.1881610999989789,0.0001881610999989789
Zheng DBSCAN,Ceravolo,sudden_trace_noise0_1000_sw,500,150.0,[],[499],,,00:00:00,0.1881610999989789,0.0001881610999989789
Zheng DBSCAN,Ceravolo,sudden_trace_noise0_1000_sw,500,200.0,[],[499],,,00:00:00,0.1881610999989789,0.0001881610999989789
Zheng DBSCAN,Ceravolo,sudden_trace_noise0_1000_sw,500,250.0,[],[499],,,00:00:00,0.1881610999989789,0.0001881610999989789
Zheng DBSCAN,Ceravolo,sudden_trace_noise15_1000_re,700,70.0,[],[499],,,00:00:00,0.1769612999923993,0.00017696129999239928
Zheng DBSCAN,Ceravolo,sudden_trace_noise15_1000_re,700,140.0,[],[499],,,00:00:00,0.1769612999923993,0.00017696129999239928
Zheng DBSCAN,Ceravolo,sudden_trace_noise15_1000_re,700,210.0,[],[499],,,00:00:00,0.1769612999923993,0.00017696129999239928
Zheng DBSCAN,Ceravolo,sudden_trace_noise15_1000_re,700,280.0,[],[499],,,00:00:00,0.1769612999923993,0.00017696129999239928
Zheng DBSCAN,Ceravolo,sudden_trace_noise15_1000_re,700,350.0,[],[499],,,00:00:00,0.1769612999923993,0.00017696129999239928
Zheng DBSCAN,Ceravolo,sudden_trace_noise5_1000_pm,800,80.0,[],[499],,,00:00:00,0.1848578000208363,0.0001848578000208363
Zheng DBSCAN,Ceravolo,sudden_trace_noise5_1000_pm,800,160.0,[],[499],,,00:00:00,0.1848578000208363,0.0001848578000208363
Zheng DBSCAN,Ceravolo,sudden_trace_noise5_1000_pm,800,240.0,[],[499],,,00:00:00,0.1848578000208363,0.0001848578000208363
Zheng DBSCAN,Ceravolo,sudden_trace_noise5_1000_pm,800,320.0,[],[499],,,00:00:00,0.1848578000208363,0.0001848578000208363
Zheng DBSCAN,Ceravolo,sudden_trace_noise5_1000_pm,800,400.0,[],[499],,,00:00:00,0.1848578000208363,0.0001848578000208363
Zheng DBSCAN,Ceravolo,sudden_trace_noise5_1000_cf,600,60.0,[],[499],,,00:00:00,0.18784170001163147,0.00018784170001163148
Zheng DBSCAN,Ceravolo,sudden_trace_noise5_1000_cf,600,120.0,[],[499],,,00:00:00,0.18784170001163147,0.00018784170001163148
Zheng DBSCAN,Ceravolo,sudden_trace_noise5_1000_cf,600,180.0,[],[499],,,00:00:00,0.18784170001163147,0.00018784170001163148
Zheng DBSCAN,Ceravolo,sudden_trace_noise5_1000_cf,600,240.0,[],[499],,,00:00:00,0.18784170001163147,0.00018784170001163148
Zheng DBSCAN,Ceravolo,sudden_trace_noise5_1000_cf,600,300.0,[],[499],,,00:00:00,0.18784170001163147,0.00018784170001163148
Zheng DBSCAN,Ostovar,Composite_IRO_output_IRO,700,70.0,"[np.float64(948.0666666666667), np.float64(1943.5714285714287)]","[999, 1999]",1.0,53.180952380952306,00:00:05,5.464237799984403,0.0018220199399747927
Zheng DBSCAN,Ostovar,Composite_IRO_output_IRO,700,140.0,"[np.float64(948.0666666666667), np.float64(1943.5714285714287)]","[999, 1999]",1.0,53.180952380952306,00:00:05,5.464237799984403,0.0018220199399747927
Zheng DBSCAN,Ostovar,Composite_IRO_output_IRO,700,210.0,"[np.float64(948.0666666666667), np.float64(1943.5714285714287)]","[999, 1999]",1.0,53.180952380952306,00:00:05,5.464237799984403,0.0018220199399747927
Zheng DBSCAN,Ostovar,Composite_IRO_output_IRO,700,280.0,"[np.float64(948.0666666666667), np.float64(1943.5714285714287)]","[999, 1999]",1.0,53.180952380952306,00:00:05,5.464237799984403,0.0018220199399747927
Zheng DBSCAN,Ostovar,Composite_IRO_output_IRO,700,350.0,"[np.float64(948.0666666666667), np.float64(1943.5714285714287)]","[999, 1999]",1.0,53.180952380952306,00:00:05,5.464237799984403,0.0018220199399747927
Zheng DBSCAN,AdditionalLogs,sudden_drift_08,300,30.0,"[np.float64(322.1), np.float64(582.8947368421053), np.float64(820.5), np.float64(990.2682926829268), np.float64(1144.75), np.float64(1244.142857142857), np.float64(1348.5), np.float64(1444.1)]","[500, 1000]",0.4,46.31322207958925,00:00:00,0.4856519000022672,0.00032376793333484483
Zheng DBSCAN,AdditionalLogs,sudden_drift_08,300,60.0,"[np.float64(528.5625), np.float64(1085.0)]","[500, 1000]",1.0,56.78125,00:00:00,0.4856519000022672,0.00032376793333484483
Zheng DBSCAN,AdditionalLogs,sudden_drift_08,300,90.0,[np.float64(858.6525423728814)],"[500, 1000]",0.6666666666666666,141.34745762711862,00:00:00,0.4856519000022672,0.00032376793333484483
Zheng DBSCAN,AdditionalLogs,sudden_drift_08,300,120.0,[np.float64(800.671875)],"[500, 1000]",0.6666666666666666,199.328125,00:00:00,0.4856519000022672,0.00032376793333484483
Zheng DBSCAN,AdditionalLogs,sudden_drift_08,300,150.0,[np.float64(800.671875)],"[500, 1000]",0.6666666666666666,199.328125,00:00:00,0.4856519000022672,0.00032376793333484483
Zheng DBSCAN,Ceravolo,sudden_trace_noise0_1000_IRO,600,60.0,[],[499],,,00:00:00,0.23616410000249743,0.00023616410000249744
Zheng DBSCAN,Ceravolo,sudden_trace_noise0_1000_IRO,600,120.0,[],[499],,,00:00:00,0.23616410000249743,0.00023616410000249744
Zheng DBSCAN,Ceravolo,sudden_trace_noise0_1000_IRO,600,180.0,[],[499],,,00:00:00,0.23616410000249743,0.00023616410000249744
Zheng DBSCAN,Ceravolo,sudden_trace_noise0_1000_IRO,600,240.0,[],[499],,,00:00:00,0.23616410000249743,0.00023616410000249744
Zheng DBSCAN,Ceravolo,sudden_trace_noise0_1000_IRO,600,300.0,[],[499],,,00:00:00,0.23616410000249743,0.00023616410000249744
Zheng DBSCAN,Ceravolo,sudden_trace_noise20_1000_cd,800,80.0,[],[499],,,00:00:00,0.18191059998935089,0.0001819105999893509
Zheng DBSCAN,Ceravolo,sudden_trace_noise20_1000_cd,800,160.0,[],[499],,,00:00:00,0.18191059998935089,0.0001819105999893509
Zheng DBSCAN,Ceravolo,sudden_trace_noise20_1000_cd,800,240.0,[],[499],,,00:00:00,0.18191059998935089,0.0001819105999893509
Zheng DBSCAN,Ceravolo,sudden_trace_noise20_1000_cd,800,320.0,[],[499],,,00:00:00,0.18191059998935089,0.0001819105999893509
Zheng DBSCAN,Ceravolo,sudden_trace_noise20_1000_cd,800,400.0,[],[499],,,00:00:00,0.18191059998935089,0.0001819105999893509
Zheng DBSCAN,Ceravolo,sudden_trace_noise0_1000_cd,300,30.0,[],[499],,,00:00:00,0.20152989999041893,0.00020152989999041893
Zheng DBSCAN,Ceravolo,sudden_trace_noise0_1000_cd,300,60.0,[],[499],,,00:00:00,0.20152989999041893,0.00020152989999041893
Zheng DBSCAN,Ceravolo,sudden_trace_noise0_1000_cd,300,90.0,[],[499],,,00:00:00,0.20152989999041893,0.00020152989999041893
Zheng DBSCAN,Ceravolo,sudden_trace_noise0_1000_cd,300,120.0,[],[499],,,00:00:00,0.20152989999041893,0.00020152989999041893
Zheng DBSCAN,Ceravolo,sudden_trace_noise0_1000_cd,300,150.0,[],[499],,,00:00:00,0.20152989999041893,0.00020152989999041893
Zheng DBSCAN,Ostovar,Composite_IOR_output_IOR_5,700,70.0,[np.float64(1512.5545023696682)],"[999, 1999]",,,00:00:05,5.173953999998048,0.0017252264088022833
Zheng DBSCAN,Ostovar,Composite_IOR_output_IOR_5,700,140.0,[np.float64(1512.5545023696682)],"[999, 1999]",,,00:00:05,5.173953999998048,0.0017252264088022833
Zheng DBSCAN,Ostovar,Composite_IOR_output_IOR_5,700,210.0,[np.float64(1512.5545023696682)],"[999, 1999]",,,00:00:05,5.173953999998048,0.0017252264088022833
Zheng DBSCAN,Ostovar,Composite_IOR_output_IOR_5,700,280.0,[np.float64(1512.5545023696682)],"[999, 1999]",,,00:00:05,5.173953999998048,0.0017252264088022833
Zheng DBSCAN,Ostovar,Composite_IOR_output_IOR_5,700,350.0,[np.float64(1512.5545023696682)],"[999, 1999]",,,00:00:05,5.173953999998048,0.0017252264088022833
Zheng DBSCAN,AdditionalLogs,recurring_drift_00,300,30.0,"[np.float64(336.0), np.float64(380.0), np.float64(591.0), np.float64(750.5), np.float64(790.0), np.float64(941.9), np.float64(1059.3333333333333), np.float64(1210.0), np.float64(1259.0), np.float64(1435.0)]","[500, 1000]",0.33333333333333337,74.55000000000001,00:00:00,0.37525969999842346,0.0002501731333322823
Zheng DBSCAN,AdditionalLogs,recurring_drift_00,300,60.0,"[np.float64(358.0), np.float64(757.0), np.float64(1234.5), np.float64(1435.0)]","[500, 1000]",0.3333333333333333,142.0,00:00:00,0.37525969999842346,0.0002501731333322823
Zheng DBSCAN,AdditionalLogs,recurring_drift_00,300,90.0,"[np.float64(740.5384615384615), np.float64(1234.5), np.float64(1435.0)]","[500, 1000]",,,00:00:00,0.37525969999842346,0.0002501731333322823
Zheng DBSCAN,AdditionalLogs,recurring_drift_00,300,120.0,"[np.float64(740.5384615384615), np.float64(1234.5), np.float64(1435.0)]","[500, 1000]",,,00:00:00,0.37525969999842346,0.0002501731333322823
Zheng DBSCAN,AdditionalLogs,recurring_drift_00,300,150.0,"[np.float64(752.8875), np.float64(1435.0)]","[500, 1000]",,,00:00:00,0.37525969999842346,0.0002501731333322823
Zheng DBSCAN,Ostovar,Composite_IRO_output_IRO_2,700,70.0,[np.float64(1516.645910780669)],"[999, 1999]",,,00:00:06,6.6880655999993905,0.0022300985661885264
Zheng DBSCAN,Ostovar,Composite_IRO_output_IRO_2,700,140.0,[np.float64(1516.645910780669)],"[999, 1999]",,,00:00:06,6.6880655999993905,0.0022300985661885264
Zheng DBSCAN,Ostovar,Composite_IRO_output_IRO_2,700,210.0,[np.float64(1516.645910780669)],"[999, 1999]",,,00:00:06,6.6880655999993905,0.0022300985661885264
Zheng DBSCAN,Ostovar,Composite_IRO_output_IRO_2,700,280.0,[np.float64(1516.645910780669)],"[999, 1999]",,,00:00:06,6.6880655999993905,0.0022300985661885264
Zheng DBSCAN,Ostovar,Composite_IRO_output_IRO_2,700,350.0,[np.float64(1516.645910780669)],"[999, 1999]",,,00:00:06,6.6880655999993905,0.0022300985661885264
Zheng DBSCAN,Ceravolo,sudden_trace_noise15_1000_OIR,500,50.0,[],[499],,,00:00:00,0.21232550000422634,0.00021232550000422633
Zheng DBSCAN,Ceravolo,sudden_trace_noise15_1000_OIR,500,100.0,[],[499],,,00:00:00,0.21232550000422634,0.00021232550000422633
Zheng DBSCAN,Ceravolo,sudden_trace_noise15_1000_OIR,500,150.0,[],[499],,,00:00:00,0.21232550000422634,0.00021232550000422633
Zheng DBSCAN,Ceravolo,sudden_trace_noise15_1000_OIR,500,200.0,[],[499],,,00:00:00,0.21232550000422634,0.00021232550000422633
Zheng DBSCAN,Ceravolo,sudden_trace_noise15_1000_OIR,500,250.0,[],[499],,,00:00:00,0.21232550000422634,0.00021232550000422633
Zheng DBSCAN,Ceravolo,sudden_trace_noise10_1000_ROI,400,40.0,[np.float64(448.5)],[499],1.0,50.5,00:00:00,0.21160989999771118,0.00021160989999771118
Zheng DBSCAN,Ceravolo,sudden_trace_noise10_1000_ROI,400,80.0,[np.float64(448.5)],[499],1.0,50.5,00:00:00,0.21160989999771118,0.00021160989999771118
Zheng DBSCAN,Ceravolo,sudden_trace_noise10_1000_ROI,400,120.0,[np.float64(448.5)],[499],1.0,50.5,00:00:00,0.21160989999771118,0.00021160989999771118
Zheng DBSCAN,Ceravolo,sudden_trace_noise10_1000_ROI,400,160.0,[np.float64(448.5)],[499],1.0,50.5,00:00:00,0.21160989999771118,0.00021160989999771118
Zheng DBSCAN,Ceravolo,sudden_trace_noise10_1000_ROI,400,200.0,[np.float64(448.5)],[499],1.0,50.5,00:00:00,0.21160989999771118,0.00021160989999771118
Zheng DBSCAN,Ceravolo,sudden_trace_noise5_1000_cb,800,80.0,[],[499],,,00:00:00,0.19140329997753724,0.00019140329997753723
Zheng DBSCAN,Ceravolo,sudden_trace_noise5_1000_cb,800,160.0,[],[499],,,00:00:00,0.19140329997753724,0.00019140329997753723
Zheng DBSCAN,Ceravolo,sudden_trace_noise5_1000_cb,800,240.0,[],[499],,,00:00:00,0.19140329997753724,0.00019140329997753723
Zheng DBSCAN,Ceravolo,sudden_trace_noise5_1000_cb,800,320.0,[],[499],,,00:00:00,0.19140329997753724,0.00019140329997753723
Zheng DBSCAN,Ceravolo,sudden_trace_noise5_1000_cb,800,400.0,[],[499],,,00:00:00,0.19140329997753724,0.00019140329997753723
Zheng DBSCAN,Ostovar,Nested_ORI_output_ORI_5,700,70.0,[np.float64(1517.5361842105262)],"[999, 1999]",,,00:00:06,6.87425780002377,0.0022921833277838514
Zheng DBSCAN,Ostovar,Nested_ORI_output_ORI_5,700,140.0,[np.float64(1517.5361842105262)],"[999, 1999]",,,00:00:06,6.87425780002377,0.0022921833277838514
Zheng DBSCAN,Ostovar,Nested_ORI_output_ORI_5,700,210.0,[np.float64(1517.5361842105262)],"[999, 1999]",,,00:00:06,6.87425780002377,0.0022921833277838514
Zheng DBSCAN,Ostovar,Nested_ORI_output_ORI_5,700,280.0,[np.float64(1517.5361842105262)],"[999, 1999]",,,00:00:06,6.87425780002377,0.0022921833277838514
Zheng DBSCAN,Ostovar,Nested_ORI_output_ORI_5,700,350.0,[np.float64(1517.5361842105262)],"[999, 1999]",,,00:00:06,6.87425780002377,0.0022921833277838514
Zheng DBSCAN,Ostovar,Composite_IOR_output_IOR,500,50.0,"[np.float64(938.7692307692307), np.float64(1939.3846153846155)]","[999, 1999]",1.0,59.923076923076906,00:00:04,4.156239699979778,0.001385875191723834
Zheng DBSCAN,Ostovar,Composite_IOR_output_IOR,500,100.0,"[np.float64(938.7692307692307), np.float64(1939.3846153846155)]","[999, 1999]",1.0,59.923076923076906,00:00:04,4.156239699979778,0.001385875191723834
Zheng DBSCAN,Ostovar,Composite_IOR_output_IOR,500,150.0,"[np.float64(938.7692307692307), np.float64(1939.3846153846155)]","[999, 1999]",1.0,59.923076923076906,00:00:04,4.156239699979778,0.001385875191723834
Zheng DBSCAN,Ostovar,Composite_IOR_output_IOR,500,200.0,"[np.float64(938.7692307692307), np.float64(1939.3846153846155)]","[999, 1999]",1.0,59.923076923076906,00:00:04,4.156239699979778,0.001385875191723834
Zheng DBSCAN,Ostovar,Composite_IOR_output_IOR,500,250.0,"[np.float64(938.7692307692307), np.float64(1939.3846153846155)]","[999, 1999]",1.0,59.923076923076906,00:00:04,4.156239699979778,0.001385875191723834
Zheng DBSCAN,Ostovar,Composite_RIO_output_RIO_5,600,60.0,[np.float64(1482.2252311756936)],"[999, 1999]",,,00:00:06,6.202360199997202,0.0020681427809260424
Zheng DBSCAN,Ostovar,Composite_RIO_output_RIO_5,600,120.0,[np.float64(1482.2252311756936)],"[999, 1999]",,,00:00:06,6.202360199997202,0.0020681427809260424
Zheng DBSCAN,Ostovar,Composite_RIO_output_RIO_5,600,180.0,[np.float64(1482.2252311756936)],"[999, 1999]",,,00:00:06,6.202360199997202,0.0020681427809260424
Zheng DBSCAN,Ostovar,Composite_RIO_output_RIO_5,600,240.0,[np.float64(1482.2252311756936)],"[999, 1999]",,,00:00:06,6.202360199997202,0.0020681427809260424
Zheng DBSCAN,Ostovar,Composite_RIO_output_RIO_5,600,300.0,[np.float64(1482.2252311756936)],"[999, 1999]",,,00:00:06,6.202360199997202,0.0020681427809260424
Zheng DBSCAN,Ostovar,Composite_ORI_output_ORI_5,500,50.0,[np.float64(1518.487819025522)],"[999, 1999]",,,00:00:06,6.304193699994357,0.0021020985995312963
Zheng DBSCAN,Ostovar,Composite_ORI_output_ORI_5,500,100.0,[np.float64(1518.487819025522)],"[999, 1999]",,,00:00:06,6.304193699994357,0.0021020985995312963
Zheng DBSCAN,Ostovar,Composite_ORI_output_ORI_5,500,150.0,[np.float64(1518.487819025522)],"[999, 1999]",,,00:00:06,6.304193699994357,0.0021020985995312963
Zheng DBSCAN,Ostovar,Composite_ORI_output_ORI_5,500,200.0,[np.float64(1518.487819025522)],"[999, 1999]",,,00:00:06,6.304193699994357,0.0021020985995312963
Zheng DBSCAN,Ostovar,Composite_ORI_output_ORI_5,500,250.0,[np.float64(1518.487819025522)],"[999, 1999]",,,00:00:06,6.304193699994357,0.0021020985995312963
Zheng DBSCAN,Ceravolo,sudden_trace_noise15_1000_re,400,40.0,[np.float64(447.5)],[499],1.0,51.5,00:00:00,0.18830950002302416,0.00018830950002302415
Zheng DBSCAN,Ceravolo,sudden_trace_noise15_1000_re,400,80.0,[np.float64(447.5)],[499],1.0,51.5,00:00:00,0.18830950002302416,0.00018830950002302415
Zheng DBSCAN,Ceravolo,sudden_trace_noise15_1000_re,400,120.0,[np.float64(447.5)],[499],1.0,51.5,00:00:00,0.18830950002302416,0.00018830950002302415
Zheng DBSCAN,Ceravolo,sudden_trace_noise15_1000_re,400,160.0,[np.float64(447.5)],[499],1.0,51.5,00:00:00,0.18830950002302416,0.00018830950002302415
Zheng DBSCAN,Ceravolo,sudden_trace_noise15_1000_re,400,200.0,[np.float64(447.5)],[499],1.0,51.5,00:00:00,0.18830950002302416,0.00018830950002302415
Zheng DBSCAN,AdditionalLogs,gradual_drift_03,400,40.0,"[np.float64(495.1666666666667), np.float64(689.0), np.float64(929.48), np.float64(1175.75), np.float64(1390.0)]","[500, 1000]",0.5714285714285715,37.67666666666665,00:00:00,0.3690950000018347,0.00026363928571559623
Zheng DBSCAN,AdditionalLogs,gradual_drift_03,400,80.0,"[np.float64(479.05), np.float64(689.0), np.float64(963.448275862069), np.float64(1390.0)]","[500, 1000]",0.6666666666666666,28.750862068965517,00:00:00,0.3690950000018347,0.00026363928571559623
Zheng DBSCAN,AdditionalLogs,gradual_drift_03,400,120.0,"[np.float64(764.2), np.float64(1390.0)]","[500, 1000]",,,00:00:00,0.3690950000018347,0.00026363928571559623
Zheng DBSCAN,AdditionalLogs,gradual_drift_03,400,160.0,"[np.float64(764.2), np.float64(1390.0)]","[500, 1000]",,,00:00:00,0.3690950000018347,0.00026363928571559623
Zheng DBSCAN,AdditionalLogs,gradual_drift_03,400,200.0,"[np.float64(740.0), np.float64(1390.0)]","[500, 1000]",,,00:00:00,0.3690950000018347,0.00026363928571559623
Zheng DBSCAN,AdditionalLogs,recurring_drift_02,400,40.0,"[np.float64(755.6460176991151), np.float64(1182.0), np.float64(1269.5), np.float64(1379.0), np.float64(1433.0)]","[500, 1000]",0.28571428571428575,182.0,00:00:00,0.5611656999972183,0.00037411046666481224
Zheng DBSCAN,AdditionalLogs,recurring_drift_02,400,80.0,"[np.float64(786.7272727272727), np.float64(1406.0)]","[500, 1000]",,,00:00:00,0.5611656999972183,0.00037411046666481224
Zheng DBSCAN,AdditionalLogs,recurring_drift_02,400,120.0,[np.float64(789.376)],"[500, 1000]",,,00:00:00,0.5611656999972183,0.00037411046666481224
Zheng DBSCAN,AdditionalLogs,recurring_drift_02,400,160.0,[np.float64(789.376)],"[500, 1000]",,,00:00:00,0.5611656999972183,0.00037411046666481224
Zheng DBSCAN,AdditionalLogs,recurring_drift_02,400,200.0,[np.float64(758.7328244274809)],"[500, 1000]",,,00:00:00,0.5611656999972183,0.00037411046666481224
Zheng DBSCAN,Ceravolo,sudden_trace_noise5_1000_IRO,800,80.0,[],[499],,,00:00:00,0.22370689999661408,0.00022370689999661407
Zheng DBSCAN,Ceravolo,sudden_trace_noise5_1000_IRO,800,160.0,[],[499],,,00:00:00,0.22370689999661408,0.00022370689999661407
Zheng DBSCAN,Ceravolo,sudden_trace_noise5_1000_IRO,800,240.0,[],[499],,,00:00:00,0.22370689999661408,0.00022370689999661407
Zheng DBSCAN,Ceravolo,sudden_trace_noise5_1000_IRO,800,320.0,[],[499],,,00:00:00,0.22370689999661408,0.00022370689999661407
Zheng DBSCAN,Ceravolo,sudden_trace_noise5_1000_IRO,800,400.0,[],[499],,,00:00:00,0.22370689999661408,0.00022370689999661407
Zheng DBSCAN,Ceravolo,sudden_trace_noise10_1000_lp,300,30.0,[np.float64(448.0)],[499],1.0,51.0,00:00:00,0.22064929999760352,0.0002206492999976035
Zheng DBSCAN,Ceravolo,sudden_trace_noise10_1000_lp,300,60.0,[np.float64(448.0)],[499],1.0,51.0,00:00:00,0.22064929999760352,0.0002206492999976035
Zheng DBSCAN,Ceravolo,sudden_trace_noise10_1000_lp,300,90.0,[np.float64(448.0)],[499],1.0,51.0,00:00:00,0.22064929999760352,0.0002206492999976035
Zheng DBSCAN,Ceravolo,sudden_trace_noise10_1000_lp,300,120.0,[np.float64(448.0)],[499],1.0,51.0,00:00:00,0.22064929999760352,0.0002206492999976035
Zheng DBSCAN,Ceravolo,sudden_trace_noise10_1000_lp,300,150.0,[np.float64(448.0)],[499],1.0,51.0,00:00:00,0.22064929999760352,0.0002206492999976035
Zheng DBSCAN,Ceravolo,sudden_trace_noise0_1000_cd,800,80.0,[],[499],,,00:00:00,0.19434019998880103,0.00019434019998880103
Zheng DBSCAN,Ceravolo,sudden_trace_noise0_1000_cd,800,160.0,[],[499],,,00:00:00,0.19434019998880103,0.00019434019998880103
Zheng DBSCAN,Ceravolo,sudden_trace_noise0_1000_cd,800,240.0,[],[499],,,00:00:00,0.19434019998880103,0.00019434019998880103
Zheng DBSCAN,Ceravolo,sudden_trace_noise0_1000_cd,800,320.0,[],[499],,,00:00:00,0.19434019998880103,0.00019434019998880103
Zheng DBSCAN,Ceravolo,sudden_trace_noise0_1000_cd,800,400.0,[],[499],,,00:00:00,0.19434019998880103,0.00019434019998880103
Zheng DBSCAN,AdditionalLogs,gradual_drift_02,800,80.0,"[np.float64(1035.25), np.float64(1332.5)]","[500, 1000]",0.5,35.25,00:00:00,0.4588813000009395,0.00032777235714352823
Zheng DBSCAN,AdditionalLogs,gradual_drift_02,800,160.0,[np.float64(1055.0666666666666)],"[500, 1000]",0.6666666666666666,55.066666666666606,00:00:00,0.4588813000009395,0.00032777235714352823
Zheng DBSCAN,AdditionalLogs,gradual_drift_02,800,240.0,[np.float64(1055.0666666666666)],"[500, 1000]",0.6666666666666666,55.066666666666606,00:00:00,0.4588813000009395,0.00032777235714352823
Zheng DBSCAN,AdditionalLogs,gradual_drift_02,800,320.0,[np.float64(1055.0666666666666)],"[500, 1000]",0.6666666666666666,55.066666666666606,00:00:00,0.4588813000009395,0.00032777235714352823
Zheng DBSCAN,AdditionalLogs,gradual_drift_02,800,400.0,[np.float64(817.695652173913)],"[500, 1000]",0.6666666666666666,182.304347826087,00:00:00,0.4588813000009395,0.00032777235714352823
Zheng DBSCAN,Ceravolo,sudden_trace_noise10_1000_ROI,500,50.0,[],[499],,,00:00:00,0.18613809999078512,0.00018613809999078513
Zheng DBSCAN,Ceravolo,sudden_trace_noise10_1000_ROI,500,100.0,[],[499],,,00:00:00,0.18613809999078512,0.00018613809999078513
Zheng DBSCAN,Ceravolo,sudden_trace_noise10_1000_ROI,500,150.0,[],[499],,,00:00:00,0.18613809999078512,0.00018613809999078513
Zheng DBSCAN,Ceravolo,sudden_trace_noise10_1000_ROI,500,200.0,[],[499],,,00:00:00,0.18613809999078512,0.00018613809999078513
Zheng DBSCAN,Ceravolo,sudden_trace_noise10_1000_ROI,500,250.0,[],[499],,,00:00:00,0.18613809999078512,0.00018613809999078513
Zheng DBSCAN,Ostovar,Atomic_Frequency_output_Frequency_2,300,30.0,[np.float64(1508.0383141762452)],"[999, 1999]",,,00:00:03,3.1565191999834497,0.0010525239079638045
Zheng DBSCAN,Ostovar,Atomic_Frequency_output_Frequency_2,300,60.0,[np.float64(1508.0383141762452)],"[999, 1999]",,,00:00:03,3.1565191999834497,0.0010525239079638045
Zheng DBSCAN,Ostovar,Atomic_Frequency_output_Frequency_2,300,90.0,[np.float64(1508.0383141762452)],"[999, 1999]",,,00:00:03,3.1565191999834497,0.0010525239079638045
Zheng DBSCAN,Ostovar,Atomic_Frequency_output_Frequency_2,300,120.0,[np.float64(1508.0383141762452)],"[999, 1999]",,,00:00:03,3.1565191999834497,0.0010525239079638045
Zheng DBSCAN,Ostovar,Atomic_Frequency_output_Frequency_2,300,150.0,[np.float64(1508.0383141762452)],"[999, 1999]",,,00:00:03,3.1565191999834497,0.0010525239079638045
Zheng DBSCAN,Ceravolo,sudden_trace_noise10_1000_cd,800,80.0,[],[499],,,00:00:00,0.19602050000685267,0.00019602050000685266
Zheng DBSCAN,Ceravolo,sudden_trace_noise10_1000_cd,800,160.0,[],[499],,,00:00:00,0.19602050000685267,0.00019602050000685266
Zheng DBSCAN,Ceravolo,sudden_trace_noise10_1000_cd,800,240.0,[],[499],,,00:00:00,0.19602050000685267,0.00019602050000685266
Zheng DBSCAN,Ceravolo,sudden_trace_noise10_1000_cd,800,320.0,[],[499],,,00:00:00,0.19602050000685267,0.00019602050000685266
Zheng DBSCAN,Ceravolo,sudden_trace_noise10_1000_cd,800,400.0,[],[499],,,00:00:00,0.19602050000685267,0.00019602050000685266
Zheng DBSCAN,Ostovar,Atomic_ParallelMove_output_ParallelMove_5,800,80.0,[np.float64(1487.217616580311)],"[999, 1999]",,,00:00:06,6.253618299990194,0.002085234511500565
Zheng DBSCAN,Ostovar,Atomic_ParallelMove_output_ParallelMove_5,800,160.0,[np.float64(1487.217616580311)],"[999, 1999]",,,00:00:06,6.253618299990194,0.002085234511500565
Zheng DBSCAN,Ostovar,Atomic_ParallelMove_output_ParallelMove_5,800,240.0,[np.float64(1487.217616580311)],"[999, 1999]",,,00:00:06,6.253618299990194,0.002085234511500565
Zheng DBSCAN,Ostovar,Atomic_ParallelMove_output_ParallelMove_5,800,320.0,[np.float64(1487.217616580311)],"[999, 1999]",,,00:00:06,6.253618299990194,0.002085234511500565
Zheng DBSCAN,Ostovar,Atomic_ParallelMove_output_ParallelMove_5,800,400.0,[np.float64(1487.217616580311)],"[999, 1999]",,,00:00:06,6.253618299990194,0.002085234511500565
Zheng DBSCAN,Ceravolo,sudden_trace_noise0_1000_RIO,600,60.0,[],[499],,,00:00:00,0.18804770000861026,0.00018804770000861026
Zheng DBSCAN,Ceravolo,sudden_trace_noise0_1000_RIO,600,120.0,[],[499],,,00:00:00,0.18804770000861026,0.00018804770000861026
Zheng DBSCAN,Ceravolo,sudden_trace_noise0_1000_RIO,600,180.0,[],[499],,,00:00:00,0.18804770000861026,0.00018804770000861026
Zheng DBSCAN,Ceravolo,sudden_trace_noise0_1000_RIO,600,240.0,[],[499],,,00:00:00,0.18804770000861026,0.00018804770000861026
Zheng DBSCAN,Ceravolo,sudden_trace_noise0_1000_RIO,600,300.0,[],[499],,,00:00:00,0.18804770000861026,0.00018804770000861026
Zheng DBSCAN,AdditionalLogs,sudden_drift_04,800,80.0,"[np.float64(849.0), np.float64(1024.5882352941176), np.float64(1492.0)]","[500, 1000]",0.4,24.588235294117567,00:00:00,0.608560499997111,0.000405706999998074
Zheng DBSCAN,AdditionalLogs,sudden_drift_04,800,160.0,"[np.float64(1014.8333333333334), np.float64(1492.0)]","[500, 1000]",0.5,14.833333333333371,00:00:00,0.608560499997111,0.000405706999998074
Zheng DBSCAN,AdditionalLogs,sudden_drift_04,800,240.0,"[np.float64(1014.8333333333334), np.float64(1492.0)]","[500, 1000]",0.5,14.833333333333371,00:00:00,0.608560499997111,0.000405706999998074
Zheng DBSCAN,AdditionalLogs,sudden_drift_04,800,320.0,"[np.float64(1014.8333333333334), np.float64(1492.0)]","[500, 1000]",0.5,14.833333333333371,00:00:00,0.608560499997111,0.000405706999998074
Zheng DBSCAN,AdditionalLogs,sudden_drift_04,800,400.0,[],"[500, 1000]",,,00:00:00,0.608560499997111,0.000405706999998074
Zheng DBSCAN,AdditionalLogs,gradual_drift_06,500,50.0,"[np.float64(570.0), np.float64(627.5), np.float64(728.0), np.float64(966.6470588235294), np.float64(1135.0), np.float64(1208.0), np.float64(1392.0)]","[500, 1000]",0.4444444444444445,51.676470588235304,00:00:00,0.7887394999852404,0.0005633853571323146
Zheng DBSCAN,AdditionalLogs,gradual_drift_06,500,100.0,"[np.float64(532.4444444444445), np.float64(966.6470588235294), np.float64(1183.6666666666667), np.float64(1392.0)]","[500, 1000]",0.6666666666666666,32.89869281045753,00:00:00,0.7887394999852404,0.0005633853571323146
Zheng DBSCAN,AdditionalLogs,gradual_drift_06,500,150.0,"[np.float64(532.4444444444445), np.float64(999.2), np.float64(1392.0)]","[500, 1000]",0.8,16.622222222222206,00:00:00,0.7887394999852404,0.0005633853571323146
Zheng DBSCAN,AdditionalLogs,gradual_drift_06,500,200.0,[np.float64(872.2666666666667)],"[500, 1000]",0.6666666666666666,127.73333333333335,00:00:00,0.7887394999852404,0.0005633853571323146
Zheng DBSCAN,AdditionalLogs,gradual_drift_06,500,250.0,[np.float64(802.0909090909091)],"[500, 1000]",0.6666666666666666,197.90909090909088,00:00:00,0.7887394999852404,0.0005633853571323146
Zheng DBSCAN,Ostovar,Nested_ORI_output_ORI_5,500,50.0,[np.float64(1504.4751570531125)],"[999, 1999]",,,00:00:06,6.347785799996927,0.0021166341447138803
Zheng DBSCAN,Ostovar,Nested_ORI_output_ORI_5,500,100.0,[np.float64(1504.4751570531125)],"[999, 1999]",,,00:00:06,6.347785799996927,0.0021166341447138803
Zheng DBSCAN,Ostovar,Nested_ORI_output_ORI_5,500,150.0,[np.float64(1504.4751570531125)],"[999, 1999]",,,00:00:06,6.347785799996927,0.0021166341447138803
Zheng DBSCAN,Ostovar,Nested_ORI_output_ORI_5,500,200.0,[np.float64(1504.4751570531125)],"[999, 1999]",,,00:00:06,6.347785799996927,0.0021166341447138803
Zheng DBSCAN,Ostovar,Nested_ORI_output_ORI_5,500,250.0,[np.float64(1504.4751570531125)],"[999, 1999]",,,00:00:06,6.347785799996927,0.0021166341447138803
Zheng DBSCAN,Ostovar,Nested_RIO_output_RIO,400,40.0,"[np.float64(885.5), np.float64(975.2), np.float64(1773.0), np.float64(1910.2608695652175)]","[999, 1999]",0.6666666666666666,56.26956521739123,00:00:05,5.634146800002782,0.0018786751583870563
Zheng DBSCAN,Ostovar,Nested_RIO_output_RIO,400,80.0,"[np.float64(968.5555555555555), np.float64(1773.0), np.float64(1910.2608695652175)]","[999, 1999]",0.8,59.59178743961348,00:00:05,5.634146800002782,0.0018786751583870563
Zheng DBSCAN,Ostovar,Nested_RIO_output_RIO,400,120.0,"[np.float64(968.5555555555555), np.float64(1904.5416666666667)]","[999, 1999]",1.0,62.45138888888886,00:00:05,5.634146800002782,0.0018786751583870563
Zheng DBSCAN,Ostovar,Nested_RIO_output_RIO,400,160.0,"[np.float64(968.5555555555555), np.float64(1904.5416666666667)]","[999, 1999]",1.0,62.45138888888886,00:00:05,5.634146800002782,0.0018786751583870563
Zheng DBSCAN,Ostovar,Nested_RIO_output_RIO,400,200.0,"[np.float64(968.5555555555555), np.float64(1904.5416666666667)]","[999, 1999]",1.0,62.45138888888886,00:00:05,5.634146800002782,0.0018786751583870563
Zheng DBSCAN,Ostovar,Composite_RIO_output_RIO_2,700,70.0,[np.float64(1500.6819787985867)],"[999, 1999]",,,00:00:05,5.669908199983183,0.0018905995998610148
Zheng DBSCAN,Ostovar,Composite_RIO_output_RIO_2,700,140.0,[np.float64(1500.6819787985867)],"[999, 1999]",,,00:00:05,5.669908199983183,0.0018905995998610148
Zheng DBSCAN,Ostovar,Composite_RIO_output_RIO_2,700,210.0,[np.float64(1500.6819787985867)],"[999, 1999]",,,00:00:05,5.669908199983183,0.0018905995998610148
Zheng DBSCAN,Ostovar,Composite_RIO_output_RIO_2,700,280.0,[np.float64(1500.6819787985867)],"[999, 1999]",,,00:00:05,5.669908199983183,0.0018905995998610148
Zheng DBSCAN,Ostovar,Composite_RIO_output_RIO_2,700,350.0,[np.float64(1500.6819787985867)],"[999, 1999]",,,00:00:05,5.669908199983183,0.0018905995998610148
Zheng DBSCAN,Ceravolo,sudden_trace_noise10_1000_OIR,400,40.0,[np.float64(448.0)],[499],1.0,51.0,00:00:00,0.2580874999985099,0.0002580874999985099
Zheng DBSCAN,Ceravolo,sudden_trace_noise10_1000_OIR,400,80.0,[np.float64(448.0)],[499],1.0,51.0,00:00:00,0.2580874999985099,0.0002580874999985099
Zheng DBSCAN,Ceravolo,sudden_trace_noise10_1000_OIR,400,120.0,[np.float64(448.0)],[499],1.0,51.0,00:00:00,0.2580874999985099,0.0002580874999985099
Zheng DBSCAN,Ceravolo,sudden_trace_noise10_1000_OIR,400,160.0,[np.float64(448.0)],[499],1.0,51.0,00:00:00,0.2580874999985099,0.0002580874999985099
Zheng DBSCAN,Ceravolo,sudden_trace_noise10_1000_OIR,400,200.0,[np.float64(448.0)],[499],1.0,51.0,00:00:00,0.2580874999985099,0.0002580874999985099
Zheng DBSCAN,Ostovar,Atomic_Loop_output_Loop_5,500,50.0,[np.float64(1514.3544386422977)],"[999, 1999]",,,00:00:04,4.676708699989831,0.001559422707565799
Zheng DBSCAN,Ostovar,Atomic_Loop_output_Loop_5,500,100.0,[np.float64(1514.3544386422977)],"[999, 1999]",,,00:00:04,4.676708699989831,0.001559422707565799
Zheng DBSCAN,Ostovar,Atomic_Loop_output_Loop_5,500,150.0,[np.float64(1514.3544386422977)],"[999, 1999]",,,00:00:04,4.676708699989831,0.001559422707565799
Zheng DBSCAN,Ostovar,Atomic_Loop_output_Loop_5,500,200.0,[np.float64(1514.3544386422977)],"[999, 1999]",,,00:00:04,4.676708699989831,0.001559422707565799
Zheng DBSCAN,Ostovar,Atomic_Loop_output_Loop_5,500,250.0,[np.float64(1514.3544386422977)],"[999, 1999]",,,00:00:04,4.676708699989831,0.001559422707565799
Zheng DBSCAN,Ceravolo,sudden_trace_noise20_1000_re,700,70.0,[],[499],,,00:00:00,0.19899820000864565,0.00019899820000864567
Zheng DBSCAN,Ceravolo,sudden_trace_noise20_1000_re,700,140.0,[],[499],,,00:00:00,0.19899820000864565,0.00019899820000864567
Zheng DBSCAN,Ceravolo,sudden_trace_noise20_1000_re,700,210.0,[],[499],,,00:00:00,0.19899820000864565,0.00019899820000864567
Zheng DBSCAN,Ceravolo,sudden_trace_noise20_1000_re,700,280.0,[],[499],,,00:00:00,0.19899820000864565,0.00019899820000864567
Zheng DBSCAN,Ceravolo,sudden_trace_noise20_1000_re,700,350.0,[],[499],,,00:00:00,0.19899820000864565,0.00019899820000864567
Zheng DBSCAN,Ceravolo,sudden_trace_noise15_1000_lp,800,80.0,[],[499],,,00:00:00,0.20878839999204502,0.00020878839999204503
Zheng DBSCAN,Ceravolo,sudden_trace_noise15_1000_lp,800,160.0,[],[499],,,00:00:00,0.20878839999204502,0.00020878839999204503
Zheng DBSCAN,Ceravolo,sudden_trace_noise15_1000_lp,800,240.0,[],[499],,,00:00:00,0.20878839999204502,0.00020878839999204503
Zheng DBSCAN,Ceravolo,sudden_trace_noise15_1000_lp,800,320.0,[],[499],,,00:00:00,0.20878839999204502,0.00020878839999204503
Zheng DBSCAN,Ceravolo,sudden_trace_noise15_1000_lp,800,400.0,[],[499],,,00:00:00,0.20878839999204502,0.00020878839999204503
Zheng DBSCAN,AdditionalLogs,sudden_drift_07,600,60.0,"[np.float64(913.0), np.float64(1033.4285714285713), np.float64(1324.0)]","[500, 1000]",0.4,33.42857142857133,00:00:00,0.3311971000221092,0.00022079806668140616
Zheng DBSCAN,AdditionalLogs,sudden_drift_07,600,120.0,"[np.float64(1018.375), np.float64(1324.0)]","[500, 1000]",0.5,18.375,00:00:00,0.3311971000221092,0.00022079806668140616
Zheng DBSCAN,AdditionalLogs,sudden_drift_07,600,180.0,"[np.float64(1018.375), np.float64(1324.0)]","[500, 1000]",0.5,18.375,00:00:00,0.3311971000221092,0.00022079806668140616
Zheng DBSCAN,AdditionalLogs,sudden_drift_07,600,240.0,"[np.float64(1018.375), np.float64(1324.0)]","[500, 1000]",0.5,18.375,00:00:00,0.3311971000221092,0.00022079806668140616
Zheng DBSCAN,AdditionalLogs,sudden_drift_07,600,300.0,[np.float64(1052.3333333333333)],"[500, 1000]",0.6666666666666666,52.33333333333326,00:00:00,0.3311971000221092,0.00022079806668140616
Zheng DBSCAN,Ceravolo,sudden_trace_noise5_1000_cb,500,50.0,[],[499],,,00:00:00,0.20264820000738837,0.00020264820000738838
Zheng DBSCAN,Ceravolo,sudden_trace_noise5_1000_cb,500,100.0,[],[499],,,00:00:00,0.20264820000738837,0.00020264820000738838
Zheng DBSCAN,Ceravolo,sudden_trace_noise5_1000_cb,500,150.0,[],[499],,,00:00:00,0.20264820000738837,0.00020264820000738838
Zheng DBSCAN,Ceravolo,sudden_trace_noise5_1000_cb,500,200.0,[],[499],,,00:00:00,0.20264820000738837,0.00020264820000738838
Zheng DBSCAN,Ceravolo,sudden_trace_noise5_1000_cb,500,250.0,[],[499],,,00:00:00,0.20264820000738837,0.00020264820000738838
Zheng DBSCAN,Ostovar,Composite_ROI_output_ROI,700,70.0,"[np.float64(940.25), np.float64(1936.6923076923076)]","[999, 1999]",1.0,60.52884615384619,00:00:04,4.613665599987144,0.0015384013337736392
Zheng DBSCAN,Ostovar,Composite_ROI_output_ROI,700,140.0,"[np.float64(940.25), np.float64(1936.6923076923076)]","[999, 1999]",1.0,60.52884615384619,00:00:04,4.613665599987144,0.0015384013337736392
Zheng DBSCAN,Ostovar,Composite_ROI_output_ROI,700,210.0,"[np.float64(940.25), np.float64(1936.6923076923076)]","[999, 1999]",1.0,60.52884615384619,00:00:04,4.613665599987144,0.0015384013337736392
Zheng DBSCAN,Ostovar,Composite_ROI_output_ROI,700,280.0,"[np.float64(940.25), np.float64(1936.6923076923076)]","[999, 1999]",1.0,60.52884615384619,00:00:04,4.613665599987144,0.0015384013337736392
Zheng DBSCAN,Ostovar,Composite_ROI_output_ROI,700,350.0,"[np.float64(940.25), np.float64(1936.6923076923076)]","[999, 1999]",1.0,60.52884615384619,00:00:04,4.613665599987144,0.0015384013337736392
Zheng DBSCAN,Ceravolo,sudden_trace_noise5_1000_cf,800,80.0,[],[499],,,00:00:00,0.208626000006916,0.000208626000006916
Zheng DBSCAN,Ceravolo,sudden_trace_noise5_1000_cf,800,160.0,[],[499],,,00:00:00,0.208626000006916,0.000208626000006916
Zheng DBSCAN,Ceravolo,sudden_trace_noise5_1000_cf,800,240.0,[],[499],,,00:00:00,0.208626000006916,0.000208626000006916
Zheng DBSCAN,Ceravolo,sudden_trace_noise5_1000_cf,800,320.0,[],[499],,,00:00:00,0.208626000006916,0.000208626000006916
Zheng DBSCAN,Ceravolo,sudden_trace_noise5_1000_cf,800,400.0,[],[499],,,00:00:00,0.208626000006916,0.000208626000006916
Zheng DBSCAN,Ostovar,Nested_OIR_output_OIR_5,300,30.0,[np.float64(1493.9983836206898)],"[999, 1999]",,,00:00:05,5.911975299997721,0.0019713155385120778
Zheng DBSCAN,Ostovar,Nested_OIR_output_OIR_5,300,60.0,[np.float64(1493.9983836206898)],"[999, 1999]",,,00:00:05,5.911975299997721,0.0019713155385120778
Zheng DBSCAN,Ostovar,Nested_OIR_output_OIR_5,300,90.0,[np.float64(1493.9983836206898)],"[999, 1999]",,,00:00:05,5.911975299997721,0.0019713155385120778
Zheng DBSCAN,Ostovar,Nested_OIR_output_OIR_5,300,120.0,[np.float64(1493.9983836206898)],"[999, 1999]",,,00:00:05,5.911975299997721,0.0019713155385120778
Zheng DBSCAN,Ostovar,Nested_OIR_output_OIR_5,300,150.0,[np.float64(1493.9983836206898)],"[999, 1999]",,,00:00:05,5.911975299997721,0.0019713155385120778
Zheng DBSCAN,Ostovar,Composite_ROI_output_ROI_2,700,70.0,[np.float64(1488.203237410072)],"[999, 1999]",,,00:00:05,5.729683500016108,0.0019105313437866316
Zheng DBSCAN,Ostovar,Composite_ROI_output_ROI_2,700,140.0,[np.float64(1488.203237410072)],"[999, 1999]",,,00:00:05,5.729683500016108,0.0019105313437866316
Zheng DBSCAN,Ostovar,Composite_ROI_output_ROI_2,700,210.0,[np.float64(1488.203237410072)],"[999, 1999]",,,00:00:05,5.729683500016108,0.0019105313437866316
Zheng DBSCAN,Ostovar,Composite_ROI_output_ROI_2,700,280.0,[np.float64(1488.203237410072)],"[999, 1999]",,,00:00:05,5.729683500016108,0.0019105313437866316
Zheng DBSCAN,Ostovar,Composite_ROI_output_ROI_2,700,350.0,[np.float64(1488.203237410072)],"[999, 1999]",,,00:00:05,5.729683500016108,0.0019105313437866316
Zheng DBSCAN,Ostovar,Atomic_ConditionalRemoval_output_ConditionalRemoval,700,70.0,"[np.float64(931.5), np.float64(1943.0)]","[999, 1999]",1.0,61.75,00:00:03,3.9511295999982394,0.001317482360786342
Zheng DBSCAN,Ostovar,Atomic_ConditionalRemoval_output_ConditionalRemoval,700,140.0,"[np.float64(931.5), np.float64(1943.0)]","[999, 1999]",1.0,61.75,00:00:03,3.9511295999982394,0.001317482360786342
Zheng DBSCAN,Ostovar,Atomic_ConditionalRemoval_output_ConditionalRemoval,700,210.0,"[np.float64(931.5), np.float64(1943.0)]","[999, 1999]",1.0,61.75,00:00:03,3.9511295999982394,0.001317482360786342
Zheng DBSCAN,Ostovar,Atomic_ConditionalRemoval_output_ConditionalRemoval,700,280.0,"[np.float64(931.5), np.float64(1943.0)]","[999, 1999]",1.0,61.75,00:00:03,3.9511295999982394,0.001317482360786342
Zheng DBSCAN,Ostovar,Atomic_ConditionalRemoval_output_ConditionalRemoval,700,350.0,"[np.float64(931.5), np.float64(1943.0)]","[999, 1999]",1.0,61.75,00:00:03,3.9511295999982394,0.001317482360786342
Zheng DBSCAN,Ceravolo,sudden_trace_noise0_1000_cd,500,50.0,[],[499],,,00:00:00,0.17453450002358295,0.00017453450002358296
Zheng DBSCAN,Ceravolo,sudden_trace_noise0_1000_cd,500,100.0,[],[499],,,00:00:00,0.17453450002358295,0.00017453450002358296
Zheng DBSCAN,Ceravolo,sudden_trace_noise0_1000_cd,500,150.0,[],[499],,,00:00:00,0.17453450002358295,0.00017453450002358296
Zheng DBSCAN,Ceravolo,sudden_trace_noise0_1000_cd,500,200.0,[],[499],,,00:00:00,0.17453450002358295,0.00017453450002358296
Zheng DBSCAN,Ceravolo,sudden_trace_noise0_1000_cd,500,250.0,[],[499],,,00:00:00,0.17453450002358295,0.00017453450002358296
Zheng DBSCAN,Ostovar,Nested_RIO_output_RIO_5,500,50.0,[np.float64(1500.2268811028146)],"[999, 1999]",,,00:00:06,6.7378210999886505,0.0022466892630839115
Zheng DBSCAN,Ostovar,Nested_RIO_output_RIO_5,500,100.0,[np.float64(1500.2268811028146)],"[999, 1999]",,,00:00:06,6.7378210999886505,0.0022466892630839115
Zheng DBSCAN,Ostovar,Nested_RIO_output_RIO_5,500,150.0,[np.float64(1500.2268811028146)],"[999, 1999]",,,00:00:06,6.7378210999886505,0.0022466892630839115
Zheng DBSCAN,Ostovar,Nested_RIO_output_RIO_5,500,200.0,[np.float64(1500.2268811028146)],"[999, 1999]",,,00:00:06,6.7378210999886505,0.0022466892630839115
Zheng DBSCAN,Ostovar,Nested_RIO_output_RIO_5,500,250.0,[np.float64(1500.2268811028146)],"[999, 1999]",,,00:00:06,6.7378210999886505,0.0022466892630839115
Zheng DBSCAN,Ceravolo,sudden_trace_noise5_1000_pl,400,40.0,[],[499],,,00:00:00,0.1922340000164695,0.00019223400001646952
Zheng DBSCAN,Ceravolo,sudden_trace_noise5_1000_pl,400,80.0,[],[499],,,00:00:00,0.1922340000164695,0.00019223400001646952
Zheng DBSCAN,Ceravolo,sudden_trace_noise5_1000_pl,400,120.0,[],[499],,,00:00:00,0.1922340000164695,0.00019223400001646952
Zheng DBSCAN,Ceravolo,sudden_trace_noise5_1000_pl,400,160.0,[],[499],,,00:00:00,0.1922340000164695,0.00019223400001646952
Zheng DBSCAN,Ceravolo,sudden_trace_noise5_1000_pl,400,200.0,[],[499],,,00:00:00,0.1922340000164695,0.00019223400001646952
Zheng DBSCAN,Ceravolo,sudden_trace_noise20_1000_lp,300,30.0,[np.float64(448.0)],[499],1.0,51.0,00:00:00,0.2195357000164222,0.0002195357000164222
Zheng DBSCAN,Ceravolo,sudden_trace_noise20_1000_lp,300,60.0,[np.float64(448.0)],[499],1.0,51.0,00:00:00,0.2195357000164222,0.0002195357000164222
Zheng DBSCAN,Ceravolo,sudden_trace_noise20_1000_lp,300,90.0,[np.float64(448.0)],[499],1.0,51.0,00:00:00,0.2195357000164222,0.0002195357000164222
Zheng DBSCAN,Ceravolo,sudden_trace_noise20_1000_lp,300,120.0,[np.float64(448.0)],[499],1.0,51.0,00:00:00,0.2195357000164222,0.0002195357000164222
Zheng DBSCAN,Ceravolo,sudden_trace_noise20_1000_lp,300,150.0,[np.float64(448.0)],[499],1.0,51.0,00:00:00,0.2195357000164222,0.0002195357000164222
Zheng DBSCAN,Ceravolo,sudden_trace_noise20_1000_cd,500,50.0,[],[499],,,00:00:00,0.18641049999860115,0.00018641049999860114
Zheng DBSCAN,Ceravolo,sudden_trace_noise20_1000_cd,500,100.0,[],[499],,,00:00:00,0.18641049999860115,0.00018641049999860114
Zheng DBSCAN,Ceravolo,sudden_trace_noise20_1000_cd,500,150.0,[],[499],,,00:00:00,0.18641049999860115,0.00018641049999860114
Zheng DBSCAN,Ceravolo,sudden_trace_noise20_1000_cd,500,200.0,[],[499],,,00:00:00,0.18641049999860115,0.00018641049999860114
Zheng DBSCAN,Ceravolo,sudden_trace_noise20_1000_cd,500,250.0,[],[499],,,00:00:00,0.18641049999860115,0.00018641049999860114
Zheng DBSCAN,AdditionalLogs,sudden_drift_01,400,40.0,"[np.float64(497.27777777777777), np.float64(620.6666666666666), np.float64(789.0), np.float64(912.6666666666666), np.float64(1007.3333333333334), np.float64(1115.0), np.float64(1254.0), np.float64(1345.5)]","[500, 1000]",0.4,5.0277777777778,00:00:00,0.46499850001418963,0.00030999900000945976
Zheng DBSCAN,AdditionalLogs,sudden_drift_01,400,80.0,"[np.float64(467.18518518518516), np.float64(789.0), np.float64(975.7777777777778), np.float64(1115.0), np.float64(1254.0), np.float64(1345.5)]","[500, 1000]",0.5,28.518518518518505,00:00:00,0.46499850001418963,0.00030999900000945976
Zheng DBSCAN,AdditionalLogs,sudden_drift_01,400,120.0,"[np.float64(467.18518518518516), np.float64(943.3846153846154), np.float64(1315.0)]","[500, 1000]",0.8,44.71509971509974,00:00:00,0.46499850001418963,0.00030999900000945976
Zheng DBSCAN,AdditionalLogs,sudden_drift_01,400,160.0,[np.float64(656.0)],"[500, 1000]",0.6666666666666666,156.0,00:00:00,0.46499850001418963,0.00030999900000945976
Zheng DBSCAN,AdditionalLogs,sudden_drift_01,400,200.0,[np.float64(656.0)],"[500, 1000]",0.6666666666666666,156.0,00:00:00,0.46499850001418963,0.00030999900000945976
Zheng DBSCAN,Ostovar,Nested_RIO_output_RIO,600,60.0,"[np.float64(968.5555555555555), np.float64(1773.0), np.float64(1910.2608695652175)]","[999, 1999]",0.8,59.59178743961348,00:00:05,5.4761082000040915,0.001825978059354482
Zheng DBSCAN,Ostovar,Nested_RIO_output_RIO,600,120.0,"[np.float64(968.5555555555555), np.float64(1904.5416666666667)]","[999, 1999]",1.0,62.45138888888886,00:00:05,5.4761082000040915,0.001825978059354482
Zheng DBSCAN,Ostovar,Nested_RIO_output_RIO,600,180.0,"[np.float64(968.5555555555555), np.float64(1904.5416666666667)]","[999, 1999]",1.0,62.45138888888886,00:00:05,5.4761082000040915,0.001825978059354482
Zheng DBSCAN,Ostovar,Nested_RIO_output_RIO,600,240.0,"[np.float64(968.5555555555555), np.float64(1904.5416666666667)]","[999, 1999]",1.0,62.45138888888886,00:00:05,5.4761082000040915,0.001825978059354482
Zheng DBSCAN,Ostovar,Nested_RIO_output_RIO,600,300.0,"[np.float64(968.5555555555555), np.float64(1904.5416666666667)]","[999, 1999]",1.0,62.45138888888886,00:00:05,5.4761082000040915,0.001825978059354482
Zheng DBSCAN,Ceravolo,sudden_trace_noise0_1000_re,700,70.0,[],[499],,,00:00:00,0.1877764999808278,0.0001877764999808278
Zheng DBSCAN,Ceravolo,sudden_trace_noise0_1000_re,700,140.0,[],[499],,,00:00:00,0.1877764999808278,0.0001877764999808278
Zheng DBSCAN,Ceravolo,sudden_trace_noise0_1000_re,700,210.0,[],[499],,,00:00:00,0.1877764999808278,0.0001877764999808278
Zheng DBSCAN,Ceravolo,sudden_trace_noise0_1000_re,700,280.0,[],[499],,,00:00:00,0.1877764999808278,0.0001877764999808278
Zheng DBSCAN,Ceravolo,sudden_trace_noise0_1000_re,700,350.0,[],[499],,,00:00:00,0.1877764999808278,0.0001877764999808278
Zheng DBSCAN,Ceravolo,sudden_trace_noise15_1000_IOR,600,60.0,[],[499],,,00:00:00,0.22288869999465533,0.00022288869999465534
Zheng DBSCAN,Ceravolo,sudden_trace_noise15_1000_IOR,600,120.0,[],[499],,,00:00:00,0.22288869999465533,0.00022288869999465534
Zheng DBSCAN,Ceravolo,sudden_trace_noise15_1000_IOR,600,180.0,[],[499],,,00:00:00,0.22288869999465533,0.00022288869999465534
Zheng DBSCAN,Ceravolo,sudden_trace_noise15_1000_IOR,600,240.0,[],[499],,,00:00:00,0.22288869999465533,0.00022288869999465534
Zheng DBSCAN,Ceravolo,sudden_trace_noise15_1000_IOR,600,300.0,[],[499],,,00:00:00,0.22288869999465533,0.00022288869999465534
Zheng DBSCAN,Ostovar,Atomic_ConditionalMove_output_ConditionalMove_2,500,50.0,[np.float64(1507.2263279445729)],"[999, 1999]",,,00:00:05,5.738733899983345,0.0019135491497110186
Zheng DBSCAN,Ostovar,Atomic_ConditionalMove_output_ConditionalMove_2,500,100.0,[np.float64(1507.2263279445729)],"[999, 1999]",,,00:00:05,5.738733899983345,0.0019135491497110186
Zheng DBSCAN,Ostovar,Atomic_ConditionalMove_output_ConditionalMove_2,500,150.0,[np.float64(1507.2263279445729)],"[999, 1999]",,,00:00:05,5.738733899983345,0.0019135491497110186
Zheng DBSCAN,Ostovar,Atomic_ConditionalMove_output_ConditionalMove_2,500,200.0,[np.float64(1507.2263279445729)],"[999, 1999]",,,00:00:05,5.738733899983345,0.0019135491497110186
Zheng DBSCAN,Ostovar,Atomic_ConditionalMove_output_ConditionalMove_2,500,250.0,[np.float64(1507.2263279445729)],"[999, 1999]",,,00:00:05,5.738733899983345,0.0019135491497110186
Zheng DBSCAN,Ceravolo,sudden_trace_noise20_1000_IRO,700,70.0,[],[499],,,00:00:00,0.23215629998594522,0.00023215629998594523
Zheng DBSCAN,Ceravolo,sudden_trace_noise20_1000_IRO,700,140.0,[],[499],,,00:00:00,0.23215629998594522,0.00023215629998594523
Zheng DBSCAN,Ceravolo,sudden_trace_noise20_1000_IRO,700,210.0,[],[499],,,00:00:00,0.23215629998594522,0.00023215629998594523
Zheng DBSCAN,Ceravolo,sudden_trace_noise20_1000_IRO,700,280.0,[],[499],,,00:00:00,0.23215629998594522,0.00023215629998594523
Zheng DBSCAN,Ceravolo,sudden_trace_noise20_1000_IRO,700,350.0,[],[499],,,00:00:00,0.23215629998594522,0.00023215629998594523
Zheng DBSCAN,Ostovar,Atomic_ConditionalMove_output_ConditionalMove_2,400,40.0,[np.float64(1511.2466047176554)],"[999, 1999]",,,00:00:05,5.518860400014091,0.001840233544519537
Zheng DBSCAN,Ostovar,Atomic_ConditionalMove_output_ConditionalMove_2,400,80.0,[np.float64(1511.2466047176554)],"[999, 1999]",,,00:00:05,5.518860400014091,0.001840233544519537
Zheng DBSCAN,Ostovar,Atomic_ConditionalMove_output_ConditionalMove_2,400,120.0,[np.float64(1511.2466047176554)],"[999, 1999]",,,00:00:05,5.518860400014091,0.001840233544519537
Zheng DBSCAN,Ostovar,Atomic_ConditionalMove_output_ConditionalMove_2,400,160.0,[np.float64(1511.2466047176554)],"[999, 1999]",,,00:00:05,5.518860400014091,0.001840233544519537
Zheng DBSCAN,Ostovar,Atomic_ConditionalMove_output_ConditionalMove_2,400,200.0,[np.float64(1511.2466047176554)],"[999, 1999]",,,00:00:05,5.518860400014091,0.001840233544519537
Zheng DBSCAN,Ostovar,Atomic_Frequency_output_Frequency_2,800,80.0,[np.float64(1499.9579439252336)],"[999, 1999]",,,00:00:02,2.7233668999979272,0.0009080916638872715
Zheng DBSCAN,Ostovar,Atomic_Frequency_output_Frequency_2,800,160.0,[np.float64(1499.9579439252336)],"[999, 1999]",,,00:00:02,2.7233668999979272,0.0009080916638872715
Zheng DBSCAN,Ostovar,Atomic_Frequency_output_Frequency_2,800,240.0,[np.float64(1499.9579439252336)],"[999, 1999]",,,00:00:02,2.7233668999979272,0.0009080916638872715
Zheng DBSCAN,Ostovar,Atomic_Frequency_output_Frequency_2,800,320.0,[np.float64(1499.9579439252336)],"[999, 1999]",,,00:00:02,2.7233668999979272,0.0009080916638872715
Zheng DBSCAN,Ostovar,Atomic_Frequency_output_Frequency_2,800,400.0,[np.float64(1499.9579439252336)],"[999, 1999]",,,00:00:02,2.7233668999979272,0.0009080916638872715
Zheng DBSCAN,Ostovar,Atomic_Frequency_output_Frequency_2,700,70.0,[np.float64(1496.3603988603988)],"[999, 1999]",,,00:00:02,2.665625199995702,0.0008888380126694571
Zheng DBSCAN,Ostovar,Atomic_Frequency_output_Frequency_2,700,140.0,[np.float64(1496.3603988603988)],"[999, 1999]",,,00:00:02,2.665625199995702,0.0008888380126694571
Zheng DBSCAN,Ostovar,Atomic_Frequency_output_Frequency_2,700,210.0,[np.float64(1496.3603988603988)],"[999, 1999]",,,00:00:02,2.665625199995702,0.0008888380126694571
Zheng DBSCAN,Ostovar,Atomic_Frequency_output_Frequency_2,700,280.0,[np.float64(1496.3603988603988)],"[999, 1999]",,,00:00:02,2.665625199995702,0.0008888380126694571
Zheng DBSCAN,Ostovar,Atomic_Frequency_output_Frequency_2,700,350.0,[np.float64(1496.3603988603988)],"[999, 1999]",,,00:00:02,2.665625199995702,0.0008888380126694571
Zheng DBSCAN,Ostovar,Atomic_SerialMove_output_SerialMove_5,700,70.0,[np.float64(1519.735648476258)],"[999, 1999]",,,00:00:05,5.549383000005037,0.0018504111370473612
Zheng DBSCAN,Ostovar,Atomic_SerialMove_output_SerialMove_5,700,140.0,[np.float64(1519.735648476258)],"[999, 1999]",,,00:00:05,5.549383000005037,0.0018504111370473612
Zheng DBSCAN,Ostovar,Atomic_SerialMove_output_SerialMove_5,700,210.0,[np.float64(1519.735648476258)],"[999, 1999]",,,00:00:05,5.549383000005037,0.0018504111370473612
Zheng DBSCAN,Ostovar,Atomic_SerialMove_output_SerialMove_5,700,280.0,[np.float64(1519.735648476258)],"[999, 1999]",,,00:00:05,5.549383000005037,0.0018504111370473612
Zheng DBSCAN,Ostovar,Atomic_SerialMove_output_SerialMove_5,700,350.0,[np.float64(1519.735648476258)],"[999, 1999]",,,00:00:05,5.549383000005037,0.0018504111370473612
Zheng DBSCAN,Ceravolo,sudden_trace_noise10_1000_IRO,300,30.0,[np.float64(448.6666666666667)],[499],1.0,50.333333333333314,00:00:00,0.23782020001090132,0.0002378202000109013
Zheng DBSCAN,Ceravolo,sudden_trace_noise10_1000_IRO,300,60.0,[np.float64(448.6666666666667)],[499],1.0,50.333333333333314,00:00:00,0.23782020001090132,0.0002378202000109013
Zheng DBSCAN,Ceravolo,sudden_trace_noise10_1000_IRO,300,90.0,[np.float64(448.6666666666667)],[499],1.0,50.333333333333314,00:00:00,0.23782020001090132,0.0002378202000109013
Zheng DBSCAN,Ceravolo,sudden_trace_noise10_1000_IRO,300,120.0,[np.float64(448.6666666666667)],[499],1.0,50.333333333333314,00:00:00,0.23782020001090132,0.0002378202000109013
Zheng DBSCAN,Ceravolo,sudden_trace_noise10_1000_IRO,300,150.0,[np.float64(448.6666666666667)],[499],1.0,50.333333333333314,00:00:00,0.23782020001090132,0.0002378202000109013
Zheng DBSCAN,Ceravolo,sudden_trace_noise0_1000_pm,300,30.0,[np.float64(449.0)],[499],1.0,50.0,00:00:00,0.21114530001068488,0.00021114530001068487
Zheng DBSCAN,Ceravolo,sudden_trace_noise0_1000_pm,300,60.0,[np.float64(449.0)],[499],1.0,50.0,00:00:00,0.21114530001068488,0.00021114530001068487
Zheng DBSCAN,Ceravolo,sudden_trace_noise0_1000_pm,300,90.0,[np.float64(449.0)],[499],1.0,50.0,00:00:00,0.21114530001068488,0.00021114530001068487
Zheng DBSCAN,Ceravolo,sudden_trace_noise0_1000_pm,300,120.0,[np.float64(449.0)],[499],1.0,50.0,00:00:00,0.21114530001068488,0.00021114530001068487
Zheng DBSCAN,Ceravolo,sudden_trace_noise0_1000_pm,300,150.0,[np.float64(449.0)],[499],1.0,50.0,00:00:00,0.21114530001068488,0.00021114530001068487
Zheng DBSCAN,AdditionalLogs,recurring_drift_02,800,80.0,"[np.float64(909.6666666666666), np.float64(1167.0), np.float64(1263.5)]","[500, 1000]",0.4,90.33333333333337,00:00:00,0.48324650002177805,0.00032216433334785204
Zheng DBSCAN,AdditionalLogs,recurring_drift_02,800,160.0,"[np.float64(909.6666666666666), np.float64(1231.3333333333333)]","[500, 1000]",0.5,90.33333333333337,00:00:00,0.48324650002177805,0.00032216433334785204
Zheng DBSCAN,AdditionalLogs,recurring_drift_02,800,240.0,[np.float64(848.2)],"[500, 1000]",0.6666666666666666,151.79999999999995,00:00:00,0.48324650002177805,0.00032216433334785204
Zheng DBSCAN,AdditionalLogs,recurring_drift_02,800,320.0,[np.float64(848.2)],"[500, 1000]",0.6666666666666666,151.79999999999995,00:00:00,0.48324650002177805,0.00032216433334785204
Zheng DBSCAN,AdditionalLogs,recurring_drift_02,800,400.0,[],"[500, 1000]",,,00:00:00,0.48324650002177805,0.00032216433334785204
Zheng DBSCAN,Ceravolo,sudden_trace_noise10_1000_pl,300,30.0,[],[499],,,00:00:00,0.19827920000534505,0.00019827920000534504
Zheng DBSCAN,Ceravolo,sudden_trace_noise10_1000_pl,300,60.0,[],[499],,,00:00:00,0.19827920000534505,0.00019827920000534504
Zheng DBSCAN,Ceravolo,sudden_trace_noise10_1000_pl,300,90.0,[],[499],,,00:00:00,0.19827920000534505,0.00019827920000534504
Zheng DBSCAN,Ceravolo,sudden_trace_noise10_1000_pl,300,120.0,[],[499],,,00:00:00,0.19827920000534505,0.00019827920000534504
Zheng DBSCAN,Ceravolo,sudden_trace_noise10_1000_pl,300,150.0,[],[499],,,00:00:00,0.19827920000534505,0.00019827920000534504
Zheng DBSCAN,Ostovar,Composite_RIO_output_RIO_2,500,50.0,[np.float64(1491.5314240254575)],"[999, 1999]",,,00:00:05,5.334342200018,0.001778706968995665
Zheng DBSCAN,Ostovar,Composite_RIO_output_RIO_2,500,100.0,[np.float64(1491.5314240254575)],"[999, 1999]",,,00:00:05,5.334342200018,0.001778706968995665
Zheng DBSCAN,Ostovar,Composite_RIO_output_RIO_2,500,150.0,[np.float64(1491.5314240254575)],"[999, 1999]",,,00:00:05,5.334342200018,0.001778706968995665
Zheng DBSCAN,Ostovar,Composite_RIO_output_RIO_2,500,200.0,[np.float64(1491.5314240254575)],"[999, 1999]",,,00:00:05,5.334342200018,0.001778706968995665
Zheng DBSCAN,Ostovar,Composite_RIO_output_RIO_2,500,250.0,[np.float64(1491.5314240254575)],"[999, 1999]",,,00:00:05,5.334342200018,0.001778706968995665
Zheng DBSCAN,Ceravolo,sudden_trace_noise5_1000_sw,700,70.0,[],[499],,,00:00:00,0.19691379999858327,0.00019691379999858328
Zheng DBSCAN,Ceravolo,sudden_trace_noise5_1000_sw,700,140.0,[],[499],,,00:00:00,0.19691379999858327,0.00019691379999858328
Zheng DBSCAN,Ceravolo,sudden_trace_noise5_1000_sw,700,210.0,[],[499],,,00:00:00,0.19691379999858327,0.00019691379999858328
Zheng DBSCAN,Ceravolo,sudden_trace_noise5_1000_sw,700,280.0,[],[499],,,00:00:00,0.19691379999858327,0.00019691379999858328
Zheng DBSCAN,Ceravolo,sudden_trace_noise5_1000_sw,700,350.0,[],[499],,,00:00:00,0.19691379999858327,0.00019691379999858328
Zheng DBSCAN,Ceravolo,sudden_trace_noise0_1000_rp,300,30.0,[np.float64(449.0)],[499],1.0,50.0,00:00:00,0.2073757000034675,0.0002073757000034675
Zheng DBSCAN,Ceravolo,sudden_trace_noise0_1000_rp,300,60.0,[np.float64(449.0)],[499],1.0,50.0,00:00:00,0.2073757000034675,0.0002073757000034675
Zheng DBSCAN,Ceravolo,sudden_trace_noise0_1000_rp,300,90.0,[np.float64(449.0)],[499],1.0,50.0,00:00:00,0.2073757000034675,0.0002073757000034675
Zheng DBSCAN,Ceravolo,sudden_trace_noise0_1000_rp,300,120.0,[np.float64(449.0)],[499],1.0,50.0,00:00:00,0.2073757000034675,0.0002073757000034675
Zheng DBSCAN,Ceravolo,sudden_trace_noise0_1000_rp,300,150.0,[np.float64(449.0)],[499],1.0,50.0,00:00:00,0.2073757000034675,0.0002073757000034675
Zheng DBSCAN,Ostovar,Atomic_ParallelToSequence_output_ParallelToSequence,400,40.0,"[np.float64(940.5), np.float64(1941.909090909091)]","[999, 1999]",1.0,57.795454545454504,00:00:04,4.104722299991408,0.0013686969989968017
Zheng DBSCAN,Ostovar,Atomic_ParallelToSequence_output_ParallelToSequence,400,80.0,"[np.float64(940.5), np.float64(1941.909090909091)]","[999, 1999]",1.0,57.795454545454504,00:00:04,4.104722299991408,0.0013686969989968017
Zheng DBSCAN,Ostovar,Atomic_ParallelToSequence_output_ParallelToSequence,400,120.0,"[np.float64(940.5), np.float64(1941.909090909091)]","[999, 1999]",1.0,57.795454545454504,00:00:04,4.104722299991408,0.0013686969989968017
Zheng DBSCAN,Ostovar,Atomic_ParallelToSequence_output_ParallelToSequence,400,160.0,"[np.float64(940.5), np.float64(1941.909090909091)]","[999, 1999]",1.0,57.795454545454504,00:00:04,4.104722299991408,0.0013686969989968017
Zheng DBSCAN,Ostovar,Atomic_ParallelToSequence_output_ParallelToSequence,400,200.0,"[np.float64(940.5), np.float64(1941.909090909091)]","[999, 1999]",1.0,57.795454545454504,00:00:04,4.104722299991408,0.0013686969989968017
Zheng DBSCAN,Ostovar,Atomic_SerialMove_output_SerialMove_2,800,80.0,[np.float64(1506.884289746002)],"[999, 1999]",,,00:00:05,5.4023141999787185,0.0018013718572786658
Zheng DBSCAN,Ostovar,Atomic_SerialMove_output_SerialMove_2,800,160.0,[np.float64(1506.884289746002)],"[999, 1999]",,,00:00:05,5.4023141999787185,0.0018013718572786658
Zheng DBSCAN,Ostovar,Atomic_SerialMove_output_SerialMove_2,800,240.0,[np.float64(1506.884289746002)],"[999, 1999]",,,00:00:05,5.4023141999787185,0.0018013718572786658
Zheng DBSCAN,Ostovar,Atomic_SerialMove_output_SerialMove_2,800,320.0,[np.float64(1506.884289746002)],"[999, 1999]",,,00:00:05,5.4023141999787185,0.0018013718572786658
Zheng DBSCAN,Ostovar,Atomic_SerialMove_output_SerialMove_2,800,400.0,[np.float64(1506.884289746002)],"[999, 1999]",,,00:00:05,5.4023141999787185,0.0018013718572786658
Zheng DBSCAN,Ostovar,Atomic_ParallelToSequence_output_ParallelToSequence_5,700,70.0,[np.float64(1480.6997742663657)],"[999, 1999]",,,00:00:05,5.342522800026927,0.0017814347449239504
Zheng DBSCAN,Ostovar,Atomic_ParallelToSequence_output_ParallelToSequence_5,700,140.0,[np.float64(1480.6997742663657)],"[999, 1999]",,,00:00:05,5.342522800026927,0.0017814347449239504
Zheng DBSCAN,Ostovar,Atomic_ParallelToSequence_output_ParallelToSequence_5,700,210.0,[np.float64(1480.6997742663657)],"[999, 1999]",,,00:00:05,5.342522800026927,0.0017814347449239504
Zheng DBSCAN,Ostovar,Atomic_ParallelToSequence_output_ParallelToSequence_5,700,280.0,[np.float64(1480.6997742663657)],"[999, 1999]",,,00:00:05,5.342522800026927,0.0017814347449239504
Zheng DBSCAN,Ostovar,Atomic_ParallelToSequence_output_ParallelToSequence_5,700,350.0,[np.float64(1480.6997742663657)],"[999, 1999]",,,00:00:05,5.342522800026927,0.0017814347449239504
Zheng DBSCAN,Ceravolo,sudden_trace_noise0_1000_sw,300,30.0,[np.float64(451.3333333333333)],[499],1.0,47.666666666666686,00:00:00,0.2070174999826122,0.0002070174999826122
Zheng DBSCAN,Ceravolo,sudden_trace_noise0_1000_sw,300,60.0,[np.float64(451.3333333333333)],[499],1.0,47.666666666666686,00:00:00,0.2070174999826122,0.0002070174999826122
Zheng DBSCAN,Ceravolo,sudden_trace_noise0_1000_sw,300,90.0,[np.float64(451.3333333333333)],[499],1.0,47.666666666666686,00:00:00,0.2070174999826122,0.0002070174999826122
Zheng DBSCAN,Ceravolo,sudden_trace_noise0_1000_sw,300,120.0,[np.float64(451.3333333333333)],[499],1.0,47.666666666666686,00:00:00,0.2070174999826122,0.0002070174999826122
Zheng DBSCAN,Ceravolo,sudden_trace_noise0_1000_sw,300,150.0,[np.float64(451.3333333333333)],[499],1.0,47.666666666666686,00:00:00,0.2070174999826122,0.0002070174999826122
Zheng DBSCAN,Ostovar,Atomic_Frequency_output_Frequency_5,800,80.0,[np.float64(1526.6062111801243)],"[999, 1999]",,,00:00:02,2.6025909000018146,0.0008678195731916688
Zheng DBSCAN,Ostovar,Atomic_Frequency_output_Frequency_5,800,160.0,[np.float64(1526.6062111801243)],"[999, 1999]",,,00:00:02,2.6025909000018146,0.0008678195731916688
Zheng DBSCAN,Ostovar,Atomic_Frequency_output_Frequency_5,800,240.0,[np.float64(1526.6062111801243)],"[999, 1999]",,,00:00:02,2.6025909000018146,0.0008678195731916688
Zheng DBSCAN,Ostovar,Atomic_Frequency_output_Frequency_5,800,320.0,[np.float64(1526.6062111801243)],"[999, 1999]",,,00:00:02,2.6025909000018146,0.0008678195731916688
Zheng DBSCAN,Ostovar,Atomic_Frequency_output_Frequency_5,800,400.0,[np.float64(1526.6062111801243)],"[999, 1999]",,,00:00:02,2.6025909000018146,0.0008678195731916688
Zheng DBSCAN,Ostovar,Nested_ROI_output_ROI,700,70.0,"[np.float64(948.6), np.float64(1068.0), np.float64(1927.3)]","[999, 1999]",0.8,61.05000000000001,00:00:04,4.048978199978592,0.001350109436471688
Zheng DBSCAN,Ostovar,Nested_ROI_output_ROI,700,140.0,"[np.float64(959.4545454545455), np.float64(1927.3)]","[999, 1999]",1.0,55.622727272727275,00:00:04,4.048978199978592,0.001350109436471688
Zheng DBSCAN,Ostovar,Nested_ROI_output_ROI,700,210.0,"[np.float64(959.4545454545455), np.float64(1927.3)]","[999, 1999]",1.0,55.622727272727275,00:00:04,4.048978199978592,0.001350109436471688
Zheng DBSCAN,Ostovar,Nested_ROI_output_ROI,700,280.0,"[np.float64(959.4545454545455), np.float64(1927.3)]","[999, 1999]",1.0,55.622727272727275,00:00:04,4.048978199978592,0.001350109436471688
Zheng DBSCAN,Ostovar,Nested_ROI_output_ROI,700,350.0,"[np.float64(959.4545454545455), np.float64(1927.3)]","[999, 1999]",1.0,55.622727272727275,00:00:04,4.048978199978592,0.001350109436471688
Zheng DBSCAN,AdditionalLogs,sudden_drift_02,600,60.0,"[np.float64(654.5714285714286), np.float64(846.25), np.float64(1057.52), np.float64(1377.0), np.float64(1474.0)]","[500, 1000]",0.5714285714285715,106.04571428571427,00:00:00,0.4994439000147395,0.00033296260000982634
Zheng DBSCAN,AdditionalLogs,sudden_drift_02,600,120.0,"[np.float64(897.6585365853658), np.float64(1425.5)]","[500, 1000]",0.5,102.34146341463418,00:00:00,0.4994439000147395,0.00033296260000982634
Zheng DBSCAN,AdditionalLogs,sudden_drift_02,600,180.0,[np.float64(944.5777777777778)],"[500, 1000]",0.6666666666666666,55.42222222222222,00:00:00,0.4994439000147395,0.00033296260000982634
Zheng DBSCAN,AdditionalLogs,sudden_drift_02,600,240.0,[np.float64(929.2173913043479)],"[500, 1000]",0.6666666666666666,70.78260869565213,00:00:00,0.4994439000147395,0.00033296260000982634
Zheng DBSCAN,AdditionalLogs,sudden_drift_02,600,300.0,[np.float64(929.2173913043479)],"[500, 1000]",0.6666666666666666,70.78260869565213,00:00:00,0.4994439000147395,0.00033296260000982634
Zheng DBSCAN,Ostovar,Nested_ORI_output_ORI,400,40.0,"[np.float64(929.0), np.float64(1934.8)]","[999, 1999]",1.0,67.10000000000002,00:00:04,4.625284800014924,0.0015422756919022756
Zheng DBSCAN,Ostovar,Nested_ORI_output_ORI,400,80.0,"[np.float64(929.0), np.float64(1934.8)]","[999, 1999]",1.0,67.10000000000002,00:00:04,4.625284800014924,0.0015422756919022756
Zheng DBSCAN,Ostovar,Nested_ORI_output_ORI,400,120.0,"[np.float64(929.0), np.float64(1934.8)]","[999, 1999]",1.0,67.10000000000002,00:00:04,4.625284800014924,0.0015422756919022756
Zheng DBSCAN,Ostovar,Nested_ORI_output_ORI,400,160.0,"[np.float64(929.0), np.float64(1934.8)]","[999, 1999]",1.0,67.10000000000002,00:00:04,4.625284800014924,0.0015422756919022756
Zheng DBSCAN,Ostovar,Nested_ORI_output_ORI,400,200.0,"[np.float64(929.0), np.float64(1934.8)]","[999, 1999]",1.0,67.10000000000002,00:00:04,4.625284800014924,0.0015422756919022756
Zheng DBSCAN,Ostovar,Composite_IRO_output_IRO_5,700,70.0,[np.float64(1483.8973988439307)],"[999, 1999]",,,00:00:05,5.7790371000010055,0.0019269880293434497
Zheng DBSCAN,Ostovar,Composite_IRO_output_IRO_5,700,140.0,[np.float64(1483.8973988439307)],"[999, 1999]",,,00:00:05,5.7790371000010055,0.0019269880293434497
Zheng DBSCAN,Ostovar,Composite_IRO_output_IRO_5,700,210.0,[np.float64(1483.8973988439307)],"[999, 1999]",,,00:00:05,5.7790371000010055,0.0019269880293434497
Zheng DBSCAN,Ostovar,Composite_IRO_output_IRO_5,700,280.0,[np.float64(1483.8973988439307)],"[999, 1999]",,,00:00:05,5.7790371000010055,0.0019269880293434497
Zheng DBSCAN,Ostovar,Composite_IRO_output_IRO_5,700,350.0,[np.float64(1483.8973988439307)],"[999, 1999]",,,00:00:05,5.7790371000010055,0.0019269880293434497
Zheng DBSCAN,Ceravolo,sudden_trace_noise5_1000_cd,500,50.0,[],[499],,,00:00:00,0.19140360000892542,0.00019140360000892542
Zheng DBSCAN,Ceravolo,sudden_trace_noise5_1000_cd,500,100.0,[],[499],,,00:00:00,0.19140360000892542,0.00019140360000892542
Zheng DBSCAN,Ceravolo,sudden_trace_noise5_1000_cd,500,150.0,[],[499],,,00:00:00,0.19140360000892542,0.00019140360000892542
Zheng DBSCAN,Ceravolo,sudden_trace_noise5_1000_cd,500,200.0,[],[499],,,00:00:00,0.19140360000892542,0.00019140360000892542
Zheng DBSCAN,Ceravolo,sudden_trace_noise5_1000_cd,500,250.0,[],[499],,,00:00:00,0.19140360000892542,0.00019140360000892542
Zheng DBSCAN,Ceravolo,sudden_trace_noise20_1000_IOR,500,50.0,[],[499],,,00:00:00,0.23265739998896606,0.00023265739998896607
Zheng DBSCAN,Ceravolo,sudden_trace_noise20_1000_IOR,500,100.0,[],[499],,,00:00:00,0.23265739998896606,0.00023265739998896607
Zheng DBSCAN,Ceravolo,sudden_trace_noise20_1000_IOR,500,150.0,[],[499],,,00:00:00,0.23265739998896606,0.00023265739998896607
Zheng DBSCAN,Ceravolo,sudden_trace_noise20_1000_IOR,500,200.0,[],[499],,,00:00:00,0.23265739998896606,0.00023265739998896607
Zheng DBSCAN,Ceravolo,sudden_trace_noise20_1000_IOR,500,250.0,[],[499],,,00:00:00,0.23265739998896606,0.00023265739998896607
Zheng DBSCAN,AdditionalLogs,recurring_drift_08,500,50.0,"[np.float64(533.0), np.float64(725.3333333333334), np.float64(1022.3714285714286), np.float64(1324.0), np.float64(1385.0), np.float64(1496.5)]","[500, 1000]",0.5,27.68571428571431,00:00:00,0.49510270002065226,0.00033006846668043484
Zheng DBSCAN,AdditionalLogs,recurring_drift_08,500,100.0,"[np.float64(711.2168674698795), np.float64(1496.5)]","[500, 1000]",,,00:00:00,0.49510270002065226,0.00033006846668043484
Zheng DBSCAN,AdditionalLogs,recurring_drift_08,500,150.0,[np.float64(729.6941176470589)],"[500, 1000]",,,00:00:00,0.49510270002065226,0.00033006846668043484
Zheng DBSCAN,AdditionalLogs,recurring_drift_08,500,200.0,[np.float64(729.6941176470589)],"[500, 1000]",,,00:00:00,0.49510270002065226,0.00033006846668043484
Zheng DBSCAN,AdditionalLogs,recurring_drift_08,500,250.0,[np.float64(729.6941176470589)],"[500, 1000]",,,00:00:00,0.49510270002065226,0.00033006846668043484
Zheng DBSCAN,Ostovar,Atomic_ParallelRemoval_output_ParallelRemoval_5,800,80.0,[np.float64(1511.879489225858)],"[999, 1999]",,,00:00:04,4.717190700001083,0.0015729212070693843
Zheng DBSCAN,Ostovar,Atomic_ParallelRemoval_output_ParallelRemoval_5,800,160.0,[np.float64(1511.879489225858)],"[999, 1999]",,,00:00:04,4.717190700001083,0.0015729212070693843
Zheng DBSCAN,Ostovar,Atomic_ParallelRemoval_output_ParallelRemoval_5,800,240.0,[np.float64(1511.879489225858)],"[999, 1999]",,,00:00:04,4.717190700001083,0.0015729212070693843
Zheng DBSCAN,Ostovar,Atomic_ParallelRemoval_output_ParallelRemoval_5,800,320.0,[np.float64(1511.879489225858)],"[999, 1999]",,,00:00:04,4.717190700001083,0.0015729212070693843
Zheng DBSCAN,Ostovar,Atomic_ParallelRemoval_output_ParallelRemoval_5,800,400.0,[np.float64(1511.879489225858)],"[999, 1999]",,,00:00:04,4.717190700001083,0.0015729212070693843
Zheng DBSCAN,Ceravolo,sudden_trace_noise0_1000_lp,300,30.0,[np.float64(448.0)],[499],1.0,51.0,00:00:00,0.20840300002600998,0.00020840300002600997
Zheng DBSCAN,Ceravolo,sudden_trace_noise0_1000_lp,300,60.0,[np.float64(448.0)],[499],1.0,51.0,00:00:00,0.20840300002600998,0.00020840300002600997
Zheng DBSCAN,Ceravolo,sudden_trace_noise0_1000_lp,300,90.0,[np.float64(448.0)],[499],1.0,51.0,00:00:00,0.20840300002600998,0.00020840300002600997
Zheng DBSCAN,Ceravolo,sudden_trace_noise0_1000_lp,300,120.0,[np.float64(448.0)],[499],1.0,51.0,00:00:00,0.20840300002600998,0.00020840300002600997
Zheng DBSCAN,Ceravolo,sudden_trace_noise0_1000_lp,300,150.0,[np.float64(448.0)],[499],1.0,51.0,00:00:00,0.20840300002600998,0.00020840300002600997
Zheng DBSCAN,Ostovar,Atomic_Frequency_output_Frequency_2,400,40.0,[np.float64(1517.1247379454926)],"[999, 1999]",,,00:00:02,2.7513593999901786,0.0009174256085329039
Zheng DBSCAN,Ostovar,Atomic_Frequency_output_Frequency_2,400,80.0,[np.float64(1517.1247379454926)],"[999, 1999]",,,00:00:02,2.7513593999901786,0.0009174256085329039
Zheng DBSCAN,Ostovar,Atomic_Frequency_output_Frequency_2,400,120.0,[np.float64(1517.1247379454926)],"[999, 1999]",,,00:00:02,2.7513593999901786,0.0009174256085329039
Zheng DBSCAN,Ostovar,Atomic_Frequency_output_Frequency_2,400,160.0,[np.float64(1517.1247379454926)],"[999, 1999]",,,00:00:02,2.7513593999901786,0.0009174256085329039
Zheng DBSCAN,Ostovar,Atomic_Frequency_output_Frequency_2,400,200.0,[np.float64(1517.1247379454926)],"[999, 1999]",,,00:00:02,2.7513593999901786,0.0009174256085329039
Zheng DBSCAN,AdditionalLogs,gradual_drift_07,800,80.0,[np.float64(937.0)],"[500, 1000]",0.6666666666666666,63.0,00:00:00,0.3137027000193484,0.00022407335715667745
Zheng DBSCAN,AdditionalLogs,gradual_drift_07,800,160.0,[np.float64(937.0)],"[500, 1000]",0.6666666666666666,63.0,00:00:00,0.3137027000193484,0.00022407335715667745
Zheng DBSCAN,AdditionalLogs,gradual_drift_07,800,240.0,[np.float64(937.0)],"[500, 1000]",0.6666666666666666,63.0,00:00:00,0.3137027000193484,0.00022407335715667745
Zheng DBSCAN,AdditionalLogs,gradual_drift_07,800,320.0,[np.float64(937.0)],"[500, 1000]",0.6666666666666666,63.0,00:00:00,0.3137027000193484,0.00022407335715667745
Zheng DBSCAN,AdditionalLogs,gradual_drift_07,800,400.0,[np.float64(937.0)],"[500, 1000]",0.6666666666666666,63.0,00:00:00,0.3137027000193484,0.00022407335715667745
Zheng DBSCAN,Ceravolo,sudden_trace_noise10_1000_RIO,800,80.0,[],[499],,,00:00:00,0.15990890000830404,0.00015990890000830405
Zheng DBSCAN,Ceravolo,sudden_trace_noise10_1000_RIO,800,160.0,[],[499],,,00:00:00,0.15990890000830404,0.00015990890000830405
Zheng DBSCAN,Ceravolo,sudden_trace_noise10_1000_RIO,800,240.0,[],[499],,,00:00:00,0.15990890000830404,0.00015990890000830405
Zheng DBSCAN,Ceravolo,sudden_trace_noise10_1000_RIO,800,320.0,[],[499],,,00:00:00,0.15990890000830404,0.00015990890000830405
Zheng DBSCAN,Ceravolo,sudden_trace_noise10_1000_RIO,800,400.0,[],[499],,,00:00:00,0.15990890000830404,0.00015990890000830405
Zheng DBSCAN,Ostovar,Nested_RIO_output_RIO,800,80.0,"[np.float64(968.5555555555555), np.float64(1773.0), np.float64(1910.2608695652175)]","[999, 1999]",0.8,59.59178743961348,00:00:05,5.657018700003391,0.0018863016672235383
Zheng DBSCAN,Ostovar,Nested_RIO_output_RIO,800,160.0,"[np.float64(968.5555555555555), np.float64(1904.5416666666667)]","[999, 1999]",1.0,62.45138888888886,00:00:05,5.657018700003391,0.0018863016672235383
Zheng DBSCAN,Ostovar,Nested_RIO_output_RIO,800,240.0,"[np.float64(968.5555555555555), np.float64(1904.5416666666667)]","[999, 1999]",1.0,62.45138888888886,00:00:05,5.657018700003391,0.0018863016672235383
Zheng DBSCAN,Ostovar,Nested_RIO_output_RIO,800,320.0,"[np.float64(968.5555555555555), np.float64(1904.5416666666667)]","[999, 1999]",1.0,62.45138888888886,00:00:05,5.657018700003391,0.0018863016672235383
Zheng DBSCAN,Ostovar,Nested_RIO_output_RIO,800,400.0,"[np.float64(968.5555555555555), np.float64(1904.5416666666667)]","[999, 1999]",1.0,62.45138888888886,00:00:05,5.657018700003391,0.0018863016672235383
Zheng DBSCAN,Ceravolo,sudden_trace_noise10_1000_cb,500,50.0,[],[499],,,00:00:00,0.17673010000726208,0.00017673010000726207
Zheng DBSCAN,Ceravolo,sudden_trace_noise10_1000_cb,500,100.0,[],[499],,,00:00:00,0.17673010000726208,0.00017673010000726207
Zheng DBSCAN,Ceravolo,sudden_trace_noise10_1000_cb,500,150.0,[],[499],,,00:00:00,0.17673010000726208,0.00017673010000726207
Zheng DBSCAN,Ceravolo,sudden_trace_noise10_1000_cb,500,200.0,[],[499],,,00:00:00,0.17673010000726208,0.00017673010000726207
Zheng DBSCAN,Ceravolo,sudden_trace_noise10_1000_cb,500,250.0,[],[499],,,00:00:00,0.17673010000726208,0.00017673010000726207
Zheng DBSCAN,Ostovar,Atomic_ParallelMove_output_ParallelMove_2,800,80.0,[np.float64(1522.9259259259259)],"[999, 1999]",,,00:00:06,6.067762499995297,0.0020232619206386453
Zheng DBSCAN,Ostovar,Atomic_ParallelMove_output_ParallelMove_2,800,160.0,[np.float64(1522.9259259259259)],"[999, 1999]",,,00:00:06,6.067762499995297,0.0020232619206386453
Zheng DBSCAN,Ostovar,Atomic_ParallelMove_output_ParallelMove_2,800,240.0,[np.float64(1522.9259259259259)],"[999, 1999]",,,00:00:06,6.067762499995297,0.0020232619206386453
Zheng DBSCAN,Ostovar,Atomic_ParallelMove_output_ParallelMove_2,800,320.0,[np.float64(1522.9259259259259)],"[999, 1999]",,,00:00:06,6.067762499995297,0.0020232619206386453
Zheng DBSCAN,Ostovar,Atomic_ParallelMove_output_ParallelMove_2,800,400.0,[np.float64(1522.9259259259259)],"[999, 1999]",,,00:00:06,6.067762499995297,0.0020232619206386453
Zheng DBSCAN,Ostovar,Atomic_ParallelToSequence_output_ParallelToSequence_5,300,30.0,[np.float64(1487.5442825112107)],"[999, 1999]",,,00:00:05,5.6269264000002295,0.0018762675558520272
Zheng DBSCAN,Ostovar,Atomic_ParallelToSequence_output_ParallelToSequence_5,300,60.0,[np.float64(1487.5442825112107)],"[999, 1999]",,,00:00:05,5.6269264000002295,0.0018762675558520272
Zheng DBSCAN,Ostovar,Atomic_ParallelToSequence_output_ParallelToSequence_5,300,90.0,[np.float64(1487.5442825112107)],"[999, 1999]",,,00:00:05,5.6269264000002295,0.0018762675558520272
Zheng DBSCAN,Ostovar,Atomic_ParallelToSequence_output_ParallelToSequence_5,300,120.0,[np.float64(1487.5442825112107)],"[999, 1999]",,,00:00:05,5.6269264000002295,0.0018762675558520272
Zheng DBSCAN,Ostovar,Atomic_ParallelToSequence_output_ParallelToSequence_5,300,150.0,[np.float64(1487.5442825112107)],"[999, 1999]",,,00:00:05,5.6269264000002295,0.0018762675558520272
Zheng DBSCAN,Ostovar,Atomic_Swap_output_Swap_2,700,70.0,[np.float64(1491.5718232044198)],"[999, 1999]",,,00:00:05,5.0417026999930386,0.0016811279426452279
Zheng DBSCAN,Ostovar,Atomic_Swap_output_Swap_2,700,140.0,[np.float64(1491.5718232044198)],"[999, 1999]",,,00:00:05,5.0417026999930386,0.0016811279426452279
Zheng DBSCAN,Ostovar,Atomic_Swap_output_Swap_2,700,210.0,[np.float64(1491.5718232044198)],"[999, 1999]",,,00:00:05,5.0417026999930386,0.0016811279426452279
Zheng DBSCAN,Ostovar,Atomic_Swap_output_Swap_2,700,280.0,[np.float64(1491.5718232044198)],"[999, 1999]",,,00:00:05,5.0417026999930386,0.0016811279426452279
Zheng DBSCAN,Ostovar,Atomic_Swap_output_Swap_2,700,350.0,[np.float64(1491.5718232044198)],"[999, 1999]",,,00:00:05,5.0417026999930386,0.0016811279426452279
Zheng DBSCAN,Ceravolo,sudden_trace_noise5_1000_cp,600,60.0,[],[499],,,00:00:00,0.1647610999934841,0.0001647610999934841
Zheng DBSCAN,Ceravolo,sudden_trace_noise5_1000_cp,600,120.0,[],[499],,,00:00:00,0.1647610999934841,0.0001647610999934841
Zheng DBSCAN,Ceravolo,sudden_trace_noise5_1000_cp,600,180.0,[],[499],,,00:00:00,0.1647610999934841,0.0001647610999934841
Zheng DBSCAN,Ceravolo,sudden_trace_noise5_1000_cp,600,240.0,[],[499],,,00:00:00,0.1647610999934841,0.0001647610999934841
Zheng DBSCAN,Ceravolo,sudden_trace_noise5_1000_cp,600,300.0,[],[499],,,00:00:00,0.1647610999934841,0.0001647610999934841
Zheng DBSCAN,Ceravolo,sudden_trace_noise10_1000_pm,300,30.0,[np.float64(449.0)],[499],1.0,50.0,00:00:00,0.18443890000344254,0.00018443890000344255
Zheng DBSCAN,Ceravolo,sudden_trace_noise10_1000_pm,300,60.0,[np.float64(449.0)],[499],1.0,50.0,00:00:00,0.18443890000344254,0.00018443890000344255
Zheng DBSCAN,Ceravolo,sudden_trace_noise10_1000_pm,300,90.0,[np.float64(449.0)],[499],1.0,50.0,00:00:00,0.18443890000344254,0.00018443890000344255
Zheng DBSCAN,Ceravolo,sudden_trace_noise10_1000_pm,300,120.0,[np.float64(449.0)],[499],1.0,50.0,00:00:00,0.18443890000344254,0.00018443890000344255
Zheng DBSCAN,Ceravolo,sudden_trace_noise10_1000_pm,300,150.0,[np.float64(449.0)],[499],1.0,50.0,00:00:00,0.18443890000344254,0.00018443890000344255
Zheng DBSCAN,Ceravolo,sudden_trace_noise5_1000_pl,800,80.0,[],[499],,,00:00:00,0.17532249999931082,0.00017532249999931083
Zheng DBSCAN,Ceravolo,sudden_trace_noise5_1000_pl,800,160.0,[],[499],,,00:00:00,0.17532249999931082,0.00017532249999931083
Zheng DBSCAN,Ceravolo,sudden_trace_noise5_1000_pl,800,240.0,[],[499],,,00:00:00,0.17532249999931082,0.00017532249999931083
Zheng DBSCAN,Ceravolo,sudden_trace_noise5_1000_pl,800,320.0,[],[499],,,00:00:00,0.17532249999931082,0.00017532249999931083
Zheng DBSCAN,Ceravolo,sudden_trace_noise5_1000_pl,800,400.0,[],[499],,,00:00:00,0.17532249999931082,0.00017532249999931083
Zheng DBSCAN,Ceravolo,sudden_trace_noise15_1000_lp,300,30.0,[np.float64(448.0)],[499],1.0,51.0,00:00:00,0.1682147000101395,0.0001682147000101395
Zheng DBSCAN,Ceravolo,sudden_trace_noise15_1000_lp,300,60.0,[np.float64(448.0)],[499],1.0,51.0,00:00:00,0.1682147000101395,0.0001682147000101395
Zheng DBSCAN,Ceravolo,sudden_trace_noise15_1000_lp,300,90.0,[np.float64(448.0)],[499],1.0,51.0,00:00:00,0.1682147000101395,0.0001682147000101395
Zheng DBSCAN,Ceravolo,sudden_trace_noise15_1000_lp,300,120.0,[np.float64(448.0)],[499],1.0,51.0,00:00:00,0.1682147000101395,0.0001682147000101395
Zheng DBSCAN,Ceravolo,sudden_trace_noise15_1000_lp,300,150.0,[np.float64(448.0)],[499],1.0,51.0,00:00:00,0.1682147000101395,0.0001682147000101395
Zheng DBSCAN,Ostovar,Atomic_SerialRemoval_output_SerialRemoval,300,30.0,"[np.float64(938.25), np.float64(1935.5)]","[999, 1999]",1.0,62.125,00:00:04,4.285166399989976,0.001428865088359445
Zheng DBSCAN,Ostovar,Atomic_SerialRemoval_output_SerialRemoval,300,60.0,"[np.float64(938.25), np.float64(1935.5)]","[999, 1999]",1.0,62.125,00:00:04,4.285166399989976,0.001428865088359445
Zheng DBSCAN,Ostovar,Atomic_SerialRemoval_output_SerialRemoval,300,90.0,"[np.float64(938.25), np.float64(1935.5)]","[999, 1999]",1.0,62.125,00:00:04,4.285166399989976,0.001428865088359445
Zheng DBSCAN,Ostovar,Atomic_SerialRemoval_output_SerialRemoval,300,120.0,"[np.float64(938.25), np.float64(1935.5)]","[999, 1999]",1.0,62.125,00:00:04,4.285166399989976,0.001428865088359445
Zheng DBSCAN,Ostovar,Atomic_SerialRemoval_output_SerialRemoval,300,150.0,"[np.float64(938.25), np.float64(1935.5)]","[999, 1999]",1.0,62.125,00:00:04,4.285166399989976,0.001428865088359445
Zheng DBSCAN,Ostovar,Composite_IRO_output_IRO_2,500,50.0,[np.float64(1509.5767326732673)],"[999, 1999]",,,00:00:06,6.431975700019393,0.002144706802273889
Zheng DBSCAN,Ostovar,Composite_IRO_output_IRO_2,500,100.0,[np.float64(1509.5767326732673)],"[999, 1999]",,,00:00:06,6.431975700019393,0.002144706802273889
Zheng DBSCAN,Ostovar,Composite_IRO_output_IRO_2,500,150.0,[np.float64(1509.5767326732673)],"[999, 1999]",,,00:00:06,6.431975700019393,0.002144706802273889
Zheng DBSCAN,Ostovar,Composite_IRO_output_IRO_2,500,200.0,[np.float64(1509.5767326732673)],"[999, 1999]",,,00:00:06,6.431975700019393,0.002144706802273889
Zheng DBSCAN,Ostovar,Composite_IRO_output_IRO_2,500,250.0,[np.float64(1509.5767326732673)],"[999, 1999]",,,00:00:06,6.431975700019393,0.002144706802273889
Zheng DBSCAN,Ceravolo,sudden_trace_noise0_1000_sw,400,40.0,[np.float64(451.3333333333333)],[499],1.0,47.666666666666686,00:00:00,0.16592580001452006,0.00016592580001452005
Zheng DBSCAN,Ceravolo,sudden_trace_noise0_1000_sw,400,80.0,[np.float64(451.3333333333333)],[499],1.0,47.666666666666686,00:00:00,0.16592580001452006,0.00016592580001452005
Zheng DBSCAN,Ceravolo,sudden_trace_noise0_1000_sw,400,120.0,[np.float64(451.3333333333333)],[499],1.0,47.666666666666686,00:00:00,0.16592580001452006,0.00016592580001452005
Zheng DBSCAN,Ceravolo,sudden_trace_noise0_1000_sw,400,160.0,[np.float64(451.3333333333333)],[499],1.0,47.666666666666686,00:00:00,0.16592580001452006,0.00016592580001452005
Zheng DBSCAN,Ceravolo,sudden_trace_noise0_1000_sw,400,200.0,[np.float64(451.3333333333333)],[499],1.0,47.666666666666686,00:00:00,0.16592580001452006,0.00016592580001452005
Zheng DBSCAN,Ostovar,Nested_ROI_output_ROI_5,300,30.0,[np.float64(1477.9794871794873)],"[999, 1999]",,,00:00:05,5.547459900000831,0.0018497698899635983
Zheng DBSCAN,Ostovar,Nested_ROI_output_ROI_5,300,60.0,[np.float64(1477.9794871794873)],"[999, 1999]",,,00:00:05,5.547459900000831,0.0018497698899635983
Zheng DBSCAN,Ostovar,Nested_ROI_output_ROI_5,300,90.0,[np.float64(1477.9794871794873)],"[999, 1999]",,,00:00:05,5.547459900000831,0.0018497698899635983
Zheng DBSCAN,Ostovar,Nested_ROI_output_ROI_5,300,120.0,[np.float64(1477.9794871794873)],"[999, 1999]",,,00:00:05,5.547459900000831,0.0018497698899635983
Zheng DBSCAN,Ostovar,Nested_ROI_output_ROI_5,300,150.0,[np.float64(1477.9794871794873)],"[999, 1999]",,,00:00:05,5.547459900000831,0.0018497698899635983
Zheng DBSCAN,Ostovar,Atomic_Substitute_output_Substitute_2,500,50.0,[np.float64(1509.545673076923)],"[999, 1999]",,,00:00:05,5.881047700007912,0.0019610029009696273
Zheng DBSCAN,Ostovar,Atomic_Substitute_output_Substitute_2,500,100.0,[np.float64(1509.545673076923)],"[999, 1999]",,,00:00:05,5.881047700007912,0.0019610029009696273
Zheng DBSCAN,Ostovar,Atomic_Substitute_output_Substitute_2,500,150.0,[np.float64(1509.545673076923)],"[999, 1999]",,,00:00:05,5.881047700007912,0.0019610029009696273
Zheng DBSCAN,Ostovar,Atomic_Substitute_output_Substitute_2,500,200.0,[np.float64(1509.545673076923)],"[999, 1999]",,,00:00:05,5.881047700007912,0.0019610029009696273
Zheng DBSCAN,Ostovar,Atomic_Substitute_output_Substitute_2,500,250.0,[np.float64(1509.545673076923)],"[999, 1999]",,,00:00:05,5.881047700007912,0.0019610029009696273
Zheng DBSCAN,Ceravolo,sudden_trace_noise0_1000_rp,700,70.0,[],[499],,,00:00:00,0.19386970001505688,0.00019386970001505688
Zheng DBSCAN,Ceravolo,sudden_trace_noise0_1000_rp,700,140.0,[],[499],,,00:00:00,0.19386970001505688,0.00019386970001505688
Zheng DBSCAN,Ceravolo,sudden_trace_noise0_1000_rp,700,210.0,[],[499],,,00:00:00,0.19386970001505688,0.00019386970001505688
Zheng DBSCAN,Ceravolo,sudden_trace_noise0_1000_rp,700,280.0,[],[499],,,00:00:00,0.19386970001505688,0.00019386970001505688
Zheng DBSCAN,Ceravolo,sudden_trace_noise0_1000_rp,700,350.0,[],[499],,,00:00:00,0.19386970001505688,0.00019386970001505688
Zheng DBSCAN,Ostovar,Atomic_Skip_output_Skip,700,70.0,"[np.float64(919.0), np.float64(1952.0)]","[999, 1999]",1.0,63.5,00:00:04,4.157192099984968,0.0013861927642497393
Zheng DBSCAN,Ostovar,Atomic_Skip_output_Skip,700,140.0,"[np.float64(919.0), np.float64(1952.0)]","[999, 1999]",1.0,63.5,00:00:04,4.157192099984968,0.0013861927642497393
Zheng DBSCAN,Ostovar,Atomic_Skip_output_Skip,700,210.0,"[np.float64(919.0), np.float64(1952.0)]","[999, 1999]",1.0,63.5,00:00:04,4.157192099984968,0.0013861927642497393
Zheng DBSCAN,Ostovar,Atomic_Skip_output_Skip,700,280.0,"[np.float64(919.0), np.float64(1952.0)]","[999, 1999]",1.0,63.5,00:00:04,4.157192099984968,0.0013861927642497393
Zheng DBSCAN,Ostovar,Atomic_Skip_output_Skip,700,350.0,"[np.float64(919.0), np.float64(1952.0)]","[999, 1999]",1.0,63.5,00:00:04,4.157192099984968,0.0013861927642497393
Zheng DBSCAN,Ostovar,Atomic_Skip_output_Skip_2,400,40.0,[np.float64(1503.9476479514415)],"[999, 1999]",,,00:00:05,5.319860400020843,0.001773878092704516
Zheng DBSCAN,Ostovar,Atomic_Skip_output_Skip_2,400,80.0,[np.float64(1503.9476479514415)],"[999, 1999]",,,00:00:05,5.319860400020843,0.001773878092704516
Zheng DBSCAN,Ostovar,Atomic_Skip_output_Skip_2,400,120.0,[np.float64(1503.9476479514415)],"[999, 1999]",,,00:00:05,5.319860400020843,0.001773878092704516
Zheng DBSCAN,Ostovar,Atomic_Skip_output_Skip_2,400,160.0,[np.float64(1503.9476479514415)],"[999, 1999]",,,00:00:05,5.319860400020843,0.001773878092704516
Zheng DBSCAN,Ostovar,Atomic_Skip_output_Skip_2,400,200.0,[np.float64(1503.9476479514415)],"[999, 1999]",,,00:00:05,5.319860400020843,0.001773878092704516
Zheng DBSCAN,Ostovar,Composite_IOR_output_IOR,800,80.0,"[np.float64(938.7692307692307), np.float64(1939.3846153846155)]","[999, 1999]",1.0,59.923076923076906,00:00:03,3.4651451999961864,0.0011554335445135666
Zheng DBSCAN,Ostovar,Composite_IOR_output_IOR,800,160.0,"[np.float64(938.7692307692307), np.float64(1939.3846153846155)]","[999, 1999]",1.0,59.923076923076906,00:00:03,3.4651451999961864,0.0011554335445135666
Zheng DBSCAN,Ostovar,Composite_IOR_output_IOR,800,240.0,"[np.float64(938.7692307692307), np.float64(1939.3846153846155)]","[999, 1999]",1.0,59.923076923076906,00:00:03,3.4651451999961864,0.0011554335445135666
Zheng DBSCAN,Ostovar,Composite_IOR_output_IOR,800,320.0,"[np.float64(938.7692307692307), np.float64(1939.3846153846155)]","[999, 1999]",1.0,59.923076923076906,00:00:03,3.4651451999961864,0.0011554335445135666
Zheng DBSCAN,Ostovar,Composite_IOR_output_IOR,800,400.0,"[np.float64(938.7692307692307), np.float64(1939.3846153846155)]","[999, 1999]",1.0,59.923076923076906,00:00:03,3.4651451999961864,0.0011554335445135666
Zheng DBSCAN,Ostovar,Atomic_Swap_output_Swap,600,60.0,"[np.float64(930.4444444444445), np.float64(1930.875)]","[999, 1999]",1.0,68.34027777777777,00:00:03,3.9820370999805164,0.001327788296092203
Zheng DBSCAN,Ostovar,Atomic_Swap_output_Swap,600,120.0,"[np.float64(930.4444444444445), np.float64(1930.875)]","[999, 1999]",1.0,68.34027777777777,00:00:03,3.9820370999805164,0.001327788296092203
Zheng DBSCAN,Ostovar,Atomic_Swap_output_Swap,600,180.0,"[np.float64(930.4444444444445), np.float64(1930.875)]","[999, 1999]",1.0,68.34027777777777,00:00:03,3.9820370999805164,0.001327788296092203
Zheng DBSCAN,Ostovar,Atomic_Swap_output_Swap,600,240.0,"[np.float64(930.4444444444445), np.float64(1930.875)]","[999, 1999]",1.0,68.34027777777777,00:00:03,3.9820370999805164,0.001327788296092203
Zheng DBSCAN,Ostovar,Atomic_Swap_output_Swap,600,300.0,"[np.float64(930.4444444444445), np.float64(1930.875)]","[999, 1999]",1.0,68.34027777777777,00:00:03,3.9820370999805164,0.001327788296092203
Zheng DBSCAN,Ceravolo,sudden_trace_noise5_1000_pl,300,30.0,[],[499],,,00:00:00,0.2823798000172246,0.00028237980001722464
Zheng DBSCAN,Ceravolo,sudden_trace_noise5_1000_pl,300,60.0,[],[499],,,00:00:00,0.2823798000172246,0.00028237980001722464
Zheng DBSCAN,Ceravolo,sudden_trace_noise5_1000_pl,300,90.0,[],[499],,,00:00:00,0.2823798000172246,0.00028237980001722464
Zheng DBSCAN,Ceravolo,sudden_trace_noise5_1000_pl,300,120.0,[],[499],,,00:00:00,0.2823798000172246,0.00028237980001722464
Zheng DBSCAN,Ceravolo,sudden_trace_noise5_1000_pl,300,150.0,[],[499],,,00:00:00,0.2823798000172246,0.00028237980001722464
Zheng DBSCAN,Ceravolo,sudden_trace_noise20_1000_rp,800,80.0,[],[499],,,00:00:00,0.2620687000162434,0.0002620687000162434
Zheng DBSCAN,Ceravolo,sudden_trace_noise20_1000_rp,800,160.0,[],[499],,,00:00:00,0.2620687000162434,0.0002620687000162434
Zheng DBSCAN,Ceravolo,sudden_trace_noise20_1000_rp,800,240.0,[],[499],,,00:00:00,0.2620687000162434,0.0002620687000162434
Zheng DBSCAN,Ceravolo,sudden_trace_noise20_1000_rp,800,320.0,[],[499],,,00:00:00,0.2620687000162434,0.0002620687000162434
Zheng DBSCAN,Ceravolo,sudden_trace_noise20_1000_rp,800,400.0,[],[499],,,00:00:00,0.2620687000162434,0.0002620687000162434
Zheng DBSCAN,Ceravolo,sudden_trace_noise0_1000_re,600,60.0,[],[499],,,00:00:00,0.1994618999888189,0.0001994618999888189
Zheng DBSCAN,Ceravolo,sudden_trace_noise0_1000_re,600,120.0,[],[499],,,00:00:00,0.1994618999888189,0.0001994618999888189
Zheng DBSCAN,Ceravolo,sudden_trace_noise0_1000_re,600,180.0,[],[499],,,00:00:00,0.1994618999888189,0.0001994618999888189
Zheng DBSCAN,Ceravolo,sudden_trace_noise0_1000_re,600,240.0,[],[499],,,00:00:00,0.1994618999888189,0.0001994618999888189
Zheng DBSCAN,Ceravolo,sudden_trace_noise0_1000_re,600,300.0,[],[499],,,00:00:00,0.1994618999888189,0.0001994618999888189
Zheng DBSCAN,Ostovar,Atomic_ConditionalMove_output_ConditionalMove,300,30.0,"[np.float64(941.4285714285714), np.float64(1934.7777777777778)]","[999, 1999]",1.0,60.89682539682536,00:00:05,5.4188896999985445,0.0018068988662882776
Zheng DBSCAN,Ostovar,Atomic_ConditionalMove_output_ConditionalMove,300,60.0,"[np.float64(941.4285714285714), np.float64(1934.7777777777778)]","[999, 1999]",1.0,60.89682539682536,00:00:05,5.4188896999985445,0.0018068988662882776
Zheng DBSCAN,Ostovar,Atomic_ConditionalMove_output_ConditionalMove,300,90.0,"[np.float64(941.4285714285714), np.float64(1934.7777777777778)]","[999, 1999]",1.0,60.89682539682536,00:00:05,5.4188896999985445,0.0018068988662882776
Zheng DBSCAN,Ostovar,Atomic_ConditionalMove_output_ConditionalMove,300,120.0,"[np.float64(941.4285714285714), np.float64(1934.7777777777778)]","[999, 1999]",1.0,60.89682539682536,00:00:05,5.4188896999985445,0.0018068988662882776
Zheng DBSCAN,Ostovar,Atomic_ConditionalMove_output_ConditionalMove,300,150.0,"[np.float64(941.4285714285714), np.float64(1934.7777777777778)]","[999, 1999]",1.0,60.89682539682536,00:00:05,5.4188896999985445,0.0018068988662882776
Zheng DBSCAN,Ceravolo,sudden_trace_noise15_1000_ROI,500,50.0,[],[499],,,00:00:00,0.20439609998720698,0.000204396099987207
Zheng DBSCAN,Ceravolo,sudden_trace_noise15_1000_ROI,500,100.0,[],[499],,,00:00:00,0.20439609998720698,0.000204396099987207
Zheng DBSCAN,Ceravolo,sudden_trace_noise15_1000_ROI,500,150.0,[],[499],,,00:00:00,0.20439609998720698,0.000204396099987207
Zheng DBSCAN,Ceravolo,sudden_trace_noise15_1000_ROI,500,200.0,[],[499],,,00:00:00,0.20439609998720698,0.000204396099987207
Zheng DBSCAN,Ceravolo,sudden_trace_noise15_1000_ROI,500,250.0,[],[499],,,00:00:00,0.20439609998720698,0.000204396099987207
Zheng DBSCAN,AdditionalLogs,sudden_drift_00,500,50.0,"[np.float64(567.0), np.float64(646.0), np.float64(787.0), np.float64(1008.4), np.float64(1095.0)]","[500, 1000]",0.5714285714285715,37.69999999999999,00:00:00,0.5144694999908097,0.0003429796666605398
Zheng DBSCAN,AdditionalLogs,sudden_drift_00,500,100.0,"[np.float64(528.4285714285714), np.float64(787.0), np.float64(1022.8333333333334)]","[500, 1000]",0.8,25.630952380952408,00:00:00,0.5144694999908097,0.0003429796666605398
Zheng DBSCAN,AdditionalLogs,sudden_drift_00,500,150.0,"[np.float64(560.75), np.float64(1022.8333333333334)]","[500, 1000]",1.0,41.791666666666686,00:00:00,0.5144694999908097,0.0003429796666605398
Zheng DBSCAN,AdditionalLogs,sudden_drift_00,500,200.0,"[np.float64(560.75), np.float64(1022.8333333333334)]","[500, 1000]",1.0,41.791666666666686,00:00:00,0.5144694999908097,0.0003429796666605398
Zheng DBSCAN,AdditionalLogs,sudden_drift_00,500,250.0,[np.float64(758.7857142857143)],"[500, 1000]",,,00:00:00,0.5144694999908097,0.0003429796666605398
Zheng DBSCAN,Ostovar,Atomic_ConditionalToSequence_output_ConditionalToSequence,800,80.0,"[np.float64(939.6428571428571), np.float64(1944.357142857143)]","[999, 1999]",1.0,57.0,00:00:04,4.722052299999632,0.0015745422807601306
Zheng DBSCAN,Ostovar,Atomic_ConditionalToSequence_output_ConditionalToSequence,800,160.0,"[np.float64(939.6428571428571), np.float64(1944.357142857143)]","[999, 1999]",1.0,57.0,00:00:04,4.722052299999632,0.0015745422807601306
Zheng DBSCAN,Ostovar,Atomic_ConditionalToSequence_output_ConditionalToSequence,800,240.0,"[np.float64(939.6428571428571), np.float64(1944.357142857143)]","[999, 1999]",1.0,57.0,00:00:04,4.722052299999632,0.0015745422807601306
Zheng DBSCAN,Ostovar,Atomic_ConditionalToSequence_output_ConditionalToSequence,800,320.0,"[np.float64(939.6428571428571), np.float64(1944.357142857143)]","[999, 1999]",1.0,57.0,00:00:04,4.722052299999632,0.0015745422807601306
Zheng DBSCAN,Ostovar,Atomic_ConditionalToSequence_output_ConditionalToSequence,800,400.0,"[np.float64(939.6428571428571), np.float64(1944.357142857143)]","[999, 1999]",1.0,57.0,00:00:04,4.722052299999632,0.0015745422807601306
Zheng DBSCAN,AdditionalLogs,sudden_drift_09,400,40.0,"[np.float64(520.6666666666666), np.float64(1030.7692307692307), np.float64(1216.5)]","[500, 1000]",0.8,25.717948717948673,00:00:00,0.32209090000833385,0.00021472726667222256
Zheng DBSCAN,AdditionalLogs,sudden_drift_09,400,80.0,"[np.float64(520.6666666666666), np.float64(1030.7692307692307), np.float64(1216.5)]","[500, 1000]",0.8,25.717948717948673,00:00:00,0.32209090000833385,0.00021472726667222256
Zheng DBSCAN,AdditionalLogs,sudden_drift_09,400,120.0,"[np.float64(520.6666666666666), np.float64(1055.5333333333333)]","[500, 1000]",1.0,38.099999999999966,00:00:00,0.32209090000833385,0.00021472726667222256
Zheng DBSCAN,AdditionalLogs,sudden_drift_09,400,160.0,"[np.float64(520.6666666666666), np.float64(1055.5333333333333)]","[500, 1000]",1.0,38.099999999999966,00:00:00,0.32209090000833385,0.00021472726667222256
Zheng DBSCAN,AdditionalLogs,sudden_drift_09,400,200.0,"[np.float64(520.6666666666666), np.float64(1055.5333333333333)]","[500, 1000]",1.0,38.099999999999966,00:00:00,0.32209090000833385,0.00021472726667222256
Zheng DBSCAN,Ostovar,Atomic_Skip_output_Skip,500,50.0,"[np.float64(919.0), np.float64(1952.0)]","[999, 1999]",1.0,63.5,00:00:04,4.541010900022229,0.0015141750250157484
Zheng DBSCAN,Ostovar,Atomic_Skip_output_Skip,500,100.0,"[np.float64(919.0), np.float64(1952.0)]","[999, 1999]",1.0,63.5,00:00:04,4.541010900022229,0.0015141750250157484
Zheng DBSCAN,Ostovar,Atomic_Skip_output_Skip,500,150.0,"[np.float64(919.0), np.float64(1952.0)]","[999, 1999]",1.0,63.5,00:00:04,4.541010900022229,0.0015141750250157484
Zheng DBSCAN,Ostovar,Atomic_Skip_output_Skip,500,200.0,"[np.float64(919.0), np.float64(1952.0)]","[999, 1999]",1.0,63.5,00:00:04,4.541010900022229,0.0015141750250157484
Zheng DBSCAN,Ostovar,Atomic_Skip_output_Skip,500,250.0,"[np.float64(919.0), np.float64(1952.0)]","[999, 1999]",1.0,63.5,00:00:04,4.541010900022229,0.0015141750250157484
Zheng DBSCAN,Ceravolo,sudden_trace_noise5_1000_IOR,800,80.0,[],[499],,,00:00:00,0.21889980000560172,0.00021889980000560171
Zheng DBSCAN,Ceravolo,sudden_trace_noise5_1000_IOR,800,160.0,[],[499],,,00:00:00,0.21889980000560172,0.00021889980000560171
Zheng DBSCAN,Ceravolo,sudden_trace_noise5_1000_IOR,800,240.0,[],[499],,,00:00:00,0.21889980000560172,0.00021889980000560171
Zheng DBSCAN,Ceravolo,sudden_trace_noise5_1000_IOR,800,320.0,[],[499],,,00:00:00,0.21889980000560172,0.00021889980000560171
Zheng DBSCAN,Ceravolo,sudden_trace_noise5_1000_IOR,800,400.0,[],[499],,,00:00:00,0.21889980000560172,0.00021889980000560171
Zheng DBSCAN,Ostovar,Atomic_ConditionalRemoval_output_ConditionalRemoval_2,800,80.0,[np.float64(1501.0497925311204)],"[999, 1999]",,,00:00:05,5.331017099990277,0.001777598232741006
Zheng DBSCAN,Ostovar,Atomic_ConditionalRemoval_output_ConditionalRemoval_2,800,160.0,[np.float64(1501.0497925311204)],"[999, 1999]",,,00:00:05,5.331017099990277,0.001777598232741006
Zheng DBSCAN,Ostovar,Atomic_ConditionalRemoval_output_ConditionalRemoval_2,800,240.0,[np.float64(1501.0497925311204)],"[999, 1999]",,,00:00:05,5.331017099990277,0.001777598232741006
Zheng DBSCAN,Ostovar,Atomic_ConditionalRemoval_output_ConditionalRemoval_2,800,320.0,[np.float64(1501.0497925311204)],"[999, 1999]",,,00:00:05,5.331017099990277,0.001777598232741006
Zheng DBSCAN,Ostovar,Atomic_ConditionalRemoval_output_ConditionalRemoval_2,800,400.0,[np.float64(1501.0497925311204)],"[999, 1999]",,,00:00:05,5.331017099990277,0.001777598232741006
Zheng DBSCAN,Ceravolo,sudden_trace_noise15_1000_cf,500,50.0,[],[499],,,00:00:00,0.18559179999283515,0.00018559179999283514
Zheng DBSCAN,Ceravolo,sudden_trace_noise15_1000_cf,500,100.0,[],[499],,,00:00:00,0.18559179999283515,0.00018559179999283514
Zheng DBSCAN,Ceravolo,sudden_trace_noise15_1000_cf,500,150.0,[],[499],,,00:00:00,0.18559179999283515,0.00018559179999283514
Zheng DBSCAN,Ceravolo,sudden_trace_noise15_1000_cf,500,200.0,[],[499],,,00:00:00,0.18559179999283515,0.00018559179999283514
Zheng DBSCAN,Ceravolo,sudden_trace_noise15_1000_cf,500,250.0,[],[499],,,00:00:00,0.18559179999283515,0.00018559179999283514
Zheng DBSCAN,AdditionalLogs,gradual_drift_01,700,70.0,"[np.float64(753.3333333333334), np.float64(952.0), np.float64(1117.0), np.float64(1268.6666666666667), np.float64(1384.0)]","[500, 1000]",0.28571428571428575,48.0,00:00:00,0.5239063999906648,0.0003742188571361891
Zheng DBSCAN,AdditionalLogs,gradual_drift_01,700,140.0,[np.float64(976.4545454545455)],"[500, 1000]",0.6666666666666666,23.545454545454504,00:00:00,0.5239063999906648,0.0003742188571361891
Zheng DBSCAN,AdditionalLogs,gradual_drift_01,700,210.0,[np.float64(892.0769230769231)],"[500, 1000]",0.6666666666666666,107.9230769230769,00:00:00,0.5239063999906648,0.0003742188571361891
Zheng DBSCAN,AdditionalLogs,gradual_drift_01,700,280.0,[np.float64(892.0769230769231)],"[500, 1000]",0.6666666666666666,107.9230769230769,00:00:00,0.5239063999906648,0.0003742188571361891
Zheng DBSCAN,AdditionalLogs,gradual_drift_01,700,350.0,[np.float64(892.0769230769231)],"[500, 1000]",0.6666666666666666,107.9230769230769,00:00:00,0.5239063999906648,0.0003742188571361891
Zheng DBSCAN,Ceravolo,sudden_trace_noise5_1000_ROI,800,80.0,[],[499],,,00:00:00,0.19245250002131797,0.00019245250002131796
Zheng DBSCAN,Ceravolo,sudden_trace_noise5_1000_ROI,800,160.0,[],[499],,,00:00:00,0.19245250002131797,0.00019245250002131796
Zheng DBSCAN,Ceravolo,sudden_trace_noise5_1000_ROI,800,240.0,[],[499],,,00:00:00,0.19245250002131797,0.00019245250002131796
Zheng DBSCAN,Ceravolo,sudden_trace_noise5_1000_ROI,800,320.0,[],[499],,,00:00:00,0.19245250002131797,0.00019245250002131796
Zheng DBSCAN,Ceravolo,sudden_trace_noise5_1000_ROI,800,400.0,[],[499],,,00:00:00,0.19245250002131797,0.00019245250002131796
Zheng DBSCAN,AdditionalLogs,recurring_drift_02,300,30.0,"[np.float64(330.0), np.float64(754.7555555555556), np.float64(1169.75), np.float64(1213.0), np.float64(1283.8333333333333), np.float64(1397.2), np.float64(1487.0)]","[500, 1000]",0.4444444444444445,169.875,00:00:00,0.5731573999801185,0.000382104933320079
Zheng DBSCAN,AdditionalLogs,recurring_drift_02,300,60.0,[np.float64(810.4935897435897)],"[500, 1000]",0.6666666666666666,189.50641025641028,00:00:00,0.5731573999801185,0.000382104933320079
Zheng DBSCAN,AdditionalLogs,recurring_drift_02,300,90.0,[np.float64(773.3454545454546)],"[500, 1000]",,,00:00:00,0.5731573999801185,0.000382104933320079
Zheng DBSCAN,AdditionalLogs,recurring_drift_02,300,120.0,[np.float64(773.3454545454546)],"[500, 1000]",,,00:00:00,0.5731573999801185,0.000382104933320079
Zheng DBSCAN,AdditionalLogs,recurring_drift_02,300,150.0,[np.float64(773.3454545454546)],"[500, 1000]",,,00:00:00,0.5731573999801185,0.000382104933320079
Zheng DBSCAN,Ostovar,Nested_RIO_output_RIO_5,300,30.0,[np.float64(1489.237854251012)],"[999, 1999]",,,00:00:07,7.024294700007886,0.0023422123041039965
Zheng DBSCAN,Ostovar,Nested_RIO_output_RIO_5,300,60.0,[np.float64(1489.237854251012)],"[999, 1999]",,,00:00:07,7.024294700007886,0.0023422123041039965
Zheng DBSCAN,Ostovar,Nested_RIO_output_RIO_5,300,90.0,[np.float64(1489.237854251012)],"[999, 1999]",,,00:00:07,7.024294700007886,0.0023422123041039965
Zheng DBSCAN,Ostovar,Nested_RIO_output_RIO_5,300,120.0,[np.float64(1489.237854251012)],"[999, 1999]",,,00:00:07,7.024294700007886,0.0023422123041039965
Zheng DBSCAN,Ostovar,Nested_RIO_output_RIO_5,300,150.0,[np.float64(1489.237854251012)],"[999, 1999]",,,00:00:07,7.024294700007886,0.0023422123041039965
Zheng DBSCAN,Ostovar,Nested_IRO_output_IRO,700,70.0,"[np.float64(873.0625), np.float64(1891.3684210526317)]","[999, 1999]",1.0,116.78453947368416,00:00:06,6.256101000006311,0.0020860623541201434
Zheng DBSCAN,Ostovar,Nested_IRO_output_IRO,700,140.0,"[np.float64(873.0625), np.float64(1891.3684210526317)]","[999, 1999]",1.0,116.78453947368416,00:00:06,6.256101000006311,0.0020860623541201434
Zheng DBSCAN,Ostovar,Nested_IRO_output_IRO,700,210.0,"[np.float64(873.0625), np.float64(1891.3684210526317)]","[999, 1999]",1.0,116.78453947368416,00:00:06,6.256101000006311,0.0020860623541201434
Zheng DBSCAN,Ostovar,Nested_IRO_output_IRO,700,280.0,"[np.float64(873.0625), np.float64(1891.3684210526317)]","[999, 1999]",1.0,116.78453947368416,00:00:06,6.256101000006311,0.0020860623541201434
Zheng DBSCAN,Ostovar,Nested_IRO_output_IRO,700,350.0,"[np.float64(873.0625), np.float64(1891.3684210526317)]","[999, 1999]",1.0,116.78453947368416,00:00:06,6.256101000006311,0.0020860623541201434
Zheng DBSCAN,Ceravolo,sudden_trace_noise15_1000_IOR,700,70.0,[],[499],,,00:00:00,0.20059880000189878,0.00020059880000189878
Zheng DBSCAN,Ceravolo,sudden_trace_noise15_1000_IOR,700,140.0,[],[499],,,00:00:00,0.20059880000189878,0.00020059880000189878
Zheng DBSCAN,Ceravolo,sudden_trace_noise15_1000_IOR,700,210.0,[],[499],,,00:00:00,0.20059880000189878,0.00020059880000189878
Zheng DBSCAN,Ceravolo,sudden_trace_noise15_1000_IOR,700,280.0,[],[499],,,00:00:00,0.20059880000189878,0.00020059880000189878
Zheng DBSCAN,Ceravolo,sudden_trace_noise15_1000_IOR,700,350.0,[],[499],,,00:00:00,0.20059880000189878,0.00020059880000189878
Zheng DBSCAN,Ostovar,Composite_OIR_output_OIR_5,500,50.0,[np.float64(1496.951093951094)],"[999, 1999]",,,00:00:05,5.678659900004277,0.0018935178059367379
Zheng DBSCAN,Ostovar,Composite_OIR_output_OIR_5,500,100.0,[np.float64(1496.951093951094)],"[999, 1999]",,,00:00:05,5.678659900004277,0.0018935178059367379
Zheng DBSCAN,Ostovar,Composite_OIR_output_OIR_5,500,150.0,[np.float64(1496.951093951094)],"[999, 1999]",,,00:00:05,5.678659900004277,0.0018935178059367379
Zheng DBSCAN,Ostovar,Composite_OIR_output_OIR_5,500,200.0,[np.float64(1496.951093951094)],"[999, 1999]",,,00:00:05,5.678659900004277,0.0018935178059367379
Zheng DBSCAN,Ostovar,Composite_OIR_output_OIR_5,500,250.0,[np.float64(1496.951093951094)],"[999, 1999]",,,00:00:05,5.678659900004277,0.0018935178059367379
Zheng DBSCAN,Ostovar,Atomic_SerialMove_output_SerialMove_5,800,80.0,[np.float64(1517.4218867924528)],"[999, 1999]",,,00:00:06,6.168017799995141,0.002056691497164102
Zheng DBSCAN,Ostovar,Atomic_SerialMove_output_SerialMove_5,800,160.0,[np.float64(1517.4218867924528)],"[999, 1999]",,,00:00:06,6.168017799995141,0.002056691497164102
Zheng DBSCAN,Ostovar,Atomic_SerialMove_output_SerialMove_5,800,240.0,[np.float64(1517.4218867924528)],"[999, 1999]",,,00:00:06,6.168017799995141,0.002056691497164102
Zheng DBSCAN,Ostovar,Atomic_SerialMove_output_SerialMove_5,800,320.0,[np.float64(1517.4218867924528)],"[999, 1999]",,,00:00:06,6.168017799995141,0.002056691497164102
Zheng DBSCAN,Ostovar,Atomic_SerialMove_output_SerialMove_5,800,400.0,[np.float64(1517.4218867924528)],"[999, 1999]",,,00:00:06,6.168017799995141,0.002056691497164102
Zheng DBSCAN,Ceravolo,sudden_trace_noise10_1000_cf,400,40.0,[np.float64(447.0)],[499],1.0,52.0,00:00:00,0.19163070002105087,0.00019163070002105087
Zheng DBSCAN,Ceravolo,sudden_trace_noise10_1000_cf,400,80.0,[np.float64(447.0)],[499],1.0,52.0,00:00:00,0.19163070002105087,0.00019163070002105087
Zheng DBSCAN,Ceravolo,sudden_trace_noise10_1000_cf,400,120.0,[np.float64(447.0)],[499],1.0,52.0,00:00:00,0.19163070002105087,0.00019163070002105087
Zheng DBSCAN,Ceravolo,sudden_trace_noise10_1000_cf,400,160.0,[np.float64(447.0)],[499],1.0,52.0,00:00:00,0.19163070002105087,0.00019163070002105087
Zheng DBSCAN,Ceravolo,sudden_trace_noise10_1000_cf,400,200.0,[np.float64(447.0)],[499],1.0,52.0,00:00:00,0.19163070002105087,0.00019163070002105087
Zheng DBSCAN,Ceravolo,sudden_trace_noise5_1000_rp,600,60.0,[],[499],,,00:00:00,0.2116542000148911,0.0002116542000148911
Zheng DBSCAN,Ceravolo,sudden_trace_noise5_1000_rp,600,120.0,[],[499],,,00:00:00,0.2116542000148911,0.0002116542000148911
Zheng DBSCAN,Ceravolo,sudden_trace_noise5_1000_rp,600,180.0,[],[499],,,00:00:00,0.2116542000148911,0.0002116542000148911
Zheng DBSCAN,Ceravolo,sudden_trace_noise5_1000_rp,600,240.0,[],[499],,,00:00:00,0.2116542000148911,0.0002116542000148911
Zheng DBSCAN,Ceravolo,sudden_trace_noise5_1000_rp,600,300.0,[],[499],,,00:00:00,0.2116542000148911,0.0002116542000148911
Zheng DBSCAN,Ceravolo,sudden_trace_noise0_1000_re,800,80.0,[],[499],,,00:00:00,0.17029359997832216,0.00017029359997832217
Zheng DBSCAN,Ceravolo,sudden_trace_noise0_1000_re,800,160.0,[],[499],,,00:00:00,0.17029359997832216,0.00017029359997832217
Zheng DBSCAN,Ceravolo,sudden_trace_noise0_1000_re,800,240.0,[],[499],,,00:00:00,0.17029359997832216,0.00017029359997832217
Zheng DBSCAN,Ceravolo,sudden_trace_noise0_1000_re,800,320.0,[],[499],,,00:00:00,0.17029359997832216,0.00017029359997832217
Zheng DBSCAN,Ceravolo,sudden_trace_noise0_1000_re,800,400.0,[],[499],,,00:00:00,0.17029359997832216,0.00017029359997832217
Zheng DBSCAN,Ostovar,Atomic_ParallelToSequence_output_ParallelToSequence_2,500,50.0,[np.float64(1523.300163132137)],"[999, 1999]",,,00:00:05,5.506537399982335,0.0018361245081634995
Zheng DBSCAN,Ostovar,Atomic_ParallelToSequence_output_ParallelToSequence_2,500,100.0,[np.float64(1523.300163132137)],"[999, 1999]",,,00:00:05,5.506537399982335,0.0018361245081634995
Zheng DBSCAN,Ostovar,Atomic_ParallelToSequence_output_ParallelToSequence_2,500,150.0,[np.float64(1523.300163132137)],"[999, 1999]",,,00:00:05,5.506537399982335,0.0018361245081634995
Zheng DBSCAN,Ostovar,Atomic_ParallelToSequence_output_ParallelToSequence_2,500,200.0,[np.float64(1523.300163132137)],"[999, 1999]",,,00:00:05,5.506537399982335,0.0018361245081634995
Zheng DBSCAN,Ostovar,Atomic_ParallelToSequence_output_ParallelToSequence_2,500,250.0,[np.float64(1523.300163132137)],"[999, 1999]",,,00:00:05,5.506537399982335,0.0018361245081634995
Zheng DBSCAN,Ostovar,Atomic_Substitute_output_Substitute_5,700,70.0,[np.float64(1504.199558173785)],"[999, 1999]",,,00:00:05,5.729186500015203,0.0019103656218790272
Zheng DBSCAN,Ostovar,Atomic_Substitute_output_Substitute_5,700,140.0,[np.float64(1504.199558173785)],"[999, 1999]",,,00:00:05,5.729186500015203,0.0019103656218790272
Zheng DBSCAN,Ostovar,Atomic_Substitute_output_Substitute_5,700,210.0,[np.float64(1504.199558173785)],"[999, 1999]",,,00:00:05,5.729186500015203,0.0019103656218790272
Zheng DBSCAN,Ostovar,Atomic_Substitute_output_Substitute_5,700,280.0,[np.float64(1504.199558173785)],"[999, 1999]",,,00:00:05,5.729186500015203,0.0019103656218790272
Zheng DBSCAN,Ostovar,Atomic_Substitute_output_Substitute_5,700,350.0,[np.float64(1504.199558173785)],"[999, 1999]",,,00:00:05,5.729186500015203,0.0019103656218790272
Zheng DBSCAN,Ceravolo,sudden_trace_noise0_1000_IOR,300,30.0,[np.float64(449.5)],[499],1.0,49.5,00:00:00,0.21631580000394024,0.00021631580000394023
Zheng DBSCAN,Ceravolo,sudden_trace_noise0_1000_IOR,300,60.0,[np.float64(449.5)],[499],1.0,49.5,00:00:00,0.21631580000394024,0.00021631580000394023
Zheng DBSCAN,Ceravolo,sudden_trace_noise0_1000_IOR,300,90.0,[np.float64(449.5)],[499],1.0,49.5,00:00:00,0.21631580000394024,0.00021631580000394023
Zheng DBSCAN,Ceravolo,sudden_trace_noise0_1000_IOR,300,120.0,[np.float64(449.5)],[499],1.0,49.5,00:00:00,0.21631580000394024,0.00021631580000394023
Zheng DBSCAN,Ceravolo,sudden_trace_noise0_1000_IOR,300,150.0,[np.float64(449.5)],[499],1.0,49.5,00:00:00,0.21631580000394024,0.00021631580000394023
Zheng DBSCAN,Ceravolo,sudden_trace_noise5_1000_cf,500,50.0,[],[499],,,00:00:00,0.17346200000611134,0.00017346200000611134
Zheng DBSCAN,Ceravolo,sudden_trace_noise5_1000_cf,500,100.0,[],[499],,,00:00:00,0.17346200000611134,0.00017346200000611134
Zheng DBSCAN,Ceravolo,sudden_trace_noise5_1000_cf,500,150.0,[],[499],,,00:00:00,0.17346200000611134,0.00017346200000611134
Zheng DBSCAN,Ceravolo,sudden_trace_noise5_1000_cf,500,200.0,[],[499],,,00:00:00,0.17346200000611134,0.00017346200000611134
Zheng DBSCAN,Ceravolo,sudden_trace_noise5_1000_cf,500,250.0,[],[499],,,00:00:00,0.17346200000611134,0.00017346200000611134
Zheng DBSCAN,Ostovar,Atomic_ParallelRemoval_output_ParallelRemoval_5,600,60.0,[np.float64(1507.5438108484007)],"[999, 1999]",,,00:00:05,5.340874899993651,0.0017808852617518009
Zheng DBSCAN,Ostovar,Atomic_ParallelRemoval_output_ParallelRemoval_5,600,120.0,[np.float64(1507.5438108484007)],"[999, 1999]",,,00:00:05,5.340874899993651,0.0017808852617518009
Zheng DBSCAN,Ostovar,Atomic_ParallelRemoval_output_ParallelRemoval_5,600,180.0,[np.float64(1507.5438108484007)],"[999, 1999]",,,00:00:05,5.340874899993651,0.0017808852617518009
Zheng DBSCAN,Ostovar,Atomic_ParallelRemoval_output_ParallelRemoval_5,600,240.0,[np.float64(1507.5438108484007)],"[999, 1999]",,,00:00:05,5.340874899993651,0.0017808852617518009
Zheng DBSCAN,Ostovar,Atomic_ParallelRemoval_output_ParallelRemoval_5,600,300.0,[np.float64(1507.5438108484007)],"[999, 1999]",,,00:00:05,5.340874899993651,0.0017808852617518009
Zheng DBSCAN,Ceravolo,sudden_trace_noise10_1000_sw,500,50.0,[],[499],,,00:00:00,0.19386080000549555,0.00019386080000549554
Zheng DBSCAN,Ceravolo,sudden_trace_noise10_1000_sw,500,100.0,[],[499],,,00:00:00,0.19386080000549555,0.00019386080000549554
Zheng DBSCAN,Ceravolo,sudden_trace_noise10_1000_sw,500,150.0,[],[499],,,00:00:00,0.19386080000549555,0.00019386080000549554
Zheng DBSCAN,Ceravolo,sudden_trace_noise10_1000_sw,500,200.0,[],[499],,,00:00:00,0.19386080000549555,0.00019386080000549554
Zheng DBSCAN,Ceravolo,sudden_trace_noise10_1000_sw,500,250.0,[],[499],,,00:00:00,0.19386080000549555,0.00019386080000549554
Zheng DBSCAN,Ceravolo,sudden_trace_noise5_1000_RIO,800,80.0,[],[499],,,00:00:00,0.19327710001380183,0.00019327710001380182
Zheng DBSCAN,Ceravolo,sudden_trace_noise5_1000_RIO,800,160.0,[],[499],,,00:00:00,0.19327710001380183,0.00019327710001380182
Zheng DBSCAN,Ceravolo,sudden_trace_noise5_1000_RIO,800,240.0,[],[499],,,00:00:00,0.19327710001380183,0.00019327710001380182
Zheng DBSCAN,Ceravolo,sudden_trace_noise5_1000_RIO,800,320.0,[],[499],,,00:00:00,0.19327710001380183,0.00019327710001380182
Zheng DBSCAN,Ceravolo,sudden_trace_noise5_1000_RIO,800,400.0,[],[499],,,00:00:00,0.19327710001380183,0.00019327710001380182
Zheng DBSCAN,Ostovar,Atomic_Skip_output_Skip_5,300,30.0,[np.float64(1482.7276243093922)],"[999, 1999]",,,00:00:05,5.282788799988339,0.0017615167722535307
Zheng DBSCAN,Ostovar,Atomic_Skip_output_Skip_5,300,60.0,[np.float64(1482.7276243093922)],"[999, 1999]",,,00:00:05,5.282788799988339,0.0017615167722535307
Zheng DBSCAN,Ostovar,Atomic_Skip_output_Skip_5,300,90.0,[np.float64(1482.7276243093922)],"[999, 1999]",,,00:00:05,5.282788799988339,0.0017615167722535307
Zheng DBSCAN,Ostovar,Atomic_Skip_output_Skip_5,300,120.0,[np.float64(1482.7276243093922)],"[999, 1999]",,,00:00:05,5.282788799988339,0.0017615167722535307
Zheng DBSCAN,Ostovar,Atomic_Skip_output_Skip_5,300,150.0,[np.float64(1482.7276243093922)],"[999, 1999]",,,00:00:05,5.282788799988339,0.0017615167722535307
Zheng DBSCAN,AdditionalLogs,recurring_drift_04,600,60.0,"[np.float64(633.5), np.float64(825.2857142857143), np.float64(1088.8333333333333), np.float64(1277.0), np.float64(1475.0)]","[500, 1000]",0.5714285714285715,111.16666666666663,00:00:00,0.46274600000469945,0.0003084973333364663
Zheng DBSCAN,AdditionalLogs,recurring_drift_04,600,120.0,"[np.float64(633.5), np.float64(825.2857142857143), np.float64(1088.8333333333333), np.float64(1277.0), np.float64(1475.0)]","[500, 1000]",0.5714285714285715,111.16666666666663,00:00:00,0.46274600000469945,0.0003084973333364663
Zheng DBSCAN,AdditionalLogs,recurring_drift_04,600,180.0,"[np.float64(744.48), np.float64(1475.0)]","[500, 1000]",,,00:00:00,0.46274600000469945,0.0003084973333364663
Zheng DBSCAN,AdditionalLogs,recurring_drift_04,600,240.0,[np.float64(772.5769230769231)],"[500, 1000]",,,00:00:00,0.46274600000469945,0.0003084973333364663
Zheng DBSCAN,AdditionalLogs,recurring_drift_04,600,300.0,[np.float64(772.5769230769231)],"[500, 1000]",,,00:00:00,0.46274600000469945,0.0003084973333364663
Zheng DBSCAN,Ostovar,Atomic_ConditionalRemoval_output_ConditionalRemoval_2,700,70.0,[np.float64(1501.358925143954)],"[999, 1999]",,,00:00:05,5.135681000014301,0.0017124644881674896
Zheng DBSCAN,Ostovar,Atomic_ConditionalRemoval_output_ConditionalRemoval_2,700,140.0,[np.float64(1501.358925143954)],"[999, 1999]",,,00:00:05,5.135681000014301,0.0017124644881674896
Zheng DBSCAN,Ostovar,Atomic_ConditionalRemoval_output_ConditionalRemoval_2,700,210.0,[np.float64(1501.358925143954)],"[999, 1999]",,,00:00:05,5.135681000014301,0.0017124644881674896
Zheng DBSCAN,Ostovar,Atomic_ConditionalRemoval_output_ConditionalRemoval_2,700,280.0,[np.float64(1501.358925143954)],"[999, 1999]",,,00:00:05,5.135681000014301,0.0017124644881674896
Zheng DBSCAN,Ostovar,Atomic_ConditionalRemoval_output_ConditionalRemoval_2,700,350.0,[np.float64(1501.358925143954)],"[999, 1999]",,,00:00:05,5.135681000014301,0.0017124644881674896
Zheng DBSCAN,Ostovar,Nested_ORI_output_ORI_5,800,80.0,[np.float64(1520.3110181311017)],"[999, 1999]",,,00:00:06,6.717723700014176,0.0022399878959700487
Zheng DBSCAN,Ostovar,Nested_ORI_output_ORI_5,800,160.0,[np.float64(1520.3110181311017)],"[999, 1999]",,,00:00:06,6.717723700014176,0.0022399878959700487
Zheng DBSCAN,Ostovar,Nested_ORI_output_ORI_5,800,240.0,[np.float64(1520.3110181311017)],"[999, 1999]",,,00:00:06,6.717723700014176,0.0022399878959700487
Zheng DBSCAN,Ostovar,Nested_ORI_output_ORI_5,800,320.0,[np.float64(1520.3110181311017)],"[999, 1999]",,,00:00:06,6.717723700014176,0.0022399878959700487
Zheng DBSCAN,Ostovar,Nested_ORI_output_ORI_5,800,400.0,[np.float64(1520.3110181311017)],"[999, 1999]",,,00:00:06,6.717723700014176,0.0022399878959700487
Zheng DBSCAN,AdditionalLogs,sudden_drift_07,700,70.0,"[np.float64(913.0), np.float64(1033.4285714285713), np.float64(1324.0)]","[500, 1000]",0.4,33.42857142857133,00:00:00,0.3745161000115331,0.00024967740000768877
Zheng DBSCAN,AdditionalLogs,sudden_drift_07,700,140.0,"[np.float64(1018.375), np.float64(1324.0)]","[500, 1000]",0.5,18.375,00:00:00,0.3745161000115331,0.00024967740000768877
Zheng DBSCAN,AdditionalLogs,sudden_drift_07,700,210.0,"[np.float64(1018.375), np.float64(1324.0)]","[500, 1000]",0.5,18.375,00:00:00,0.3745161000115331,0.00024967740000768877
Zheng DBSCAN,AdditionalLogs,sudden_drift_07,700,280.0,[np.float64(1052.3333333333333)],"[500, 1000]",0.6666666666666666,52.33333333333326,00:00:00,0.3745161000115331,0.00024967740000768877
Zheng DBSCAN,AdditionalLogs,sudden_drift_07,700,350.0,[np.float64(1052.3333333333333)],"[500, 1000]",0.6666666666666666,52.33333333333326,00:00:00,0.3745161000115331,0.00024967740000768877
Zheng DBSCAN,Ceravolo,sudden_trace_noise0_1000_cp,600,60.0,[],[499],,,00:00:00,0.1846748999960255,0.0001846748999960255
Zheng DBSCAN,Ceravolo,sudden_trace_noise0_1000_cp,600,120.0,[],[499],,,00:00:00,0.1846748999960255,0.0001846748999960255
Zheng DBSCAN,Ceravolo,sudden_trace_noise0_1000_cp,600,180.0,[],[499],,,00:00:00,0.1846748999960255,0.0001846748999960255
Zheng DBSCAN,Ceravolo,sudden_trace_noise0_1000_cp,600,240.0,[],[499],,,00:00:00,0.1846748999960255,0.0001846748999960255
Zheng DBSCAN,Ceravolo,sudden_trace_noise0_1000_cp,600,300.0,[],[499],,,00:00:00,0.1846748999960255,0.0001846748999960255
Zheng DBSCAN,AdditionalLogs,gradual_drift_08,600,60.0,"[np.float64(787.5), np.float64(956.9444444444445), np.float64(1143.0), np.float64(1239.0), np.float64(1348.0)]","[500, 1000]",0.28571428571428575,43.05555555555554,00:00:00,0.6413029999821447,0.00045807357141581763
Zheng DBSCAN,AdditionalLogs,gradual_drift_08,600,120.0,[np.float64(694.6)],"[500, 1000]",0.6666666666666666,194.60000000000002,00:00:00,0.6413029999821447,0.00045807357141581763
Zheng DBSCAN,AdditionalLogs,gradual_drift_08,600,180.0,[np.float64(694.6)],"[500, 1000]",0.6666666666666666,194.60000000000002,00:00:00,0.6413029999821447,0.00045807357141581763
Zheng DBSCAN,AdditionalLogs,gradual_drift_08,600,240.0,[np.float64(694.6)],"[500, 1000]",0.6666666666666666,194.60000000000002,00:00:00,0.6413029999821447,0.00045807357141581763
Zheng DBSCAN,AdditionalLogs,gradual_drift_08,600,300.0,[np.float64(694.6)],"[500, 1000]",0.6666666666666666,194.60000000000002,00:00:00,0.6413029999821447,0.00045807357141581763
Zheng DBSCAN,Ostovar,Atomic_Swap_output_Swap_2,800,80.0,[np.float64(1490.9712586719525)],"[999, 1999]",,,00:00:05,5.462392500019632,0.0018214046348848391
Zheng DBSCAN,Ostovar,Atomic_Swap_output_Swap_2,800,160.0,[np.float64(1490.9712586719525)],"[999, 1999]",,,00:00:05,5.462392500019632,0.0018214046348848391
Zheng DBSCAN,Ostovar,Atomic_Swap_output_Swap_2,800,240.0,[np.float64(1490.9712586719525)],"[999, 1999]",,,00:00:05,5.462392500019632,0.0018214046348848391
Zheng DBSCAN,Ostovar,Atomic_Swap_output_Swap_2,800,320.0,[np.float64(1490.9712586719525)],"[999, 1999]",,,00:00:05,5.462392500019632,0.0018214046348848391
Zheng DBSCAN,Ostovar,Atomic_Swap_output_Swap_2,800,400.0,[np.float64(1490.9712586719525)],"[999, 1999]",,,00:00:05,5.462392500019632,0.0018214046348848391
Zheng DBSCAN,Ostovar,Atomic_SerialMove_output_SerialMove,300,30.0,"[np.float64(933.5), np.float64(1939.375)]","[999, 1999]",1.0,62.5625,00:00:05,5.0697589999763295,0.0016904831610457917
Zheng DBSCAN,Ostovar,Atomic_SerialMove_output_SerialMove,300,60.0,"[np.float64(933.5), np.float64(1939.375)]","[999, 1999]",1.0,62.5625,00:00:05,5.0697589999763295,0.0016904831610457917
Zheng DBSCAN,Ostovar,Atomic_SerialMove_output_SerialMove,300,90.0,"[np.float64(933.5), np.float64(1939.375)]","[999, 1999]",1.0,62.5625,00:00:05,5.0697589999763295,0.0016904831610457917
Zheng DBSCAN,Ostovar,Atomic_SerialMove_output_SerialMove,300,120.0,"[np.float64(933.5), np.float64(1939.375)]","[999, 1999]",1.0,62.5625,00:00:05,5.0697589999763295,0.0016904831610457917
Zheng DBSCAN,Ostovar,Atomic_SerialMove_output_SerialMove,300,150.0,"[np.float64(933.5), np.float64(1939.375)]","[999, 1999]",1.0,62.5625,00:00:05,5.0697589999763295,0.0016904831610457917
Zheng DBSCAN,AdditionalLogs,sudden_drift_07,300,30.0,"[np.float64(360.0), np.float64(498.2), np.float64(567.0), np.float64(913.0), np.float64(973.0), np.float64(1033.4285714285713), np.float64(1324.0)]","[500, 1000]",0.4444444444444445,14.400000000000006,00:00:00,0.34873259998857975,0.0002324883999923865
Zheng DBSCAN,AdditionalLogs,sudden_drift_07,300,60.0,"[np.float64(360.0), np.float64(509.6666666666667), np.float64(1013.3333333333334), np.float64(1324.0)]","[500, 1000]",0.6666666666666666,11.500000000000028,00:00:00,0.34873259998857975,0.0002324883999923865
Zheng DBSCAN,AdditionalLogs,sudden_drift_07,300,90.0,"[np.float64(360.0), np.float64(509.6666666666667), np.float64(1013.3333333333334), np.float64(1324.0)]","[500, 1000]",0.6666666666666666,11.500000000000028,00:00:00,0.34873259998857975,0.0002324883999923865
Zheng DBSCAN,AdditionalLogs,sudden_drift_07,300,120.0,"[np.float64(488.2857142857143), np.float64(1013.3333333333334), np.float64(1324.0)]","[500, 1000]",0.8,12.523809523809547,00:00:00,0.34873259998857975,0.0002324883999923865
Zheng DBSCAN,AdditionalLogs,sudden_drift_07,300,150.0,"[np.float64(488.2857142857143), np.float64(1013.3333333333334), np.float64(1324.0)]","[500, 1000]",0.8,12.523809523809547,00:00:00,0.34873259998857975,0.0002324883999923865
Zheng DBSCAN,Ostovar,Atomic_ParallelRemoval_output_ParallelRemoval_2,700,70.0,[np.float64(1505.6709233791748)],"[999, 1999]",,,00:00:05,5.4517794999992475,0.0018178657885959478
Zheng DBSCAN,Ostovar,Atomic_ParallelRemoval_output_ParallelRemoval_2,700,140.0,[np.float64(1505.6709233791748)],"[999, 1999]",,,00:00:05,5.4517794999992475,0.0018178657885959478
Zheng DBSCAN,Ostovar,Atomic_ParallelRemoval_output_ParallelRemoval_2,700,210.0,[np.float64(1505.6709233791748)],"[999, 1999]",,,00:00:05,5.4517794999992475,0.0018178657885959478
Zheng DBSCAN,Ostovar,Atomic_ParallelRemoval_output_ParallelRemoval_2,700,280.0,[np.float64(1505.6709233791748)],"[999, 1999]",,,00:00:05,5.4517794999992475,0.0018178657885959478
Zheng DBSCAN,Ostovar,Atomic_ParallelRemoval_output_ParallelRemoval_2,700,350.0,[np.float64(1505.6709233791748)],"[999, 1999]",,,00:00:05,5.4517794999992475,0.0018178657885959478
Zheng DBSCAN,Ostovar,Nested_IOR_output_IOR,700,70.0,"[np.float64(880.0588235294117), np.float64(1699.0), np.float64(1896.0625)]","[999, 1999]",0.8,110.93933823529414,00:00:05,5.627006100025028,0.0018762941313854712
Zheng DBSCAN,Ostovar,Nested_IOR_output_IOR,700,140.0,"[np.float64(880.0588235294117), np.float64(1884.4705882352941)]","[999, 1999]",1.0,116.73529411764707,00:00:05,5.627006100025028,0.0018762941313854712
Zheng DBSCAN,Ostovar,Nested_IOR_output_IOR,700,210.0,"[np.float64(880.0588235294117), np.float64(1884.4705882352941)]","[999, 1999]",1.0,116.73529411764707,00:00:05,5.627006100025028,0.0018762941313854712
Zheng DBSCAN,Ostovar,Nested_IOR_output_IOR,700,280.0,"[np.float64(880.0588235294117), np.float64(1884.4705882352941)]","[999, 1999]",1.0,116.73529411764707,00:00:05,5.627006100025028,0.0018762941313854712
Zheng DBSCAN,Ostovar,Nested_IOR_output_IOR,700,350.0,"[np.float64(880.0588235294117), np.float64(1884.4705882352941)]","[999, 1999]",1.0,116.73529411764707,00:00:05,5.627006100025028,0.0018762941313854712
Zheng DBSCAN,Ceravolo,sudden_trace_noise15_1000_cp,800,80.0,[],[499],,,00:00:00,0.19957259998773225,0.00019957259998773226
Zheng DBSCAN,Ceravolo,sudden_trace_noise15_1000_cp,800,160.0,[],[499],,,00:00:00,0.19957259998773225,0.00019957259998773226
Zheng DBSCAN,Ceravolo,sudden_trace_noise15_1000_cp,800,240.0,[],[499],,,00:00:00,0.19957259998773225,0.00019957259998773226
Zheng DBSCAN,Ceravolo,sudden_trace_noise15_1000_cp,800,320.0,[],[499],,,00:00:00,0.19957259998773225,0.00019957259998773226
Zheng DBSCAN,Ceravolo,sudden_trace_noise15_1000_cp,800,400.0,[],[499],,,00:00:00,0.19957259998773225,0.00019957259998773226
Zheng DBSCAN,Ceravolo,sudden_trace_noise0_1000_cf,500,50.0,[],[499],,,00:00:00,0.18959309998899698,0.00018959309998899698
Zheng DBSCAN,Ceravolo,sudden_trace_noise0_1000_cf,500,100.0,[],[499],,,00:00:00,0.18959309998899698,0.00018959309998899698
Zheng DBSCAN,Ceravolo,sudden_trace_noise0_1000_cf,500,150.0,[],[499],,,00:00:00,0.18959309998899698,0.00018959309998899698
Zheng DBSCAN,Ceravolo,sudden_trace_noise0_1000_cf,500,200.0,[],[499],,,00:00:00,0.18959309998899698,0.00018959309998899698
Zheng DBSCAN,Ceravolo,sudden_trace_noise0_1000_cf,500,250.0,[],[499],,,00:00:00,0.18959309998899698,0.00018959309998899698
Zheng DBSCAN,Ceravolo,sudden_trace_noise20_1000_cb,300,30.0,[np.float64(451.0)],[499],1.0,48.0,00:00:00,0.2010506999795325,0.00020105069997953252
Zheng DBSCAN,Ceravolo,sudden_trace_noise20_1000_cb,300,60.0,[np.float64(451.0)],[499],1.0,48.0,00:00:00,0.2010506999795325,0.00020105069997953252
Zheng DBSCAN,Ceravolo,sudden_trace_noise20_1000_cb,300,90.0,[np.float64(451.0)],[499],1.0,48.0,00:00:00,0.2010506999795325,0.00020105069997953252
Zheng DBSCAN,Ceravolo,sudden_trace_noise20_1000_cb,300,120.0,[np.float64(451.0)],[499],1.0,48.0,00:00:00,0.2010506999795325,0.00020105069997953252
Zheng DBSCAN,Ceravolo,sudden_trace_noise20_1000_cb,300,150.0,[np.float64(451.0)],[499],1.0,48.0,00:00:00,0.2010506999795325,0.00020105069997953252
Zheng DBSCAN,Ceravolo,sudden_trace_noise5_1000_IOR,300,30.0,[np.float64(449.5)],[499],1.0,49.5,00:00:00,0.22282779999659397,0.00022282779999659397
Zheng DBSCAN,Ceravolo,sudden_trace_noise5_1000_IOR,300,60.0,[np.float64(449.5)],[499],1.0,49.5,00:00:00,0.22282779999659397,0.00022282779999659397
Zheng DBSCAN,Ceravolo,sudden_trace_noise5_1000_IOR,300,90.0,[np.float64(449.5)],[499],1.0,49.5,00:00:00,0.22282779999659397,0.00022282779999659397
Zheng DBSCAN,Ceravolo,sudden_trace_noise5_1000_IOR,300,120.0,[np.float64(449.5)],[499],1.0,49.5,00:00:00,0.22282779999659397,0.00022282779999659397
Zheng DBSCAN,Ceravolo,sudden_trace_noise5_1000_IOR,300,150.0,[np.float64(449.5)],[499],1.0,49.5,00:00:00,0.22282779999659397,0.00022282779999659397
Zheng DBSCAN,Ostovar,Composite_OIR_output_OIR_2,500,50.0,[np.float64(1488.4772914946325)],"[999, 1999]",,,00:00:06,6.11924810000346,0.002040429509837766
Zheng DBSCAN,Ostovar,Composite_OIR_output_OIR_2,500,100.0,[np.float64(1488.4772914946325)],"[999, 1999]",,,00:00:06,6.11924810000346,0.002040429509837766
Zheng DBSCAN,Ostovar,Composite_OIR_output_OIR_2,500,150.0,[np.float64(1488.4772914946325)],"[999, 1999]",,,00:00:06,6.11924810000346,0.002040429509837766
Zheng DBSCAN,Ostovar,Composite_OIR_output_OIR_2,500,200.0,[np.float64(1488.4772914946325)],"[999, 1999]",,,00:00:06,6.11924810000346,0.002040429509837766
Zheng DBSCAN,Ostovar,Composite_OIR_output_OIR_2,500,250.0,[np.float64(1488.4772914946325)],"[999, 1999]",,,00:00:06,6.11924810000346,0.002040429509837766
Zheng DBSCAN,Ostovar,Nested_OIR_output_OIR_5,800,80.0,[np.float64(1494.1055389221558)],"[999, 1999]",,,00:00:06,6.654930500022601,0.0022190498499575196
Zheng DBSCAN,Ostovar,Nested_OIR_output_OIR_5,800,160.0,[np.float64(1494.1055389221558)],"[999, 1999]",,,00:00:06,6.654930500022601,0.0022190498499575196
Zheng DBSCAN,Ostovar,Nested_OIR_output_OIR_5,800,240.0,[np.float64(1494.1055389221558)],"[999, 1999]",,,00:00:06,6.654930500022601,0.0022190498499575196
Zheng DBSCAN,Ostovar,Nested_OIR_output_OIR_5,800,320.0,[np.float64(1494.1055389221558)],"[999, 1999]",,,00:00:06,6.654930500022601,0.0022190498499575196
Zheng DBSCAN,Ostovar,Nested_OIR_output_OIR_5,800,400.0,[np.float64(1494.1055389221558)],"[999, 1999]",,,00:00:06,6.654930500022601,0.0022190498499575196
Zheng DBSCAN,Ostovar,Nested_ORI_output_ORI_2,500,50.0,[np.float64(1490.643736422882)],"[999, 1999]",,,00:00:06,6.4402275000174996,0.0021474583194456484
Zheng DBSCAN,Ostovar,Nested_ORI_output_ORI_2,500,100.0,[np.float64(1490.643736422882)],"[999, 1999]",,,00:00:06,6.4402275000174996,0.0021474583194456484
Zheng DBSCAN,Ostovar,Nested_ORI_output_ORI_2,500,150.0,[np.float64(1490.643736422882)],"[999, 1999]",,,00:00:06,6.4402275000174996,0.0021474583194456484
Zheng DBSCAN,Ostovar,Nested_ORI_output_ORI_2,500,200.0,[np.float64(1490.643736422882)],"[999, 1999]",,,00:00:06,6.4402275000174996,0.0021474583194456484
Zheng DBSCAN,Ostovar,Nested_ORI_output_ORI_2,500,250.0,[np.float64(1490.643736422882)],"[999, 1999]",,,00:00:06,6.4402275000174996,0.0021474583194456484
Zheng DBSCAN,Ostovar,Nested_OIR_output_OIR_2,800,80.0,[np.float64(1485.803451581975)],"[999, 1999]",,,00:00:06,6.511094599991338,0.0021710885628513964
Zheng DBSCAN,Ostovar,Nested_OIR_output_OIR_2,800,160.0,[np.float64(1485.803451581975)],"[999, 1999]",,,00:00:06,6.511094599991338,0.0021710885628513964
Zheng DBSCAN,Ostovar,Nested_OIR_output_OIR_2,800,240.0,[np.float64(1485.803451581975)],"[999, 1999]",,,00:00:06,6.511094599991338,0.0021710885628513964
Zheng DBSCAN,Ostovar,Nested_OIR_output_OIR_2,800,320.0,[np.float64(1485.803451581975)],"[999, 1999]",,,00:00:06,6.511094599991338,0.0021710885628513964
Zheng DBSCAN,Ostovar,Nested_OIR_output_OIR_2,800,400.0,[np.float64(1485.803451581975)],"[999, 1999]",,,00:00:06,6.511094599991338,0.0021710885628513964
Zheng DBSCAN,AdditionalLogs,recurring_drift_02,700,70.0,"[np.float64(729.2), np.float64(995.0), np.float64(1167.0), np.float64(1263.5)]","[500, 1000]",0.3333333333333333,5.0,00:00:00,0.5545969000086188,0.00036973126667241255
Zheng DBSCAN,AdditionalLogs,recurring_drift_02,700,140.0,"[np.float64(739.4230769230769), np.float64(1231.3333333333333)]","[500, 1000]",,,00:00:00,0.5545969000086188,0.00036973126667241255
Zheng DBSCAN,AdditionalLogs,recurring_drift_02,700,210.0,[np.float64(790.3103448275862)],"[500, 1000]",,,00:00:00,0.5545969000086188,0.00036973126667241255
Zheng DBSCAN,AdditionalLogs,recurring_drift_02,700,280.0,[np.float64(790.3103448275862)],"[500, 1000]",,,00:00:00,0.5545969000086188,0.00036973126667241255
Zheng DBSCAN,AdditionalLogs,recurring_drift_02,700,350.0,[np.float64(748.3225806451613)],"[500, 1000]",,,00:00:00,0.5545969000086188,0.00036973126667241255
Zheng DBSCAN,Ceravolo,sudden_trace_noise20_1000_pm,800,80.0,[],[499],,,00:00:00,0.19612550002057105,0.00019612550002057105
Zheng DBSCAN,Ceravolo,sudden_trace_noise20_1000_pm,800,160.0,[],[499],,,00:00:00,0.19612550002057105,0.00019612550002057105
Zheng DBSCAN,Ceravolo,sudden_trace_noise20_1000_pm,800,240.0,[],[499],,,00:00:00,0.19612550002057105,0.00019612550002057105
Zheng DBSCAN,Ceravolo,sudden_trace_noise20_1000_pm,800,320.0,[],[499],,,00:00:00,0.19612550002057105,0.00019612550002057105
Zheng DBSCAN,Ceravolo,sudden_trace_noise20_1000_pm,800,400.0,[],[499],,,00:00:00,0.19612550002057105,0.00019612550002057105
Zheng DBSCAN,AdditionalLogs,recurring_drift_06,500,50.0,"[np.float64(530.8571428571429), np.float64(693.0), np.float64(838.5), np.float64(975.0), np.float64(1231.0), np.float64(1401.0)]","[500, 1000]",0.5,27.928571428571445,00:00:00,0.8098780000000261,0.000539918666666684
Zheng DBSCAN,AdditionalLogs,recurring_drift_06,500,100.0,"[np.float64(589.8181818181819), np.float64(947.7), np.float64(1231.0), np.float64(1401.0)]","[500, 1000]",0.6666666666666666,71.05909090909091,00:00:00,0.8098780000000261,0.000539918666666684
Zheng DBSCAN,AdditionalLogs,recurring_drift_06,500,150.0,"[np.float64(760.2380952380952), np.float64(1231.0), np.float64(1401.0)]","[500, 1000]",,,00:00:00,0.8098780000000261,0.000539918666666684
Zheng DBSCAN,AdditionalLogs,recurring_drift_06,500,200.0,"[np.float64(760.2380952380952), np.float64(1316.0)]","[500, 1000]",,,00:00:00,0.8098780000000261,0.000539918666666684
Zheng DBSCAN,AdditionalLogs,recurring_drift_06,500,250.0,[np.float64(808.5652173913044)],"[500, 1000]",0.6666666666666666,191.43478260869563,00:00:00,0.8098780000000261,0.000539918666666684
Zheng DBSCAN,Ostovar,Composite_IOR_output_IOR_2,700,70.0,[np.float64(1496.978021978022)],"[999, 1999]",,,00:00:04,4.79356980000739,0.0015983893964679526
Zheng DBSCAN,Ostovar,Composite_IOR_output_IOR_2,700,140.0,[np.float64(1496.978021978022)],"[999, 1999]",,,00:00:04,4.79356980000739,0.0015983893964679526
Zheng DBSCAN,Ostovar,Composite_IOR_output_IOR_2,700,210.0,[np.float64(1496.978021978022)],"[999, 1999]",,,00:00:04,4.79356980000739,0.0015983893964679526
Zheng DBSCAN,Ostovar,Composite_IOR_output_IOR_2,700,280.0,[np.float64(1496.978021978022)],"[999, 1999]",,,00:00:04,4.79356980000739,0.0015983893964679526
Zheng DBSCAN,Ostovar,Composite_IOR_output_IOR_2,700,350.0,[np.float64(1496.978021978022)],"[999, 1999]",,,00:00:04,4.79356980000739,0.0015983893964679526
Zheng DBSCAN,AdditionalLogs,sudden_drift_07,400,40.0,"[np.float64(498.2), np.float64(567.0), np.float64(913.0), np.float64(1025.875), np.float64(1324.0)]","[500, 1000]",0.5714285714285715,13.837500000000006,00:00:00,0.35357969999313354,0.00023571979999542238
Zheng DBSCAN,AdditionalLogs,sudden_drift_07,400,80.0,"[np.float64(509.6666666666667), np.float64(1013.3333333333334), np.float64(1324.0)]","[500, 1000]",0.8,11.500000000000028,00:00:00,0.35357969999313354,0.00023571979999542238
Zheng DBSCAN,AdditionalLogs,sudden_drift_07,400,120.0,"[np.float64(509.6666666666667), np.float64(1013.3333333333334), np.float64(1324.0)]","[500, 1000]",0.8,11.500000000000028,00:00:00,0.35357969999313354,0.00023571979999542238
Zheng DBSCAN,AdditionalLogs,sudden_drift_07,400,160.0,"[np.float64(509.6666666666667), np.float64(1013.3333333333334), np.float64(1324.0)]","[500, 1000]",0.8,11.500000000000028,00:00:00,0.35357969999313354,0.00023571979999542238
Zheng DBSCAN,AdditionalLogs,sudden_drift_07,400,200.0,"[np.float64(509.6666666666667), np.float64(1013.3333333333334), np.float64(1324.0)]","[500, 1000]",0.8,11.500000000000028,00:00:00,0.35357969999313354,0.00023571979999542238
Zheng DBSCAN,Ostovar,Atomic_Swap_output_Swap_5,600,60.0,[np.float64(1498.3983516483515)],"[999, 1999]",,,00:00:05,5.144816500018351,0.0017155106702295268
Zheng DBSCAN,Ostovar,Atomic_Swap_output_Swap_5,600,120.0,[np.float64(1498.3983516483515)],"[999, 1999]",,,00:00:05,5.144816500018351,0.0017155106702295268
Zheng DBSCAN,Ostovar,Atomic_Swap_output_Swap_5,600,180.0,[np.float64(1498.3983516483515)],"[999, 1999]",,,00:00:05,5.144816500018351,0.0017155106702295268
Zheng DBSCAN,Ostovar,Atomic_Swap_output_Swap_5,600,240.0,[np.float64(1498.3983516483515)],"[999, 1999]",,,00:00:05,5.144816500018351,0.0017155106702295268
Zheng DBSCAN,Ostovar,Atomic_Swap_output_Swap_5,600,300.0,[np.float64(1498.3983516483515)],"[999, 1999]",,,00:00:05,5.144816500018351,0.0017155106702295268
Zheng DBSCAN,Ceravolo,sudden_trace_noise0_1000_ROI,500,50.0,[],[499],,,00:00:00,0.2165707999956794,0.0002165707999956794
Zheng DBSCAN,Ceravolo,sudden_trace_noise0_1000_ROI,500,100.0,[],[499],,,00:00:00,0.2165707999956794,0.0002165707999956794
Zheng DBSCAN,Ceravolo,sudden_trace_noise0_1000_ROI,500,150.0,[],[499],,,00:00:00,0.2165707999956794,0.0002165707999956794
Zheng DBSCAN,Ceravolo,sudden_trace_noise0_1000_ROI,500,200.0,[],[499],,,00:00:00,0.2165707999956794,0.0002165707999956794
Zheng DBSCAN,Ceravolo,sudden_trace_noise0_1000_ROI,500,250.0,[],[499],,,00:00:00,0.2165707999956794,0.0002165707999956794
Zheng DBSCAN,Ceravolo,sudden_trace_noise10_1000_OIR,600,60.0,[],[499],,,00:00:00,0.267642299993895,0.00026764229999389497
Zheng DBSCAN,Ceravolo,sudden_trace_noise10_1000_OIR,600,120.0,[],[499],,,00:00:00,0.267642299993895,0.00026764229999389497
Zheng DBSCAN,Ceravolo,sudden_trace_noise10_1000_OIR,600,180.0,[],[499],,,00:00:00,0.267642299993895,0.00026764229999389497
Zheng DBSCAN,Ceravolo,sudden_trace_noise10_1000_OIR,600,240.0,[],[499],,,00:00:00,0.267642299993895,0.00026764229999389497
Zheng DBSCAN,Ceravolo,sudden_trace_noise10_1000_OIR,600,300.0,[],[499],,,00:00:00,0.267642299993895,0.00026764229999389497
Zheng DBSCAN,Ceravolo,sudden_trace_noise10_1000_re,500,50.0,[],[499],,,00:00:00,0.23493549998966046,0.00023493549998966046
Zheng DBSCAN,Ceravolo,sudden_trace_noise10_1000_re,500,100.0,[],[499],,,00:00:00,0.23493549998966046,0.00023493549998966046
Zheng DBSCAN,Ceravolo,sudden_trace_noise10_1000_re,500,150.0,[],[499],,,00:00:00,0.23493549998966046,0.00023493549998966046
Zheng DBSCAN,Ceravolo,sudden_trace_noise10_1000_re,500,200.0,[],[499],,,00:00:00,0.23493549998966046,0.00023493549998966046
Zheng DBSCAN,Ceravolo,sudden_trace_noise10_1000_re,500,250.0,[],[499],,,00:00:00,0.23493549998966046,0.00023493549998966046
Zheng DBSCAN,Ostovar,Atomic_Substitute_output_Substitute,500,50.0,"[np.float64(928.375), np.float64(1937.7142857142858)]","[999, 1999]",1.0,65.95535714285711,00:00:04,4.330862900009379,0.0014441023341144978
Zheng DBSCAN,Ostovar,Atomic_Substitute_output_Substitute,500,100.0,"[np.float64(928.375), np.float64(1937.7142857142858)]","[999, 1999]",1.0,65.95535714285711,00:00:04,4.330862900009379,0.0014441023341144978
Zheng DBSCAN,Ostovar,Atomic_Substitute_output_Substitute,500,150.0,"[np.float64(928.375), np.float64(1937.7142857142858)]","[999, 1999]",1.0,65.95535714285711,00:00:04,4.330862900009379,0.0014441023341144978
Zheng DBSCAN,Ostovar,Atomic_Substitute_output_Substitute,500,200.0,"[np.float64(928.375), np.float64(1937.7142857142858)]","[999, 1999]",1.0,65.95535714285711,00:00:04,4.330862900009379,0.0014441023341144978
Zheng DBSCAN,Ostovar,Atomic_Substitute_output_Substitute,500,250.0,"[np.float64(928.375), np.float64(1937.7142857142858)]","[999, 1999]",1.0,65.95535714285711,00:00:04,4.330862900009379,0.0014441023341144978
Zheng DBSCAN,Ostovar,Composite_ORI_output_ORI_5,800,80.0,[np.float64(1507.1706435285612)],"[999, 1999]",,,00:00:05,5.988037600007374,0.0019966780927000247
Zheng DBSCAN,Ostovar,Composite_ORI_output_ORI_5,800,160.0,[np.float64(1507.1706435285612)],"[999, 1999]",,,00:00:05,5.988037600007374,0.0019966780927000247
Zheng DBSCAN,Ostovar,Composite_ORI_output_ORI_5,800,240.0,[np.float64(1507.1706435285612)],"[999, 1999]",,,00:00:05,5.988037600007374,0.0019966780927000247
Zheng DBSCAN,Ostovar,Composite_ORI_output_ORI_5,800,320.0,[np.float64(1507.1706435285612)],"[999, 1999]",,,00:00:05,5.988037600007374,0.0019966780927000247
Zheng DBSCAN,Ostovar,Composite_ORI_output_ORI_5,800,400.0,[np.float64(1507.1706435285612)],"[999, 1999]",,,00:00:05,5.988037600007374,0.0019966780927000247
Zheng DBSCAN,Ostovar,Nested_RIO_output_RIO_2,400,40.0,[np.float64(1506.9495081967214)],"[999, 1999]",,,00:00:06,6.718228300014744,0.0022401561520555995
Zheng DBSCAN,Ostovar,Nested_RIO_output_RIO_2,400,80.0,[np.float64(1506.9495081967214)],"[999, 1999]",,,00:00:06,6.718228300014744,0.0022401561520555995
Zheng DBSCAN,Ostovar,Nested_RIO_output_RIO_2,400,120.0,[np.float64(1506.9495081967214)],"[999, 1999]",,,00:00:06,6.718228300014744,0.0022401561520555995
Zheng DBSCAN,Ostovar,Nested_RIO_output_RIO_2,400,160.0,[np.float64(1506.9495081967214)],"[999, 1999]",,,00:00:06,6.718228300014744,0.0022401561520555995
Zheng DBSCAN,Ostovar,Nested_RIO_output_RIO_2,400,200.0,[np.float64(1506.9495081967214)],"[999, 1999]",,,00:00:06,6.718228300014744,0.0022401561520555995
Zheng DBSCAN,Ostovar,Nested_IOR_output_IOR_2,500,50.0,[np.float64(1497.4358799454296)],"[999, 1999]",,,00:00:06,6.6955289999896195,0.0022325871957284494
Zheng DBSCAN,Ostovar,Nested_IOR_output_IOR_2,500,100.0,[np.float64(1497.4358799454296)],"[999, 1999]",,,00:00:06,6.6955289999896195,0.0022325871957284494
Zheng DBSCAN,Ostovar,Nested_IOR_output_IOR_2,500,150.0,[np.float64(1497.4358799454296)],"[999, 1999]",,,00:00:06,6.6955289999896195,0.0022325871957284494
Zheng DBSCAN,Ostovar,Nested_IOR_output_IOR_2,500,200.0,[np.float64(1497.4358799454296)],"[999, 1999]",,,00:00:06,6.6955289999896195,0.0022325871957284494
Zheng DBSCAN,Ostovar,Nested_IOR_output_IOR_2,500,250.0,[np.float64(1497.4358799454296)],"[999, 1999]",,,00:00:06,6.6955289999896195,0.0022325871957284494
Zheng DBSCAN,Ostovar,Nested_OIR_output_OIR,400,40.0,"[np.float64(935.5), np.float64(1935.25)]","[999, 1999]",1.0,63.625,00:00:05,5.057333500008099,0.0016863399466515835
Zheng DBSCAN,Ostovar,Nested_OIR_output_OIR,400,80.0,"[np.float64(935.5), np.float64(1935.25)]","[999, 1999]",1.0,63.625,00:00:05,5.057333500008099,0.0016863399466515835
Zheng DBSCAN,Ostovar,Nested_OIR_output_OIR,400,120.0,"[np.float64(935.5), np.float64(1935.25)]","[999, 1999]",1.0,63.625,00:00:05,5.057333500008099,0.0016863399466515835
Zheng DBSCAN,Ostovar,Nested_OIR_output_OIR,400,160.0,"[np.float64(935.5), np.float64(1935.25)]","[999, 1999]",1.0,63.625,00:00:05,5.057333500008099,0.0016863399466515835
Zheng DBSCAN,Ostovar,Nested_OIR_output_OIR,400,200.0,"[np.float64(935.5), np.float64(1935.25)]","[999, 1999]",1.0,63.625,00:00:05,5.057333500008099,0.0016863399466515835
Zheng DBSCAN,Ceravolo,sudden_trace_noise5_1000_lp,700,70.0,[],[499],,,00:00:00,0.180802400020184,0.000180802400020184
Zheng DBSCAN,Ceravolo,sudden_trace_noise5_1000_lp,700,140.0,[],[499],,,00:00:00,0.180802400020184,0.000180802400020184
Zheng DBSCAN,Ceravolo,sudden_trace_noise5_1000_lp,700,210.0,[],[499],,,00:00:00,0.180802400020184,0.000180802400020184
Zheng DBSCAN,Ceravolo,sudden_trace_noise5_1000_lp,700,280.0,[],[499],,,00:00:00,0.180802400020184,0.000180802400020184
Zheng DBSCAN,Ceravolo,sudden_trace_noise5_1000_lp,700,350.0,[],[499],,,00:00:00,0.180802400020184,0.000180802400020184
Zheng DBSCAN,AdditionalLogs,gradual_drift_00,400,40.0,"[np.float64(434.0), np.float64(498.6666666666667), np.float64(699.0), np.float64(938.125), np.float64(1206.0)]","[500, 1000]",0.5714285714285715,31.604166666666657,00:00:00,0.3939105000172276,0.0002813646428694483
Zheng DBSCAN,AdditionalLogs,gradual_drift_00,400,80.0,"[np.float64(461.7142857142857), np.float64(699.0), np.float64(938.125), np.float64(1206.0)]","[500, 1000]",0.6666666666666666,50.08035714285714,00:00:00,0.3939105000172276,0.0002813646428694483
Zheng DBSCAN,AdditionalLogs,gradual_drift_00,400,120.0,"[np.float64(461.7142857142857), np.float64(699.0), np.float64(938.125), np.float64(1206.0)]","[500, 1000]",0.6666666666666666,50.08035714285714,00:00:00,0.3939105000172276,0.0002813646428694483
Zheng DBSCAN,AdditionalLogs,gradual_drift_00,400,160.0,"[np.float64(461.7142857142857), np.float64(699.0), np.float64(938.125), np.float64(1206.0)]","[500, 1000]",0.6666666666666666,50.08035714285714,00:00:00,0.3939105000172276,0.0002813646428694483
Zheng DBSCAN,AdditionalLogs,gradual_drift_00,400,200.0,"[np.float64(491.375), np.float64(938.125), np.float64(1206.0)]","[500, 1000]",0.8,35.25,00:00:00,0.3939105000172276,0.0002813646428694483
Zheng DBSCAN,Ostovar,Atomic_SerialRemoval_output_SerialRemoval,600,60.0,"[np.float64(938.25), np.float64(1935.5)]","[999, 1999]",1.0,62.125,00:00:04,4.248924499988789,0.001416780426805198
Zheng DBSCAN,Ostovar,Atomic_SerialRemoval_output_SerialRemoval,600,120.0,"[np.float64(938.25), np.float64(1935.5)]","[999, 1999]",1.0,62.125,00:00:04,4.248924499988789,0.001416780426805198
Zheng DBSCAN,Ostovar,Atomic_SerialRemoval_output_SerialRemoval,600,180.0,"[np.float64(938.25), np.float64(1935.5)]","[999, 1999]",1.0,62.125,00:00:04,4.248924499988789,0.001416780426805198
Zheng DBSCAN,Ostovar,Atomic_SerialRemoval_output_SerialRemoval,600,240.0,"[np.float64(938.25), np.float64(1935.5)]","[999, 1999]",1.0,62.125,00:00:04,4.248924499988789,0.001416780426805198
Zheng DBSCAN,Ostovar,Atomic_SerialRemoval_output_SerialRemoval,600,300.0,"[np.float64(938.25), np.float64(1935.5)]","[999, 1999]",1.0,62.125,00:00:04,4.248924499988789,0.001416780426805198
Zheng DBSCAN,Ostovar,Atomic_Skip_output_Skip,300,30.0,"[np.float64(919.0), np.float64(1952.0)]","[999, 1999]",1.0,63.5,00:00:04,4.2948545000108425,0.0014320955318475634
Zheng DBSCAN,Ostovar,Atomic_Skip_output_Skip,300,60.0,"[np.float64(919.0), np.float64(1952.0)]","[999, 1999]",1.0,63.5,00:00:04,4.2948545000108425,0.0014320955318475634
Zheng DBSCAN,Ostovar,Atomic_Skip_output_Skip,300,90.0,"[np.float64(919.0), np.float64(1952.0)]","[999, 1999]",1.0,63.5,00:00:04,4.2948545000108425,0.0014320955318475634
Zheng DBSCAN,Ostovar,Atomic_Skip_output_Skip,300,120.0,"[np.float64(919.0), np.float64(1952.0)]","[999, 1999]",1.0,63.5,00:00:04,4.2948545000108425,0.0014320955318475634
Zheng DBSCAN,Ostovar,Atomic_Skip_output_Skip,300,150.0,"[np.float64(919.0), np.float64(1952.0)]","[999, 1999]",1.0,63.5,00:00:04,4.2948545000108425,0.0014320955318475634
Zheng DBSCAN,Ceravolo,sudden_trace_noise0_1000_IRO,500,50.0,[],[499],,,00:00:00,0.21612330002244562,0.0002161233000224456
Zheng DBSCAN,Ceravolo,sudden_trace_noise0_1000_IRO,500,100.0,[],[499],,,00:00:00,0.21612330002244562,0.0002161233000224456
Zheng DBSCAN,Ceravolo,sudden_trace_noise0_1000_IRO,500,150.0,[],[499],,,00:00:00,0.21612330002244562,0.0002161233000224456
Zheng DBSCAN,Ceravolo,sudden_trace_noise0_1000_IRO,500,200.0,[],[499],,,00:00:00,0.21612330002244562,0.0002161233000224456
Zheng DBSCAN,Ceravolo,sudden_trace_noise0_1000_IRO,500,250.0,[],[499],,,00:00:00,0.21612330002244562,0.0002161233000224456
Zheng DBSCAN,Ostovar,Composite_RIO_output_RIO_2,600,60.0,[np.float64(1497.4435146443514)],"[999, 1999]",,,00:00:06,6.081931699998677,0.0020279865621869544
Zheng DBSCAN,Ostovar,Composite_RIO_output_RIO_2,600,120.0,[np.float64(1497.4435146443514)],"[999, 1999]",,,00:00:06,6.081931699998677,0.0020279865621869544
Zheng DBSCAN,Ostovar,Composite_RIO_output_RIO_2,600,180.0,[np.float64(1497.4435146443514)],"[999, 1999]",,,00:00:06,6.081931699998677,0.0020279865621869544
Zheng DBSCAN,Ostovar,Composite_RIO_output_RIO_2,600,240.0,[np.float64(1497.4435146443514)],"[999, 1999]",,,00:00:06,6.081931699998677,0.0020279865621869544
Zheng DBSCAN,Ostovar,Composite_RIO_output_RIO_2,600,300.0,[np.float64(1497.4435146443514)],"[999, 1999]",,,00:00:06,6.081931699998677,0.0020279865621869544
Zheng DBSCAN,Ostovar,Atomic_Substitute_output_Substitute_5,400,40.0,[np.float64(1500.2090634441088)],"[999, 1999]",,,00:00:05,5.937041600001976,0.0019796737579199654
Zheng DBSCAN,Ostovar,Atomic_Substitute_output_Substitute_5,400,80.0,[np.float64(1500.2090634441088)],"[999, 1999]",,,00:00:05,5.937041600001976,0.0019796737579199654
Zheng DBSCAN,Ostovar,Atomic_Substitute_output_Substitute_5,400,120.0,[np.float64(1500.2090634441088)],"[999, 1999]",,,00:00:05,5.937041600001976,0.0019796737579199654
Zheng DBSCAN,Ostovar,Atomic_Substitute_output_Substitute_5,400,160.0,[np.float64(1500.2090634441088)],"[999, 1999]",,,00:00:05,5.937041600001976,0.0019796737579199654
Zheng DBSCAN,Ostovar,Atomic_Substitute_output_Substitute_5,400,200.0,[np.float64(1500.2090634441088)],"[999, 1999]",,,00:00:05,5.937041600001976,0.0019796737579199654
Zheng DBSCAN,Ostovar,Composite_ORI_output_ORI_2,700,70.0,[np.float64(1516.2681336593316)],"[999, 1999]",,,00:00:05,5.95585349999601,0.00198594648215939
Zheng DBSCAN,Ostovar,Composite_ORI_output_ORI_2,700,140.0,[np.float64(1516.2681336593316)],"[999, 1999]",,,00:00:05,5.95585349999601,0.00198594648215939
Zheng DBSCAN,Ostovar,Composite_ORI_output_ORI_2,700,210.0,[np.float64(1516.2681336593316)],"[999, 1999]",,,00:00:05,5.95585349999601,0.00198594648215939
Zheng DBSCAN,Ostovar,Composite_ORI_output_ORI_2,700,280.0,[np.float64(1516.2681336593316)],"[999, 1999]",,,00:00:05,5.95585349999601,0.00198594648215939
Zheng DBSCAN,Ostovar,Composite_ORI_output_ORI_2,700,350.0,[np.float64(1516.2681336593316)],"[999, 1999]",,,00:00:05,5.95585349999601,0.00198594648215939
Zheng DBSCAN,AdditionalLogs,sudden_drift_09,700,70.0,"[np.float64(1034.0), np.float64(1216.5)]","[500, 1000]",0.5,34.0,00:00:00,0.30620099999941885,0.00020413399999961258
Zheng DBSCAN,AdditionalLogs,sudden_drift_09,700,140.0,[np.float64(1060.0714285714287)],"[500, 1000]",0.6666666666666666,60.07142857142867,00:00:00,0.30620099999941885,0.00020413399999961258
Zheng DBSCAN,AdditionalLogs,sudden_drift_09,700,210.0,[np.float64(1060.0714285714287)],"[500, 1000]",0.6666666666666666,60.07142857142867,00:00:00,0.30620099999941885,0.00020413399999961258
Zheng DBSCAN,AdditionalLogs,sudden_drift_09,700,280.0,[np.float64(1060.0714285714287)],"[500, 1000]",0.6666666666666666,60.07142857142867,00:00:00,0.30620099999941885,0.00020413399999961258
Zheng DBSCAN,AdditionalLogs,sudden_drift_09,700,350.0,[np.float64(1060.0714285714287)],"[500, 1000]",0.6666666666666666,60.07142857142867,00:00:00,0.30620099999941885,0.00020413399999961258
Zheng DBSCAN,AdditionalLogs,sudden_drift_04,500,50.0,"[np.float64(835.75), np.float64(1012.95), np.float64(1186.0), np.float64(1492.0)]","[500, 1000]",0.3333333333333333,12.950000000000045,00:00:00,0.5516648000048008,0.00036777653333653384
Zheng DBSCAN,AdditionalLogs,sudden_drift_04,500,100.0,"[np.float64(991.52), np.float64(1492.0)]","[500, 1000]",0.5,8.480000000000018,00:00:00,0.5516648000048008,0.00036777653333653384
Zheng DBSCAN,AdditionalLogs,sudden_drift_04,500,150.0,"[np.float64(991.52), np.float64(1492.0)]","[500, 1000]",0.5,8.480000000000018,00:00:00,0.5516648000048008,0.00036777653333653384
Zheng DBSCAN,AdditionalLogs,sudden_drift_04,500,200.0,"[np.float64(653.304347826087), np.float64(1492.0)]","[500, 1000]",0.5,153.304347826087,00:00:00,0.5516648000048008,0.00036777653333653384
Zheng DBSCAN,AdditionalLogs,sudden_drift_04,500,250.0,"[np.float64(653.304347826087), np.float64(1492.0)]","[500, 1000]",0.5,153.304347826087,00:00:00,0.5516648000048008,0.00036777653333653384
Zheng DBSCAN,Ostovar,Composite_RIO_output_RIO,400,40.0,"[np.float64(937.1428571428571), np.float64(1939.5)]","[999, 1999]",1.0,60.678571428571445,00:00:04,4.864682499988703,0.001622101533840848
Zheng DBSCAN,Ostovar,Composite_RIO_output_RIO,400,80.0,"[np.float64(937.1428571428571), np.float64(1939.5)]","[999, 1999]",1.0,60.678571428571445,00:00:04,4.864682499988703,0.001622101533840848
Zheng DBSCAN,Ostovar,Composite_RIO_output_RIO,400,120.0,"[np.float64(937.1428571428571), np.float64(1939.5)]","[999, 1999]",1.0,60.678571428571445,00:00:04,4.864682499988703,0.001622101533840848
Zheng DBSCAN,Ostovar,Composite_RIO_output_RIO,400,160.0,"[np.float64(937.1428571428571), np.float64(1939.5)]","[999, 1999]",1.0,60.678571428571445,00:00:04,4.864682499988703,0.001622101533840848
Zheng DBSCAN,Ostovar,Composite_RIO_output_RIO,400,200.0,"[np.float64(937.1428571428571), np.float64(1939.5)]","[999, 1999]",1.0,60.678571428571445,00:00:04,4.864682499988703,0.001622101533840848
Zheng DBSCAN,AdditionalLogs,sudden_drift_08,400,40.0,"[np.float64(547.125), np.float64(715.5), np.float64(822.5), np.float64(995.5), np.float64(1145.0), np.float64(1189.0), np.float64(1263.4), np.float64(1437.125)]","[500, 1000]",0.4,25.8125,00:00:00,0.5102973000030033,0.0003401982000020022
Zheng DBSCAN,AdditionalLogs,sudden_drift_08,400,80.0,[np.float64(875.1827956989247)],"[500, 1000]",0.6666666666666666,124.81720430107532,00:00:00,0.5102973000030033,0.0003401982000020022
Zheng DBSCAN,AdditionalLogs,sudden_drift_08,400,120.0,[np.float64(814.980198019802)],"[500, 1000]",0.6666666666666666,185.01980198019805,00:00:00,0.5102973000030033,0.0003401982000020022
Zheng DBSCAN,AdditionalLogs,sudden_drift_08,400,160.0,[np.float64(814.980198019802)],"[500, 1000]",0.6666666666666666,185.01980198019805,00:00:00,0.5102973000030033,0.0003401982000020022
Zheng DBSCAN,AdditionalLogs,sudden_drift_08,400,200.0,[np.float64(814.980198019802)],"[500, 1000]",0.6666666666666666,185.01980198019805,00:00:00,0.5102973000030033,0.0003401982000020022
Zheng DBSCAN,Ceravolo,sudden_trace_noise15_1000_pl,700,70.0,[],[499],,,00:00:00,0.18120839999755844,0.00018120839999755844
Zheng DBSCAN,Ceravolo,sudden_trace_noise15_1000_pl,700,140.0,[],[499],,,00:00:00,0.18120839999755844,0.00018120839999755844
Zheng DBSCAN,Ceravolo,sudden_trace_noise15_1000_pl,700,210.0,[],[499],,,00:00:00,0.18120839999755844,0.00018120839999755844
Zheng DBSCAN,Ceravolo,sudden_trace_noise15_1000_pl,700,280.0,[],[499],,,00:00:00,0.18120839999755844,0.00018120839999755844
Zheng DBSCAN,Ceravolo,sudden_trace_noise15_1000_pl,700,350.0,[],[499],,,00:00:00,0.18120839999755844,0.00018120839999755844
Zheng DBSCAN,Ostovar,Atomic_Loop_output_Loop,700,70.0,"[np.float64(915.0), np.float64(1954.0)]","[999, 1999]",1.0,64.5,00:00:03,3.8385608999815304,0.0012799469489768358
Zheng DBSCAN,Ostovar,Atomic_Loop_output_Loop,700,140.0,"[np.float64(915.0), np.float64(1954.0)]","[999, 1999]",1.0,64.5,00:00:03,3.8385608999815304,0.0012799469489768358
Zheng DBSCAN,Ostovar,Atomic_Loop_output_Loop,700,210.0,"[np.float64(915.0), np.float64(1954.0)]","[999, 1999]",1.0,64.5,00:00:03,3.8385608999815304,0.0012799469489768358
Zheng DBSCAN,Ostovar,Atomic_Loop_output_Loop,700,280.0,"[np.float64(915.0), np.float64(1954.0)]","[999, 1999]",1.0,64.5,00:00:03,3.8385608999815304,0.0012799469489768358
Zheng DBSCAN,Ostovar,Atomic_Loop_output_Loop,700,350.0,"[np.float64(915.0), np.float64(1954.0)]","[999, 1999]",1.0,64.5,00:00:03,3.8385608999815304,0.0012799469489768358
Zheng DBSCAN,Ceravolo,sudden_trace_noise20_1000_IRO,400,40.0,[np.float64(449.0)],[499],1.0,50.0,00:00:00,0.19839380000485107,0.00019839380000485107
Zheng DBSCAN,Ceravolo,sudden_trace_noise20_1000_IRO,400,80.0,[np.float64(449.0)],[499],1.0,50.0,00:00:00,0.19839380000485107,0.00019839380000485107
Zheng DBSCAN,Ceravolo,sudden_trace_noise20_1000_IRO,400,120.0,[np.float64(449.0)],[499],1.0,50.0,00:00:00,0.19839380000485107,0.00019839380000485107
Zheng DBSCAN,Ceravolo,sudden_trace_noise20_1000_IRO,400,160.0,[np.float64(449.0)],[499],1.0,50.0,00:00:00,0.19839380000485107,0.00019839380000485107
Zheng DBSCAN,Ceravolo,sudden_trace_noise20_1000_IRO,400,200.0,[np.float64(449.0)],[499],1.0,50.0,00:00:00,0.19839380000485107,0.00019839380000485107
Zheng DBSCAN,Ceravolo,sudden_trace_noise5_1000_cp,800,80.0,[],[499],,,00:00:00,0.19392909997259267,0.00019392909997259267
Zheng DBSCAN,Ceravolo,sudden_trace_noise5_1000_cp,800,160.0,[],[499],,,00:00:00,0.19392909997259267,0.00019392909997259267
Zheng DBSCAN,Ceravolo,sudden_trace_noise5_1000_cp,800,240.0,[],[499],,,00:00:00,0.19392909997259267,0.00019392909997259267
Zheng DBSCAN,Ceravolo,sudden_trace_noise5_1000_cp,800,320.0,[],[499],,,00:00:00,0.19392909997259267,0.00019392909997259267
Zheng DBSCAN,Ceravolo,sudden_trace_noise5_1000_cp,800,400.0,[],[499],,,00:00:00,0.19392909997259267,0.00019392909997259267
Zheng DBSCAN,Ceravolo,sudden_trace_noise20_1000_IOR,700,70.0,[],[499],,,00:00:00,0.20260270001017489,0.00020260270001017488
Zheng DBSCAN,Ceravolo,sudden_trace_noise20_1000_IOR,700,140.0,[],[499],,,00:00:00,0.20260270001017489,0.00020260270001017488
Zheng DBSCAN,Ceravolo,sudden_trace_noise20_1000_IOR,700,210.0,[],[499],,,00:00:00,0.20260270001017489,0.00020260270001017488
Zheng DBSCAN,Ceravolo,sudden_trace_noise20_1000_IOR,700,280.0,[],[499],,,00:00:00,0.20260270001017489,0.00020260270001017488
Zheng DBSCAN,Ceravolo,sudden_trace_noise20_1000_IOR,700,350.0,[],[499],,,00:00:00,0.20260270001017489,0.00020260270001017488
Zheng DBSCAN,Ostovar,Composite_ORI_output_ORI,700,70.0,"[np.float64(743.0), np.float64(909.7272727272727), np.float64(1886.0833333333333)]","[999, 1999]",0.8,101.094696969697,00:00:04,4.632138100016164,0.0015445608869677104
Zheng DBSCAN,Ostovar,Composite_ORI_output_ORI,700,140.0,"[np.float64(895.8333333333334), np.float64(1886.0833333333333)]","[999, 1999]",1.0,108.04166666666669,00:00:04,4.632138100016164,0.0015445608869677104
Zheng DBSCAN,Ostovar,Composite_ORI_output_ORI,700,210.0,"[np.float64(895.8333333333334), np.float64(1886.0833333333333)]","[999, 1999]",1.0,108.04166666666669,00:00:04,4.632138100016164,0.0015445608869677104
Zheng DBSCAN,Ostovar,Composite_ORI_output_ORI,700,280.0,"[np.float64(895.8333333333334), np.float64(1886.0833333333333)]","[999, 1999]",1.0,108.04166666666669,00:00:04,4.632138100016164,0.0015445608869677104
Zheng DBSCAN,Ostovar,Composite_ORI_output_ORI,700,350.0,"[np.float64(895.8333333333334), np.float64(1886.0833333333333)]","[999, 1999]",1.0,108.04166666666669,00:00:04,4.632138100016164,0.0015445608869677104
Zheng DBSCAN,Ostovar,Nested_ROI_output_ROI_5,600,60.0,[np.float64(1477.0048109965635)],"[999, 1999]",,,00:00:05,5.35997839999618,0.0017872552184048617
Zheng DBSCAN,Ostovar,Nested_ROI_output_ROI_5,600,120.0,[np.float64(1477.0048109965635)],"[999, 1999]",,,00:00:05,5.35997839999618,0.0017872552184048617
Zheng DBSCAN,Ostovar,Nested_ROI_output_ROI_5,600,180.0,[np.float64(1477.0048109965635)],"[999, 1999]",,,00:00:05,5.35997839999618,0.0017872552184048617
Zheng DBSCAN,Ostovar,Nested_ROI_output_ROI_5,600,240.0,[np.float64(1477.0048109965635)],"[999, 1999]",,,00:00:05,5.35997839999618,0.0017872552184048617
Zheng DBSCAN,Ostovar,Nested_ROI_output_ROI_5,600,300.0,[np.float64(1477.0048109965635)],"[999, 1999]",,,00:00:05,5.35997839999618,0.0017872552184048617
Zheng DBSCAN,Ostovar,Atomic_ConditionalMove_output_ConditionalMove_2,300,30.0,[np.float64(1512.5533333333333)],"[999, 1999]",,,00:00:05,5.932603300025221,0.0019781938312855023
Zheng DBSCAN,Ostovar,Atomic_ConditionalMove_output_ConditionalMove_2,300,60.0,[np.float64(1512.5533333333333)],"[999, 1999]",,,00:00:05,5.932603300025221,0.0019781938312855023
Zheng DBSCAN,Ostovar,Atomic_ConditionalMove_output_ConditionalMove_2,300,90.0,[np.float64(1512.5533333333333)],"[999, 1999]",,,00:00:05,5.932603300025221,0.0019781938312855023
Zheng DBSCAN,Ostovar,Atomic_ConditionalMove_output_ConditionalMove_2,300,120.0,[np.float64(1512.5533333333333)],"[999, 1999]",,,00:00:05,5.932603300025221,0.0019781938312855023
Zheng DBSCAN,Ostovar,Atomic_ConditionalMove_output_ConditionalMove_2,300,150.0,[np.float64(1512.5533333333333)],"[999, 1999]",,,00:00:05,5.932603300025221,0.0019781938312855023
Zheng DBSCAN,Ceravolo,sudden_trace_noise10_1000_re,300,30.0,[np.float64(447.5)],[499],1.0,51.5,00:00:00,0.22319339998648502,0.00022319339998648502
Zheng DBSCAN,Ceravolo,sudden_trace_noise10_1000_re,300,60.0,[np.float64(447.5)],[499],1.0,51.5,00:00:00,0.22319339998648502,0.00022319339998648502
Zheng DBSCAN,Ceravolo,sudden_trace_noise10_1000_re,300,90.0,[np.float64(447.5)],[499],1.0,51.5,00:00:00,0.22319339998648502,0.00022319339998648502
Zheng DBSCAN,Ceravolo,sudden_trace_noise10_1000_re,300,120.0,[np.float64(447.5)],[499],1.0,51.5,00:00:00,0.22319339998648502,0.00022319339998648502
Zheng DBSCAN,Ceravolo,sudden_trace_noise10_1000_re,300,150.0,[np.float64(447.5)],[499],1.0,51.5,00:00:00,0.22319339998648502,0.00022319339998648502
Zheng DBSCAN,Ceravolo,sudden_trace_noise0_1000_IOR,800,80.0,[],[499],,,00:00:00,0.21170020001591183,0.00021170020001591184
Zheng DBSCAN,Ceravolo,sudden_trace_noise0_1000_IOR,800,160.0,[],[499],,,00:00:00,0.21170020001591183,0.00021170020001591184
Zheng DBSCAN,Ceravolo,sudden_trace_noise0_1000_IOR,800,240.0,[],[499],,,00:00:00,0.21170020001591183,0.00021170020001591184
Zheng DBSCAN,Ceravolo,sudden_trace_noise0_1000_IOR,800,320.0,[],[499],,,00:00:00,0.21170020001591183,0.00021170020001591184
Zheng DBSCAN,Ceravolo,sudden_trace_noise0_1000_IOR,800,400.0,[],[499],,,00:00:00,0.21170020001591183,0.00021170020001591184
Zheng DBSCAN,Ostovar,Atomic_ConditionalMove_output_ConditionalMove_5,700,70.0,[np.float64(1496.6246438746439)],"[999, 1999]",,,00:00:06,6.235093700001016,0.0020790575858622927
Zheng DBSCAN,Ostovar,Atomic_ConditionalMove_output_ConditionalMove_5,700,140.0,[np.float64(1496.6246438746439)],"[999, 1999]",,,00:00:06,6.235093700001016,0.0020790575858622927
Zheng DBSCAN,Ostovar,Atomic_ConditionalMove_output_ConditionalMove_5,700,210.0,[np.float64(1496.6246438746439)],"[999, 1999]",,,00:00:06,6.235093700001016,0.0020790575858622927
Zheng DBSCAN,Ostovar,Atomic_ConditionalMove_output_ConditionalMove_5,700,280.0,[np.float64(1496.6246438746439)],"[999, 1999]",,,00:00:06,6.235093700001016,0.0020790575858622927
Zheng DBSCAN,Ostovar,Atomic_ConditionalMove_output_ConditionalMove_5,700,350.0,[np.float64(1496.6246438746439)],"[999, 1999]",,,00:00:06,6.235093700001016,0.0020790575858622927
Zheng DBSCAN,AdditionalLogs,recurring_drift_03,300,30.0,"[np.float64(301.6), np.float64(375.6666666666667), np.float64(453.0), np.float64(502.3333333333333), np.float64(545.0), np.float64(659.4545454545455), np.float64(787.0), np.float64(831.0), np.float64(911.0), np.float64(979.1428571428571), np.float64(1125.5), np.float64(1161.5), np.float64(1228.0), np.float64(1284.0), np.float64(1352.0), np.float64(1406.0)]","[500, 1000]",0.2222222222222222,11.595238095238102,00:00:00,0.4208652999950573,0.00028057686666337154
Zheng DBSCAN,AdditionalLogs,recurring_drift_03,300,60.0,"[np.float64(329.375), np.float64(501.0), np.float64(659.4545454545455), np.float64(809.0), np.float64(970.625), np.float64(1187.7142857142858), np.float64(1370.0)]","[500, 1000]",0.4444444444444445,15.1875,00:00:00,0.4208652999950573,0.00028057686666337154
Zheng DBSCAN,AdditionalLogs,recurring_drift_03,300,90.0,"[np.float64(504.56), np.float64(938.3), np.float64(1242.4)]","[500, 1000]",0.8,33.130000000000024,00:00:00,0.4208652999950573,0.00028057686666337154
Zheng DBSCAN,AdditionalLogs,recurring_drift_03,300,120.0,"[np.float64(628.4857142857143), np.float64(1242.4)]","[500, 1000]",0.5,128.48571428571427,00:00:00,0.4208652999950573,0.00028057686666337154
Zheng DBSCAN,AdditionalLogs,recurring_drift_03,300,150.0,[np.float64(764.9111111111112)],"[500, 1000]",,,00:00:00,0.4208652999950573,0.00028057686666337154
Zheng DBSCAN,Ceravolo,sudden_trace_noise5_1000_IOR,400,40.0,[np.float64(449.5)],[499],1.0,49.5,00:00:00,0.2124935999745503,0.0002124935999745503
Zheng DBSCAN,Ceravolo,sudden_trace_noise5_1000_IOR,400,80.0,[np.float64(449.5)],[499],1.0,49.5,00:00:00,0.2124935999745503,0.0002124935999745503
Zheng DBSCAN,Ceravolo,sudden_trace_noise5_1000_IOR,400,120.0,[np.float64(449.5)],[499],1.0,49.5,00:00:00,0.2124935999745503,0.0002124935999745503
Zheng DBSCAN,Ceravolo,sudden_trace_noise5_1000_IOR,400,160.0,[np.float64(449.5)],[499],1.0,49.5,00:00:00,0.2124935999745503,0.0002124935999745503
Zheng DBSCAN,Ceravolo,sudden_trace_noise5_1000_IOR,400,200.0,[np.float64(449.5)],[499],1.0,49.5,00:00:00,0.2124935999745503,0.0002124935999745503
Zheng DBSCAN,AdditionalLogs,sudden_drift_01,600,60.0,"[np.float64(620.5), np.float64(762.0), np.float64(921.0), np.float64(1007.3333333333334), np.float64(1115.0), np.float64(1254.0)]","[500, 1000]",0.5,63.916666666666686,00:00:00,0.4829570000001695,0.00032197133333344635
Zheng DBSCAN,AdditionalLogs,sudden_drift_01,600,120.0,"[np.float64(762.0), np.float64(1010.0), np.float64(1254.0)]","[500, 1000]",0.4,10.0,00:00:00,0.4829570000001695,0.00032197133333344635
Zheng DBSCAN,AdditionalLogs,sudden_drift_01,600,180.0,[np.float64(671.3846153846154)],"[500, 1000]",0.6666666666666666,171.38461538461536,00:00:00,0.4829570000001695,0.00032197133333344635
Zheng DBSCAN,AdditionalLogs,sudden_drift_01,600,240.0,[np.float64(648.0370370370371)],"[500, 1000]",0.6666666666666666,148.03703703703707,00:00:00,0.4829570000001695,0.00032197133333344635
Zheng DBSCAN,AdditionalLogs,sudden_drift_01,600,300.0,[np.float64(648.0370370370371)],"[500, 1000]",0.6666666666666666,148.03703703703707,00:00:00,0.4829570000001695,0.00032197133333344635
Zheng DBSCAN,Ostovar,Nested_OIR_output_OIR,500,50.0,"[np.float64(935.5), np.float64(1935.25)]","[999, 1999]",1.0,63.625,00:00:05,5.155606999993324,0.001719108702898741
Zheng DBSCAN,Ostovar,Nested_OIR_output_OIR,500,100.0,"[np.float64(935.5), np.float64(1935.25)]","[999, 1999]",1.0,63.625,00:00:05,5.155606999993324,0.001719108702898741
Zheng DBSCAN,Ostovar,Nested_OIR_output_OIR,500,150.0,"[np.float64(935.5), np.float64(1935.25)]","[999, 1999]",1.0,63.625,00:00:05,5.155606999993324,0.001719108702898741
Zheng DBSCAN,Ostovar,Nested_OIR_output_OIR,500,200.0,"[np.float64(935.5), np.float64(1935.25)]","[999, 1999]",1.0,63.625,00:00:05,5.155606999993324,0.001719108702898741
Zheng DBSCAN,Ostovar,Nested_OIR_output_OIR,500,250.0,"[np.float64(935.5), np.float64(1935.25)]","[999, 1999]",1.0,63.625,00:00:05,5.155606999993324,0.001719108702898741
Zheng DBSCAN,Ostovar,Atomic_ConditionalToSequence_output_ConditionalToSequence_2,800,80.0,[np.float64(1503.0305118110236)],"[999, 1999]",,,00:00:05,5.513833000004524,0.0018385571857300847
Zheng DBSCAN,Ostovar,Atomic_ConditionalToSequence_output_ConditionalToSequence_2,800,160.0,[np.float64(1503.0305118110236)],"[999, 1999]",,,00:00:05,5.513833000004524,0.0018385571857300847
Zheng DBSCAN,Ostovar,Atomic_ConditionalToSequence_output_ConditionalToSequence_2,800,240.0,[np.float64(1503.0305118110236)],"[999, 1999]",,,00:00:05,5.513833000004524,0.0018385571857300847
Zheng DBSCAN,Ostovar,Atomic_ConditionalToSequence_output_ConditionalToSequence_2,800,320.0,[np.float64(1503.0305118110236)],"[999, 1999]",,,00:00:05,5.513833000004524,0.0018385571857300847
Zheng DBSCAN,Ostovar,Atomic_ConditionalToSequence_output_ConditionalToSequence_2,800,400.0,[np.float64(1503.0305118110236)],"[999, 1999]",,,00:00:05,5.513833000004524,0.0018385571857300847
Zheng DBSCAN,AdditionalLogs,sudden_drift_06,600,60.0,"[np.float64(842.8), np.float64(1028.5714285714287), np.float64(1219.25), np.float64(1452.0)]","[500, 1000]",0.3333333333333333,28.57142857142867,00:00:01,1.2174141999857966,0.0008116094666571977
Zheng DBSCAN,AdditionalLogs,sudden_drift_06,600,120.0,"[np.float64(1021.3478260869565), np.float64(1452.0)]","[500, 1000]",0.5,21.347826086956502,00:00:01,1.2174141999857966,0.0008116094666571977
Zheng DBSCAN,AdditionalLogs,sudden_drift_06,600,180.0,"[np.float64(1021.3478260869565), np.float64(1452.0)]","[500, 1000]",0.5,21.347826086956502,00:00:01,1.2174141999857966,0.0008116094666571977
Zheng DBSCAN,AdditionalLogs,sudden_drift_06,600,240.0,[np.float64(919.483870967742)],"[500, 1000]",0.6666666666666666,80.51612903225805,00:00:01,1.2174141999857966,0.0008116094666571977
Zheng DBSCAN,AdditionalLogs,sudden_drift_06,600,300.0,[np.float64(919.483870967742)],"[500, 1000]",0.6666666666666666,80.51612903225805,00:00:01,1.2174141999857966,0.0008116094666571977
Zheng DBSCAN,AdditionalLogs,sudden_drift_08,600,60.0,"[np.float64(1027.8387096774193), np.float64(1423.6666666666667)]","[500, 1000]",0.5,27.838709677419274,00:00:00,0.4933191000018269,0.00032887940000121793
Zheng DBSCAN,AdditionalLogs,sudden_drift_08,600,120.0,[np.float64(803.6470588235294)],"[500, 1000]",0.6666666666666666,196.3529411764706,00:00:00,0.4933191000018269,0.00032887940000121793
Zheng DBSCAN,AdditionalLogs,sudden_drift_08,600,180.0,[np.float64(803.6470588235294)],"[500, 1000]",0.6666666666666666,196.3529411764706,00:00:00,0.4933191000018269,0.00032887940000121793
Zheng DBSCAN,AdditionalLogs,sudden_drift_08,600,240.0,[np.float64(803.6470588235294)],"[500, 1000]",0.6666666666666666,196.3529411764706,00:00:00,0.4933191000018269,0.00032887940000121793
Zheng DBSCAN,AdditionalLogs,sudden_drift_08,600,300.0,[np.float64(803.6470588235294)],"[500, 1000]",0.6666666666666666,196.3529411764706,00:00:00,0.4933191000018269,0.00032887940000121793
Zheng DBSCAN,Ostovar,Atomic_ConditionalRemoval_output_ConditionalRemoval_2,500,50.0,[np.float64(1506.1808873720136)],"[999, 1999]",,,00:00:05,5.556932300009066,0.0018529284094728465
Zheng DBSCAN,Ostovar,Atomic_ConditionalRemoval_output_ConditionalRemoval_2,500,100.0,[np.float64(1506.1808873720136)],"[999, 1999]",,,00:00:05,5.556932300009066,0.0018529284094728465
Zheng DBSCAN,Ostovar,Atomic_ConditionalRemoval_output_ConditionalRemoval_2,500,150.0,[np.float64(1506.1808873720136)],"[999, 1999]",,,00:00:05,5.556932300009066,0.0018529284094728465
Zheng DBSCAN,Ostovar,Atomic_ConditionalRemoval_output_ConditionalRemoval_2,500,200.0,[np.float64(1506.1808873720136)],"[999, 1999]",,,00:00:05,5.556932300009066,0.0018529284094728465
Zheng DBSCAN,Ostovar,Atomic_ConditionalRemoval_output_ConditionalRemoval_2,500,250.0,[np.float64(1506.1808873720136)],"[999, 1999]",,,00:00:05,5.556932300009066,0.0018529284094728465
Zheng DBSCAN,AdditionalLogs,recurring_drift_04,800,80.0,[np.float64(1277.0)],"[500, 1000]",,,00:00:00,0.37246280000545084,0.00024830853333696724
Zheng DBSCAN,AdditionalLogs,recurring_drift_04,800,160.0,[np.float64(1277.0)],"[500, 1000]",,,00:00:00,0.37246280000545084,0.00024830853333696724
Zheng DBSCAN,AdditionalLogs,recurring_drift_04,800,240.0,[np.float64(1277.0)],"[500, 1000]",,,00:00:00,0.37246280000545084,0.00024830853333696724
Zheng DBSCAN,AdditionalLogs,recurring_drift_04,800,320.0,[np.float64(1277.0)],"[500, 1000]",,,00:00:00,0.37246280000545084,0.00024830853333696724
Zheng DBSCAN,AdditionalLogs,recurring_drift_04,800,400.0,[np.float64(1277.0)],"[500, 1000]",,,00:00:00,0.37246280000545084,0.00024830853333696724
Zheng DBSCAN,Ceravolo,sudden_trace_noise10_1000_pm,600,60.0,[],[499],,,00:00:00,0.20822809997480363,0.00020822809997480364
Zheng DBSCAN,Ceravolo,sudden_trace_noise10_1000_pm,600,120.0,[],[499],,,00:00:00,0.20822809997480363,0.00020822809997480364
Zheng DBSCAN,Ceravolo,sudden_trace_noise10_1000_pm,600,180.0,[],[499],,,00:00:00,0.20822809997480363,0.00020822809997480364
Zheng DBSCAN,Ceravolo,sudden_trace_noise10_1000_pm,600,240.0,[],[499],,,00:00:00,0.20822809997480363,0.00020822809997480364
Zheng DBSCAN,Ceravolo,sudden_trace_noise10_1000_pm,600,300.0,[],[499],,,00:00:00,0.20822809997480363,0.00020822809997480364
Zheng DBSCAN,Ostovar,Atomic_ParallelMove_output_ParallelMove_2,400,40.0,[np.float64(1500.6681003584229)],"[999, 1999]",,,00:00:06,6.540431599976728,0.0021808708236001092
Zheng DBSCAN,Ostovar,Atomic_ParallelMove_output_ParallelMove_2,400,80.0,[np.float64(1500.6681003584229)],"[999, 1999]",,,00:00:06,6.540431599976728,0.0021808708236001092
Zheng DBSCAN,Ostovar,Atomic_ParallelMove_output_ParallelMove_2,400,120.0,[np.float64(1500.6681003584229)],"[999, 1999]",,,00:00:06,6.540431599976728,0.0021808708236001092
Zheng DBSCAN,Ostovar,Atomic_ParallelMove_output_ParallelMove_2,400,160.0,[np.float64(1500.6681003584229)],"[999, 1999]",,,00:00:06,6.540431599976728,0.0021808708236001092
Zheng DBSCAN,Ostovar,Atomic_ParallelMove_output_ParallelMove_2,400,200.0,[np.float64(1500.6681003584229)],"[999, 1999]",,,00:00:06,6.540431599976728,0.0021808708236001092
Zheng DBSCAN,Ostovar,Nested_OIR_output_OIR_5,600,60.0,[np.float64(1490.065764023211)],"[999, 1999]",,,00:00:07,7.0021394999930635,0.002334824774922662
Zheng DBSCAN,Ostovar,Nested_OIR_output_OIR_5,600,120.0,[np.float64(1490.065764023211)],"[999, 1999]",,,00:00:07,7.0021394999930635,0.002334824774922662
Zheng DBSCAN,Ostovar,Nested_OIR_output_OIR_5,600,180.0,[np.float64(1490.065764023211)],"[999, 1999]",,,00:00:07,7.0021394999930635,0.002334824774922662
Zheng DBSCAN,Ostovar,Nested_OIR_output_OIR_5,600,240.0,[np.float64(1490.065764023211)],"[999, 1999]",,,00:00:07,7.0021394999930635,0.002334824774922662
Zheng DBSCAN,Ostovar,Nested_OIR_output_OIR_5,600,300.0,[np.float64(1490.065764023211)],"[999, 1999]",,,00:00:07,7.0021394999930635,0.002334824774922662
Zheng DBSCAN,Ceravolo,sudden_trace_noise15_1000_ROI,400,40.0,[np.float64(448.5)],[499],1.0,50.5,00:00:00,0.21775219999835826,0.00021775219999835827
Zheng DBSCAN,Ceravolo,sudden_trace_noise15_1000_ROI,400,80.0,[np.float64(448.5)],[499],1.0,50.5,00:00:00,0.21775219999835826,0.00021775219999835827
Zheng DBSCAN,Ceravolo,sudden_trace_noise15_1000_ROI,400,120.0,[np.float64(448.5)],[499],1.0,50.5,00:00:00,0.21775219999835826,0.00021775219999835827
Zheng DBSCAN,Ceravolo,sudden_trace_noise15_1000_ROI,400,160.0,[np.float64(448.5)],[499],1.0,50.5,00:00:00,0.21775219999835826,0.00021775219999835827
Zheng DBSCAN,Ceravolo,sudden_trace_noise15_1000_ROI,400,200.0,[np.float64(448.5)],[499],1.0,50.5,00:00:00,0.21775219999835826,0.00021775219999835827
Zheng DBSCAN,Ceravolo,sudden_trace_noise10_1000_RIO,300,30.0,[np.float64(447.0)],[499],1.0,52.0,00:00:00,0.17896990000735968,0.0001789699000073597
Zheng DBSCAN,Ceravolo,sudden_trace_noise10_1000_RIO,300,60.0,[np.float64(447.0)],[499],1.0,52.0,00:00:00,0.17896990000735968,0.0001789699000073597
Zheng DBSCAN,Ceravolo,sudden_trace_noise10_1000_RIO,300,90.0,[np.float64(447.0)],[499],1.0,52.0,00:00:00,0.17896990000735968,0.0001789699000073597
Zheng DBSCAN,Ceravolo,sudden_trace_noise10_1000_RIO,300,120.0,[np.float64(447.0)],[499],1.0,52.0,00:00:00,0.17896990000735968,0.0001789699000073597
Zheng DBSCAN,Ceravolo,sudden_trace_noise10_1000_RIO,300,150.0,[np.float64(447.0)],[499],1.0,52.0,00:00:00,0.17896990000735968,0.0001789699000073597
Zheng DBSCAN,Ceravolo,sudden_trace_noise10_1000_OIR,300,30.0,[np.float64(448.0)],[499],1.0,51.0,00:00:00,0.22575990000041202,0.00022575990000041202
Zheng DBSCAN,Ceravolo,sudden_trace_noise10_1000_OIR,300,60.0,[np.float64(448.0)],[499],1.0,51.0,00:00:00,0.22575990000041202,0.00022575990000041202
Zheng DBSCAN,Ceravolo,sudden_trace_noise10_1000_OIR,300,90.0,[np.float64(448.0)],[499],1.0,51.0,00:00:00,0.22575990000041202,0.00022575990000041202
Zheng DBSCAN,Ceravolo,sudden_trace_noise10_1000_OIR,300,120.0,[np.float64(448.0)],[499],1.0,51.0,00:00:00,0.22575990000041202,0.00022575990000041202
Zheng DBSCAN,Ceravolo,sudden_trace_noise10_1000_OIR,300,150.0,[np.float64(448.0)],[499],1.0,51.0,00:00:00,0.22575990000041202,0.00022575990000041202
Zheng DBSCAN,Ceravolo,sudden_trace_noise0_1000_rp,400,40.0,[np.float64(449.0)],[499],1.0,50.0,00:00:00,0.23887770000146702,0.00023887770000146703
Zheng DBSCAN,Ceravolo,sudden_trace_noise0_1000_rp,400,80.0,[np.float64(449.0)],[499],1.0,50.0,00:00:00,0.23887770000146702,0.00023887770000146703
Zheng DBSCAN,Ceravolo,sudden_trace_noise0_1000_rp,400,120.0,[np.float64(449.0)],[499],1.0,50.0,00:00:00,0.23887770000146702,0.00023887770000146703
Zheng DBSCAN,Ceravolo,sudden_trace_noise0_1000_rp,400,160.0,[np.float64(449.0)],[499],1.0,50.0,00:00:00,0.23887770000146702,0.00023887770000146703
Zheng DBSCAN,Ceravolo,sudden_trace_noise0_1000_rp,400,200.0,[np.float64(449.0)],[499],1.0,50.0,00:00:00,0.23887770000146702,0.00023887770000146703
Zheng DBSCAN,Ceravolo,sudden_trace_noise20_1000_re,800,80.0,[],[499],,,00:00:00,0.19526549999136478,0.00019526549999136477
Zheng DBSCAN,Ceravolo,sudden_trace_noise20_1000_re,800,160.0,[],[499],,,00:00:00,0.19526549999136478,0.00019526549999136477
Zheng DBSCAN,Ceravolo,sudden_trace_noise20_1000_re,800,240.0,[],[499],,,00:00:00,0.19526549999136478,0.00019526549999136477
Zheng DBSCAN,Ceravolo,sudden_trace_noise20_1000_re,800,320.0,[],[499],,,00:00:00,0.19526549999136478,0.00019526549999136477
Zheng DBSCAN,Ceravolo,sudden_trace_noise20_1000_re,800,400.0,[],[499],,,00:00:00,0.19526549999136478,0.00019526549999136477
Zheng DBSCAN,Ostovar,Composite_ROI_output_ROI_5,600,60.0,[np.float64(1506.6917098445597)],"[999, 1999]",,,00:00:06,6.582989799993811,0.0021950616205381164
Zheng DBSCAN,Ostovar,Composite_ROI_output_ROI_5,600,120.0,[np.float64(1506.6917098445597)],"[999, 1999]",,,00:00:06,6.582989799993811,0.0021950616205381164
Zheng DBSCAN,Ostovar,Composite_ROI_output_ROI_5,600,180.0,[np.float64(1506.6917098445597)],"[999, 1999]",,,00:00:06,6.582989799993811,0.0021950616205381164
Zheng DBSCAN,Ostovar,Composite_ROI_output_ROI_5,600,240.0,[np.float64(1506.6917098445597)],"[999, 1999]",,,00:00:06,6.582989799993811,0.0021950616205381164
Zheng DBSCAN,Ostovar,Composite_ROI_output_ROI_5,600,300.0,[np.float64(1506.6917098445597)],"[999, 1999]",,,00:00:06,6.582989799993811,0.0021950616205381164
Zheng DBSCAN,Ceravolo,sudden_trace_noise10_1000_cb,300,30.0,[np.float64(451.0)],[499],1.0,48.0,00:00:00,0.18425059999572113,0.00018425059999572114
Zheng DBSCAN,Ceravolo,sudden_trace_noise10_1000_cb,300,60.0,[np.float64(451.0)],[499],1.0,48.0,00:00:00,0.18425059999572113,0.00018425059999572114
Zheng DBSCAN,Ceravolo,sudden_trace_noise10_1000_cb,300,90.0,[np.float64(451.0)],[499],1.0,48.0,00:00:00,0.18425059999572113,0.00018425059999572114
Zheng DBSCAN,Ceravolo,sudden_trace_noise10_1000_cb,300,120.0,[np.float64(451.0)],[499],1.0,48.0,00:00:00,0.18425059999572113,0.00018425059999572114
Zheng DBSCAN,Ceravolo,sudden_trace_noise10_1000_cb,300,150.0,[np.float64(451.0)],[499],1.0,48.0,00:00:00,0.18425059999572113,0.00018425059999572114
Zheng DBSCAN,Ceravolo,sudden_trace_noise0_1000_re,400,40.0,[np.float64(447.5)],[499],1.0,51.5,00:00:00,0.18329600000288337,0.00018329600000288338
Zheng DBSCAN,Ceravolo,sudden_trace_noise0_1000_re,400,80.0,[np.float64(447.5)],[499],1.0,51.5,00:00:00,0.18329600000288337,0.00018329600000288338
Zheng DBSCAN,Ceravolo,sudden_trace_noise0_1000_re,400,120.0,[np.float64(447.5)],[499],1.0,51.5,00:00:00,0.18329600000288337,0.00018329600000288338
Zheng DBSCAN,Ceravolo,sudden_trace_noise0_1000_re,400,160.0,[np.float64(447.5)],[499],1.0,51.5,00:00:00,0.18329600000288337,0.00018329600000288338
Zheng DBSCAN,Ceravolo,sudden_trace_noise0_1000_re,400,200.0,[np.float64(447.5)],[499],1.0,51.5,00:00:00,0.18329600000288337,0.00018329600000288338
Zheng DBSCAN,Ostovar,Composite_ORI_output_ORI,500,50.0,"[np.float64(743.0), np.float64(909.7272727272727), np.float64(1886.0833333333333)]","[999, 1999]",0.8,101.094696969697,00:00:05,5.184187100006966,0.0017286385795288316
Zheng DBSCAN,Ostovar,Composite_ORI_output_ORI,500,100.0,"[np.float64(895.8333333333334), np.float64(1886.0833333333333)]","[999, 1999]",1.0,108.04166666666669,00:00:05,5.184187100006966,0.0017286385795288316
Zheng DBSCAN,Ostovar,Composite_ORI_output_ORI,500,150.0,"[np.float64(895.8333333333334), np.float64(1886.0833333333333)]","[999, 1999]",1.0,108.04166666666669,00:00:05,5.184187100006966,0.0017286385795288316
Zheng DBSCAN,Ostovar,Composite_ORI_output_ORI,500,200.0,"[np.float64(895.8333333333334), np.float64(1886.0833333333333)]","[999, 1999]",1.0,108.04166666666669,00:00:05,5.184187100006966,0.0017286385795288316
Zheng DBSCAN,Ostovar,Composite_ORI_output_ORI,500,250.0,"[np.float64(895.8333333333334), np.float64(1886.0833333333333)]","[999, 1999]",1.0,108.04166666666669,00:00:05,5.184187100006966,0.0017286385795288316
Zheng DBSCAN,Ceravolo,sudden_trace_noise10_1000_pl,800,80.0,[],[499],,,00:00:00,0.18503100000089034,0.00018503100000089034
Zheng DBSCAN,Ceravolo,sudden_trace_noise10_1000_pl,800,160.0,[],[499],,,00:00:00,0.18503100000089034,0.00018503100000089034
Zheng DBSCAN,Ceravolo,sudden_trace_noise10_1000_pl,800,240.0,[],[499],,,00:00:00,0.18503100000089034,0.00018503100000089034
Zheng DBSCAN,Ceravolo,sudden_trace_noise10_1000_pl,800,320.0,[],[499],,,00:00:00,0.18503100000089034,0.00018503100000089034
Zheng DBSCAN,Ceravolo,sudden_trace_noise10_1000_pl,800,400.0,[],[499],,,00:00:00,0.18503100000089034,0.00018503100000089034
Zheng DBSCAN,Ceravolo,sudden_trace_noise0_1000_pm,800,80.0,[],[499],,,00:00:00,0.19111819998943247,0.00019111819998943248
Zheng DBSCAN,Ceravolo,sudden_trace_noise0_1000_pm,800,160.0,[],[499],,,00:00:00,0.19111819998943247,0.00019111819998943248
Zheng DBSCAN,Ceravolo,sudden_trace_noise0_1000_pm,800,240.0,[],[499],,,00:00:00,0.19111819998943247,0.00019111819998943248
Zheng DBSCAN,Ceravolo,sudden_trace_noise0_1000_pm,800,320.0,[],[499],,,00:00:00,0.19111819998943247,0.00019111819998943248
Zheng DBSCAN,Ceravolo,sudden_trace_noise0_1000_pm,800,400.0,[],[499],,,00:00:00,0.19111819998943247,0.00019111819998943248
Zheng DBSCAN,Ostovar,Atomic_Loop_output_Loop,300,30.0,"[np.float64(915.0), np.float64(1954.0)]","[999, 1999]",1.0,64.5,00:00:03,3.9166509000060614,0.0013059856285448687
Zheng DBSCAN,Ostovar,Atomic_Loop_output_Loop,300,60.0,"[np.float64(915.0), np.float64(1954.0)]","[999, 1999]",1.0,64.5,00:00:03,3.9166509000060614,0.0013059856285448687
Zheng DBSCAN,Ostovar,Atomic_Loop_output_Loop,300,90.0,"[np.float64(915.0), np.float64(1954.0)]","[999, 1999]",1.0,64.5,00:00:03,3.9166509000060614,0.0013059856285448687
Zheng DBSCAN,Ostovar,Atomic_Loop_output_Loop,300,120.0,"[np.float64(915.0), np.float64(1954.0)]","[999, 1999]",1.0,64.5,00:00:03,3.9166509000060614,0.0013059856285448687
Zheng DBSCAN,Ostovar,Atomic_Loop_output_Loop,300,150.0,"[np.float64(915.0), np.float64(1954.0)]","[999, 1999]",1.0,64.5,00:00:03,3.9166509000060614,0.0013059856285448687
Zheng DBSCAN,AdditionalLogs,recurring_drift_01,500,50.0,"[np.float64(503.5), np.float64(660.8571428571429), np.float64(989.2857142857143), np.float64(1261.0)]","[500, 1000]",0.6666666666666666,7.107142857142833,00:00:00,0.4567760000063572,0.0003045173333375715
Zheng DBSCAN,AdditionalLogs,recurring_drift_01,500,100.0,"[np.float64(660.8571428571429), np.float64(989.2857142857143), np.float64(1261.0)]","[500, 1000]",0.8,85.78571428571428,00:00:00,0.4567760000063572,0.0003045173333375715
Zheng DBSCAN,AdditionalLogs,recurring_drift_01,500,150.0,"[np.float64(548.1875), np.float64(989.2857142857143), np.float64(1261.0)]","[500, 1000]",0.8,29.450892857142833,00:00:00,0.4567760000063572,0.0003045173333375715
Zheng DBSCAN,AdditionalLogs,recurring_drift_01,500,200.0,"[np.float64(548.1875), np.float64(989.2857142857143), np.float64(1261.0)]","[500, 1000]",0.8,29.450892857142833,00:00:00,0.4567760000063572,0.0003045173333375715
Zheng DBSCAN,AdditionalLogs,recurring_drift_01,500,250.0,[np.float64(706.5416666666666)],"[500, 1000]",,,00:00:00,0.4567760000063572,0.0003045173333375715
Zheng DBSCAN,Ostovar,Composite_ROI_output_ROI,800,80.0,"[np.float64(940.25), np.float64(1936.6923076923076)]","[999, 1999]",1.0,60.52884615384619,00:00:05,5.1207059000153095,0.0017074711237130074
Zheng DBSCAN,Ostovar,Composite_ROI_output_ROI,800,160.0,"[np.float64(940.25), np.float64(1936.6923076923076)]","[999, 1999]",1.0,60.52884615384619,00:00:05,5.1207059000153095,0.0017074711237130074
Zheng DBSCAN,Ostovar,Composite_ROI_output_ROI,800,240.0,"[np.float64(940.25), np.float64(1936.6923076923076)]","[999, 1999]",1.0,60.52884615384619,00:00:05,5.1207059000153095,0.0017074711237130074
Zheng DBSCAN,Ostovar,Composite_ROI_output_ROI,800,320.0,"[np.float64(940.25), np.float64(1936.6923076923076)]","[999, 1999]",1.0,60.52884615384619,00:00:05,5.1207059000153095,0.0017074711237130074
Zheng DBSCAN,Ostovar,Composite_ROI_output_ROI,800,400.0,"[np.float64(940.25), np.float64(1936.6923076923076)]","[999, 1999]",1.0,60.52884615384619,00:00:05,5.1207059000153095,0.0017074711237130074
Zheng DBSCAN,Ceravolo,sudden_trace_noise10_1000_cd,700,70.0,[],[499],,,00:00:00,0.1882878000033088,0.0001882878000033088
Zheng DBSCAN,Ceravolo,sudden_trace_noise10_1000_cd,700,140.0,[],[499],,,00:00:00,0.1882878000033088,0.0001882878000033088
Zheng DBSCAN,Ceravolo,sudden_trace_noise10_1000_cd,700,210.0,[],[499],,,00:00:00,0.1882878000033088,0.0001882878000033088
Zheng DBSCAN,Ceravolo,sudden_trace_noise10_1000_cd,700,280.0,[],[499],,,00:00:00,0.1882878000033088,0.0001882878000033088
Zheng DBSCAN,Ceravolo,sudden_trace_noise10_1000_cd,700,350.0,[],[499],,,00:00:00,0.1882878000033088,0.0001882878000033088
Zheng DBSCAN,Ostovar,Atomic_ConditionalMove_output_ConditionalMove_5,800,80.0,[np.float64(1496.4900763358778)],"[999, 1999]",,,00:00:06,6.2855609000253025,0.0020958855952068365
Zheng DBSCAN,Ostovar,Atomic_ConditionalMove_output_ConditionalMove_5,800,160.0,[np.float64(1496.4900763358778)],"[999, 1999]",,,00:00:06,6.2855609000253025,0.0020958855952068365
Zheng DBSCAN,Ostovar,Atomic_ConditionalMove_output_ConditionalMove_5,800,240.0,[np.float64(1496.4900763358778)],"[999, 1999]",,,00:00:06,6.2855609000253025,0.0020958855952068365
Zheng DBSCAN,Ostovar,Atomic_ConditionalMove_output_ConditionalMove_5,800,320.0,[np.float64(1496.4900763358778)],"[999, 1999]",,,00:00:06,6.2855609000253025,0.0020958855952068365
Zheng DBSCAN,Ostovar,Atomic_ConditionalMove_output_ConditionalMove_5,800,400.0,[np.float64(1496.4900763358778)],"[999, 1999]",,,00:00:06,6.2855609000253025,0.0020958855952068365
Zheng DBSCAN,Ostovar,Atomic_ParallelMove_output_ParallelMove_2,500,50.0,[np.float64(1509.2689075630253)],"[999, 1999]",,,00:00:06,6.351990399998613,0.0021180361453813313
Zheng DBSCAN,Ostovar,Atomic_ParallelMove_output_ParallelMove_2,500,100.0,[np.float64(1509.2689075630253)],"[999, 1999]",,,00:00:06,6.351990399998613,0.0021180361453813313
Zheng DBSCAN,Ostovar,Atomic_ParallelMove_output_ParallelMove_2,500,150.0,[np.float64(1509.2689075630253)],"[999, 1999]",,,00:00:06,6.351990399998613,0.0021180361453813313
Zheng DBSCAN,Ostovar,Atomic_ParallelMove_output_ParallelMove_2,500,200.0,[np.float64(1509.2689075630253)],"[999, 1999]",,,00:00:06,6.351990399998613,0.0021180361453813313
Zheng DBSCAN,Ostovar,Atomic_ParallelMove_output_ParallelMove_2,500,250.0,[np.float64(1509.2689075630253)],"[999, 1999]",,,00:00:06,6.351990399998613,0.0021180361453813313
Zheng DBSCAN,AdditionalLogs,gradual_drift_08,800,80.0,"[np.float64(976.8947368421053), np.float64(1304.4)]","[500, 1000]",0.5,23.105263157894683,00:00:00,0.5929371999809518,0.0004235265714149656
Zheng DBSCAN,AdditionalLogs,gradual_drift_08,800,160.0,[np.float64(1045.125)],"[500, 1000]",0.6666666666666666,45.125,00:00:00,0.5929371999809518,0.0004235265714149656
Zheng DBSCAN,AdditionalLogs,gradual_drift_08,800,240.0,[np.float64(1045.125)],"[500, 1000]",0.6666666666666666,45.125,00:00:00,0.5929371999809518,0.0004235265714149656
Zheng DBSCAN,AdditionalLogs,gradual_drift_08,800,320.0,[],"[500, 1000]",,,00:00:00,0.5929371999809518,0.0004235265714149656
Zheng DBSCAN,AdditionalLogs,gradual_drift_08,800,400.0,[],"[500, 1000]",,,00:00:00,0.5929371999809518,0.0004235265714149656
Zheng DBSCAN,Ostovar,Nested_IRO_output_IRO_5,600,60.0,[np.float64(1509.1262975778548)],"[999, 1999]",,,00:00:07,7.940729900001315,0.0026477925641885014
Zheng DBSCAN,Ostovar,Nested_IRO_output_IRO_5,600,120.0,[np.float64(1509.1262975778548)],"[999, 1999]",,,00:00:07,7.940729900001315,0.0026477925641885014
Zheng DBSCAN,Ostovar,Nested_IRO_output_IRO_5,600,180.0,[np.float64(1509.1262975778548)],"[999, 1999]",,,00:00:07,7.940729900001315,0.0026477925641885014
Zheng DBSCAN,Ostovar,Nested_IRO_output_IRO_5,600,240.0,[np.float64(1509.1262975778548)],"[999, 1999]",,,00:00:07,7.940729900001315,0.0026477925641885014
Zheng DBSCAN,Ostovar,Nested_IRO_output_IRO_5,600,300.0,[np.float64(1509.1262975778548)],"[999, 1999]",,,00:00:07,7.940729900001315,0.0026477925641885014
Zheng DBSCAN,Ceravolo,sudden_trace_noise20_1000_lp,500,50.0,[],[499],,,00:00:00,0.19777149998117238,0.0001977714999811724
Zheng DBSCAN,Ceravolo,sudden_trace_noise20_1000_lp,500,100.0,[],[499],,,00:00:00,0.19777149998117238,0.0001977714999811724
Zheng DBSCAN,Ceravolo,sudden_trace_noise20_1000_lp,500,150.0,[],[499],,,00:00:00,0.19777149998117238,0.0001977714999811724
Zheng DBSCAN,Ceravolo,sudden_trace_noise20_1000_lp,500,200.0,[],[499],,,00:00:00,0.19777149998117238,0.0001977714999811724
Zheng DBSCAN,Ceravolo,sudden_trace_noise20_1000_lp,500,250.0,[],[499],,,00:00:00,0.19777149998117238,0.0001977714999811724
Zheng DBSCAN,Ostovar,Atomic_Skip_output_Skip_2,700,70.0,[np.float64(1489.0151658767772)],"[999, 1999]",,,00:00:05,5.278842600004282,0.001760200933645976
Zheng DBSCAN,Ostovar,Atomic_Skip_output_Skip_2,700,140.0,[np.float64(1489.0151658767772)],"[999, 1999]",,,00:00:05,5.278842600004282,0.001760200933645976
Zheng DBSCAN,Ostovar,Atomic_Skip_output_Skip_2,700,210.0,[np.float64(1489.0151658767772)],"[999, 1999]",,,00:00:05,5.278842600004282,0.001760200933645976
Zheng DBSCAN,Ostovar,Atomic_Skip_output_Skip_2,700,280.0,[np.float64(1489.0151658767772)],"[999, 1999]",,,00:00:05,5.278842600004282,0.001760200933645976
Zheng DBSCAN,Ostovar,Atomic_Skip_output_Skip_2,700,350.0,[np.float64(1489.0151658767772)],"[999, 1999]",,,00:00:05,5.278842600004282,0.001760200933645976
Zheng DBSCAN,Ceravolo,sudden_trace_noise15_1000_pl,600,60.0,[],[499],,,00:00:00,0.19178930000634864,0.00019178930000634864
Zheng DBSCAN,Ceravolo,sudden_trace_noise15_1000_pl,600,120.0,[],[499],,,00:00:00,0.19178930000634864,0.00019178930000634864
Zheng DBSCAN,Ceravolo,sudden_trace_noise15_1000_pl,600,180.0,[],[499],,,00:00:00,0.19178930000634864,0.00019178930000634864
Zheng DBSCAN,Ceravolo,sudden_trace_noise15_1000_pl,600,240.0,[],[499],,,00:00:00,0.19178930000634864,0.00019178930000634864
Zheng DBSCAN,Ceravolo,sudden_trace_noise15_1000_pl,600,300.0,[],[499],,,00:00:00,0.19178930000634864,0.00019178930000634864
Zheng DBSCAN,Ostovar,Atomic_ConditionalRemoval_output_ConditionalRemoval,400,40.0,"[np.float64(931.5), np.float64(1943.0)]","[999, 1999]",1.0,61.75,00:00:04,4.1205795999849215,0.0013739845281710308
Zheng DBSCAN,Ostovar,Atomic_ConditionalRemoval_output_ConditionalRemoval,400,80.0,"[np.float64(931.5), np.float64(1943.0)]","[999, 1999]",1.0,61.75,00:00:04,4.1205795999849215,0.0013739845281710308
Zheng DBSCAN,Ostovar,Atomic_ConditionalRemoval_output_ConditionalRemoval,400,120.0,"[np.float64(931.5), np.float64(1943.0)]","[999, 1999]",1.0,61.75,00:00:04,4.1205795999849215,0.0013739845281710308
Zheng DBSCAN,Ostovar,Atomic_ConditionalRemoval_output_ConditionalRemoval,400,160.0,"[np.float64(931.5), np.float64(1943.0)]","[999, 1999]",1.0,61.75,00:00:04,4.1205795999849215,0.0013739845281710308
Zheng DBSCAN,Ostovar,Atomic_ConditionalRemoval_output_ConditionalRemoval,400,200.0,"[np.float64(931.5), np.float64(1943.0)]","[999, 1999]",1.0,61.75,00:00:04,4.1205795999849215,0.0013739845281710308
Zheng DBSCAN,Ostovar,Atomic_SerialRemoval_output_SerialRemoval_5,400,40.0,[np.float64(1499.4314980793854)],"[999, 1999]",,,00:00:05,5.3628968999837525,0.0017882283761199574
Zheng DBSCAN,Ostovar,Atomic_SerialRemoval_output_SerialRemoval_5,400,80.0,[np.float64(1499.4314980793854)],"[999, 1999]",,,00:00:05,5.3628968999837525,0.0017882283761199574
Zheng DBSCAN,Ostovar,Atomic_SerialRemoval_output_SerialRemoval_5,400,120.0,[np.float64(1499.4314980793854)],"[999, 1999]",,,00:00:05,5.3628968999837525,0.0017882283761199574
Zheng DBSCAN,Ostovar,Atomic_SerialRemoval_output_SerialRemoval_5,400,160.0,[np.float64(1499.4314980793854)],"[999, 1999]",,,00:00:05,5.3628968999837525,0.0017882283761199574
Zheng DBSCAN,Ostovar,Atomic_SerialRemoval_output_SerialRemoval_5,400,200.0,[np.float64(1499.4314980793854)],"[999, 1999]",,,00:00:05,5.3628968999837525,0.0017882283761199574
Zheng DBSCAN,Ostovar,Atomic_Substitute_output_Substitute_5,300,30.0,[np.float64(1495.7213021130783)],"[999, 1999]",,,00:00:06,6.039651600003708,0.002013888496166625
Zheng DBSCAN,Ostovar,Atomic_Substitute_output_Substitute_5,300,60.0,[np.float64(1495.7213021130783)],"[999, 1999]",,,00:00:06,6.039651600003708,0.002013888496166625
Zheng DBSCAN,Ostovar,Atomic_Substitute_output_Substitute_5,300,90.0,[np.float64(1495.7213021130783)],"[999, 1999]",,,00:00:06,6.039651600003708,0.002013888496166625
Zheng DBSCAN,Ostovar,Atomic_Substitute_output_Substitute_5,300,120.0,[np.float64(1495.7213021130783)],"[999, 1999]",,,00:00:06,6.039651600003708,0.002013888496166625
Zheng DBSCAN,Ostovar,Atomic_Substitute_output_Substitute_5,300,150.0,[np.float64(1495.7213021130783)],"[999, 1999]",,,00:00:06,6.039651600003708,0.002013888496166625
Zheng DBSCAN,AdditionalLogs,sudden_drift_08,800,80.0,"[np.float64(1002.421052631579), np.float64(1350.8181818181818)]","[500, 1000]",0.5,2.4210526315789593,00:00:00,0.5461204000166617,0.0003640802666777745
Zheng DBSCAN,AdditionalLogs,sudden_drift_08,800,160.0,[np.float64(1130.1666666666667)],"[500, 1000]",0.6666666666666666,130.16666666666674,00:00:00,0.5461204000166617,0.0003640802666777745
Zheng DBSCAN,AdditionalLogs,sudden_drift_08,800,240.0,[np.float64(872.8297872340426)],"[500, 1000]",0.6666666666666666,127.17021276595744,00:00:00,0.5461204000166617,0.0003640802666777745
Zheng DBSCAN,AdditionalLogs,sudden_drift_08,800,320.0,[np.float64(872.8297872340426)],"[500, 1000]",0.6666666666666666,127.17021276595744,00:00:00,0.5461204000166617,0.0003640802666777745
Zheng DBSCAN,AdditionalLogs,sudden_drift_08,800,400.0,[np.float64(872.8297872340426)],"[500, 1000]",0.6666666666666666,127.17021276595744,00:00:00,0.5461204000166617,0.0003640802666777745
Zheng DBSCAN,Ceravolo,sudden_trace_noise15_1000_pm,800,80.0,[],[499],,,00:00:00,0.2356294000055641,0.0002356294000055641
Zheng DBSCAN,Ceravolo,sudden_trace_noise15_1000_pm,800,160.0,[],[499],,,00:00:00,0.2356294000055641,0.0002356294000055641
Zheng DBSCAN,Ceravolo,sudden_trace_noise15_1000_pm,800,240.0,[],[499],,,00:00:00,0.2356294000055641,0.0002356294000055641
Zheng DBSCAN,Ceravolo,sudden_trace_noise15_1000_pm,800,320.0,[],[499],,,00:00:00,0.2356294000055641,0.0002356294000055641
Zheng DBSCAN,Ceravolo,sudden_trace_noise15_1000_pm,800,400.0,[],[499],,,00:00:00,0.2356294000055641,0.0002356294000055641
Zheng DBSCAN,Ceravolo,sudden_trace_noise0_1000_ROI,700,70.0,[],[499],,,00:00:00,0.2079879999801051,0.0002079879999801051
Zheng DBSCAN,Ceravolo,sudden_trace_noise0_1000_ROI,700,140.0,[],[499],,,00:00:00,0.2079879999801051,0.0002079879999801051
Zheng DBSCAN,Ceravolo,sudden_trace_noise0_1000_ROI,700,210.0,[],[499],,,00:00:00,0.2079879999801051,0.0002079879999801051
Zheng DBSCAN,Ceravolo,sudden_trace_noise0_1000_ROI,700,280.0,[],[499],,,00:00:00,0.2079879999801051,0.0002079879999801051
Zheng DBSCAN,Ceravolo,sudden_trace_noise0_1000_ROI,700,350.0,[],[499],,,00:00:00,0.2079879999801051,0.0002079879999801051
Zheng DBSCAN,Ceravolo,sudden_trace_noise15_1000_ROI,800,80.0,[],[499],,,00:00:00,0.21539430000120774,0.00021539430000120773
Zheng DBSCAN,Ceravolo,sudden_trace_noise15_1000_ROI,800,160.0,[],[499],,,00:00:00,0.21539430000120774,0.00021539430000120773
Zheng DBSCAN,Ceravolo,sudden_trace_noise15_1000_ROI,800,240.0,[],[499],,,00:00:00,0.21539430000120774,0.00021539430000120773
Zheng DBSCAN,Ceravolo,sudden_trace_noise15_1000_ROI,800,320.0,[],[499],,,00:00:00,0.21539430000120774,0.00021539430000120773
Zheng DBSCAN,Ceravolo,sudden_trace_noise15_1000_ROI,800,400.0,[],[499],,,00:00:00,0.21539430000120774,0.00021539430000120773
Zheng DBSCAN,Ceravolo,sudden_trace_noise10_1000_cf,600,60.0,[],[499],,,00:00:00,0.17259539998485707,0.00017259539998485705
Zheng DBSCAN,Ceravolo,sudden_trace_noise10_1000_cf,600,120.0,[],[499],,,00:00:00,0.17259539998485707,0.00017259539998485705
Zheng DBSCAN,Ceravolo,sudden_trace_noise10_1000_cf,600,180.0,[],[499],,,00:00:00,0.17259539998485707,0.00017259539998485705
Zheng DBSCAN,Ceravolo,sudden_trace_noise10_1000_cf,600,240.0,[],[499],,,00:00:00,0.17259539998485707,0.00017259539998485705
Zheng DBSCAN,Ceravolo,sudden_trace_noise10_1000_cf,600,300.0,[],[499],,,00:00:00,0.17259539998485707,0.00017259539998485705
Zheng DBSCAN,Ceravolo,sudden_trace_noise15_1000_cb,800,80.0,[],[499],,,00:00:00,0.18670859999838285,0.00018670859999838285
Zheng DBSCAN,Ceravolo,sudden_trace_noise15_1000_cb,800,160.0,[],[499],,,00:00:00,0.18670859999838285,0.00018670859999838285
Zheng DBSCAN,Ceravolo,sudden_trace_noise15_1000_cb,800,240.0,[],[499],,,00:00:00,0.18670859999838285,0.00018670859999838285
Zheng DBSCAN,Ceravolo,sudden_trace_noise15_1000_cb,800,320.0,[],[499],,,00:00:00,0.18670859999838285,0.00018670859999838285
Zheng DBSCAN,Ceravolo,sudden_trace_noise15_1000_cb,800,400.0,[],[499],,,00:00:00,0.18670859999838285,0.00018670859999838285
Zheng DBSCAN,AdditionalLogs,gradual_drift_04,300,30.0,"[np.float64(419.780487804878), np.float64(739.64), np.float64(964.0888888888888), np.float64(1158.0), np.float64(1233.75), np.float64(1334.0), np.float64(1396.0)]","[500, 1000]",0.4444444444444445,58.06531165311657,00:00:00,0.4594372999854386,0.000328169499989599
Zheng DBSCAN,AdditionalLogs,gradual_drift_04,300,60.0,"[np.float64(419.780487804878), np.float64(883.9285714285714), np.float64(1218.6), np.float64(1334.0), np.float64(1396.0)]","[500, 1000]",0.5714285714285715,98.14547038327527,00:00:00,0.4594372999854386,0.000328169499989599
Zheng DBSCAN,AdditionalLogs,gradual_drift_04,300,90.0,[np.float64(740.3361344537815)],"[500, 1000]",,,00:00:00,0.4594372999854386,0.000328169499989599
Zheng DBSCAN,AdditionalLogs,gradual_drift_04,300,120.0,[np.float64(729.5454545454545)],"[500, 1000]",,,00:00:00,0.4594372999854386,0.000328169499989599
Zheng DBSCAN,AdditionalLogs,gradual_drift_04,300,150.0,[np.float64(729.5454545454545)],"[500, 1000]",,,00:00:00,0.4594372999854386,0.000328169499989599
Zheng DBSCAN,AdditionalLogs,sudden_drift_03,300,30.0,"[np.float64(410.9), np.float64(504.0), np.float64(685.3333333333334), np.float64(803.0), np.float64(914.0), np.float64(991.75), np.float64(1045.5), np.float64(1095.0), np.float64(1185.0), np.float64(1362.0)]","[500, 1000]",0.33333333333333337,6.125,00:00:00,0.4153420999937225,0.00027689473332914835
Zheng DBSCAN,AdditionalLogs,sudden_drift_03,300,60.0,"[np.float64(421.36842105263156), np.float64(685.3333333333334), np.float64(803.0), np.float64(914.0), np.float64(1021.8571428571429), np.float64(1185.0), np.float64(1362.0)]","[500, 1000]",0.4444444444444445,50.244360902255664,00:00:00,0.4153420999937225,0.00027689473332914835
Zheng DBSCAN,AdditionalLogs,sudden_drift_03,300,90.0,"[np.float64(421.36842105263156), np.float64(685.3333333333334), np.float64(803.0), np.float64(1067.25), np.float64(1362.0)]","[500, 1000]",0.5714285714285715,72.94078947368422,00:00:00,0.4153420999937225,0.00027689473332914835
Zheng DBSCAN,AdditionalLogs,sudden_drift_03,300,120.0,"[np.float64(421.36842105263156), np.float64(951.3157894736842), np.float64(1362.0)]","[500, 1000]",0.8,63.65789473684214,00:00:00,0.4153420999937225,0.00027689473332914835
Zheng DBSCAN,AdditionalLogs,sudden_drift_03,300,150.0,"[np.float64(407.1), np.float64(951.3157894736842), np.float64(1362.0)]","[500, 1000]",0.8,70.79210526315791,00:00:00,0.4153420999937225,0.00027689473332914835
Zheng DBSCAN,AdditionalLogs,sudden_drift_03,500,50.0,"[np.float64(816.5), np.float64(914.0), np.float64(995.3333333333334), np.float64(1095.0), np.float64(1184.5)]","[500, 1000]",0.28571428571428575,4.666666666666629,00:00:00,0.40071079999324866,0.00026714053332883245
Zheng DBSCAN,AdditionalLogs,sudden_drift_03,500,100.0,[np.float64(999.6666666666666)],"[500, 1000]",0.6666666666666666,0.33333333333337123,00:00:00,0.40071079999324866,0.00026714053332883245
Zheng DBSCAN,AdditionalLogs,sudden_drift_03,500,150.0,[np.float64(999.6666666666666)],"[500, 1000]",0.6666666666666666,0.33333333333337123,00:00:00,0.40071079999324866,0.00026714053332883245
Zheng DBSCAN,AdditionalLogs,sudden_drift_03,500,200.0,[np.float64(999.6666666666666)],"[500, 1000]",0.6666666666666666,0.33333333333337123,00:00:00,0.40071079999324866,0.00026714053332883245
Zheng DBSCAN,AdditionalLogs,sudden_drift_03,500,250.0,[np.float64(999.6666666666666)],"[500, 1000]",0.6666666666666666,0.33333333333337123,00:00:00,0.40071079999324866,0.00026714053332883245
Zheng DBSCAN,Ostovar,Atomic_ConditionalRemoval_output_ConditionalRemoval,300,30.0,"[np.float64(931.5), np.float64(1943.0)]","[999, 1999]",1.0,61.75,00:00:04,4.450942199997371,0.001484142114037136
Zheng DBSCAN,Ostovar,Atomic_ConditionalRemoval_output_ConditionalRemoval,300,60.0,"[np.float64(931.5), np.float64(1943.0)]","[999, 1999]",1.0,61.75,00:00:04,4.450942199997371,0.001484142114037136
Zheng DBSCAN,Ostovar,Atomic_ConditionalRemoval_output_ConditionalRemoval,300,90.0,"[np.float64(931.5), np.float64(1943.0)]","[999, 1999]",1.0,61.75,00:00:04,4.450942199997371,0.001484142114037136
Zheng DBSCAN,Ostovar,Atomic_ConditionalRemoval_output_ConditionalRemoval,300,120.0,"[np.float64(931.5), np.float64(1943.0)]","[999, 1999]",1.0,61.75,00:00:04,4.450942199997371,0.001484142114037136
Zheng DBSCAN,Ostovar,Atomic_ConditionalRemoval_output_ConditionalRemoval,300,150.0,"[np.float64(931.5), np.float64(1943.0)]","[999, 1999]",1.0,61.75,00:00:04,4.450942199997371,0.001484142114037136
Zheng DBSCAN,AdditionalLogs,gradual_drift_07,300,30.0,"[np.float64(446.55555555555554), np.float64(547.0), np.float64(713.0), np.float64(768.0), np.float64(814.0), np.float64(936.5), np.float64(1220.0)]","[500, 1000]",0.4444444444444445,55.25,00:00:00,0.3428829000040423,0.00024491635714574454
Zheng DBSCAN,AdditionalLogs,gradual_drift_07,300,60.0,"[np.float64(471.6666666666667), np.float64(909.421052631579), np.float64(1220.0)]","[500, 1000]",0.8,59.45614035087718,00:00:00,0.3428829000040423,0.00024491635714574454
Zheng DBSCAN,AdditionalLogs,gradual_drift_07,300,90.0,"[np.float64(471.6666666666667), np.float64(909.421052631579), np.float64(1220.0)]","[500, 1000]",0.8,59.45614035087718,00:00:00,0.3428829000040423,0.00024491635714574454
Zheng DBSCAN,AdditionalLogs,gradual_drift_07,300,120.0,"[np.float64(471.6666666666667), np.float64(909.421052631579), np.float64(1220.0)]","[500, 1000]",0.8,59.45614035087718,00:00:00,0.3428829000040423,0.00024491635714574454
Zheng DBSCAN,AdditionalLogs,gradual_drift_07,300,150.0,"[np.float64(471.6666666666667), np.float64(909.421052631579), np.float64(1220.0)]","[500, 1000]",0.8,59.45614035087718,00:00:00,0.3428829000040423,0.00024491635714574454
Zheng DBSCAN,Ceravolo,sudden_trace_noise5_1000_cp,400,40.0,[np.float64(449.6666666666667)],[499],1.0,49.333333333333314,00:00:00,0.20085950000793673,0.00020085950000793673
Zheng DBSCAN,Ceravolo,sudden_trace_noise5_1000_cp,400,80.0,[np.float64(449.6666666666667)],[499],1.0,49.333333333333314,00:00:00,0.20085950000793673,0.00020085950000793673
Zheng DBSCAN,Ceravolo,sudden_trace_noise5_1000_cp,400,120.0,[np.float64(449.6666666666667)],[499],1.0,49.333333333333314,00:00:00,0.20085950000793673,0.00020085950000793673
Zheng DBSCAN,Ceravolo,sudden_trace_noise5_1000_cp,400,160.0,[np.float64(449.6666666666667)],[499],1.0,49.333333333333314,00:00:00,0.20085950000793673,0.00020085950000793673
Zheng DBSCAN,Ceravolo,sudden_trace_noise5_1000_cp,400,200.0,[np.float64(449.6666666666667)],[499],1.0,49.333333333333314,00:00:00,0.20085950000793673,0.00020085950000793673
Zheng DBSCAN,Ostovar,Nested_IRO_output_IRO_2,600,60.0,[np.float64(1498.8805159538358)],"[999, 1999]",,,00:00:08,8.245124300010502,0.0027492911970691905
Zheng DBSCAN,Ostovar,Nested_IRO_output_IRO_2,600,120.0,[np.float64(1498.8805159538358)],"[999, 1999]",,,00:00:08,8.245124300010502,0.0027492911970691905
Zheng DBSCAN,Ostovar,Nested_IRO_output_IRO_2,600,180.0,[np.float64(1498.8805159538358)],"[999, 1999]",,,00:00:08,8.245124300010502,0.0027492911970691905
Zheng DBSCAN,Ostovar,Nested_IRO_output_IRO_2,600,240.0,[np.float64(1498.8805159538358)],"[999, 1999]",,,00:00:08,8.245124300010502,0.0027492911970691905
Zheng DBSCAN,Ostovar,Nested_IRO_output_IRO_2,600,300.0,[np.float64(1498.8805159538358)],"[999, 1999]",,,00:00:08,8.245124300010502,0.0027492911970691905
Zheng DBSCAN,Ostovar,Composite_RIO_output_RIO_5,300,30.0,[np.float64(1485.4917672886938)],"[999, 1999]",,,00:00:06,6.575427200004924,0.002192539913306077
Zheng DBSCAN,Ostovar,Composite_RIO_output_RIO_5,300,60.0,[np.float64(1485.4917672886938)],"[999, 1999]",,,00:00:06,6.575427200004924,0.002192539913306077
Zheng DBSCAN,Ostovar,Composite_RIO_output_RIO_5,300,90.0,[np.float64(1485.4917672886938)],"[999, 1999]",,,00:00:06,6.575427200004924,0.002192539913306077
Zheng DBSCAN,Ostovar,Composite_RIO_output_RIO_5,300,120.0,[np.float64(1485.4917672886938)],"[999, 1999]",,,00:00:06,6.575427200004924,0.002192539913306077
Zheng DBSCAN,Ostovar,Composite_RIO_output_RIO_5,300,150.0,[np.float64(1485.4917672886938)],"[999, 1999]",,,00:00:06,6.575427200004924,0.002192539913306077
Zheng DBSCAN,Ceravolo,sudden_trace_noise15_1000_pm,500,50.0,[],[499],,,00:00:00,0.2010766000021249,0.0002010766000021249
Zheng DBSCAN,Ceravolo,sudden_trace_noise15_1000_pm,500,100.0,[],[499],,,00:00:00,0.2010766000021249,0.0002010766000021249
Zheng DBSCAN,Ceravolo,sudden_trace_noise15_1000_pm,500,150.0,[],[499],,,00:00:00,0.2010766000021249,0.0002010766000021249
Zheng DBSCAN,Ceravolo,sudden_trace_noise15_1000_pm,500,200.0,[],[499],,,00:00:00,0.2010766000021249,0.0002010766000021249
Zheng DBSCAN,Ceravolo,sudden_trace_noise15_1000_pm,500,250.0,[],[499],,,00:00:00,0.2010766000021249,0.0002010766000021249
Zheng DBSCAN,Ceravolo,sudden_trace_noise5_1000_IOR,600,60.0,[],[499],,,00:00:00,0.22796920000109822,0.00022796920000109821
Zheng DBSCAN,Ceravolo,sudden_trace_noise5_1000_IOR,600,120.0,[],[499],,,00:00:00,0.22796920000109822,0.00022796920000109821
Zheng DBSCAN,Ceravolo,sudden_trace_noise5_1000_IOR,600,180.0,[],[499],,,00:00:00,0.22796920000109822,0.00022796920000109821
Zheng DBSCAN,Ceravolo,sudden_trace_noise5_1000_IOR,600,240.0,[],[499],,,00:00:00,0.22796920000109822,0.00022796920000109821
Zheng DBSCAN,Ceravolo,sudden_trace_noise5_1000_IOR,600,300.0,[],[499],,,00:00:00,0.22796920000109822,0.00022796920000109821
Zheng DBSCAN,Ceravolo,sudden_trace_noise0_1000_RIO,700,70.0,[],[499],,,00:00:00,0.201115599978948,0.000201115599978948
Zheng DBSCAN,Ceravolo,sudden_trace_noise0_1000_RIO,700,140.0,[],[499],,,00:00:00,0.201115599978948,0.000201115599978948
Zheng DBSCAN,Ceravolo,sudden_trace_noise0_1000_RIO,700,210.0,[],[499],,,00:00:00,0.201115599978948,0.000201115599978948
Zheng DBSCAN,Ceravolo,sudden_trace_noise0_1000_RIO,700,280.0,[],[499],,,00:00:00,0.201115599978948,0.000201115599978948
Zheng DBSCAN,Ceravolo,sudden_trace_noise0_1000_RIO,700,350.0,[],[499],,,00:00:00,0.201115599978948,0.000201115599978948
Zheng DBSCAN,Ostovar,Composite_IRO_output_IRO_2,300,30.0,[np.float64(1506.0541727672035)],"[999, 1999]",,,00:00:06,6.8092917000176385,0.0022705207402526303
Zheng DBSCAN,Ostovar,Composite_IRO_output_IRO_2,300,60.0,[np.float64(1506.0541727672035)],"[999, 1999]",,,00:00:06,6.8092917000176385,0.0022705207402526303
Zheng DBSCAN,Ostovar,Composite_IRO_output_IRO_2,300,90.0,[np.float64(1506.0541727672035)],"[999, 1999]",,,00:00:06,6.8092917000176385,0.0022705207402526303
Zheng DBSCAN,Ostovar,Composite_IRO_output_IRO_2,300,120.0,[np.float64(1506.0541727672035)],"[999, 1999]",,,00:00:06,6.8092917000176385,0.0022705207402526303
Zheng DBSCAN,Ostovar,Composite_IRO_output_IRO_2,300,150.0,[np.float64(1506.0541727672035)],"[999, 1999]",,,00:00:06,6.8092917000176385,0.0022705207402526303
Zheng DBSCAN,Ceravolo,sudden_trace_noise0_1000_cd,400,40.0,[],[499],,,00:00:00,0.18632380000781268,0.00018632380000781267
Zheng DBSCAN,Ceravolo,sudden_trace_noise0_1000_cd,400,80.0,[],[499],,,00:00:00,0.18632380000781268,0.00018632380000781267
Zheng DBSCAN,Ceravolo,sudden_trace_noise0_1000_cd,400,120.0,[],[499],,,00:00:00,0.18632380000781268,0.00018632380000781267
Zheng DBSCAN,Ceravolo,sudden_trace_noise0_1000_cd,400,160.0,[],[499],,,00:00:00,0.18632380000781268,0.00018632380000781267
Zheng DBSCAN,Ceravolo,sudden_trace_noise0_1000_cd,400,200.0,[],[499],,,00:00:00,0.18632380000781268,0.00018632380000781267
Zheng DBSCAN,Ostovar,Composite_ROI_output_ROI_2,400,40.0,[np.float64(1484.3855963990998)],"[999, 1999]",,,00:00:06,6.649823100015055,0.002217346815610222
Zheng DBSCAN,Ostovar,Composite_ROI_output_ROI_2,400,80.0,[np.float64(1484.3855963990998)],"[999, 1999]",,,00:00:06,6.649823100015055,0.002217346815610222
Zheng DBSCAN,Ostovar,Composite_ROI_output_ROI_2,400,120.0,[np.float64(1484.3855963990998)],"[999, 1999]",,,00:00:06,6.649823100015055,0.002217346815610222
Zheng DBSCAN,Ostovar,Composite_ROI_output_ROI_2,400,160.0,[np.float64(1484.3855963990998)],"[999, 1999]",,,00:00:06,6.649823100015055,0.002217346815610222
Zheng DBSCAN,Ostovar,Composite_ROI_output_ROI_2,400,200.0,[np.float64(1484.3855963990998)],"[999, 1999]",,,00:00:06,6.649823100015055,0.002217346815610222
Zheng DBSCAN,Ostovar,Composite_ROI_output_ROI,500,50.0,"[np.float64(940.25), np.float64(1936.6923076923076)]","[999, 1999]",1.0,60.52884615384619,00:00:05,5.41954380000243,0.0018071169723249182
Zheng DBSCAN,Ostovar,Composite_ROI_output_ROI,500,100.0,"[np.float64(940.25), np.float64(1936.6923076923076)]","[999, 1999]",1.0,60.52884615384619,00:00:05,5.41954380000243,0.0018071169723249182
Zheng DBSCAN,Ostovar,Composite_ROI_output_ROI,500,150.0,"[np.float64(940.25), np.float64(1936.6923076923076)]","[999, 1999]",1.0,60.52884615384619,00:00:05,5.41954380000243,0.0018071169723249182
Zheng DBSCAN,Ostovar,Composite_ROI_output_ROI,500,200.0,"[np.float64(940.25), np.float64(1936.6923076923076)]","[999, 1999]",1.0,60.52884615384619,00:00:05,5.41954380000243,0.0018071169723249182
Zheng DBSCAN,Ostovar,Composite_ROI_output_ROI,500,250.0,"[np.float64(940.25), np.float64(1936.6923076923076)]","[999, 1999]",1.0,60.52884615384619,00:00:05,5.41954380000243,0.0018071169723249182
Zheng DBSCAN,Ostovar,Composite_RIO_output_RIO_5,500,50.0,[np.float64(1486.236273904997)],"[999, 1999]",,,00:00:06,6.338494800002081,0.00211353611203804
Zheng DBSCAN,Ostovar,Composite_RIO_output_RIO_5,500,100.0,[np.float64(1486.236273904997)],"[999, 1999]",,,00:00:06,6.338494800002081,0.00211353611203804
Zheng DBSCAN,Ostovar,Composite_RIO_output_RIO_5,500,150.0,[np.float64(1486.236273904997)],"[999, 1999]",,,00:00:06,6.338494800002081,0.00211353611203804
Zheng DBSCAN,Ostovar,Composite_RIO_output_RIO_5,500,200.0,[np.float64(1486.236273904997)],"[999, 1999]",,,00:00:06,6.338494800002081,0.00211353611203804
Zheng DBSCAN,Ostovar,Composite_RIO_output_RIO_5,500,250.0,[np.float64(1486.236273904997)],"[999, 1999]",,,00:00:06,6.338494800002081,0.00211353611203804
Zheng DBSCAN,Ostovar,Atomic_ParallelToSequence_output_ParallelToSequence,800,80.0,"[np.float64(940.5), np.float64(1941.909090909091)]","[999, 1999]",1.0,57.795454545454504,00:00:05,5.075715400016634,0.0016924692897688008
Zheng DBSCAN,Ostovar,Atomic_ParallelToSequence_output_ParallelToSequence,800,160.0,"[np.float64(940.5), np.float64(1941.909090909091)]","[999, 1999]",1.0,57.795454545454504,00:00:05,5.075715400016634,0.0016924692897688008
Zheng DBSCAN,Ostovar,Atomic_ParallelToSequence_output_ParallelToSequence,800,240.0,"[np.float64(940.5), np.float64(1941.909090909091)]","[999, 1999]",1.0,57.795454545454504,00:00:05,5.075715400016634,0.0016924692897688008
Zheng DBSCAN,Ostovar,Atomic_ParallelToSequence_output_ParallelToSequence,800,320.0,"[np.float64(940.5), np.float64(1941.909090909091)]","[999, 1999]",1.0,57.795454545454504,00:00:05,5.075715400016634,0.0016924692897688008
Zheng DBSCAN,Ostovar,Atomic_ParallelToSequence_output_ParallelToSequence,800,400.0,"[np.float64(940.5), np.float64(1941.909090909091)]","[999, 1999]",1.0,57.795454545454504,00:00:05,5.075715400016634,0.0016924692897688008
Zheng DBSCAN,Ceravolo,sudden_trace_noise5_1000_pm,400,40.0,[np.float64(449.0)],[499],1.0,50.0,00:00:00,0.22789199999533594,0.00022789199999533594
Zheng DBSCAN,Ceravolo,sudden_trace_noise5_1000_pm,400,80.0,[np.float64(449.0)],[499],1.0,50.0,00:00:00,0.22789199999533594,0.00022789199999533594
Zheng DBSCAN,Ceravolo,sudden_trace_noise5_1000_pm,400,120.0,[np.float64(449.0)],[499],1.0,50.0,00:00:00,0.22789199999533594,0.00022789199999533594
Zheng DBSCAN,Ceravolo,sudden_trace_noise5_1000_pm,400,160.0,[np.float64(449.0)],[499],1.0,50.0,00:00:00,0.22789199999533594,0.00022789199999533594
Zheng DBSCAN,Ceravolo,sudden_trace_noise5_1000_pm,400,200.0,[np.float64(449.0)],[499],1.0,50.0,00:00:00,0.22789199999533594,0.00022789199999533594
Zheng DBSCAN,Ostovar,Atomic_SerialMove_output_SerialMove_2,500,50.0,[np.float64(1506.9592307692308)],"[999, 1999]",,,00:00:06,6.132360999996308,0.0020448019339767616
Zheng DBSCAN,Ostovar,Atomic_SerialMove_output_SerialMove_2,500,100.0,[np.float64(1506.9592307692308)],"[999, 1999]",,,00:00:06,6.132360999996308,0.0020448019339767616
Zheng DBSCAN,Ostovar,Atomic_SerialMove_output_SerialMove_2,500,150.0,[np.float64(1506.9592307692308)],"[999, 1999]",,,00:00:06,6.132360999996308,0.0020448019339767616
Zheng DBSCAN,Ostovar,Atomic_SerialMove_output_SerialMove_2,500,200.0,[np.float64(1506.9592307692308)],"[999, 1999]",,,00:00:06,6.132360999996308,0.0020448019339767616
Zheng DBSCAN,Ostovar,Atomic_SerialMove_output_SerialMove_2,500,250.0,[np.float64(1506.9592307692308)],"[999, 1999]",,,00:00:06,6.132360999996308,0.0020448019339767616
Zheng DBSCAN,Ceravolo,sudden_trace_noise5_1000_OIR,800,80.0,[],[499],,,00:00:00,0.22352169998339377,0.00022352169998339377
Zheng DBSCAN,Ceravolo,sudden_trace_noise5_1000_OIR,800,160.0,[],[499],,,00:00:00,0.22352169998339377,0.00022352169998339377
Zheng DBSCAN,Ceravolo,sudden_trace_noise5_1000_OIR,800,240.0,[],[499],,,00:00:00,0.22352169998339377,0.00022352169998339377
Zheng DBSCAN,Ceravolo,sudden_trace_noise5_1000_OIR,800,320.0,[],[499],,,00:00:00,0.22352169998339377,0.00022352169998339377
Zheng DBSCAN,Ceravolo,sudden_trace_noise5_1000_OIR,800,400.0,[],[499],,,00:00:00,0.22352169998339377,0.00022352169998339377
Zheng DBSCAN,Ostovar,Nested_IOR_output_IOR_2,300,30.0,[np.float64(1503.461217183771)],"[999, 1999]",,,00:00:06,6.99543859998812,0.0023325903967949717
Zheng DBSCAN,Ostovar,Nested_IOR_output_IOR_2,300,60.0,[np.float64(1503.461217183771)],"[999, 1999]",,,00:00:06,6.99543859998812,0.0023325903967949717
Zheng DBSCAN,Ostovar,Nested_IOR_output_IOR_2,300,90.0,[np.float64(1503.461217183771)],"[999, 1999]",,,00:00:06,6.99543859998812,0.0023325903967949717
Zheng DBSCAN,Ostovar,Nested_IOR_output_IOR_2,300,120.0,[np.float64(1503.461217183771)],"[999, 1999]",,,00:00:06,6.99543859998812,0.0023325903967949717
Zheng DBSCAN,Ostovar,Nested_IOR_output_IOR_2,300,150.0,[np.float64(1503.461217183771)],"[999, 1999]",,,00:00:06,6.99543859998812,0.0023325903967949717
Zheng DBSCAN,Ostovar,Atomic_Skip_output_Skip,400,40.0,"[np.float64(919.0), np.float64(1952.0)]","[999, 1999]",1.0,63.5,00:00:04,4.636149099998875,0.0015458983327772172
Zheng DBSCAN,Ostovar,Atomic_Skip_output_Skip,400,80.0,"[np.float64(919.0), np.float64(1952.0)]","[999, 1999]",1.0,63.5,00:00:04,4.636149099998875,0.0015458983327772172
Zheng DBSCAN,Ostovar,Atomic_Skip_output_Skip,400,120.0,"[np.float64(919.0), np.float64(1952.0)]","[999, 1999]",1.0,63.5,00:00:04,4.636149099998875,0.0015458983327772172
Zheng DBSCAN,Ostovar,Atomic_Skip_output_Skip,400,160.0,"[np.float64(919.0), np.float64(1952.0)]","[999, 1999]",1.0,63.5,00:00:04,4.636149099998875,0.0015458983327772172
Zheng DBSCAN,Ostovar,Atomic_Skip_output_Skip,400,200.0,"[np.float64(919.0), np.float64(1952.0)]","[999, 1999]",1.0,63.5,00:00:04,4.636149099998875,0.0015458983327772172
Zheng DBSCAN,Ceravolo,sudden_trace_noise5_1000_pm,300,30.0,[np.float64(449.0)],[499],1.0,50.0,00:00:00,0.187380099989241,0.000187380099989241
Zheng DBSCAN,Ceravolo,sudden_trace_noise5_1000_pm,300,60.0,[np.float64(449.0)],[499],1.0,50.0,00:00:00,0.187380099989241,0.000187380099989241
Zheng DBSCAN,Ceravolo,sudden_trace_noise5_1000_pm,300,90.0,[np.float64(449.0)],[499],1.0,50.0,00:00:00,0.187380099989241,0.000187380099989241
Zheng DBSCAN,Ceravolo,sudden_trace_noise5_1000_pm,300,120.0,[np.float64(449.0)],[499],1.0,50.0,00:00:00,0.187380099989241,0.000187380099989241
Zheng DBSCAN,Ceravolo,sudden_trace_noise5_1000_pm,300,150.0,[np.float64(449.0)],[499],1.0,50.0,00:00:00,0.187380099989241,0.000187380099989241
Zheng DBSCAN,AdditionalLogs,gradual_drift_03,300,30.0,"[np.float64(362.0), np.float64(451.5), np.float64(551.0), np.float64(620.6), np.float64(689.0), np.float64(787.0), np.float64(829.6666666666666), np.float64(872.0), np.float64(966.1111111111111), np.float64(1102.0), np.float64(1175.75), np.float64(1390.0)]","[500, 1000]",0.2857142857142857,41.19444444444446,00:00:00,0.3756436000112444,0.0002683168571508889
Zheng DBSCAN,AdditionalLogs,gradual_drift_03,300,60.0,"[np.float64(489.77777777777777), np.float64(958.15625), np.float64(1390.0)]","[500, 1000]",0.8,26.032986111111114,00:00:00,0.3756436000112444,0.0002683168571508889
Zheng DBSCAN,AdditionalLogs,gradual_drift_03,300,90.0,"[np.float64(489.77777777777777), np.float64(958.15625), np.float64(1390.0)]","[500, 1000]",0.8,26.032986111111114,00:00:00,0.3756436000112444,0.0002683168571508889
Zheng DBSCAN,AdditionalLogs,gradual_drift_03,300,120.0,"[np.float64(743.8135593220339), np.float64(1390.0)]","[500, 1000]",,,00:00:00,0.3756436000112444,0.0002683168571508889
Zheng DBSCAN,AdditionalLogs,gradual_drift_03,300,150.0,"[np.float64(723.8524590163935), np.float64(1390.0)]","[500, 1000]",,,00:00:00,0.3756436000112444,0.0002683168571508889
Zheng DBSCAN,Ostovar,Composite_ROI_output_ROI_2,300,30.0,[np.float64(1482.6153846153845)],"[999, 1999]",,,00:00:06,6.53909940001904,0.0021804266088759723
Zheng DBSCAN,Ostovar,Composite_ROI_output_ROI_2,300,60.0,[np.float64(1482.6153846153845)],"[999, 1999]",,,00:00:06,6.53909940001904,0.0021804266088759723
Zheng DBSCAN,Ostovar,Composite_ROI_output_ROI_2,300,90.0,[np.float64(1482.6153846153845)],"[999, 1999]",,,00:00:06,6.53909940001904,0.0021804266088759723
Zheng DBSCAN,Ostovar,Composite_ROI_output_ROI_2,300,120.0,[np.float64(1482.6153846153845)],"[999, 1999]",,,00:00:06,6.53909940001904,0.0021804266088759723
Zheng DBSCAN,Ostovar,Composite_ROI_output_ROI_2,300,150.0,[np.float64(1482.6153846153845)],"[999, 1999]",,,00:00:06,6.53909940001904,0.0021804266088759723
Zheng DBSCAN,Ostovar,Atomic_Swap_output_Swap_2,300,30.0,[np.float64(1486.1754018169113)],"[999, 1999]",,,00:00:05,5.407732099993154,0.0018031784261397647
Zheng DBSCAN,Ostovar,Atomic_Swap_output_Swap_2,300,60.0,[np.float64(1486.1754018169113)],"[999, 1999]",,,00:00:05,5.407732099993154,0.0018031784261397647
Zheng DBSCAN,Ostovar,Atomic_Swap_output_Swap_2,300,90.0,[np.float64(1486.1754018169113)],"[999, 1999]",,,00:00:05,5.407732099993154,0.0018031784261397647
Zheng DBSCAN,Ostovar,Atomic_Swap_output_Swap_2,300,120.0,[np.float64(1486.1754018169113)],"[999, 1999]",,,00:00:05,5.407732099993154,0.0018031784261397647
Zheng DBSCAN,Ostovar,Atomic_Swap_output_Swap_2,300,150.0,[np.float64(1486.1754018169113)],"[999, 1999]",,,00:00:05,5.407732099993154,0.0018031784261397647
Zheng DBSCAN,Ceravolo,sudden_trace_noise0_1000_sw,700,70.0,[],[499],,,00:00:00,0.20955980001599528,0.00020955980001599527
Zheng DBSCAN,Ceravolo,sudden_trace_noise0_1000_sw,700,140.0,[],[499],,,00:00:00,0.20955980001599528,0.00020955980001599527
Zheng DBSCAN,Ceravolo,sudden_trace_noise0_1000_sw,700,210.0,[],[499],,,00:00:00,0.20955980001599528,0.00020955980001599527
Zheng DBSCAN,Ceravolo,sudden_trace_noise0_1000_sw,700,280.0,[],[499],,,00:00:00,0.20955980001599528,0.00020955980001599527
Zheng DBSCAN,Ceravolo,sudden_trace_noise0_1000_sw,700,350.0,[],[499],,,00:00:00,0.20955980001599528,0.00020955980001599527
Zheng DBSCAN,Ostovar,Composite_IRO_output_IRO,300,30.0,"[np.float64(948.0666666666667), np.float64(1943.5714285714287)]","[999, 1999]",1.0,53.180952380952306,00:00:05,5.392802400019718,0.001798200200073264
Zheng DBSCAN,Ostovar,Composite_IRO_output_IRO,300,60.0,"[np.float64(948.0666666666667), np.float64(1943.5714285714287)]","[999, 1999]",1.0,53.180952380952306,00:00:05,5.392802400019718,0.001798200200073264
Zheng DBSCAN,Ostovar,Composite_IRO_output_IRO,300,90.0,"[np.float64(948.0666666666667), np.float64(1943.5714285714287)]","[999, 1999]",1.0,53.180952380952306,00:00:05,5.392802400019718,0.001798200200073264
Zheng DBSCAN,Ostovar,Composite_IRO_output_IRO,300,120.0,"[np.float64(948.0666666666667), np.float64(1943.5714285714287)]","[999, 1999]",1.0,53.180952380952306,00:00:05,5.392802400019718,0.001798200200073264
Zheng DBSCAN,Ostovar,Composite_IRO_output_IRO,300,150.0,"[np.float64(948.0666666666667), np.float64(1943.5714285714287)]","[999, 1999]",1.0,53.180952380952306,00:00:05,5.392802400019718,0.001798200200073264
Zheng DBSCAN,AdditionalLogs,sudden_drift_06,500,50.0,"[np.float64(512.4736842105264), np.float64(823.75), np.float64(1010.08), np.float64(1219.25), np.float64(1452.0)]","[500, 1000]",0.5714285714285715,11.2768421052632,00:00:01,1.3180501000024378,0.0008787000666682919
Zheng DBSCAN,AdditionalLogs,sudden_drift_06,500,100.0,"[np.float64(512.4736842105264), np.float64(1012.8484848484849), np.float64(1452.0)]","[500, 1000]",0.8,12.661084529505615,00:00:01,1.3180501000024378,0.0008787000666682919
Zheng DBSCAN,AdditionalLogs,sudden_drift_06,500,150.0,"[np.float64(512.4736842105264), np.float64(1012.8484848484849), np.float64(1452.0)]","[500, 1000]",0.8,12.661084529505615,00:00:01,1.3180501000024378,0.0008787000666682919
Zheng DBSCAN,AdditionalLogs,sudden_drift_06,500,200.0,"[np.float64(512.4736842105264), np.float64(1012.8484848484849), np.float64(1452.0)]","[500, 1000]",0.8,12.661084529505615,00:00:01,1.3180501000024378,0.0008787000666682919
Zheng DBSCAN,AdditionalLogs,sudden_drift_06,500,250.0,[np.float64(841.7547169811321)],"[500, 1000]",0.6666666666666666,158.2452830188679,00:00:01,1.3180501000024378,0.0008787000666682919
Zheng DBSCAN,Ostovar,Composite_ORI_output_ORI_5,400,40.0,[np.float64(1516.9032602886157)],"[999, 1999]",,,00:00:05,5.983072500006529,0.0019950225075046775
Zheng DBSCAN,Ostovar,Composite_ORI_output_ORI_5,400,80.0,[np.float64(1516.9032602886157)],"[999, 1999]",,,00:00:05,5.983072500006529,0.0019950225075046775
Zheng DBSCAN,Ostovar,Composite_ORI_output_ORI_5,400,120.0,[np.float64(1516.9032602886157)],"[999, 1999]",,,00:00:05,5.983072500006529,0.0019950225075046775
Zheng DBSCAN,Ostovar,Composite_ORI_output_ORI_5,400,160.0,[np.float64(1516.9032602886157)],"[999, 1999]",,,00:00:05,5.983072500006529,0.0019950225075046775
Zheng DBSCAN,Ostovar,Composite_ORI_output_ORI_5,400,200.0,[np.float64(1516.9032602886157)],"[999, 1999]",,,00:00:05,5.983072500006529,0.0019950225075046775
Zheng DBSCAN,Ostovar,Nested_ORI_output_ORI,300,30.0,"[np.float64(929.0), np.float64(1884.0), np.float64(1938.4285714285713)]","[999, 1999]",0.8,65.28571428571433,00:00:05,5.46885880001355,0.0018235607869334944
Zheng DBSCAN,Ostovar,Nested_ORI_output_ORI,300,60.0,"[np.float64(929.0), np.float64(1934.8)]","[999, 1999]",1.0,67.10000000000002,00:00:05,5.46885880001355,0.0018235607869334944
Zheng DBSCAN,Ostovar,Nested_ORI_output_ORI,300,90.0,"[np.float64(929.0), np.float64(1934.8)]","[999, 1999]",1.0,67.10000000000002,00:00:05,5.46885880001355,0.0018235607869334944
Zheng DBSCAN,Ostovar,Nested_ORI_output_ORI,300,120.0,"[np.float64(929.0), np.float64(1934.8)]","[999, 1999]",1.0,67.10000000000002,00:00:05,5.46885880001355,0.0018235607869334944
Zheng DBSCAN,Ostovar,Nested_ORI_output_ORI,300,150.0,"[np.float64(929.0), np.float64(1934.8)]","[999, 1999]",1.0,67.10000000000002,00:00:05,5.46885880001355,0.0018235607869334944
Zheng DBSCAN,Ceravolo,sudden_trace_noise10_1000_IRO,400,40.0,[np.float64(448.6666666666667)],[499],1.0,50.333333333333314,00:00:00,0.2294312999874819,0.0002294312999874819
Zheng DBSCAN,Ceravolo,sudden_trace_noise10_1000_IRO,400,80.0,[np.float64(448.6666666666667)],[499],1.0,50.333333333333314,00:00:00,0.2294312999874819,0.0002294312999874819
Zheng DBSCAN,Ceravolo,sudden_trace_noise10_1000_IRO,400,120.0,[np.float64(448.6666666666667)],[499],1.0,50.333333333333314,00:00:00,0.2294312999874819,0.0002294312999874819
Zheng DBSCAN,Ceravolo,sudden_trace_noise10_1000_IRO,400,160.0,[np.float64(448.6666666666667)],[499],1.0,50.333333333333314,00:00:00,0.2294312999874819,0.0002294312999874819
Zheng DBSCAN,Ceravolo,sudden_trace_noise10_1000_IRO,400,200.0,[np.float64(448.6666666666667)],[499],1.0,50.333333333333314,00:00:00,0.2294312999874819,0.0002294312999874819
Zheng DBSCAN,Ostovar,Composite_ROI_output_ROI,400,40.0,"[np.float64(940.25), np.float64(1936.6923076923076)]","[999, 1999]",1.0,60.52884615384619,00:00:05,5.302921800001059,0.0017682300100036875
Zheng DBSCAN,Ostovar,Composite_ROI_output_ROI,400,80.0,"[np.float64(940.25), np.float64(1936.6923076923076)]","[999, 1999]",1.0,60.52884615384619,00:00:05,5.302921800001059,0.0017682300100036875
Zheng DBSCAN,Ostovar,Composite_ROI_output_ROI,400,120.0,"[np.float64(940.25), np.float64(1936.6923076923076)]","[999, 1999]",1.0,60.52884615384619,00:00:05,5.302921800001059,0.0017682300100036875
Zheng DBSCAN,Ostovar,Composite_ROI_output_ROI,400,160.0,"[np.float64(940.25), np.float64(1936.6923076923076)]","[999, 1999]",1.0,60.52884615384619,00:00:05,5.302921800001059,0.0017682300100036875
Zheng DBSCAN,Ostovar,Composite_ROI_output_ROI,400,200.0,"[np.float64(940.25), np.float64(1936.6923076923076)]","[999, 1999]",1.0,60.52884615384619,00:00:05,5.302921800001059,0.0017682300100036875
Zheng DBSCAN,Ostovar,Atomic_SerialRemoval_output_SerialRemoval_5,500,50.0,[np.float64(1502.888064733648)],"[999, 1999]",,,00:00:05,5.583908900007373,0.001861923607871748
Zheng DBSCAN,Ostovar,Atomic_SerialRemoval_output_SerialRemoval_5,500,100.0,[np.float64(1502.888064733648)],"[999, 1999]",,,00:00:05,5.583908900007373,0.001861923607871748
Zheng DBSCAN,Ostovar,Atomic_SerialRemoval_output_SerialRemoval_5,500,150.0,[np.float64(1502.888064733648)],"[999, 1999]",,,00:00:05,5.583908900007373,0.001861923607871748
Zheng DBSCAN,Ostovar,Atomic_SerialRemoval_output_SerialRemoval_5,500,200.0,[np.float64(1502.888064733648)],"[999, 1999]",,,00:00:05,5.583908900007373,0.001861923607871748
Zheng DBSCAN,Ostovar,Atomic_SerialRemoval_output_SerialRemoval_5,500,250.0,[np.float64(1502.888064733648)],"[999, 1999]",,,00:00:05,5.583908900007373,0.001861923607871748
Zheng DBSCAN,Ostovar,Atomic_Swap_output_Swap,800,80.0,"[np.float64(930.4444444444445), np.float64(1930.875)]","[999, 1999]",1.0,68.34027777777777,00:00:04,4.1729457000037655,0.0013914457152396683
Zheng DBSCAN,Ostovar,Atomic_Swap_output_Swap,800,160.0,"[np.float64(930.4444444444445), np.float64(1930.875)]","[999, 1999]",1.0,68.34027777777777,00:00:04,4.1729457000037655,0.0013914457152396683
Zheng DBSCAN,Ostovar,Atomic_Swap_output_Swap,800,240.0,"[np.float64(930.4444444444445), np.float64(1930.875)]","[999, 1999]",1.0,68.34027777777777,00:00:04,4.1729457000037655,0.0013914457152396683
Zheng DBSCAN,Ostovar,Atomic_Swap_output_Swap,800,320.0,"[np.float64(930.4444444444445), np.float64(1930.875)]","[999, 1999]",1.0,68.34027777777777,00:00:04,4.1729457000037655,0.0013914457152396683
Zheng DBSCAN,Ostovar,Atomic_Swap_output_Swap,800,400.0,"[np.float64(930.4444444444445), np.float64(1930.875)]","[999, 1999]",1.0,68.34027777777777,00:00:04,4.1729457000037655,0.0013914457152396683
Zheng DBSCAN,Ceravolo,sudden_trace_noise5_1000_cb,400,40.0,[np.float64(451.0)],[499],1.0,48.0,00:00:00,0.1969393999897875,0.0001969393999897875
Zheng DBSCAN,Ceravolo,sudden_trace_noise5_1000_cb,400,80.0,[np.float64(451.0)],[499],1.0,48.0,00:00:00,0.1969393999897875,0.0001969393999897875
Zheng DBSCAN,Ceravolo,sudden_trace_noise5_1000_cb,400,120.0,[np.float64(451.0)],[499],1.0,48.0,00:00:00,0.1969393999897875,0.0001969393999897875
Zheng DBSCAN,Ceravolo,sudden_trace_noise5_1000_cb,400,160.0,[np.float64(451.0)],[499],1.0,48.0,00:00:00,0.1969393999897875,0.0001969393999897875
Zheng DBSCAN,Ceravolo,sudden_trace_noise5_1000_cb,400,200.0,[np.float64(451.0)],[499],1.0,48.0,00:00:00,0.1969393999897875,0.0001969393999897875
Zheng DBSCAN,AdditionalLogs,gradual_drift_08,300,30.0,"[np.float64(342.85714285714283), np.float64(439.73333333333335), np.float64(571.6153846153846), np.float64(689.0), np.float64(777.3333333333334), np.float64(946.1666666666666), np.float64(1143.0), np.float64(1239.0), np.float64(1278.0), np.float64(1314.5), np.float64(1364.5)]","[500, 1000]",0.3076923076923077,57.05000000000001,00:00:00,0.6333620000223164,0.00045240142858736884
Zheng DBSCAN,AdditionalLogs,gradual_drift_08,300,60.0,"[np.float64(704.9333333333333), np.float64(1143.0), np.float64(1302.0)]","[500, 1000]",0.4,143.0,00:00:00,0.6333620000223164,0.00045240142858736884
Zheng DBSCAN,AdditionalLogs,gradual_drift_08,300,90.0,"[np.float64(653.4466019417475), np.float64(1302.0)]","[500, 1000]",0.5,153.44660194174753,00:00:00,0.6333620000223164,0.00045240142858736884
Zheng DBSCAN,AdditionalLogs,gradual_drift_08,300,120.0,[np.float64(694.7181818181818)],"[500, 1000]",0.6666666666666666,194.71818181818185,00:00:00,0.6333620000223164,0.00045240142858736884
Zheng DBSCAN,AdditionalLogs,gradual_drift_08,300,150.0,[np.float64(694.7181818181818)],"[500, 1000]",0.6666666666666666,194.71818181818185,00:00:00,0.6333620000223164,0.00045240142858736884
Zheng DBSCAN,Ostovar,Nested_ORI_output_ORI_5,300,30.0,[np.float64(1500.255179383527)],"[999, 1999]",,,00:00:06,6.194718300015666,0.0020655946315490717
Zheng DBSCAN,Ostovar,Nested_ORI_output_ORI_5,300,60.0,[np.float64(1500.255179383527)],"[999, 1999]",,,00:00:06,6.194718300015666,0.0020655946315490717
Zheng DBSCAN,Ostovar,Nested_ORI_output_ORI_5,300,90.0,[np.float64(1500.255179383527)],"[999, 1999]",,,00:00:06,6.194718300015666,0.0020655946315490717
Zheng DBSCAN,Ostovar,Nested_ORI_output_ORI_5,300,120.0,[np.float64(1500.255179383527)],"[999, 1999]",,,00:00:06,6.194718300015666,0.0020655946315490717
Zheng DBSCAN,Ostovar,Nested_ORI_output_ORI_5,300,150.0,[np.float64(1500.255179383527)],"[999, 1999]",,,00:00:06,6.194718300015666,0.0020655946315490717
Zheng DBSCAN,Ceravolo,sudden_trace_noise10_1000_cd,500,50.0,[],[499],,,00:00:00,0.18370139997568913,0.00018370139997568913
Zheng DBSCAN,Ceravolo,sudden_trace_noise10_1000_cd,500,100.0,[],[499],,,00:00:00,0.18370139997568913,0.00018370139997568913
Zheng DBSCAN,Ceravolo,sudden_trace_noise10_1000_cd,500,150.0,[],[499],,,00:00:00,0.18370139997568913,0.00018370139997568913
Zheng DBSCAN,Ceravolo,sudden_trace_noise10_1000_cd,500,200.0,[],[499],,,00:00:00,0.18370139997568913,0.00018370139997568913
Zheng DBSCAN,Ceravolo,sudden_trace_noise10_1000_cd,500,250.0,[],[499],,,00:00:00,0.18370139997568913,0.00018370139997568913
Zheng DBSCAN,Ceravolo,sudden_trace_noise15_1000_OIR,800,80.0,[],[499],,,00:00:00,0.2195254000253044,0.0002195254000253044
Zheng DBSCAN,Ceravolo,sudden_trace_noise15_1000_OIR,800,160.0,[],[499],,,00:00:00,0.2195254000253044,0.0002195254000253044
Zheng DBSCAN,Ceravolo,sudden_trace_noise15_1000_OIR,800,240.0,[],[499],,,00:00:00,0.2195254000253044,0.0002195254000253044
Zheng DBSCAN,Ceravolo,sudden_trace_noise15_1000_OIR,800,320.0,[],[499],,,00:00:00,0.2195254000253044,0.0002195254000253044
Zheng DBSCAN,Ceravolo,sudden_trace_noise15_1000_OIR,800,400.0,[],[499],,,00:00:00,0.2195254000253044,0.0002195254000253044
Zheng DBSCAN,Ceravolo,sudden_trace_noise15_1000_sw,800,80.0,[],[499],,,00:00:00,0.2046519999857992,0.0002046519999857992
Zheng DBSCAN,Ceravolo,sudden_trace_noise15_1000_sw,800,160.0,[],[499],,,00:00:00,0.2046519999857992,0.0002046519999857992
Zheng DBSCAN,Ceravolo,sudden_trace_noise15_1000_sw,800,240.0,[],[499],,,00:00:00,0.2046519999857992,0.0002046519999857992
Zheng DBSCAN,Ceravolo,sudden_trace_noise15_1000_sw,800,320.0,[],[499],,,00:00:00,0.2046519999857992,0.0002046519999857992
Zheng DBSCAN,Ceravolo,sudden_trace_noise15_1000_sw,800,400.0,[],[499],,,00:00:00,0.2046519999857992,0.0002046519999857992
Zheng DBSCAN,Ceravolo,sudden_trace_noise10_1000_OIR,700,70.0,[],[499],,,00:00:00,0.22951819997979328,0.00022951819997979328
Zheng DBSCAN,Ceravolo,sudden_trace_noise10_1000_OIR,700,140.0,[],[499],,,00:00:00,0.22951819997979328,0.00022951819997979328
Zheng DBSCAN,Ceravolo,sudden_trace_noise10_1000_OIR,700,210.0,[],[499],,,00:00:00,0.22951819997979328,0.00022951819997979328
Zheng DBSCAN,Ceravolo,sudden_trace_noise10_1000_OIR,700,280.0,[],[499],,,00:00:00,0.22951819997979328,0.00022951819997979328
Zheng DBSCAN,Ceravolo,sudden_trace_noise10_1000_OIR,700,350.0,[],[499],,,00:00:00,0.22951819997979328,0.00022951819997979328
Zheng DBSCAN,Ceravolo,sudden_trace_noise5_1000_cd,400,40.0,[],[499],,,00:00:00,0.198766900022747,0.000198766900022747
Zheng DBSCAN,Ceravolo,sudden_trace_noise5_1000_cd,400,80.0,[],[499],,,00:00:00,0.198766900022747,0.000198766900022747
Zheng DBSCAN,Ceravolo,sudden_trace_noise5_1000_cd,400,120.0,[],[499],,,00:00:00,0.198766900022747,0.000198766900022747
Zheng DBSCAN,Ceravolo,sudden_trace_noise5_1000_cd,400,160.0,[],[499],,,00:00:00,0.198766900022747,0.000198766900022747
Zheng DBSCAN,Ceravolo,sudden_trace_noise5_1000_cd,400,200.0,[],[499],,,00:00:00,0.198766900022747,0.000198766900022747
Zheng DBSCAN,Ceravolo,sudden_trace_noise20_1000_cd,700,70.0,[],[499],,,00:00:00,0.17866249999497086,0.00017866249999497086
Zheng DBSCAN,Ceravolo,sudden_trace_noise20_1000_cd,700,140.0,[],[499],,,00:00:00,0.17866249999497086,0.00017866249999497086
Zheng DBSCAN,Ceravolo,sudden_trace_noise20_1000_cd,700,210.0,[],[499],,,00:00:00,0.17866249999497086,0.00017866249999497086
Zheng DBSCAN,Ceravolo,sudden_trace_noise20_1000_cd,700,280.0,[],[499],,,00:00:00,0.17866249999497086,0.00017866249999497086
Zheng DBSCAN,Ceravolo,sudden_trace_noise20_1000_cd,700,350.0,[],[499],,,00:00:00,0.17866249999497086,0.00017866249999497086
Zheng DBSCAN,Ostovar,Atomic_Loop_output_Loop_2,400,40.0,[np.float64(1471.6472416472416)],"[999, 1999]",,,00:00:04,4.445731000014348,0.0014824044681608364
Zheng DBSCAN,Ostovar,Atomic_Loop_output_Loop_2,400,80.0,[np.float64(1471.6472416472416)],"[999, 1999]",,,00:00:04,4.445731000014348,0.0014824044681608364
Zheng DBSCAN,Ostovar,Atomic_Loop_output_Loop_2,400,120.0,[np.float64(1471.6472416472416)],"[999, 1999]",,,00:00:04,4.445731000014348,0.0014824044681608364
Zheng DBSCAN,Ostovar,Atomic_Loop_output_Loop_2,400,160.0,[np.float64(1471.6472416472416)],"[999, 1999]",,,00:00:04,4.445731000014348,0.0014824044681608364
Zheng DBSCAN,Ostovar,Atomic_Loop_output_Loop_2,400,200.0,[np.float64(1471.6472416472416)],"[999, 1999]",,,00:00:04,4.445731000014348,0.0014824044681608364
Zheng DBSCAN,Ceravolo,sudden_trace_noise0_1000_OIR,600,60.0,[],[499],,,00:00:00,0.22172530001262203,0.00022172530001262204
Zheng DBSCAN,Ceravolo,sudden_trace_noise0_1000_OIR,600,120.0,[],[499],,,00:00:00,0.22172530001262203,0.00022172530001262204
Zheng DBSCAN,Ceravolo,sudden_trace_noise0_1000_OIR,600,180.0,[],[499],,,00:00:00,0.22172530001262203,0.00022172530001262204
Zheng DBSCAN,Ceravolo,sudden_trace_noise0_1000_OIR,600,240.0,[],[499],,,00:00:00,0.22172530001262203,0.00022172530001262204
Zheng DBSCAN,Ceravolo,sudden_trace_noise0_1000_OIR,600,300.0,[],[499],,,00:00:00,0.22172530001262203,0.00022172530001262204
Zheng DBSCAN,Ostovar,Composite_RIO_output_RIO,600,60.0,"[np.float64(937.1428571428571), np.float64(1939.5)]","[999, 1999]",1.0,60.678571428571445,00:00:04,4.306923500000266,0.001436119873291186
Zheng DBSCAN,Ostovar,Composite_RIO_output_RIO,600,120.0,"[np.float64(937.1428571428571), np.float64(1939.5)]","[999, 1999]",1.0,60.678571428571445,00:00:04,4.306923500000266,0.001436119873291186
Zheng DBSCAN,Ostovar,Composite_RIO_output_RIO,600,180.0,"[np.float64(937.1428571428571), np.float64(1939.5)]","[999, 1999]",1.0,60.678571428571445,00:00:04,4.306923500000266,0.001436119873291186
Zheng DBSCAN,Ostovar,Composite_RIO_output_RIO,600,240.0,"[np.float64(937.1428571428571), np.float64(1939.5)]","[999, 1999]",1.0,60.678571428571445,00:00:04,4.306923500000266,0.001436119873291186
Zheng DBSCAN,Ostovar,Composite_RIO_output_RIO,600,300.0,"[np.float64(937.1428571428571), np.float64(1939.5)]","[999, 1999]",1.0,60.678571428571445,00:00:04,4.306923500000266,0.001436119873291186
Zheng DBSCAN,Ceravolo,sudden_trace_noise20_1000_cp,600,60.0,[],[499],,,00:00:00,0.192578299989691,0.000192578299989691
Zheng DBSCAN,Ceravolo,sudden_trace_noise20_1000_cp,600,120.0,[],[499],,,00:00:00,0.192578299989691,0.000192578299989691
Zheng DBSCAN,Ceravolo,sudden_trace_noise20_1000_cp,600,180.0,[],[499],,,00:00:00,0.192578299989691,0.000192578299989691
Zheng DBSCAN,Ceravolo,sudden_trace_noise20_1000_cp,600,240.0,[],[499],,,00:00:00,0.192578299989691,0.000192578299989691
Zheng DBSCAN,Ceravolo,sudden_trace_noise20_1000_cp,600,300.0,[],[499],,,00:00:00,0.192578299989691,0.000192578299989691
Zheng DBSCAN,Ostovar,Atomic_ConditionalRemoval_output_ConditionalRemoval_2,300,30.0,[np.float64(1502.1735598227474)],"[999, 1999]",,,00:00:04,4.777276400011033,0.0015929564521543957
Zheng DBSCAN,Ostovar,Atomic_ConditionalRemoval_output_ConditionalRemoval_2,300,60.0,[np.float64(1502.1735598227474)],"[999, 1999]",,,00:00:04,4.777276400011033,0.0015929564521543957
Zheng DBSCAN,Ostovar,Atomic_ConditionalRemoval_output_ConditionalRemoval_2,300,90.0,[np.float64(1502.1735598227474)],"[999, 1999]",,,00:00:04,4.777276400011033,0.0015929564521543957
Zheng DBSCAN,Ostovar,Atomic_ConditionalRemoval_output_ConditionalRemoval_2,300,120.0,[np.float64(1502.1735598227474)],"[999, 1999]",,,00:00:04,4.777276400011033,0.0015929564521543957
Zheng DBSCAN,Ostovar,Atomic_ConditionalRemoval_output_ConditionalRemoval_2,300,150.0,[np.float64(1502.1735598227474)],"[999, 1999]",,,00:00:04,4.777276400011033,0.0015929564521543957
Zheng DBSCAN,Ceravolo,sudden_trace_noise5_1000_IOR,500,50.0,[],[499],,,00:00:00,0.2127778000140097,0.0002127778000140097
Zheng DBSCAN,Ceravolo,sudden_trace_noise5_1000_IOR,500,100.0,[],[499],,,00:00:00,0.2127778000140097,0.0002127778000140097
Zheng DBSCAN,Ceravolo,sudden_trace_noise5_1000_IOR,500,150.0,[],[499],,,00:00:00,0.2127778000140097,0.0002127778000140097
Zheng DBSCAN,Ceravolo,sudden_trace_noise5_1000_IOR,500,200.0,[],[499],,,00:00:00,0.2127778000140097,0.0002127778000140097
Zheng DBSCAN,Ceravolo,sudden_trace_noise5_1000_IOR,500,250.0,[],[499],,,00:00:00,0.2127778000140097,0.0002127778000140097
Zheng DBSCAN,AdditionalLogs,sudden_drift_02,700,70.0,"[np.float64(723.3333333333334), np.float64(1057.52), np.float64(1377.0), np.float64(1474.0)]","[500, 1000]",0.3333333333333333,57.51999999999998,00:00:00,0.6096665000077337,0.00040644433333848914
Zheng DBSCAN,AdditionalLogs,sudden_drift_02,700,140.0,"[np.float64(1057.52), np.float64(1425.5)]","[500, 1000]",0.5,57.51999999999998,00:00:00,0.6096665000077337,0.00040644433333848914
Zheng DBSCAN,AdditionalLogs,sudden_drift_02,700,210.0,[np.float64(1108.2758620689656)],"[500, 1000]",0.6666666666666666,108.27586206896558,00:00:00,0.6096665000077337,0.00040644433333848914
Zheng DBSCAN,AdditionalLogs,sudden_drift_02,700,280.0,[np.float64(962.9487179487179)],"[500, 1000]",0.6666666666666666,37.0512820512821,00:00:00,0.6096665000077337,0.00040644433333848914
Zheng DBSCAN,AdditionalLogs,sudden_drift_02,700,350.0,[np.float64(962.9487179487179)],"[500, 1000]",0.6666666666666666,37.0512820512821,00:00:00,0.6096665000077337,0.00040644433333848914
Zheng DBSCAN,AdditionalLogs,gradual_drift_06,300,30.0,"[np.float64(422.5), np.float64(483.0), np.float64(556.5), np.float64(627.5), np.float64(726.5), np.float64(962.8275862068965), np.float64(1135.0), np.float64(1208.0), np.float64(1392.0)]","[500, 1000]",0.3636363636363636,27.086206896551744,00:00:00,0.7650709000008646,0.0005464792142863318
Zheng DBSCAN,AdditionalLogs,gradual_drift_06,300,60.0,"[np.float64(489.0833333333333), np.float64(726.5), np.float64(962.8275862068965), np.float64(1135.0), np.float64(1208.0), np.float64(1392.0)]","[500, 1000]",0.5,24.044540229885087,00:00:00,0.7650709000008646,0.0005464792142863318
Zheng DBSCAN,AdditionalLogs,gradual_drift_06,300,90.0,"[np.float64(489.0833333333333), np.float64(726.5), np.float64(983.53125), np.float64(1392.0)]","[500, 1000]",0.6666666666666666,13.692708333333343,00:00:00,0.7650709000008646,0.0005464792142863318
Zheng DBSCAN,AdditionalLogs,gradual_drift_06,300,120.0,"[np.float64(453.05555555555554), np.float64(983.53125), np.float64(1392.0)]","[500, 1000]",0.8,31.70659722222223,00:00:00,0.7650709000008646,0.0005464792142863318
Zheng DBSCAN,AdditionalLogs,gradual_drift_06,300,150.0,"[np.float64(429.3157894736842), np.float64(983.53125), np.float64(1392.0)]","[500, 1000]",0.8,43.57648026315789,00:00:00,0.7650709000008646,0.0005464792142863318
Zheng DBSCAN,AdditionalLogs,gradual_drift_08,500,50.0,"[np.float64(553.921052631579), np.float64(787.5), np.float64(939.5217391304348), np.float64(1143.0), np.float64(1239.0), np.float64(1348.0)]","[500, 1000]",0.5,57.1996567505721,00:00:00,0.6487817999732215,0.0004634155714094439
Zheng DBSCAN,AdditionalLogs,gradual_drift_08,500,100.0,[np.float64(688.1139240506329)],"[500, 1000]",0.6666666666666666,188.11392405063293,00:00:00,0.6487817999732215,0.0004634155714094439
Zheng DBSCAN,AdditionalLogs,gradual_drift_08,500,150.0,[np.float64(688.1139240506329)],"[500, 1000]",0.6666666666666666,188.11392405063293,00:00:00,0.6487817999732215,0.0004634155714094439
Zheng DBSCAN,AdditionalLogs,gradual_drift_08,500,200.0,[np.float64(688.1139240506329)],"[500, 1000]",0.6666666666666666,188.11392405063293,00:00:00,0.6487817999732215,0.0004634155714094439
Zheng DBSCAN,AdditionalLogs,gradual_drift_08,500,250.0,[np.float64(688.1139240506329)],"[500, 1000]",0.6666666666666666,188.11392405063293,00:00:00,0.6487817999732215,0.0004634155714094439
Zheng DBSCAN,AdditionalLogs,sudden_drift_00,700,70.0,"[np.float64(787.0), np.float64(1010.75), np.float64(1095.0)]","[500, 1000]",0.4,10.75,00:00:00,0.5692184999934398,0.0003794789999956265
Zheng DBSCAN,AdditionalLogs,sudden_drift_00,700,140.0,"[np.float64(787.0), np.float64(1027.6)]","[500, 1000]",0.5,27.59999999999991,00:00:00,0.5692184999934398,0.0003794789999956265
Zheng DBSCAN,AdditionalLogs,sudden_drift_00,700,210.0,"[np.float64(787.0), np.float64(1027.6)]","[500, 1000]",0.5,27.59999999999991,00:00:00,0.5692184999934398,0.0003794789999956265
Zheng DBSCAN,AdditionalLogs,sudden_drift_00,700,280.0,[np.float64(987.5)],"[500, 1000]",0.6666666666666666,12.5,00:00:00,0.5692184999934398,0.0003794789999956265
Zheng DBSCAN,AdditionalLogs,sudden_drift_00,700,350.0,[np.float64(763.3)],"[500, 1000]",,,00:00:00,0.5692184999934398,0.0003794789999956265
Zheng DBSCAN,Ostovar,Atomic_SerialMove_output_SerialMove_2,300,30.0,[np.float64(1513.0816464237516)],"[999, 1999]",,,00:00:05,5.545973900007084,0.0018492743914661834
Zheng DBSCAN,Ostovar,Atomic_SerialMove_output_SerialMove_2,300,60.0,[np.float64(1513.0816464237516)],"[999, 1999]",,,00:00:05,5.545973900007084,0.0018492743914661834
Zheng DBSCAN,Ostovar,Atomic_SerialMove_output_SerialMove_2,300,90.0,[np.float64(1513.0816464237516)],"[999, 1999]",,,00:00:05,5.545973900007084,0.0018492743914661834
Zheng DBSCAN,Ostovar,Atomic_SerialMove_output_SerialMove_2,300,120.0,[np.float64(1513.0816464237516)],"[999, 1999]",,,00:00:05,5.545973900007084,0.0018492743914661834
Zheng DBSCAN,Ostovar,Atomic_SerialMove_output_SerialMove_2,300,150.0,[np.float64(1513.0816464237516)],"[999, 1999]",,,00:00:05,5.545973900007084,0.0018492743914661834
Zheng DBSCAN,Ostovar,Atomic_Loop_output_Loop_5,300,30.0,[np.float64(1505.554926387316)],"[999, 1999]",,,00:00:04,4.96819349998259,0.0016566167055627175
Zheng DBSCAN,Ostovar,Atomic_Loop_output_Loop_5,300,60.0,[np.float64(1505.554926387316)],"[999, 1999]",,,00:00:04,4.96819349998259,0.0016566167055627175
Zheng DBSCAN,Ostovar,Atomic_Loop_output_Loop_5,300,90.0,[np.float64(1505.554926387316)],"[999, 1999]",,,00:00:04,4.96819349998259,0.0016566167055627175
Zheng DBSCAN,Ostovar,Atomic_Loop_output_Loop_5,300,120.0,[np.float64(1505.554926387316)],"[999, 1999]",,,00:00:04,4.96819349998259,0.0016566167055627175
Zheng DBSCAN,Ostovar,Atomic_Loop_output_Loop_5,300,150.0,[np.float64(1505.554926387316)],"[999, 1999]",,,00:00:04,4.96819349998259,0.0016566167055627175
Zheng DBSCAN,AdditionalLogs,sudden_drift_01,800,80.0,"[np.float64(995.0), np.float64(1115.0), np.float64(1254.0)]","[500, 1000]",0.4,5.0,00:00:00,0.4769725000078324,0.00031798166667188827
Zheng DBSCAN,AdditionalLogs,sudden_drift_01,800,160.0,[np.float64(1037.111111111111)],"[500, 1000]",0.6666666666666666,37.111111111111086,00:00:00,0.4769725000078324,0.00031798166667188827
Zheng DBSCAN,AdditionalLogs,sudden_drift_01,800,240.0,[np.float64(1037.111111111111)],"[500, 1000]",0.6666666666666666,37.111111111111086,00:00:00,0.4769725000078324,0.00031798166667188827
Zheng DBSCAN,AdditionalLogs,sudden_drift_01,800,320.0,[np.float64(1037.111111111111)],"[500, 1000]",0.6666666666666666,37.111111111111086,00:00:00,0.4769725000078324,0.00031798166667188827
Zheng DBSCAN,AdditionalLogs,sudden_drift_01,800,400.0,[np.float64(1037.111111111111)],"[500, 1000]",0.6666666666666666,37.111111111111086,00:00:00,0.4769725000078324,0.00031798166667188827
Zheng DBSCAN,Ostovar,Atomic_SerialMove_output_SerialMove_5,400,40.0,[np.float64(1507.837528604119)],"[999, 1999]",,,00:00:06,6.2540493000124115,0.002085378226079497
Zheng DBSCAN,Ostovar,Atomic_SerialMove_output_SerialMove_5,400,80.0,[np.float64(1507.837528604119)],"[999, 1999]",,,00:00:06,6.2540493000124115,0.002085378226079497
Zheng DBSCAN,Ostovar,Atomic_SerialMove_output_SerialMove_5,400,120.0,[np.float64(1507.837528604119)],"[999, 1999]",,,00:00:06,6.2540493000124115,0.002085378226079497
Zheng DBSCAN,Ostovar,Atomic_SerialMove_output_SerialMove_5,400,160.0,[np.float64(1507.837528604119)],"[999, 1999]",,,00:00:06,6.2540493000124115,0.002085378226079497
Zheng DBSCAN,Ostovar,Atomic_SerialMove_output_SerialMove_5,400,200.0,[np.float64(1507.837528604119)],"[999, 1999]",,,00:00:06,6.2540493000124115,0.002085378226079497
Zheng DBSCAN,AdditionalLogs,gradual_drift_09,300,30.0,"[np.float64(459.06666666666666), np.float64(993.4444444444445)]","[500, 1000]",1.0,23.74444444444444,00:00:00,0.4172695000015665,0.0002980496428582618
Zheng DBSCAN,AdditionalLogs,gradual_drift_09,300,60.0,"[np.float64(459.06666666666666), np.float64(993.4444444444445)]","[500, 1000]",1.0,23.74444444444444,00:00:00,0.4172695000015665,0.0002980496428582618
Zheng DBSCAN,AdditionalLogs,gradual_drift_09,300,90.0,"[np.float64(459.06666666666666), np.float64(993.4444444444445)]","[500, 1000]",1.0,23.74444444444444,00:00:00,0.4172695000015665,0.0002980496428582618
Zheng DBSCAN,AdditionalLogs,gradual_drift_09,300,120.0,"[np.float64(459.06666666666666), np.float64(993.4444444444445)]","[500, 1000]",1.0,23.74444444444444,00:00:00,0.4172695000015665,0.0002980496428582618
Zheng DBSCAN,AdditionalLogs,gradual_drift_09,300,150.0,"[np.float64(459.06666666666666), np.float64(993.4444444444445)]","[500, 1000]",1.0,23.74444444444444,00:00:00,0.4172695000015665,0.0002980496428582618
Zheng DBSCAN,Ceravolo,sudden_trace_noise5_1000_OIR,600,60.0,[],[499],,,00:00:00,0.2003270999994129,0.0002003270999994129
Zheng DBSCAN,Ceravolo,sudden_trace_noise5_1000_OIR,600,120.0,[],[499],,,00:00:00,0.2003270999994129,0.0002003270999994129
Zheng DBSCAN,Ceravolo,sudden_trace_noise5_1000_OIR,600,180.0,[],[499],,,00:00:00,0.2003270999994129,0.0002003270999994129
Zheng DBSCAN,Ceravolo,sudden_trace_noise5_1000_OIR,600,240.0,[],[499],,,00:00:00,0.2003270999994129,0.0002003270999994129
Zheng DBSCAN,Ceravolo,sudden_trace_noise5_1000_OIR,600,300.0,[],[499],,,00:00:00,0.2003270999994129,0.0002003270999994129
Zheng DBSCAN,Ceravolo,sudden_trace_noise0_1000_re,500,50.0,[],[499],,,00:00:00,0.18181749997893348,0.0001818174999789335
Zheng DBSCAN,Ceravolo,sudden_trace_noise0_1000_re,500,100.0,[],[499],,,00:00:00,0.18181749997893348,0.0001818174999789335
Zheng DBSCAN,Ceravolo,sudden_trace_noise0_1000_re,500,150.0,[],[499],,,00:00:00,0.18181749997893348,0.0001818174999789335
Zheng DBSCAN,Ceravolo,sudden_trace_noise0_1000_re,500,200.0,[],[499],,,00:00:00,0.18181749997893348,0.0001818174999789335
Zheng DBSCAN,Ceravolo,sudden_trace_noise0_1000_re,500,250.0,[],[499],,,00:00:00,0.18181749997893348,0.0001818174999789335
Zheng DBSCAN,Ostovar,Composite_IOR_output_IOR_2,300,30.0,[np.float64(1491.0486526946108)],"[999, 1999]",,,00:00:04,4.831113100022776,0.0016109080026751503
Zheng DBSCAN,Ostovar,Composite_IOR_output_IOR_2,300,60.0,[np.float64(1491.0486526946108)],"[999, 1999]",,,00:00:04,4.831113100022776,0.0016109080026751503
Zheng DBSCAN,Ostovar,Composite_IOR_output_IOR_2,300,90.0,[np.float64(1491.0486526946108)],"[999, 1999]",,,00:00:04,4.831113100022776,0.0016109080026751503
Zheng DBSCAN,Ostovar,Composite_IOR_output_IOR_2,300,120.0,[np.float64(1491.0486526946108)],"[999, 1999]",,,00:00:04,4.831113100022776,0.0016109080026751503
Zheng DBSCAN,Ostovar,Composite_IOR_output_IOR_2,300,150.0,[np.float64(1491.0486526946108)],"[999, 1999]",,,00:00:04,4.831113100022776,0.0016109080026751503
Zheng DBSCAN,Ostovar,Composite_ROI_output_ROI_2,600,60.0,[np.float64(1488.4724342663274)],"[999, 1999]",,,00:00:06,6.308981600013794,0.0021036950983707218
Zheng DBSCAN,Ostovar,Composite_ROI_output_ROI_2,600,120.0,[np.float64(1488.4724342663274)],"[999, 1999]",,,00:00:06,6.308981600013794,0.0021036950983707218
Zheng DBSCAN,Ostovar,Composite_ROI_output_ROI_2,600,180.0,[np.float64(1488.4724342663274)],"[999, 1999]",,,00:00:06,6.308981600013794,0.0021036950983707218
Zheng DBSCAN,Ostovar,Composite_ROI_output_ROI_2,600,240.0,[np.float64(1488.4724342663274)],"[999, 1999]",,,00:00:06,6.308981600013794,0.0021036950983707218
Zheng DBSCAN,Ostovar,Composite_ROI_output_ROI_2,600,300.0,[np.float64(1488.4724342663274)],"[999, 1999]",,,00:00:06,6.308981600013794,0.0021036950983707218
Zheng DBSCAN,Ostovar,Atomic_ParallelRemoval_output_ParallelRemoval,400,40.0,"[np.float64(933.5), np.float64(1940.3333333333333)]","[999, 1999]",1.0,62.08333333333337,00:00:04,4.250860300002387,0.001417425908637008
Zheng DBSCAN,Ostovar,Atomic_ParallelRemoval_output_ParallelRemoval,400,80.0,"[np.float64(933.5), np.float64(1940.3333333333333)]","[999, 1999]",1.0,62.08333333333337,00:00:04,4.250860300002387,0.001417425908637008
Zheng DBSCAN,Ostovar,Atomic_ParallelRemoval_output_ParallelRemoval,400,120.0,"[np.float64(933.5), np.float64(1940.3333333333333)]","[999, 1999]",1.0,62.08333333333337,00:00:04,4.250860300002387,0.001417425908637008
Zheng DBSCAN,Ostovar,Atomic_ParallelRemoval_output_ParallelRemoval,400,160.0,"[np.float64(933.5), np.float64(1940.3333333333333)]","[999, 1999]",1.0,62.08333333333337,00:00:04,4.250860300002387,0.001417425908637008
Zheng DBSCAN,Ostovar,Atomic_ParallelRemoval_output_ParallelRemoval,400,200.0,"[np.float64(933.5), np.float64(1940.3333333333333)]","[999, 1999]",1.0,62.08333333333337,00:00:04,4.250860300002387,0.001417425908637008
Zheng DBSCAN,Ostovar,Composite_ROI_output_ROI_2,500,50.0,[np.float64(1483.3652312599681)],"[999, 1999]",,,00:00:06,6.2695412000175565,0.002090543914644067
Zheng DBSCAN,Ostovar,Composite_ROI_output_ROI_2,500,100.0,[np.float64(1483.3652312599681)],"[999, 1999]",,,00:00:06,6.2695412000175565,0.002090543914644067
Zheng DBSCAN,Ostovar,Composite_ROI_output_ROI_2,500,150.0,[np.float64(1483.3652312599681)],"[999, 1999]",,,00:00:06,6.2695412000175565,0.002090543914644067
Zheng DBSCAN,Ostovar,Composite_ROI_output_ROI_2,500,200.0,[np.float64(1483.3652312599681)],"[999, 1999]",,,00:00:06,6.2695412000175565,0.002090543914644067
Zheng DBSCAN,Ostovar,Composite_ROI_output_ROI_2,500,250.0,[np.float64(1483.3652312599681)],"[999, 1999]",,,00:00:06,6.2695412000175565,0.002090543914644067
Zheng DBSCAN,Ostovar,Atomic_ParallelMove_output_ParallelMove_5,500,50.0,[np.float64(1479.520706455542)],"[999, 1999]",,,00:00:06,6.327390699996613,0.0021098335111692608
Zheng DBSCAN,Ostovar,Atomic_ParallelMove_output_ParallelMove_5,500,100.0,[np.float64(1479.520706455542)],"[999, 1999]",,,00:00:06,6.327390699996613,0.0021098335111692608
Zheng DBSCAN,Ostovar,Atomic_ParallelMove_output_ParallelMove_5,500,150.0,[np.float64(1479.520706455542)],"[999, 1999]",,,00:00:06,6.327390699996613,0.0021098335111692608
Zheng DBSCAN,Ostovar,Atomic_ParallelMove_output_ParallelMove_5,500,200.0,[np.float64(1479.520706455542)],"[999, 1999]",,,00:00:06,6.327390699996613,0.0021098335111692608
Zheng DBSCAN,Ostovar,Atomic_ParallelMove_output_ParallelMove_5,500,250.0,[np.float64(1479.520706455542)],"[999, 1999]",,,00:00:06,6.327390699996613,0.0021098335111692608
Zheng DBSCAN,Ostovar,Atomic_Swap_output_Swap_5,300,30.0,[np.float64(1487.2066666666667)],"[999, 1999]",,,00:00:05,5.196427299990319,0.0017327200066656614
Zheng DBSCAN,Ostovar,Atomic_Swap_output_Swap_5,300,60.0,[np.float64(1487.2066666666667)],"[999, 1999]",,,00:00:05,5.196427299990319,0.0017327200066656614
Zheng DBSCAN,Ostovar,Atomic_Swap_output_Swap_5,300,90.0,[np.float64(1487.2066666666667)],"[999, 1999]",,,00:00:05,5.196427299990319,0.0017327200066656614
Zheng DBSCAN,Ostovar,Atomic_Swap_output_Swap_5,300,120.0,[np.float64(1487.2066666666667)],"[999, 1999]",,,00:00:05,5.196427299990319,0.0017327200066656614
Zheng DBSCAN,Ostovar,Atomic_Swap_output_Swap_5,300,150.0,[np.float64(1487.2066666666667)],"[999, 1999]",,,00:00:05,5.196427299990319,0.0017327200066656614
Zheng DBSCAN,Ceravolo,sudden_trace_noise20_1000_cf,800,80.0,[],[499],,,00:00:00,0.1808213999902364,0.0001808213999902364
Zheng DBSCAN,Ceravolo,sudden_trace_noise20_1000_cf,800,160.0,[],[499],,,00:00:00,0.1808213999902364,0.0001808213999902364
Zheng DBSCAN,Ceravolo,sudden_trace_noise20_1000_cf,800,240.0,[],[499],,,00:00:00,0.1808213999902364,0.0001808213999902364
Zheng DBSCAN,Ceravolo,sudden_trace_noise20_1000_cf,800,320.0,[],[499],,,00:00:00,0.1808213999902364,0.0001808213999902364
Zheng DBSCAN,Ceravolo,sudden_trace_noise20_1000_cf,800,400.0,[],[499],,,00:00:00,0.1808213999902364,0.0001808213999902364
Zheng DBSCAN,AdditionalLogs,recurring_drift_08,400,40.0,"[np.float64(527.3214285714286), np.float64(725.1428571428571), np.float64(968.516129032258), np.float64(1146.7142857142858), np.float64(1242.75), np.float64(1324.0), np.float64(1397.5), np.float64(1496.5)]","[500, 1000]",0.4,29.402649769585253,00:00:00,0.5701638000027742,0.0003801092000018495
Zheng DBSCAN,AdditionalLogs,recurring_drift_08,400,80.0,"[np.float64(527.3214285714286), np.float64(1004.1730769230769), np.float64(1496.5)]","[500, 1000]",0.8,15.74725274725273,00:00:00,0.5701638000027742,0.0003801092000018495
Zheng DBSCAN,AdditionalLogs,recurring_drift_08,400,120.0,[np.float64(745.1326530612245)],"[500, 1000]",,,00:00:00,0.5701638000027742,0.0003801092000018495
Zheng DBSCAN,AdditionalLogs,recurring_drift_08,400,160.0,[np.float64(745.1326530612245)],"[500, 1000]",,,00:00:00,0.5701638000027742,0.0003801092000018495
Zheng DBSCAN,AdditionalLogs,recurring_drift_08,400,200.0,[np.float64(745.1326530612245)],"[500, 1000]",,,00:00:00,0.5701638000027742,0.0003801092000018495
Zheng DBSCAN,Ostovar,Nested_IRO_output_IRO,600,60.0,"[np.float64(873.0625), np.float64(1891.3684210526317)]","[999, 1999]",1.0,116.78453947368416,00:00:06,6.425306699995417,0.002142483061018812
Zheng DBSCAN,Ostovar,Nested_IRO_output_IRO,600,120.0,"[np.float64(873.0625), np.float64(1891.3684210526317)]","[999, 1999]",1.0,116.78453947368416,00:00:06,6.425306699995417,0.002142483061018812
Zheng DBSCAN,Ostovar,Nested_IRO_output_IRO,600,180.0,"[np.float64(873.0625), np.float64(1891.3684210526317)]","[999, 1999]",1.0,116.78453947368416,00:00:06,6.425306699995417,0.002142483061018812
Zheng DBSCAN,Ostovar,Nested_IRO_output_IRO,600,240.0,"[np.float64(873.0625), np.float64(1891.3684210526317)]","[999, 1999]",1.0,116.78453947368416,00:00:06,6.425306699995417,0.002142483061018812
Zheng DBSCAN,Ostovar,Nested_IRO_output_IRO,600,300.0,"[np.float64(873.0625), np.float64(1891.3684210526317)]","[999, 1999]",1.0,116.78453947368416,00:00:06,6.425306699995417,0.002142483061018812
Zheng DBSCAN,Ceravolo,sudden_trace_noise0_1000_cp,700,70.0,[],[499],,,00:00:00,0.18166519998339936,0.00018166519998339935
Zheng DBSCAN,Ceravolo,sudden_trace_noise0_1000_cp,700,140.0,[],[499],,,00:00:00,0.18166519998339936,0.00018166519998339935
Zheng DBSCAN,Ceravolo,sudden_trace_noise0_1000_cp,700,210.0,[],[499],,,00:00:00,0.18166519998339936,0.00018166519998339935
Zheng DBSCAN,Ceravolo,sudden_trace_noise0_1000_cp,700,280.0,[],[499],,,00:00:00,0.18166519998339936,0.00018166519998339935
Zheng DBSCAN,Ceravolo,sudden_trace_noise0_1000_cp,700,350.0,[],[499],,,00:00:00,0.18166519998339936,0.00018166519998339935
Zheng DBSCAN,Ostovar,Nested_IRO_output_IRO,300,30.0,"[np.float64(721.0), np.float64(774.0), np.float64(814.5), np.float64(856.0), np.float64(927.625), np.float64(1891.3684210526317)]","[999, 1999]",0.5,89.50328947368416,00:00:06,6.480520499986596,0.002160893797928175
Zheng DBSCAN,Ostovar,Nested_IRO_output_IRO,300,60.0,"[np.float64(873.0625), np.float64(1891.3684210526317)]","[999, 1999]",1.0,116.78453947368416,00:00:06,6.480520499986596,0.002160893797928175
Zheng DBSCAN,Ostovar,Nested_IRO_output_IRO,300,90.0,"[np.float64(873.0625), np.float64(1891.3684210526317)]","[999, 1999]",1.0,116.78453947368416,00:00:06,6.480520499986596,0.002160893797928175
Zheng DBSCAN,Ostovar,Nested_IRO_output_IRO,300,120.0,"[np.float64(873.0625), np.float64(1891.3684210526317)]","[999, 1999]",1.0,116.78453947368416,00:00:06,6.480520499986596,0.002160893797928175
Zheng DBSCAN,Ostovar,Nested_IRO_output_IRO,300,150.0,"[np.float64(873.0625), np.float64(1891.3684210526317)]","[999, 1999]",1.0,116.78453947368416,00:00:06,6.480520499986596,0.002160893797928175
Zheng DBSCAN,Ostovar,Composite_OIR_output_OIR_2,300,30.0,[np.float64(1499.7864357864357)],"[999, 1999]",,,00:00:05,5.855477499979315,0.0019524766588793982
Zheng DBSCAN,Ostovar,Composite_OIR_output_OIR_2,300,60.0,[np.float64(1499.7864357864357)],"[999, 1999]",,,00:00:05,5.855477499979315,0.0019524766588793982
Zheng DBSCAN,Ostovar,Composite_OIR_output_OIR_2,300,90.0,[np.float64(1499.7864357864357)],"[999, 1999]",,,00:00:05,5.855477499979315,0.0019524766588793982
Zheng DBSCAN,Ostovar,Composite_OIR_output_OIR_2,300,120.0,[np.float64(1499.7864357864357)],"[999, 1999]",,,00:00:05,5.855477499979315,0.0019524766588793982
Zheng DBSCAN,Ostovar,Composite_OIR_output_OIR_2,300,150.0,[np.float64(1499.7864357864357)],"[999, 1999]",,,00:00:05,5.855477499979315,0.0019524766588793982
Zheng DBSCAN,Ceravolo,sudden_trace_noise15_1000_re,500,50.0,[],[499],,,00:00:00,0.18119440000737086,0.00018119440000737087
Zheng DBSCAN,Ceravolo,sudden_trace_noise15_1000_re,500,100.0,[],[499],,,00:00:00,0.18119440000737086,0.00018119440000737087
Zheng DBSCAN,Ceravolo,sudden_trace_noise15_1000_re,500,150.0,[],[499],,,00:00:00,0.18119440000737086,0.00018119440000737087
Zheng DBSCAN,Ceravolo,sudden_trace_noise15_1000_re,500,200.0,[],[499],,,00:00:00,0.18119440000737086,0.00018119440000737087
Zheng DBSCAN,Ceravolo,sudden_trace_noise15_1000_re,500,250.0,[],[499],,,00:00:00,0.18119440000737086,0.00018119440000737087
Zheng DBSCAN,Ostovar,Atomic_ParallelMove_output_ParallelMove_2,700,70.0,[np.float64(1519.2975778546713)],"[999, 1999]",,,00:00:06,6.437761200009845,0.002146635945318388
Zheng DBSCAN,Ostovar,Atomic_ParallelMove_output_ParallelMove_2,700,140.0,[np.float64(1519.2975778546713)],"[999, 1999]",,,00:00:06,6.437761200009845,0.002146635945318388
Zheng DBSCAN,Ostovar,Atomic_ParallelMove_output_ParallelMove_2,700,210.0,[np.float64(1519.2975778546713)],"[999, 1999]",,,00:00:06,6.437761200009845,0.002146635945318388
Zheng DBSCAN,Ostovar,Atomic_ParallelMove_output_ParallelMove_2,700,280.0,[np.float64(1519.2975778546713)],"[999, 1999]",,,00:00:06,6.437761200009845,0.002146635945318388
Zheng DBSCAN,Ostovar,Atomic_ParallelMove_output_ParallelMove_2,700,350.0,[np.float64(1519.2975778546713)],"[999, 1999]",,,00:00:06,6.437761200009845,0.002146635945318388
Zheng DBSCAN,Ceravolo,sudden_trace_noise20_1000_RIO,400,40.0,[np.float64(447.0)],[499],1.0,52.0,00:00:00,0.1814994000014849,0.0001814994000014849
Zheng DBSCAN,Ceravolo,sudden_trace_noise20_1000_RIO,400,80.0,[np.float64(447.0)],[499],1.0,52.0,00:00:00,0.1814994000014849,0.0001814994000014849
Zheng DBSCAN,Ceravolo,sudden_trace_noise20_1000_RIO,400,120.0,[np.float64(447.0)],[499],1.0,52.0,00:00:00,0.1814994000014849,0.0001814994000014849
Zheng DBSCAN,Ceravolo,sudden_trace_noise20_1000_RIO,400,160.0,[np.float64(447.0)],[499],1.0,52.0,00:00:00,0.1814994000014849,0.0001814994000014849
Zheng DBSCAN,Ceravolo,sudden_trace_noise20_1000_RIO,400,200.0,[np.float64(447.0)],[499],1.0,52.0,00:00:00,0.1814994000014849,0.0001814994000014849
Zheng DBSCAN,Ostovar,Atomic_ParallelToSequence_output_ParallelToSequence_5,800,80.0,[np.float64(1479.5956061838892)],"[999, 1999]",,,00:00:05,5.620167199987918,0.001874013737908609
Zheng DBSCAN,Ostovar,Atomic_ParallelToSequence_output_ParallelToSequence_5,800,160.0,[np.float64(1479.5956061838892)],"[999, 1999]",,,00:00:05,5.620167199987918,0.001874013737908609
Zheng DBSCAN,Ostovar,Atomic_ParallelToSequence_output_ParallelToSequence_5,800,240.0,[np.float64(1479.5956061838892)],"[999, 1999]",,,00:00:05,5.620167199987918,0.001874013737908609
Zheng DBSCAN,Ostovar,Atomic_ParallelToSequence_output_ParallelToSequence_5,800,320.0,[np.float64(1479.5956061838892)],"[999, 1999]",,,00:00:05,5.620167199987918,0.001874013737908609
Zheng DBSCAN,Ostovar,Atomic_ParallelToSequence_output_ParallelToSequence_5,800,400.0,[np.float64(1479.5956061838892)],"[999, 1999]",,,00:00:05,5.620167199987918,0.001874013737908609
Zheng DBSCAN,Ceravolo,sudden_trace_noise0_1000_cb,500,50.0,[],[499],,,00:00:00,0.18411609999020584,0.00018411609999020585
Zheng DBSCAN,Ceravolo,sudden_trace_noise0_1000_cb,500,100.0,[],[499],,,00:00:00,0.18411609999020584,0.00018411609999020585
Zheng DBSCAN,Ceravolo,sudden_trace_noise0_1000_cb,500,150.0,[],[499],,,00:00:00,0.18411609999020584,0.00018411609999020585
Zheng DBSCAN,Ceravolo,sudden_trace_noise0_1000_cb,500,200.0,[],[499],,,00:00:00,0.18411609999020584,0.00018411609999020585
Zheng DBSCAN,Ceravolo,sudden_trace_noise0_1000_cb,500,250.0,[],[499],,,00:00:00,0.18411609999020584,0.00018411609999020585
Zheng DBSCAN,AdditionalLogs,sudden_drift_08,500,50.0,"[np.float64(560.90625), np.float64(822.5), np.float64(983.96875), np.float64(1235.857142857143), np.float64(1429.4285714285713)]","[500, 1000]",0.5714285714285715,38.46875,00:00:00,0.5181891999964137,0.0003454594666642758
Zheng DBSCAN,AdditionalLogs,sudden_drift_08,500,100.0,[np.float64(803.3777777777777)],"[500, 1000]",0.6666666666666666,196.62222222222226,00:00:00,0.5181891999964137,0.0003454594666642758
Zheng DBSCAN,AdditionalLogs,sudden_drift_08,500,150.0,[np.float64(803.3777777777777)],"[500, 1000]",0.6666666666666666,196.62222222222226,00:00:00,0.5181891999964137,0.0003454594666642758
Zheng DBSCAN,AdditionalLogs,sudden_drift_08,500,200.0,[np.float64(803.3777777777777)],"[500, 1000]",0.6666666666666666,196.62222222222226,00:00:00,0.5181891999964137,0.0003454594666642758
Zheng DBSCAN,AdditionalLogs,sudden_drift_08,500,250.0,[np.float64(803.3777777777777)],"[500, 1000]",0.6666666666666666,196.62222222222226,00:00:00,0.5181891999964137,0.0003454594666642758
Zheng DBSCAN,Ceravolo,sudden_trace_noise20_1000_OIR,600,60.0,[],[499],,,00:00:00,0.22766930001671426,0.00022766930001671425
Zheng DBSCAN,Ceravolo,sudden_trace_noise20_1000_OIR,600,120.0,[],[499],,,00:00:00,0.22766930001671426,0.00022766930001671425
Zheng DBSCAN,Ceravolo,sudden_trace_noise20_1000_OIR,600,180.0,[],[499],,,00:00:00,0.22766930001671426,0.00022766930001671425
Zheng DBSCAN,Ceravolo,sudden_trace_noise20_1000_OIR,600,240.0,[],[499],,,00:00:00,0.22766930001671426,0.00022766930001671425
Zheng DBSCAN,Ceravolo,sudden_trace_noise20_1000_OIR,600,300.0,[],[499],,,00:00:00,0.22766930001671426,0.00022766930001671425
Zheng DBSCAN,Ostovar,Composite_ROI_output_ROI_5,500,50.0,[np.float64(1508.2390510948906)],"[999, 1999]",,,00:00:06,6.5161497000081,0.002172774158055385
Zheng DBSCAN,Ostovar,Composite_ROI_output_ROI_5,500,100.0,[np.float64(1508.2390510948906)],"[999, 1999]",,,00:00:06,6.5161497000081,0.002172774158055385
Zheng DBSCAN,Ostovar,Composite_ROI_output_ROI_5,500,150.0,[np.float64(1508.2390510948906)],"[999, 1999]",,,00:00:06,6.5161497000081,0.002172774158055385
Zheng DBSCAN,Ostovar,Composite_ROI_output_ROI_5,500,200.0,[np.float64(1508.2390510948906)],"[999, 1999]",,,00:00:06,6.5161497000081,0.002172774158055385
Zheng DBSCAN,Ostovar,Composite_ROI_output_ROI_5,500,250.0,[np.float64(1508.2390510948906)],"[999, 1999]",,,00:00:06,6.5161497000081,0.002172774158055385
Zheng DBSCAN,Ostovar,Atomic_SerialRemoval_output_SerialRemoval_2,300,30.0,[np.float64(1490.355869242199)],"[999, 1999]",,,00:00:05,5.480384599999525,0.0018274040013336193
Zheng DBSCAN,Ostovar,Atomic_SerialRemoval_output_SerialRemoval_2,300,60.0,[np.float64(1490.355869242199)],"[999, 1999]",,,00:00:05,5.480384599999525,0.0018274040013336193
Zheng DBSCAN,Ostovar,Atomic_SerialRemoval_output_SerialRemoval_2,300,90.0,[np.float64(1490.355869242199)],"[999, 1999]",,,00:00:05,5.480384599999525,0.0018274040013336193
Zheng DBSCAN,Ostovar,Atomic_SerialRemoval_output_SerialRemoval_2,300,120.0,[np.float64(1490.355869242199)],"[999, 1999]",,,00:00:05,5.480384599999525,0.0018274040013336193
Zheng DBSCAN,Ostovar,Atomic_SerialRemoval_output_SerialRemoval_2,300,150.0,[np.float64(1490.355869242199)],"[999, 1999]",,,00:00:05,5.480384599999525,0.0018274040013336193
Zheng DBSCAN,Ceravolo,sudden_trace_noise0_1000_re,300,30.0,[np.float64(447.5)],[499],1.0,51.5,00:00:00,0.20571720000589266,0.00020571720000589266
Zheng DBSCAN,Ceravolo,sudden_trace_noise0_1000_re,300,60.0,[np.float64(447.5)],[499],1.0,51.5,00:00:00,0.20571720000589266,0.00020571720000589266
Zheng DBSCAN,Ceravolo,sudden_trace_noise0_1000_re,300,90.0,[np.float64(447.5)],[499],1.0,51.5,00:00:00,0.20571720000589266,0.00020571720000589266
Zheng DBSCAN,Ceravolo,sudden_trace_noise0_1000_re,300,120.0,[np.float64(447.5)],[499],1.0,51.5,00:00:00,0.20571720000589266,0.00020571720000589266
Zheng DBSCAN,Ceravolo,sudden_trace_noise0_1000_re,300,150.0,[np.float64(447.5)],[499],1.0,51.5,00:00:00,0.20571720000589266,0.00020571720000589266
Zheng DBSCAN,AdditionalLogs,recurring_drift_08,300,30.0,"[np.float64(340.25), np.float64(524.5), np.float64(712.5), np.float64(762.0), np.float64(961.939393939394), np.float64(1148.8461538461538), np.float64(1242.75), np.float64(1311.5), np.float64(1397.5), np.float64(1496.5)]","[500, 1000]",0.33333333333333337,31.280303030303003,00:00:00,0.5103746999811847,0.0003402497999874565
Zheng DBSCAN,AdditionalLogs,recurring_drift_08,300,60.0,"[np.float64(710.6086956521739), np.float64(1397.5), np.float64(1496.5)]","[500, 1000]",,,00:00:00,0.5103746999811847,0.0003402497999874565
Zheng DBSCAN,AdditionalLogs,recurring_drift_08,300,90.0,[np.float64(735.3613445378152)],"[500, 1000]",,,00:00:00,0.5103746999811847,0.0003402497999874565
Zheng DBSCAN,AdditionalLogs,recurring_drift_08,300,120.0,[np.float64(735.3613445378152)],"[500, 1000]",,,00:00:00,0.5103746999811847,0.0003402497999874565
Zheng DBSCAN,AdditionalLogs,recurring_drift_08,300,150.0,[np.float64(735.3613445378152)],"[500, 1000]",,,00:00:00,0.5103746999811847,0.0003402497999874565
Zheng DBSCAN,Ceravolo,sudden_trace_noise10_1000_pm,500,50.0,[],[499],,,00:00:00,0.2382676000124775,0.0002382676000124775
Zheng DBSCAN,Ceravolo,sudden_trace_noise10_1000_pm,500,100.0,[],[499],,,00:00:00,0.2382676000124775,0.0002382676000124775
Zheng DBSCAN,Ceravolo,sudden_trace_noise10_1000_pm,500,150.0,[],[499],,,00:00:00,0.2382676000124775,0.0002382676000124775
Zheng DBSCAN,Ceravolo,sudden_trace_noise10_1000_pm,500,200.0,[],[499],,,00:00:00,0.2382676000124775,0.0002382676000124775
Zheng DBSCAN,Ceravolo,sudden_trace_noise10_1000_pm,500,250.0,[],[499],,,00:00:00,0.2382676000124775,0.0002382676000124775
Zheng DBSCAN,Ceravolo,sudden_trace_noise10_1000_IOR,400,40.0,[np.float64(449.5)],[499],1.0,49.5,00:00:00,0.24126360000809655,0.00024126360000809654
Zheng DBSCAN,Ceravolo,sudden_trace_noise10_1000_IOR,400,80.0,[np.float64(449.5)],[499],1.0,49.5,00:00:00,0.24126360000809655,0.00024126360000809654
Zheng DBSCAN,Ceravolo,sudden_trace_noise10_1000_IOR,400,120.0,[np.float64(449.5)],[499],1.0,49.5,00:00:00,0.24126360000809655,0.00024126360000809654
Zheng DBSCAN,Ceravolo,sudden_trace_noise10_1000_IOR,400,160.0,[np.float64(449.5)],[499],1.0,49.5,00:00:00,0.24126360000809655,0.00024126360000809654
Zheng DBSCAN,Ceravolo,sudden_trace_noise10_1000_IOR,400,200.0,[np.float64(449.5)],[499],1.0,49.5,00:00:00,0.24126360000809655,0.00024126360000809654
Zheng DBSCAN,Ceravolo,sudden_trace_noise20_1000_OIR,700,70.0,[],[499],,,00:00:00,0.21876570000313222,0.00021876570000313222
Zheng DBSCAN,Ceravolo,sudden_trace_noise20_1000_OIR,700,140.0,[],[499],,,00:00:00,0.21876570000313222,0.00021876570000313222
Zheng DBSCAN,Ceravolo,sudden_trace_noise20_1000_OIR,700,210.0,[],[499],,,00:00:00,0.21876570000313222,0.00021876570000313222
Zheng DBSCAN,Ceravolo,sudden_trace_noise20_1000_OIR,700,280.0,[],[499],,,00:00:00,0.21876570000313222,0.00021876570000313222
Zheng DBSCAN,Ceravolo,sudden_trace_noise20_1000_OIR,700,350.0,[],[499],,,00:00:00,0.21876570000313222,0.00021876570000313222
Zheng DBSCAN,AdditionalLogs,gradual_drift_00,300,30.0,"[np.float64(434.0), np.float64(498.6666666666667), np.float64(699.0), np.float64(938.125), np.float64(1206.0)]","[500, 1000]",0.5714285714285715,31.604166666666657,00:00:00,0.4195825000060722,0.000299701785718623
Zheng DBSCAN,AdditionalLogs,gradual_drift_00,300,60.0,"[np.float64(461.7142857142857), np.float64(699.0), np.float64(938.125), np.float64(1206.0)]","[500, 1000]",0.6666666666666666,50.08035714285714,00:00:00,0.4195825000060722,0.000299701785718623
Zheng DBSCAN,AdditionalLogs,gradual_drift_00,300,90.0,"[np.float64(461.7142857142857), np.float64(699.0), np.float64(938.125), np.float64(1206.0)]","[500, 1000]",0.6666666666666666,50.08035714285714,00:00:00,0.4195825000060722,0.000299701785718623
Zheng DBSCAN,AdditionalLogs,gradual_drift_00,300,120.0,"[np.float64(461.7142857142857), np.float64(699.0), np.float64(938.125), np.float64(1206.0)]","[500, 1000]",0.6666666666666666,50.08035714285714,00:00:00,0.4195825000060722,0.000299701785718623
Zheng DBSCAN,AdditionalLogs,gradual_drift_00,300,150.0,"[np.float64(461.7142857142857), np.float64(699.0), np.float64(938.125), np.float64(1206.0)]","[500, 1000]",0.6666666666666666,50.08035714285714,00:00:00,0.4195825000060722,0.000299701785718623
Zheng DBSCAN,Ceravolo,sudden_trace_noise5_1000_RIO,400,40.0,[np.float64(447.0)],[499],1.0,52.0,00:00:00,0.22529649999341927,0.00022529649999341927
Zheng DBSCAN,Ceravolo,sudden_trace_noise5_1000_RIO,400,80.0,[np.float64(447.0)],[499],1.0,52.0,00:00:00,0.22529649999341927,0.00022529649999341927
Zheng DBSCAN,Ceravolo,sudden_trace_noise5_1000_RIO,400,120.0,[np.float64(447.0)],[499],1.0,52.0,00:00:00,0.22529649999341927,0.00022529649999341927
Zheng DBSCAN,Ceravolo,sudden_trace_noise5_1000_RIO,400,160.0,[np.float64(447.0)],[499],1.0,52.0,00:00:00,0.22529649999341927,0.00022529649999341927
Zheng DBSCAN,Ceravolo,sudden_trace_noise5_1000_RIO,400,200.0,[np.float64(447.0)],[499],1.0,52.0,00:00:00,0.22529649999341927,0.00022529649999341927
Zheng DBSCAN,Ceravolo,sudden_trace_noise10_1000_OIR,500,50.0,[],[499],,,00:00:00,0.22965389999444596,0.00022965389999444596
Zheng DBSCAN,Ceravolo,sudden_trace_noise10_1000_OIR,500,100.0,[],[499],,,00:00:00,0.22965389999444596,0.00022965389999444596
Zheng DBSCAN,Ceravolo,sudden_trace_noise10_1000_OIR,500,150.0,[],[499],,,00:00:00,0.22965389999444596,0.00022965389999444596
Zheng DBSCAN,Ceravolo,sudden_trace_noise10_1000_OIR,500,200.0,[],[499],,,00:00:00,0.22965389999444596,0.00022965389999444596
Zheng DBSCAN,Ceravolo,sudden_trace_noise10_1000_OIR,500,250.0,[],[499],,,00:00:00,0.22965389999444596,0.00022965389999444596
Zheng DBSCAN,Ostovar,Atomic_Swap_output_Swap_5,800,80.0,[np.float64(1481.8329278183294)],"[999, 1999]",,,00:00:05,5.323634000000311,0.0017751363787930348
Zheng DBSCAN,Ostovar,Atomic_Swap_output_Swap_5,800,160.0,[np.float64(1481.8329278183294)],"[999, 1999]",,,00:00:05,5.323634000000311,0.0017751363787930348
Zheng DBSCAN,Ostovar,Atomic_Swap_output_Swap_5,800,240.0,[np.float64(1481.8329278183294)],"[999, 1999]",,,00:00:05,5.323634000000311,0.0017751363787930348
Zheng DBSCAN,Ostovar,Atomic_Swap_output_Swap_5,800,320.0,[np.float64(1481.8329278183294)],"[999, 1999]",,,00:00:05,5.323634000000311,0.0017751363787930348
Zheng DBSCAN,Ostovar,Atomic_Swap_output_Swap_5,800,400.0,[np.float64(1481.8329278183294)],"[999, 1999]",,,00:00:05,5.323634000000311,0.0017751363787930348
Zheng DBSCAN,Ceravolo,sudden_trace_noise20_1000_RIO,600,60.0,[],[499],,,00:00:00,0.21356760000344366,0.00021356760000344367
Zheng DBSCAN,Ceravolo,sudden_trace_noise20_1000_RIO,600,120.0,[],[499],,,00:00:00,0.21356760000344366,0.00021356760000344367
Zheng DBSCAN,Ceravolo,sudden_trace_noise20_1000_RIO,600,180.0,[],[499],,,00:00:00,0.21356760000344366,0.00021356760000344367
Zheng DBSCAN,Ceravolo,sudden_trace_noise20_1000_RIO,600,240.0,[],[499],,,00:00:00,0.21356760000344366,0.00021356760000344367
Zheng DBSCAN,Ceravolo,sudden_trace_noise20_1000_RIO,600,300.0,[],[499],,,00:00:00,0.21356760000344366,0.00021356760000344367
Zheng DBSCAN,Ostovar,Nested_ROI_output_ROI_2,300,30.0,[np.float64(1505.9963950973324)],"[999, 1999]",,,00:00:05,5.508074100012891,0.0018366369123083998
Zheng DBSCAN,Ostovar,Nested_ROI_output_ROI_2,300,60.0,[np.float64(1505.9963950973324)],"[999, 1999]",,,00:00:05,5.508074100012891,0.0018366369123083998
Zheng DBSCAN,Ostovar,Nested_ROI_output_ROI_2,300,90.0,[np.float64(1505.9963950973324)],"[999, 1999]",,,00:00:05,5.508074100012891,0.0018366369123083998
Zheng DBSCAN,Ostovar,Nested_ROI_output_ROI_2,300,120.0,[np.float64(1505.9963950973324)],"[999, 1999]",,,00:00:05,5.508074100012891,0.0018366369123083998
Zheng DBSCAN,Ostovar,Nested_ROI_output_ROI_2,300,150.0,[np.float64(1505.9963950973324)],"[999, 1999]",,,00:00:05,5.508074100012891,0.0018366369123083998
Zheng DBSCAN,Ostovar,Atomic_ParallelMove_output_ParallelMove_5,700,70.0,[np.float64(1481.6011235955057)],"[999, 1999]",,,00:00:06,6.224738699995214,0.0020756047682544895
Zheng DBSCAN,Ostovar,Atomic_ParallelMove_output_ParallelMove_5,700,140.0,[np.float64(1481.6011235955057)],"[999, 1999]",,,00:00:06,6.224738699995214,0.0020756047682544895
Zheng DBSCAN,Ostovar,Atomic_ParallelMove_output_ParallelMove_5,700,210.0,[np.float64(1481.6011235955057)],"[999, 1999]",,,00:00:06,6.224738699995214,0.0020756047682544895
Zheng DBSCAN,Ostovar,Atomic_ParallelMove_output_ParallelMove_5,700,280.0,[np.float64(1481.6011235955057)],"[999, 1999]",,,00:00:06,6.224738699995214,0.0020756047682544895
Zheng DBSCAN,Ostovar,Atomic_ParallelMove_output_ParallelMove_5,700,350.0,[np.float64(1481.6011235955057)],"[999, 1999]",,,00:00:06,6.224738699995214,0.0020756047682544895
Zheng DBSCAN,Ceravolo,sudden_trace_noise5_1000_OIR,400,40.0,[np.float64(448.0)],[499],1.0,51.0,00:00:00,0.22967359999893233,0.00022967359999893233
Zheng DBSCAN,Ceravolo,sudden_trace_noise5_1000_OIR,400,80.0,[np.float64(448.0)],[499],1.0,51.0,00:00:00,0.22967359999893233,0.00022967359999893233
Zheng DBSCAN,Ceravolo,sudden_trace_noise5_1000_OIR,400,120.0,[np.float64(448.0)],[499],1.0,51.0,00:00:00,0.22967359999893233,0.00022967359999893233
Zheng DBSCAN,Ceravolo,sudden_trace_noise5_1000_OIR,400,160.0,[np.float64(448.0)],[499],1.0,51.0,00:00:00,0.22967359999893233,0.00022967359999893233
Zheng DBSCAN,Ceravolo,sudden_trace_noise5_1000_OIR,400,200.0,[np.float64(448.0)],[499],1.0,51.0,00:00:00,0.22967359999893233,0.00022967359999893233
Zheng DBSCAN,Ostovar,Atomic_ParallelMove_output_ParallelMove_2,600,60.0,[np.float64(1518.1061588330633)],"[999, 1999]",,,00:00:06,6.002763800002867,0.0020015884628218966
Zheng DBSCAN,Ostovar,Atomic_ParallelMove_output_ParallelMove_2,600,120.0,[np.float64(1518.1061588330633)],"[999, 1999]",,,00:00:06,6.002763800002867,0.0020015884628218966
Zheng DBSCAN,Ostovar,Atomic_ParallelMove_output_ParallelMove_2,600,180.0,[np.float64(1518.1061588330633)],"[999, 1999]",,,00:00:06,6.002763800002867,0.0020015884628218966
Zheng DBSCAN,Ostovar,Atomic_ParallelMove_output_ParallelMove_2,600,240.0,[np.float64(1518.1061588330633)],"[999, 1999]",,,00:00:06,6.002763800002867,0.0020015884628218966
Zheng DBSCAN,Ostovar,Atomic_ParallelMove_output_ParallelMove_2,600,300.0,[np.float64(1518.1061588330633)],"[999, 1999]",,,00:00:06,6.002763800002867,0.0020015884628218966
Zheng DBSCAN,Ostovar,Atomic_Substitute_output_Substitute_5,600,60.0,[np.float64(1503.3337902673063)],"[999, 1999]",,,00:00:05,5.764165200002026,0.0019220290763594617
Zheng DBSCAN,Ostovar,Atomic_Substitute_output_Substitute_5,600,120.0,[np.float64(1503.3337902673063)],"[999, 1999]",,,00:00:05,5.764165200002026,0.0019220290763594617
Zheng DBSCAN,Ostovar,Atomic_Substitute_output_Substitute_5,600,180.0,[np.float64(1503.3337902673063)],"[999, 1999]",,,00:00:05,5.764165200002026,0.0019220290763594617
Zheng DBSCAN,Ostovar,Atomic_Substitute_output_Substitute_5,600,240.0,[np.float64(1503.3337902673063)],"[999, 1999]",,,00:00:05,5.764165200002026,0.0019220290763594617
Zheng DBSCAN,Ostovar,Atomic_Substitute_output_Substitute_5,600,300.0,[np.float64(1503.3337902673063)],"[999, 1999]",,,00:00:05,5.764165200002026,0.0019220290763594617
Zheng DBSCAN,Ostovar,Composite_IOR_output_IOR_5,600,60.0,[np.float64(1510.9412191582003)],"[999, 1999]",,,00:00:04,4.67005230000359,0.0015572031677237713
Zheng DBSCAN,Ostovar,Composite_IOR_output_IOR_5,600,120.0,[np.float64(1510.9412191582003)],"[999, 1999]",,,00:00:04,4.67005230000359,0.0015572031677237713
Zheng DBSCAN,Ostovar,Composite_IOR_output_IOR_5,600,180.0,[np.float64(1510.9412191582003)],"[999, 1999]",,,00:00:04,4.67005230000359,0.0015572031677237713
Zheng DBSCAN,Ostovar,Composite_IOR_output_IOR_5,600,240.0,[np.float64(1510.9412191582003)],"[999, 1999]",,,00:00:04,4.67005230000359,0.0015572031677237713
Zheng DBSCAN,Ostovar,Composite_IOR_output_IOR_5,600,300.0,[np.float64(1510.9412191582003)],"[999, 1999]",,,00:00:04,4.67005230000359,0.0015572031677237713
Zheng DBSCAN,Ceravolo,sudden_trace_noise20_1000_cp,300,30.0,[np.float64(449.0)],[499],1.0,50.0,00:00:00,0.16373859997838736,0.00016373859997838736
Zheng DBSCAN,Ceravolo,sudden_trace_noise20_1000_cp,300,60.0,[np.float64(449.0)],[499],1.0,50.0,00:00:00,0.16373859997838736,0.00016373859997838736
Zheng DBSCAN,Ceravolo,sudden_trace_noise20_1000_cp,300,90.0,[np.float64(449.0)],[499],1.0,50.0,00:00:00,0.16373859997838736,0.00016373859997838736
Zheng DBSCAN,Ceravolo,sudden_trace_noise20_1000_cp,300,120.0,[np.float64(449.0)],[499],1.0,50.0,00:00:00,0.16373859997838736,0.00016373859997838736
Zheng DBSCAN,Ceravolo,sudden_trace_noise20_1000_cp,300,150.0,[np.float64(449.0)],[499],1.0,50.0,00:00:00,0.16373859997838736,0.00016373859997838736
Zheng DBSCAN,AdditionalLogs,gradual_drift_05,600,60.0,"[np.float64(668.0), np.float64(949.4285714285714), np.float64(1133.75), np.float64(1312.5)]","[500, 1000]",0.6666666666666666,109.28571428571428,00:00:00,0.3545766999886837,0.00025326907142048837
Zheng DBSCAN,AdditionalLogs,gradual_drift_05,600,120.0,"[np.float64(1016.4545454545455), np.float64(1312.5)]","[500, 1000]",0.5,16.454545454545496,00:00:00,0.3545766999886837,0.00025326907142048837
Zheng DBSCAN,AdditionalLogs,gradual_drift_05,600,180.0,[np.float64(1062.0)],"[500, 1000]",0.6666666666666666,62.0,00:00:00,0.3545766999886837,0.00025326907142048837
Zheng DBSCAN,AdditionalLogs,gradual_drift_05,600,240.0,[np.float64(1062.0)],"[500, 1000]",0.6666666666666666,62.0,00:00:00,0.3545766999886837,0.00025326907142048837
Zheng DBSCAN,AdditionalLogs,gradual_drift_05,600,300.0,[],"[500, 1000]",,,00:00:00,0.3545766999886837,0.00025326907142048837
Zheng DBSCAN,Ceravolo,sudden_trace_noise15_1000_IRO,800,80.0,[],[499],,,00:00:00,0.2189164999872446,0.0002189164999872446
Zheng DBSCAN,Ceravolo,sudden_trace_noise15_1000_IRO,800,160.0,[],[499],,,00:00:00,0.2189164999872446,0.0002189164999872446
Zheng DBSCAN,Ceravolo,sudden_trace_noise15_1000_IRO,800,240.0,[],[499],,,00:00:00,0.2189164999872446,0.0002189164999872446
Zheng DBSCAN,Ceravolo,sudden_trace_noise15_1000_IRO,800,320.0,[],[499],,,00:00:00,0.2189164999872446,0.0002189164999872446
Zheng DBSCAN,Ceravolo,sudden_trace_noise15_1000_IRO,800,400.0,[],[499],,,00:00:00,0.2189164999872446,0.0002189164999872446
Zheng DBSCAN,Ostovar,Atomic_ParallelToSequence_output_ParallelToSequence_2,300,30.0,[np.float64(1513.4457061745918)],"[999, 1999]",,,00:00:05,5.4134059000061825,0.0018050703234432086
Zheng DBSCAN,Ostovar,Atomic_ParallelToSequence_output_ParallelToSequence_2,300,60.0,[np.float64(1513.4457061745918)],"[999, 1999]",,,00:00:05,5.4134059000061825,0.0018050703234432086
Zheng DBSCAN,Ostovar,Atomic_ParallelToSequence_output_ParallelToSequence_2,300,90.0,[np.float64(1513.4457061745918)],"[999, 1999]",,,00:00:05,5.4134059000061825,0.0018050703234432086
Zheng DBSCAN,Ostovar,Atomic_ParallelToSequence_output_ParallelToSequence_2,300,120.0,[np.float64(1513.4457061745918)],"[999, 1999]",,,00:00:05,5.4134059000061825,0.0018050703234432086
Zheng DBSCAN,Ostovar,Atomic_ParallelToSequence_output_ParallelToSequence_2,300,150.0,[np.float64(1513.4457061745918)],"[999, 1999]",,,00:00:05,5.4134059000061825,0.0018050703234432086
Zheng DBSCAN,Ostovar,Atomic_Frequency_output_Frequency_5,600,60.0,[np.float64(1518.2353535353536)],"[999, 1999]",,,00:00:03,3.0378063000098336,0.001012939746585473
Zheng DBSCAN,Ostovar,Atomic_Frequency_output_Frequency_5,600,120.0,[np.float64(1518.2353535353536)],"[999, 1999]",,,00:00:03,3.0378063000098336,0.001012939746585473
Zheng DBSCAN,Ostovar,Atomic_Frequency_output_Frequency_5,600,180.0,[np.float64(1518.2353535353536)],"[999, 1999]",,,00:00:03,3.0378063000098336,0.001012939746585473
Zheng DBSCAN,Ostovar,Atomic_Frequency_output_Frequency_5,600,240.0,[np.float64(1518.2353535353536)],"[999, 1999]",,,00:00:03,3.0378063000098336,0.001012939746585473
Zheng DBSCAN,Ostovar,Atomic_Frequency_output_Frequency_5,600,300.0,[np.float64(1518.2353535353536)],"[999, 1999]",,,00:00:03,3.0378063000098336,0.001012939746585473
Zheng DBSCAN,Ceravolo,sudden_trace_noise5_1000_pm,700,70.0,[],[499],,,00:00:00,0.17127289998461492,0.00017127289998461492
Zheng DBSCAN,Ceravolo,sudden_trace_noise5_1000_pm,700,140.0,[],[499],,,00:00:00,0.17127289998461492,0.00017127289998461492
Zheng DBSCAN,Ceravolo,sudden_trace_noise5_1000_pm,700,210.0,[],[499],,,00:00:00,0.17127289998461492,0.00017127289998461492
Zheng DBSCAN,Ceravolo,sudden_trace_noise5_1000_pm,700,280.0,[],[499],,,00:00:00,0.17127289998461492,0.00017127289998461492
Zheng DBSCAN,Ceravolo,sudden_trace_noise5_1000_pm,700,350.0,[],[499],,,00:00:00,0.17127289998461492,0.00017127289998461492
Zheng DBSCAN,Ostovar,Atomic_SerialMove_output_SerialMove_5,500,50.0,[np.float64(1513.5210494203782)],"[999, 1999]",,,00:00:06,6.034382199984975,0.002012131443809595
Zheng DBSCAN,Ostovar,Atomic_SerialMove_output_SerialMove_5,500,100.0,[np.float64(1513.5210494203782)],"[999, 1999]",,,00:00:06,6.034382199984975,0.002012131443809595
Zheng DBSCAN,Ostovar,Atomic_SerialMove_output_SerialMove_5,500,150.0,[np.float64(1513.5210494203782)],"[999, 1999]",,,00:00:06,6.034382199984975,0.002012131443809595
Zheng DBSCAN,Ostovar,Atomic_SerialMove_output_SerialMove_5,500,200.0,[np.float64(1513.5210494203782)],"[999, 1999]",,,00:00:06,6.034382199984975,0.002012131443809595
Zheng DBSCAN,Ostovar,Atomic_SerialMove_output_SerialMove_5,500,250.0,[np.float64(1513.5210494203782)],"[999, 1999]",,,00:00:06,6.034382199984975,0.002012131443809595
Zheng DBSCAN,AdditionalLogs,sudden_drift_03,700,70.0,"[np.float64(816.0), np.float64(914.0), np.float64(1009.0), np.float64(1184.5)]","[500, 1000]",0.3333333333333333,9.0,00:00:00,0.3678004000103101,0.00024520026667354007
Zheng DBSCAN,AdditionalLogs,sudden_drift_03,700,140.0,"[np.float64(913.0), np.float64(1184.5)]","[500, 1000]",0.5,87.0,00:00:00,0.3678004000103101,0.00024520026667354007
Zheng DBSCAN,AdditionalLogs,sudden_drift_03,700,210.0,[np.float64(1021.6)],"[500, 1000]",0.6666666666666666,21.600000000000023,00:00:00,0.3678004000103101,0.00024520026667354007
Zheng DBSCAN,AdditionalLogs,sudden_drift_03,700,280.0,[np.float64(1021.6)],"[500, 1000]",0.6666666666666666,21.600000000000023,00:00:00,0.3678004000103101,0.00024520026667354007
Zheng DBSCAN,AdditionalLogs,sudden_drift_03,700,350.0,[],"[500, 1000]",,,00:00:00,0.3678004000103101,0.00024520026667354007
Zheng DBSCAN,Ceravolo,sudden_trace_noise10_1000_cb,800,80.0,[],[499],,,00:00:00,0.1822334000025876,0.0001822334000025876
Zheng DBSCAN,Ceravolo,sudden_trace_noise10_1000_cb,800,160.0,[],[499],,,00:00:00,0.1822334000025876,0.0001822334000025876
Zheng DBSCAN,Ceravolo,sudden_trace_noise10_1000_cb,800,240.0,[],[499],,,00:00:00,0.1822334000025876,0.0001822334000025876
Zheng DBSCAN,Ceravolo,sudden_trace_noise10_1000_cb,800,320.0,[],[499],,,00:00:00,0.1822334000025876,0.0001822334000025876
Zheng DBSCAN,Ceravolo,sudden_trace_noise10_1000_cb,800,400.0,[],[499],,,00:00:00,0.1822334000025876,0.0001822334000025876
Zheng DBSCAN,Ostovar,Composite_IOR_output_IOR,300,30.0,"[np.float64(938.7692307692307), np.float64(1939.3846153846155)]","[999, 1999]",1.0,59.923076923076906,00:00:03,3.401552700001048,0.0011342289763257912
Zheng DBSCAN,Ostovar,Composite_IOR_output_IOR,300,60.0,"[np.float64(938.7692307692307), np.float64(1939.3846153846155)]","[999, 1999]",1.0,59.923076923076906,00:00:03,3.401552700001048,0.0011342289763257912
Zheng DBSCAN,Ostovar,Composite_IOR_output_IOR,300,90.0,"[np.float64(938.7692307692307), np.float64(1939.3846153846155)]","[999, 1999]",1.0,59.923076923076906,00:00:03,3.401552700001048,0.0011342289763257912
Zheng DBSCAN,Ostovar,Composite_IOR_output_IOR,300,120.0,"[np.float64(938.7692307692307), np.float64(1939.3846153846155)]","[999, 1999]",1.0,59.923076923076906,00:00:03,3.401552700001048,0.0011342289763257912
Zheng DBSCAN,Ostovar,Composite_IOR_output_IOR,300,150.0,"[np.float64(938.7692307692307), np.float64(1939.3846153846155)]","[999, 1999]",1.0,59.923076923076906,00:00:03,3.401552700001048,0.0011342289763257912
Zheng DBSCAN,AdditionalLogs,gradual_drift_04,500,50.0,"[np.float64(874.3953488372093), np.float64(1228.3333333333333), np.float64(1334.0)]","[500, 1000]",0.4,125.60465116279067,00:00:00,0.4031034999934491,0.0002879310714238922
Zheng DBSCAN,AdditionalLogs,gradual_drift_04,500,100.0,"[np.float64(707.4492753623189), np.float64(1254.75)]","[500, 1000]",,,00:00:00,0.4031034999934491,0.0002879310714238922
Zheng DBSCAN,AdditionalLogs,gradual_drift_04,500,150.0,[np.float64(737.4383561643835)],"[500, 1000]",,,00:00:00,0.4031034999934491,0.0002879310714238922
Zheng DBSCAN,AdditionalLogs,gradual_drift_04,500,200.0,[np.float64(728.6621621621622)],"[500, 1000]",,,00:00:00,0.4031034999934491,0.0002879310714238922
Zheng DBSCAN,AdditionalLogs,gradual_drift_04,500,250.0,[np.float64(728.6621621621622)],"[500, 1000]",,,00:00:00,0.4031034999934491,0.0002879310714238922
Zheng DBSCAN,Ostovar,Atomic_SerialRemoval_output_SerialRemoval_5,300,30.0,[np.float64(1494.573033707865)],"[999, 1999]",,,00:00:05,5.098062799981562,0.0016999209069628418
Zheng DBSCAN,Ostovar,Atomic_SerialRemoval_output_SerialRemoval_5,300,60.0,[np.float64(1494.573033707865)],"[999, 1999]",,,00:00:05,5.098062799981562,0.0016999209069628418
Zheng DBSCAN,Ostovar,Atomic_SerialRemoval_output_SerialRemoval_5,300,90.0,[np.float64(1494.573033707865)],"[999, 1999]",,,00:00:05,5.098062799981562,0.0016999209069628418
Zheng DBSCAN,Ostovar,Atomic_SerialRemoval_output_SerialRemoval_5,300,120.0,[np.float64(1494.573033707865)],"[999, 1999]",,,00:00:05,5.098062799981562,0.0016999209069628418
Zheng DBSCAN,Ostovar,Atomic_SerialRemoval_output_SerialRemoval_5,300,150.0,[np.float64(1494.573033707865)],"[999, 1999]",,,00:00:05,5.098062799981562,0.0016999209069628418
Zheng DBSCAN,Ceravolo,sudden_trace_noise15_1000_cb,500,50.0,[],[499],,,00:00:00,0.18859860001248308,0.00018859860001248308
Zheng DBSCAN,Ceravolo,sudden_trace_noise15_1000_cb,500,100.0,[],[499],,,00:00:00,0.18859860001248308,0.00018859860001248308
Zheng DBSCAN,Ceravolo,sudden_trace_noise15_1000_cb,500,150.0,[],[499],,,00:00:00,0.18859860001248308,0.00018859860001248308
Zheng DBSCAN,Ceravolo,sudden_trace_noise15_1000_cb,500,200.0,[],[499],,,00:00:00,0.18859860001248308,0.00018859860001248308
Zheng DBSCAN,Ceravolo,sudden_trace_noise15_1000_cb,500,250.0,[],[499],,,00:00:00,0.18859860001248308,0.00018859860001248308
Zheng DBSCAN,AdditionalLogs,sudden_drift_09,300,30.0,"[np.float64(520.6666666666666), np.float64(1030.7692307692307), np.float64(1197.0), np.float64(1236.0)]","[500, 1000]",0.6666666666666666,25.717948717948673,00:00:00,0.3737677999888547,0.0002491785333259031
Zheng DBSCAN,AdditionalLogs,sudden_drift_09,300,60.0,"[np.float64(520.6666666666666), np.float64(1030.7692307692307), np.float64(1216.5)]","[500, 1000]",0.8,25.717948717948673,00:00:00,0.3737677999888547,0.0002491785333259031
Zheng DBSCAN,AdditionalLogs,sudden_drift_09,300,90.0,"[np.float64(520.6666666666666), np.float64(1030.7692307692307), np.float64(1216.5)]","[500, 1000]",0.8,25.717948717948673,00:00:00,0.3737677999888547,0.0002491785333259031
Zheng DBSCAN,AdditionalLogs,sudden_drift_09,300,120.0,"[np.float64(520.6666666666666), np.float64(1055.5333333333333)]","[500, 1000]",1.0,38.099999999999966,00:00:00,0.3737677999888547,0.0002491785333259031
Zheng DBSCAN,AdditionalLogs,sudden_drift_09,300,150.0,"[np.float64(520.6666666666666), np.float64(1055.5333333333333)]","[500, 1000]",1.0,38.099999999999966,00:00:00,0.3737677999888547,0.0002491785333259031
Zheng DBSCAN,Ceravolo,sudden_trace_noise10_1000_ROI,600,60.0,[],[499],,,00:00:00,0.22180240001762286,0.00022180240001762287
Zheng DBSCAN,Ceravolo,sudden_trace_noise10_1000_ROI,600,120.0,[],[499],,,00:00:00,0.22180240001762286,0.00022180240001762287
Zheng DBSCAN,Ceravolo,sudden_trace_noise10_1000_ROI,600,180.0,[],[499],,,00:00:00,0.22180240001762286,0.00022180240001762287
Zheng DBSCAN,Ceravolo,sudden_trace_noise10_1000_ROI,600,240.0,[],[499],,,00:00:00,0.22180240001762286,0.00022180240001762287
Zheng DBSCAN,Ceravolo,sudden_trace_noise10_1000_ROI,600,300.0,[],[499],,,00:00:00,0.22180240001762286,0.00022180240001762287
Zheng DBSCAN,Ceravolo,sudden_trace_noise5_1000_sw,400,40.0,[np.float64(451.3333333333333)],[499],1.0,47.666666666666686,00:00:00,0.18824339998536743,0.00018824339998536744
Zheng DBSCAN,Ceravolo,sudden_trace_noise5_1000_sw,400,80.0,[np.float64(451.3333333333333)],[499],1.0,47.666666666666686,00:00:00,0.18824339998536743,0.00018824339998536744
Zheng DBSCAN,Ceravolo,sudden_trace_noise5_1000_sw,400,120.0,[np.float64(451.3333333333333)],[499],1.0,47.666666666666686,00:00:00,0.18824339998536743,0.00018824339998536744
Zheng DBSCAN,Ceravolo,sudden_trace_noise5_1000_sw,400,160.0,[np.float64(451.3333333333333)],[499],1.0,47.666666666666686,00:00:00,0.18824339998536743,0.00018824339998536744
Zheng DBSCAN,Ceravolo,sudden_trace_noise5_1000_sw,400,200.0,[np.float64(451.3333333333333)],[499],1.0,47.666666666666686,00:00:00,0.18824339998536743,0.00018824339998536744
Zheng DBSCAN,AdditionalLogs,sudden_drift_00,400,40.0,"[np.float64(497.2), np.float64(567.0), np.float64(646.0), np.float64(787.0), np.float64(835.0), np.float64(1008.4), np.float64(1095.0), np.float64(1246.0)]","[500, 1000]",0.4,5.599999999999994,00:00:00,0.552276600006735,0.00036818440000448995
Zheng DBSCAN,AdditionalLogs,sudden_drift_00,400,80.0,"[np.float64(528.4285714285714), np.float64(811.0), np.float64(1022.8333333333334), np.float64(1246.0)]","[500, 1000]",0.6666666666666666,25.630952380952408,00:00:00,0.552276600006735,0.00036818440000448995
Zheng DBSCAN,AdditionalLogs,sudden_drift_00,400,120.0,"[np.float64(528.4285714285714), np.float64(811.0), np.float64(1022.8333333333334), np.float64(1246.0)]","[500, 1000]",0.6666666666666666,25.630952380952408,00:00:00,0.552276600006735,0.00036818440000448995
Zheng DBSCAN,AdditionalLogs,sudden_drift_00,400,160.0,"[np.float64(591.2222222222222), np.float64(1054.7142857142858)]","[500, 1000]",1.0,72.96825396825398,00:00:00,0.552276600006735,0.00036818440000448995
Zheng DBSCAN,AdditionalLogs,sudden_drift_00,400,200.0,[np.float64(794.0)],"[500, 1000]",,,00:00:00,0.552276600006735,0.00036818440000448995
Zheng DBSCAN,Ceravolo,sudden_trace_noise15_1000_pm,400,40.0,[np.float64(449.5)],[499],1.0,49.5,00:00:00,0.20671069997479208,0.00020671069997479208
Zheng DBSCAN,Ceravolo,sudden_trace_noise15_1000_pm,400,80.0,[np.float64(449.5)],[499],1.0,49.5,00:00:00,0.20671069997479208,0.00020671069997479208
Zheng DBSCAN,Ceravolo,sudden_trace_noise15_1000_pm,400,120.0,[np.float64(449.5)],[499],1.0,49.5,00:00:00,0.20671069997479208,0.00020671069997479208
Zheng DBSCAN,Ceravolo,sudden_trace_noise15_1000_pm,400,160.0,[np.float64(449.5)],[499],1.0,49.5,00:00:00,0.20671069997479208,0.00020671069997479208
Zheng DBSCAN,Ceravolo,sudden_trace_noise15_1000_pm,400,200.0,[np.float64(449.5)],[499],1.0,49.5,00:00:00,0.20671069997479208,0.00020671069997479208
Zheng DBSCAN,Ostovar,Atomic_Frequency_output_Frequency,400,40.0,[],"[999, 1999]",,,00:00:02,2.2064231999975163,0.0007357196398791318
Zheng DBSCAN,Ostovar,Atomic_Frequency_output_Frequency,400,80.0,[],"[999, 1999]",,,00:00:02,2.2064231999975163,0.0007357196398791318
Zheng DBSCAN,Ostovar,Atomic_Frequency_output_Frequency,400,120.0,[],"[999, 1999]",,,00:00:02,2.2064231999975163,0.0007357196398791318
Zheng DBSCAN,Ostovar,Atomic_Frequency_output_Frequency,400,160.0,[],"[999, 1999]",,,00:00:02,2.2064231999975163,0.0007357196398791318
Zheng DBSCAN,Ostovar,Atomic_Frequency_output_Frequency,400,200.0,[],"[999, 1999]",,,00:00:02,2.2064231999975163,0.0007357196398791318
Zheng DBSCAN,Ceravolo,sudden_trace_noise20_1000_IOR,300,30.0,[np.float64(449.5)],[499],1.0,49.5,00:00:00,0.23706929999752901,0.000237069299997529
Zheng DBSCAN,Ceravolo,sudden_trace_noise20_1000_IOR,300,60.0,[np.float64(449.5)],[499],1.0,49.5,00:00:00,0.23706929999752901,0.000237069299997529
Zheng DBSCAN,Ceravolo,sudden_trace_noise20_1000_IOR,300,90.0,[np.float64(449.5)],[499],1.0,49.5,00:00:00,0.23706929999752901,0.000237069299997529
Zheng DBSCAN,Ceravolo,sudden_trace_noise20_1000_IOR,300,120.0,[np.float64(449.5)],[499],1.0,49.5,00:00:00,0.23706929999752901,0.000237069299997529
Zheng DBSCAN,Ceravolo,sudden_trace_noise20_1000_IOR,300,150.0,[np.float64(449.5)],[499],1.0,49.5,00:00:00,0.23706929999752901,0.000237069299997529
Zheng DBSCAN,Ceravolo,sudden_trace_noise0_1000_pl,800,80.0,[],[499],,,00:00:00,0.23021149999112822,0.00023021149999112822
Zheng DBSCAN,Ceravolo,sudden_trace_noise0_1000_pl,800,160.0,[],[499],,,00:00:00,0.23021149999112822,0.00023021149999112822
Zheng DBSCAN,Ceravolo,sudden_trace_noise0_1000_pl,800,240.0,[],[499],,,00:00:00,0.23021149999112822,0.00023021149999112822
Zheng DBSCAN,Ceravolo,sudden_trace_noise0_1000_pl,800,320.0,[],[499],,,00:00:00,0.23021149999112822,0.00023021149999112822
Zheng DBSCAN,Ceravolo,sudden_trace_noise0_1000_pl,800,400.0,[],[499],,,00:00:00,0.23021149999112822,0.00023021149999112822
Zheng DBSCAN,Ostovar,Atomic_Substitute_output_Substitute_5,800,80.0,[np.float64(1501.486997635934)],"[999, 1999]",,,00:00:06,6.3075755999889225,0.002103226275421448
Zheng DBSCAN,Ostovar,Atomic_Substitute_output_Substitute_5,800,160.0,[np.float64(1501.486997635934)],"[999, 1999]",,,00:00:06,6.3075755999889225,0.002103226275421448
Zheng DBSCAN,Ostovar,Atomic_Substitute_output_Substitute_5,800,240.0,[np.float64(1501.486997635934)],"[999, 1999]",,,00:00:06,6.3075755999889225,0.002103226275421448
Zheng DBSCAN,Ostovar,Atomic_Substitute_output_Substitute_5,800,320.0,[np.float64(1501.486997635934)],"[999, 1999]",,,00:00:06,6.3075755999889225,0.002103226275421448
Zheng DBSCAN,Ostovar,Atomic_Substitute_output_Substitute_5,800,400.0,[np.float64(1501.486997635934)],"[999, 1999]",,,00:00:06,6.3075755999889225,0.002103226275421448
Zheng DBSCAN,Ceravolo,sudden_trace_noise15_1000_cd,600,60.0,[],[499],,,00:00:00,0.2141678000043612,0.0002141678000043612
Zheng DBSCAN,Ceravolo,sudden_trace_noise15_1000_cd,600,120.0,[],[499],,,00:00:00,0.2141678000043612,0.0002141678000043612
Zheng DBSCAN,Ceravolo,sudden_trace_noise15_1000_cd,600,180.0,[],[499],,,00:00:00,0.2141678000043612,0.0002141678000043612
Zheng DBSCAN,Ceravolo,sudden_trace_noise15_1000_cd,600,240.0,[],[499],,,00:00:00,0.2141678000043612,0.0002141678000043612
Zheng DBSCAN,Ceravolo,sudden_trace_noise15_1000_cd,600,300.0,[],[499],,,00:00:00,0.2141678000043612,0.0002141678000043612
Zheng DBSCAN,Ceravolo,sudden_trace_noise10_1000_pm,700,70.0,[],[499],,,00:00:00,0.2206138000183273,0.0002206138000183273
Zheng DBSCAN,Ceravolo,sudden_trace_noise10_1000_pm,700,140.0,[],[499],,,00:00:00,0.2206138000183273,0.0002206138000183273
Zheng DBSCAN,Ceravolo,sudden_trace_noise10_1000_pm,700,210.0,[],[499],,,00:00:00,0.2206138000183273,0.0002206138000183273
Zheng DBSCAN,Ceravolo,sudden_trace_noise10_1000_pm,700,280.0,[],[499],,,00:00:00,0.2206138000183273,0.0002206138000183273
Zheng DBSCAN,Ceravolo,sudden_trace_noise10_1000_pm,700,350.0,[],[499],,,00:00:00,0.2206138000183273,0.0002206138000183273
Zheng DBSCAN,Ceravolo,sudden_trace_noise20_1000_RIO,800,80.0,[],[499],,,00:00:00,0.22393619999638759,0.00022393619999638758
Zheng DBSCAN,Ceravolo,sudden_trace_noise20_1000_RIO,800,160.0,[],[499],,,00:00:00,0.22393619999638759,0.00022393619999638758
Zheng DBSCAN,Ceravolo,sudden_trace_noise20_1000_RIO,800,240.0,[],[499],,,00:00:00,0.22393619999638759,0.00022393619999638758
Zheng DBSCAN,Ceravolo,sudden_trace_noise20_1000_RIO,800,320.0,[],[499],,,00:00:00,0.22393619999638759,0.00022393619999638758
Zheng DBSCAN,Ceravolo,sudden_trace_noise20_1000_RIO,800,400.0,[],[499],,,00:00:00,0.22393619999638759,0.00022393619999638758
Zheng DBSCAN,Ostovar,Nested_RIO_output_RIO,700,70.0,"[np.float64(968.5555555555555), np.float64(1773.0), np.float64(1910.2608695652175)]","[999, 1999]",0.8,59.59178743961348,00:00:06,6.256795499997679,0.002086293931309663
Zheng DBSCAN,Ostovar,Nested_RIO_output_RIO,700,140.0,"[np.float64(968.5555555555555), np.float64(1904.5416666666667)]","[999, 1999]",1.0,62.45138888888886,00:00:06,6.256795499997679,0.002086293931309663
Zheng DBSCAN,Ostovar,Nested_RIO_output_RIO,700,210.0,"[np.float64(968.5555555555555), np.float64(1904.5416666666667)]","[999, 1999]",1.0,62.45138888888886,00:00:06,6.256795499997679,0.002086293931309663
Zheng DBSCAN,Ostovar,Nested_RIO_output_RIO,700,280.0,"[np.float64(968.5555555555555), np.float64(1904.5416666666667)]","[999, 1999]",1.0,62.45138888888886,00:00:06,6.256795499997679,0.002086293931309663
Zheng DBSCAN,Ostovar,Nested_RIO_output_RIO,700,350.0,"[np.float64(968.5555555555555), np.float64(1904.5416666666667)]","[999, 1999]",1.0,62.45138888888886,00:00:06,6.256795499997679,0.002086293931309663
Zheng DBSCAN,Ceravolo,sudden_trace_noise15_1000_OIR,600,60.0,[],[499],,,00:00:00,0.22224419997655787,0.00022224419997655788
Zheng DBSCAN,Ceravolo,sudden_trace_noise15_1000_OIR,600,120.0,[],[499],,,00:00:00,0.22224419997655787,0.00022224419997655788
Zheng DBSCAN,Ceravolo,sudden_trace_noise15_1000_OIR,600,180.0,[],[499],,,00:00:00,0.22224419997655787,0.00022224419997655788
Zheng DBSCAN,Ceravolo,sudden_trace_noise15_1000_OIR,600,240.0,[],[499],,,00:00:00,0.22224419997655787,0.00022224419997655788
Zheng DBSCAN,Ceravolo,sudden_trace_noise15_1000_OIR,600,300.0,[],[499],,,00:00:00,0.22224419997655787,0.00022224419997655788
Zheng DBSCAN,Ceravolo,sudden_trace_noise0_1000_lp,500,50.0,[],[499],,,00:00:00,0.1828218000009656,0.0001828218000009656
Zheng DBSCAN,Ceravolo,sudden_trace_noise0_1000_lp,500,100.0,[],[499],,,00:00:00,0.1828218000009656,0.0001828218000009656
Zheng DBSCAN,Ceravolo,sudden_trace_noise0_1000_lp,500,150.0,[],[499],,,00:00:00,0.1828218000009656,0.0001828218000009656
Zheng DBSCAN,Ceravolo,sudden_trace_noise0_1000_lp,500,200.0,[],[499],,,00:00:00,0.1828218000009656,0.0001828218000009656
Zheng DBSCAN,Ceravolo,sudden_trace_noise0_1000_lp,500,250.0,[],[499],,,00:00:00,0.1828218000009656,0.0001828218000009656
Zheng DBSCAN,Ostovar,Nested_RIO_output_RIO_5,700,70.0,[np.float64(1483.3646373056995)],"[999, 1999]",,,00:00:07,7.291234300006181,0.0024312218406155987
Zheng DBSCAN,Ostovar,Nested_RIO_output_RIO_5,700,140.0,[np.float64(1483.3646373056995)],"[999, 1999]",,,00:00:07,7.291234300006181,0.0024312218406155987
Zheng DBSCAN,Ostovar,Nested_RIO_output_RIO_5,700,210.0,[np.float64(1483.3646373056995)],"[999, 1999]",,,00:00:07,7.291234300006181,0.0024312218406155987
Zheng DBSCAN,Ostovar,Nested_RIO_output_RIO_5,700,280.0,[np.float64(1483.3646373056995)],"[999, 1999]",,,00:00:07,7.291234300006181,0.0024312218406155987
Zheng DBSCAN,Ostovar,Nested_RIO_output_RIO_5,700,350.0,[np.float64(1483.3646373056995)],"[999, 1999]",,,00:00:07,7.291234300006181,0.0024312218406155987
Zheng DBSCAN,Ostovar,Atomic_Substitute_output_Substitute_2,600,60.0,[np.float64(1507.2536047497879)],"[999, 1999]",,,00:00:06,6.284984099998837,0.002095693264421086
Zheng DBSCAN,Ostovar,Atomic_Substitute_output_Substitute_2,600,120.0,[np.float64(1507.2536047497879)],"[999, 1999]",,,00:00:06,6.284984099998837,0.002095693264421086
Zheng DBSCAN,Ostovar,Atomic_Substitute_output_Substitute_2,600,180.0,[np.float64(1507.2536047497879)],"[999, 1999]",,,00:00:06,6.284984099998837,0.002095693264421086
Zheng DBSCAN,Ostovar,Atomic_Substitute_output_Substitute_2,600,240.0,[np.float64(1507.2536047497879)],"[999, 1999]",,,00:00:06,6.284984099998837,0.002095693264421086
Zheng DBSCAN,Ostovar,Atomic_Substitute_output_Substitute_2,600,300.0,[np.float64(1507.2536047497879)],"[999, 1999]",,,00:00:06,6.284984099998837,0.002095693264421086
Zheng DBSCAN,Ceravolo,sudden_trace_noise15_1000_IRO,600,60.0,[],[499],,,00:00:00,0.21773760000360198,0.00021773760000360197
Zheng DBSCAN,Ceravolo,sudden_trace_noise15_1000_IRO,600,120.0,[],[499],,,00:00:00,0.21773760000360198,0.00021773760000360197
Zheng DBSCAN,Ceravolo,sudden_trace_noise15_1000_IRO,600,180.0,[],[499],,,00:00:00,0.21773760000360198,0.00021773760000360197
Zheng DBSCAN,Ceravolo,sudden_trace_noise15_1000_IRO,600,240.0,[],[499],,,00:00:00,0.21773760000360198,0.00021773760000360197
Zheng DBSCAN,Ceravolo,sudden_trace_noise15_1000_IRO,600,300.0,[],[499],,,00:00:00,0.21773760000360198,0.00021773760000360197
Zheng DBSCAN,Ceravolo,sudden_trace_noise15_1000_rp,300,30.0,[np.float64(449.0)],[499],1.0,50.0,00:00:00,0.21187640001880936,0.00021187640001880937
Zheng DBSCAN,Ceravolo,sudden_trace_noise15_1000_rp,300,60.0,[np.float64(449.0)],[499],1.0,50.0,00:00:00,0.21187640001880936,0.00021187640001880937
Zheng DBSCAN,Ceravolo,sudden_trace_noise15_1000_rp,300,90.0,[np.float64(449.0)],[499],1.0,50.0,00:00:00,0.21187640001880936,0.00021187640001880937
Zheng DBSCAN,Ceravolo,sudden_trace_noise15_1000_rp,300,120.0,[np.float64(449.0)],[499],1.0,50.0,00:00:00,0.21187640001880936,0.00021187640001880937
Zheng DBSCAN,Ceravolo,sudden_trace_noise15_1000_rp,300,150.0,[np.float64(449.0)],[499],1.0,50.0,00:00:00,0.21187640001880936,0.00021187640001880937
Zheng DBSCAN,Ceravolo,sudden_trace_noise20_1000_RIO,700,70.0,[],[499],,,00:00:00,0.19803160001174547,0.00019803160001174546
Zheng DBSCAN,Ceravolo,sudden_trace_noise20_1000_RIO,700,140.0,[],[499],,,00:00:00,0.19803160001174547,0.00019803160001174546
Zheng DBSCAN,Ceravolo,sudden_trace_noise20_1000_RIO,700,210.0,[],[499],,,00:00:00,0.19803160001174547,0.00019803160001174546
Zheng DBSCAN,Ceravolo,sudden_trace_noise20_1000_RIO,700,280.0,[],[499],,,00:00:00,0.19803160001174547,0.00019803160001174546
Zheng DBSCAN,Ceravolo,sudden_trace_noise20_1000_RIO,700,350.0,[],[499],,,00:00:00,0.19803160001174547,0.00019803160001174546
Zheng DBSCAN,Ostovar,Atomic_Loop_output_Loop_5,600,60.0,[np.float64(1511.3435540069686)],"[999, 1999]",,,00:00:05,5.195365699997637,0.001732366022006548
Zheng DBSCAN,Ostovar,Atomic_Loop_output_Loop_5,600,120.0,[np.float64(1511.3435540069686)],"[999, 1999]",,,00:00:05,5.195365699997637,0.001732366022006548
Zheng DBSCAN,Ostovar,Atomic_Loop_output_Loop_5,600,180.0,[np.float64(1511.3435540069686)],"[999, 1999]",,,00:00:05,5.195365699997637,0.001732366022006548
Zheng DBSCAN,Ostovar,Atomic_Loop_output_Loop_5,600,240.0,[np.float64(1511.3435540069686)],"[999, 1999]",,,00:00:05,5.195365699997637,0.001732366022006548
Zheng DBSCAN,Ostovar,Atomic_Loop_output_Loop_5,600,300.0,[np.float64(1511.3435540069686)],"[999, 1999]",,,00:00:05,5.195365699997637,0.001732366022006548
Zheng DBSCAN,Ostovar,Nested_IRO_output_IRO_2,300,30.0,[np.float64(1487.0268264840183)],"[999, 1999]",,,00:00:07,7.869458399974974,0.0026240274758169303
Zheng DBSCAN,Ostovar,Nested_IRO_output_IRO_2,300,60.0,[np.float64(1487.0268264840183)],"[999, 1999]",,,00:00:07,7.869458399974974,0.0026240274758169303
Zheng DBSCAN,Ostovar,Nested_IRO_output_IRO_2,300,90.0,[np.float64(1487.0268264840183)],"[999, 1999]",,,00:00:07,7.869458399974974,0.0026240274758169303
Zheng DBSCAN,Ostovar,Nested_IRO_output_IRO_2,300,120.0,[np.float64(1487.0268264840183)],"[999, 1999]",,,00:00:07,7.869458399974974,0.0026240274758169303
Zheng DBSCAN,Ostovar,Nested_IRO_output_IRO_2,300,150.0,[np.float64(1487.0268264840183)],"[999, 1999]",,,00:00:07,7.869458399974974,0.0026240274758169303
Zheng DBSCAN,Ostovar,Composite_OIR_output_OIR_5,600,60.0,[np.float64(1490.0880330123796)],"[999, 1999]",,,00:00:06,6.15342660000897,0.0020518261420503403
Zheng DBSCAN,Ostovar,Composite_OIR_output_OIR_5,600,120.0,[np.float64(1490.0880330123796)],"[999, 1999]",,,00:00:06,6.15342660000897,0.0020518261420503403
Zheng DBSCAN,Ostovar,Composite_OIR_output_OIR_5,600,180.0,[np.float64(1490.0880330123796)],"[999, 1999]",,,00:00:06,6.15342660000897,0.0020518261420503403
Zheng DBSCAN,Ostovar,Composite_OIR_output_OIR_5,600,240.0,[np.float64(1490.0880330123796)],"[999, 1999]",,,00:00:06,6.15342660000897,0.0020518261420503403
Zheng DBSCAN,Ostovar,Composite_OIR_output_OIR_5,600,300.0,[np.float64(1490.0880330123796)],"[999, 1999]",,,00:00:06,6.15342660000897,0.0020518261420503403
Zheng DBSCAN,Ostovar,Composite_IRO_output_IRO_2,400,40.0,[np.float64(1499.5081585081584)],"[999, 1999]",,,00:00:06,6.31781909998972,0.002106641913967896
Zheng DBSCAN,Ostovar,Composite_IRO_output_IRO_2,400,80.0,[np.float64(1499.5081585081584)],"[999, 1999]",,,00:00:06,6.31781909998972,0.002106641913967896
Zheng DBSCAN,Ostovar,Composite_IRO_output_IRO_2,400,120.0,[np.float64(1499.5081585081584)],"[999, 1999]",,,00:00:06,6.31781909998972,0.002106641913967896
Zheng DBSCAN,Ostovar,Composite_IRO_output_IRO_2,400,160.0,[np.float64(1499.5081585081584)],"[999, 1999]",,,00:00:06,6.31781909998972,0.002106641913967896
Zheng DBSCAN,Ostovar,Composite_IRO_output_IRO_2,400,200.0,[np.float64(1499.5081585081584)],"[999, 1999]",,,00:00:06,6.31781909998972,0.002106641913967896
Zheng DBSCAN,Ostovar,Atomic_ConditionalToSequence_output_ConditionalToSequence,300,30.0,"[np.float64(939.6428571428571), np.float64(1944.357142857143)]","[999, 1999]",1.0,57.0,00:00:04,4.905824699992081,0.0016358201733884898
Zheng DBSCAN,Ostovar,Atomic_ConditionalToSequence_output_ConditionalToSequence,300,60.0,"[np.float64(939.6428571428571), np.float64(1944.357142857143)]","[999, 1999]",1.0,57.0,00:00:04,4.905824699992081,0.0016358201733884898
Zheng DBSCAN,Ostovar,Atomic_ConditionalToSequence_output_ConditionalToSequence,300,90.0,"[np.float64(939.6428571428571), np.float64(1944.357142857143)]","[999, 1999]",1.0,57.0,00:00:04,4.905824699992081,0.0016358201733884898
Zheng DBSCAN,Ostovar,Atomic_ConditionalToSequence_output_ConditionalToSequence,300,120.0,"[np.float64(939.6428571428571), np.float64(1944.357142857143)]","[999, 1999]",1.0,57.0,00:00:04,4.905824699992081,0.0016358201733884898
Zheng DBSCAN,Ostovar,Atomic_ConditionalToSequence_output_ConditionalToSequence,300,150.0,"[np.float64(939.6428571428571), np.float64(1944.357142857143)]","[999, 1999]",1.0,57.0,00:00:04,4.905824699992081,0.0016358201733884898
Zheng DBSCAN,AdditionalLogs,sudden_drift_05,600,60.0,"[np.float64(622.0), np.float64(721.0), np.float64(805.0), np.float64(882.0), np.float64(1082.5555555555557), np.float64(1371.0), np.float64(1497.0)]","[500, 1000]",0.4444444444444445,102.27777777777783,00:00:00,0.3315922000037972,0.00022106146666919812
Zheng DBSCAN,AdditionalLogs,sudden_drift_05,600,120.0,"[np.float64(701.8636363636364), np.float64(1413.0)]","[500, 1000]",,,00:00:00,0.3315922000037972,0.00022106146666919812
Zheng DBSCAN,AdditionalLogs,sudden_drift_05,600,180.0,[np.float64(747.2553191489362)],"[500, 1000]",,,00:00:00,0.3315922000037972,0.00022106146666919812
Zheng DBSCAN,AdditionalLogs,sudden_drift_05,600,240.0,[np.float64(747.2553191489362)],"[500, 1000]",,,00:00:00,0.3315922000037972,0.00022106146666919812
Zheng DBSCAN,AdditionalLogs,sudden_drift_05,600,300.0,[np.float64(747.2553191489362)],"[500, 1000]",,,00:00:00,0.3315922000037972,0.00022106146666919812
Zheng DBSCAN,Ceravolo,sudden_trace_noise15_1000_RIO,700,70.0,[],[499],,,00:00:00,0.20152510001207702,0.00020152510001207702
Zheng DBSCAN,Ceravolo,sudden_trace_noise15_1000_RIO,700,140.0,[],[499],,,00:00:00,0.20152510001207702,0.00020152510001207702
Zheng DBSCAN,Ceravolo,sudden_trace_noise15_1000_RIO,700,210.0,[],[499],,,00:00:00,0.20152510001207702,0.00020152510001207702
Zheng DBSCAN,Ceravolo,sudden_trace_noise15_1000_RIO,700,280.0,[],[499],,,00:00:00,0.20152510001207702,0.00020152510001207702
Zheng DBSCAN,Ceravolo,sudden_trace_noise15_1000_RIO,700,350.0,[],[499],,,00:00:00,0.20152510001207702,0.00020152510001207702
Zheng DBSCAN,Ceravolo,sudden_trace_noise5_1000_cd,700,70.0,[],[499],,,00:00:00,0.19372109998948872,0.00019372109998948872
Zheng DBSCAN,Ceravolo,sudden_trace_noise5_1000_cd,700,140.0,[],[499],,,00:00:00,0.19372109998948872,0.00019372109998948872
Zheng DBSCAN,Ceravolo,sudden_trace_noise5_1000_cd,700,210.0,[],[499],,,00:00:00,0.19372109998948872,0.00019372109998948872
Zheng DBSCAN,Ceravolo,sudden_trace_noise5_1000_cd,700,280.0,[],[499],,,00:00:00,0.19372109998948872,0.00019372109998948872
Zheng DBSCAN,Ceravolo,sudden_trace_noise5_1000_cd,700,350.0,[],[499],,,00:00:00,0.19372109998948872,0.00019372109998948872
Zheng DBSCAN,Ostovar,Composite_ROI_output_ROI_5,400,40.0,[np.float64(1504.2135922330096)],"[999, 1999]",,,00:00:06,6.221608499996364,0.002074561020338901
Zheng DBSCAN,Ostovar,Composite_ROI_output_ROI_5,400,80.0,[np.float64(1504.2135922330096)],"[999, 1999]",,,00:00:06,6.221608499996364,0.002074561020338901
Zheng DBSCAN,Ostovar,Composite_ROI_output_ROI_5,400,120.0,[np.float64(1504.2135922330096)],"[999, 1999]",,,00:00:06,6.221608499996364,0.002074561020338901
Zheng DBSCAN,Ostovar,Composite_ROI_output_ROI_5,400,160.0,[np.float64(1504.2135922330096)],"[999, 1999]",,,00:00:06,6.221608499996364,0.002074561020338901
Zheng DBSCAN,Ostovar,Composite_ROI_output_ROI_5,400,200.0,[np.float64(1504.2135922330096)],"[999, 1999]",,,00:00:06,6.221608499996364,0.002074561020338901
Zheng DBSCAN,Ostovar,Composite_ORI_output_ORI,400,40.0,"[np.float64(743.0), np.float64(839.0), np.float64(916.8), np.float64(1886.0833333333333)]","[999, 1999]",0.6666666666666666,97.5583333333334,00:00:04,4.824341900006402,0.0016086501833965997
Zheng DBSCAN,Ostovar,Composite_ORI_output_ORI,400,80.0,"[np.float64(743.0), np.float64(909.7272727272727), np.float64(1886.0833333333333)]","[999, 1999]",0.8,101.094696969697,00:00:04,4.824341900006402,0.0016086501833965997
Zheng DBSCAN,Ostovar,Composite_ORI_output_ORI,400,120.0,"[np.float64(895.8333333333334), np.float64(1886.0833333333333)]","[999, 1999]",1.0,108.04166666666669,00:00:04,4.824341900006402,0.0016086501833965997
Zheng DBSCAN,Ostovar,Composite_ORI_output_ORI,400,160.0,"[np.float64(895.8333333333334), np.float64(1886.0833333333333)]","[999, 1999]",1.0,108.04166666666669,00:00:04,4.824341900006402,0.0016086501833965997
Zheng DBSCAN,Ostovar,Composite_ORI_output_ORI,400,200.0,"[np.float64(895.8333333333334), np.float64(1886.0833333333333)]","[999, 1999]",1.0,108.04166666666669,00:00:04,4.824341900006402,0.0016086501833965997
Zheng DBSCAN,Ceravolo,sudden_trace_noise20_1000_IRO,300,30.0,[np.float64(449.0)],[499],1.0,50.0,00:00:00,0.16493119997903705,0.00016493119997903704
Zheng DBSCAN,Ceravolo,sudden_trace_noise20_1000_IRO,300,60.0,[np.float64(449.0)],[499],1.0,50.0,00:00:00,0.16493119997903705,0.00016493119997903704
Zheng DBSCAN,Ceravolo,sudden_trace_noise20_1000_IRO,300,90.0,[np.float64(449.0)],[499],1.0,50.0,00:00:00,0.16493119997903705,0.00016493119997903704
Zheng DBSCAN,Ceravolo,sudden_trace_noise20_1000_IRO,300,120.0,[np.float64(449.0)],[499],1.0,50.0,00:00:00,0.16493119997903705,0.00016493119997903704
Zheng DBSCAN,Ceravolo,sudden_trace_noise20_1000_IRO,300,150.0,[np.float64(449.0)],[499],1.0,50.0,00:00:00,0.16493119997903705,0.00016493119997903704
Zheng DBSCAN,Ostovar,Nested_ORI_output_ORI_2,700,70.0,[np.float64(1491.4840032813781)],"[999, 1999]",,,00:00:06,6.549054599978263,0.0021837461153645424
Zheng DBSCAN,Ostovar,Nested_ORI_output_ORI_2,700,140.0,[np.float64(1491.4840032813781)],"[999, 1999]",,,00:00:06,6.549054599978263,0.0021837461153645424
Zheng DBSCAN,Ostovar,Nested_ORI_output_ORI_2,700,210.0,[np.float64(1491.4840032813781)],"[999, 1999]",,,00:00:06,6.549054599978263,0.0021837461153645424
Zheng DBSCAN,Ostovar,Nested_ORI_output_ORI_2,700,280.0,[np.float64(1491.4840032813781)],"[999, 1999]",,,00:00:06,6.549054599978263,0.0021837461153645424
Zheng DBSCAN,Ostovar,Nested_ORI_output_ORI_2,700,350.0,[np.float64(1491.4840032813781)],"[999, 1999]",,,00:00:06,6.549054599978263,0.0021837461153645424
Zheng DBSCAN,Ceravolo,sudden_trace_noise15_1000_cb,600,60.0,[],[499],,,00:00:00,0.222051199991256,0.000222051199991256
Zheng DBSCAN,Ceravolo,sudden_trace_noise15_1000_cb,600,120.0,[],[499],,,00:00:00,0.222051199991256,0.000222051199991256
Zheng DBSCAN,Ceravolo,sudden_trace_noise15_1000_cb,600,180.0,[],[499],,,00:00:00,0.222051199991256,0.000222051199991256
Zheng DBSCAN,Ceravolo,sudden_trace_noise15_1000_cb,600,240.0,[],[499],,,00:00:00,0.222051199991256,0.000222051199991256
Zheng DBSCAN,Ceravolo,sudden_trace_noise15_1000_cb,600,300.0,[],[499],,,00:00:00,0.222051199991256,0.000222051199991256
Zheng DBSCAN,Ceravolo,sudden_trace_noise5_1000_cp,700,70.0,[],[499],,,00:00:00,0.2146223000017926,0.00021462230000179262
Zheng DBSCAN,Ceravolo,sudden_trace_noise5_1000_cp,700,140.0,[],[499],,,00:00:00,0.2146223000017926,0.00021462230000179262
Zheng DBSCAN,Ceravolo,sudden_trace_noise5_1000_cp,700,210.0,[],[499],,,00:00:00,0.2146223000017926,0.00021462230000179262
Zheng DBSCAN,Ceravolo,sudden_trace_noise5_1000_cp,700,280.0,[],[499],,,00:00:00,0.2146223000017926,0.00021462230000179262
Zheng DBSCAN,Ceravolo,sudden_trace_noise5_1000_cp,700,350.0,[],[499],,,00:00:00,0.2146223000017926,0.00021462230000179262
Zheng DBSCAN,Ostovar,Composite_IOR_output_IOR_2,500,50.0,[np.float64(1489.6386701662293)],"[999, 1999]",,,00:00:04,4.6437129999976605,0.0015484204734903836
Zheng DBSCAN,Ostovar,Composite_IOR_output_IOR_2,500,100.0,[np.float64(1489.6386701662293)],"[999, 1999]",,,00:00:04,4.6437129999976605,0.0015484204734903836
Zheng DBSCAN,Ostovar,Composite_IOR_output_IOR_2,500,150.0,[np.float64(1489.6386701662293)],"[999, 1999]",,,00:00:04,4.6437129999976605,0.0015484204734903836
Zheng DBSCAN,Ostovar,Composite_IOR_output_IOR_2,500,200.0,[np.float64(1489.6386701662293)],"[999, 1999]",,,00:00:04,4.6437129999976605,0.0015484204734903836
Zheng DBSCAN,Ostovar,Composite_IOR_output_IOR_2,500,250.0,[np.float64(1489.6386701662293)],"[999, 1999]",,,00:00:04,4.6437129999976605,0.0015484204734903836
Zheng DBSCAN,Ceravolo,sudden_trace_noise0_1000_pl,600,60.0,[],[499],,,00:00:00,0.2297569999936968,0.0002297569999936968
Zheng DBSCAN,Ceravolo,sudden_trace_noise0_1000_pl,600,120.0,[],[499],,,00:00:00,0.2297569999936968,0.0002297569999936968
Zheng DBSCAN,Ceravolo,sudden_trace_noise0_1000_pl,600,180.0,[],[499],,,00:00:00,0.2297569999936968,0.0002297569999936968
Zheng DBSCAN,Ceravolo,sudden_trace_noise0_1000_pl,600,240.0,[],[499],,,00:00:00,0.2297569999936968,0.0002297569999936968
Zheng DBSCAN,Ceravolo,sudden_trace_noise0_1000_pl,600,300.0,[],[499],,,00:00:00,0.2297569999936968,0.0002297569999936968
Zheng DBSCAN,Ostovar,Nested_ROI_output_ROI_5,400,40.0,[np.float64(1477.3597819503332)],"[999, 1999]",,,00:00:05,5.961509900022065,0.0019878325775331994
Zheng DBSCAN,Ostovar,Nested_ROI_output_ROI_5,400,80.0,[np.float64(1477.3597819503332)],"[999, 1999]",,,00:00:05,5.961509900022065,0.0019878325775331994
Zheng DBSCAN,Ostovar,Nested_ROI_output_ROI_5,400,120.0,[np.float64(1477.3597819503332)],"[999, 1999]",,,00:00:05,5.961509900022065,0.0019878325775331994
Zheng DBSCAN,Ostovar,Nested_ROI_output_ROI_5,400,160.0,[np.float64(1477.3597819503332)],"[999, 1999]",,,00:00:05,5.961509900022065,0.0019878325775331994
Zheng DBSCAN,Ostovar,Nested_ROI_output_ROI_5,400,200.0,[np.float64(1477.3597819503332)],"[999, 1999]",,,00:00:05,5.961509900022065,0.0019878325775331994
Zheng DBSCAN,Ceravolo,sudden_trace_noise15_1000_cd,800,80.0,[],[499],,,00:00:00,0.19159200001740828,0.00019159200001740828
Zheng DBSCAN,Ceravolo,sudden_trace_noise15_1000_cd,800,160.0,[],[499],,,00:00:00,0.19159200001740828,0.00019159200001740828
Zheng DBSCAN,Ceravolo,sudden_trace_noise15_1000_cd,800,240.0,[],[499],,,00:00:00,0.19159200001740828,0.00019159200001740828
Zheng DBSCAN,Ceravolo,sudden_trace_noise15_1000_cd,800,320.0,[],[499],,,00:00:00,0.19159200001740828,0.00019159200001740828
Zheng DBSCAN,Ceravolo,sudden_trace_noise15_1000_cd,800,400.0,[],[499],,,00:00:00,0.19159200001740828,0.00019159200001740828
Zheng DBSCAN,AdditionalLogs,recurring_drift_05,400,40.0,"[np.float64(517.9375), np.float64(689.8888888888889), np.float64(778.5), np.float64(991.5357142857143), np.float64(1201.6666666666667), np.float64(1331.6666666666667), np.float64(1392.0), np.float64(1475.5)]","[500, 1000]",0.4,13.200892857142833,00:00:00,0.40858219997608103,0.00027238813331738733
Zheng DBSCAN,AdditionalLogs,recurring_drift_05,400,80.0,[np.float64(886.0298507462686)],"[500, 1000]",0.6666666666666666,113.97014925373139,00:00:00,0.40858219997608103,0.00027238813331738733
Zheng DBSCAN,AdditionalLogs,recurring_drift_05,400,120.0,[np.float64(797.3116883116883)],"[500, 1000]",,,00:00:00,0.40858219997608103,0.00027238813331738733
Zheng DBSCAN,AdditionalLogs,recurring_drift_05,400,160.0,[np.float64(797.3116883116883)],"[500, 1000]",,,00:00:00,0.40858219997608103,0.00027238813331738733
Zheng DBSCAN,AdditionalLogs,recurring_drift_05,400,200.0,[np.float64(797.3116883116883)],"[500, 1000]",,,00:00:00,0.40858219997608103,0.00027238813331738733
Zheng DBSCAN,Ostovar,Atomic_SerialRemoval_output_SerialRemoval_5,700,70.0,[np.float64(1505.6935483870968)],"[999, 1999]",,,00:00:05,5.532485200004885,0.0018447766588879243
Zheng DBSCAN,Ostovar,Atomic_SerialRemoval_output_SerialRemoval_5,700,140.0,[np.float64(1505.6935483870968)],"[999, 1999]",,,00:00:05,5.532485200004885,0.0018447766588879243
Zheng DBSCAN,Ostovar,Atomic_SerialRemoval_output_SerialRemoval_5,700,210.0,[np.float64(1505.6935483870968)],"[999, 1999]",,,00:00:05,5.532485200004885,0.0018447766588879243
Zheng DBSCAN,Ostovar,Atomic_SerialRemoval_output_SerialRemoval_5,700,280.0,[np.float64(1505.6935483870968)],"[999, 1999]",,,00:00:05,5.532485200004885,0.0018447766588879243
Zheng DBSCAN,Ostovar,Atomic_SerialRemoval_output_SerialRemoval_5,700,350.0,[np.float64(1505.6935483870968)],"[999, 1999]",,,00:00:05,5.532485200004885,0.0018447766588879243
Zheng DBSCAN,Ceravolo,sudden_trace_noise0_1000_cb,600,60.0,[],[499],,,00:00:00,0.1775820000038948,0.0001775820000038948
Zheng DBSCAN,Ceravolo,sudden_trace_noise0_1000_cb,600,120.0,[],[499],,,00:00:00,0.1775820000038948,0.0001775820000038948
Zheng DBSCAN,Ceravolo,sudden_trace_noise0_1000_cb,600,180.0,[],[499],,,00:00:00,0.1775820000038948,0.0001775820000038948
Zheng DBSCAN,Ceravolo,sudden_trace_noise0_1000_cb,600,240.0,[],[499],,,00:00:00,0.1775820000038948,0.0001775820000038948
Zheng DBSCAN,Ceravolo,sudden_trace_noise0_1000_cb,600,300.0,[],[499],,,00:00:00,0.1775820000038948,0.0001775820000038948
Zheng DBSCAN,Ceravolo,sudden_trace_noise10_1000_RIO,700,70.0,[],[499],,,00:00:00,0.17735010001342744,0.00017735010001342745
Zheng DBSCAN,Ceravolo,sudden_trace_noise10_1000_RIO,700,140.0,[],[499],,,00:00:00,0.17735010001342744,0.00017735010001342745
Zheng DBSCAN,Ceravolo,sudden_trace_noise10_1000_RIO,700,210.0,[],[499],,,00:00:00,0.17735010001342744,0.00017735010001342745
Zheng DBSCAN,Ceravolo,sudden_trace_noise10_1000_RIO,700,280.0,[],[499],,,00:00:00,0.17735010001342744,0.00017735010001342745
Zheng DBSCAN,Ceravolo,sudden_trace_noise10_1000_RIO,700,350.0,[],[499],,,00:00:00,0.17735010001342744,0.00017735010001342745
Zheng DBSCAN,Ostovar,Atomic_Swap_output_Swap_2,400,40.0,[np.float64(1492.8926426426426)],"[999, 1999]",,,00:00:05,5.203769800020382,0.0017351683227810543
Zheng DBSCAN,Ostovar,Atomic_Swap_output_Swap_2,400,80.0,[np.float64(1492.8926426426426)],"[999, 1999]",,,00:00:05,5.203769800020382,0.0017351683227810543
Zheng DBSCAN,Ostovar,Atomic_Swap_output_Swap_2,400,120.0,[np.float64(1492.8926426426426)],"[999, 1999]",,,00:00:05,5.203769800020382,0.0017351683227810543
Zheng DBSCAN,Ostovar,Atomic_Swap_output_Swap_2,400,160.0,[np.float64(1492.8926426426426)],"[999, 1999]",,,00:00:05,5.203769800020382,0.0017351683227810543
Zheng DBSCAN,Ostovar,Atomic_Swap_output_Swap_2,400,200.0,[np.float64(1492.8926426426426)],"[999, 1999]",,,00:00:05,5.203769800020382,0.0017351683227810543
Zheng DBSCAN,Ostovar,Atomic_ParallelRemoval_output_ParallelRemoval,300,30.0,"[np.float64(933.5), np.float64(1940.3333333333333)]","[999, 1999]",1.0,62.08333333333337,00:00:04,4.39352080001845,0.0014649952650945149
Zheng DBSCAN,Ostovar,Atomic_ParallelRemoval_output_ParallelRemoval,300,60.0,"[np.float64(933.5), np.float64(1940.3333333333333)]","[999, 1999]",1.0,62.08333333333337,00:00:04,4.39352080001845,0.0014649952650945149
Zheng DBSCAN,Ostovar,Atomic_ParallelRemoval_output_ParallelRemoval,300,90.0,"[np.float64(933.5), np.float64(1940.3333333333333)]","[999, 1999]",1.0,62.08333333333337,00:00:04,4.39352080001845,0.0014649952650945149
Zheng DBSCAN,Ostovar,Atomic_ParallelRemoval_output_ParallelRemoval,300,120.0,"[np.float64(933.5), np.float64(1940.3333333333333)]","[999, 1999]",1.0,62.08333333333337,00:00:04,4.39352080001845,0.0014649952650945149
Zheng DBSCAN,Ostovar,Atomic_ParallelRemoval_output_ParallelRemoval,300,150.0,"[np.float64(933.5), np.float64(1940.3333333333333)]","[999, 1999]",1.0,62.08333333333337,00:00:04,4.39352080001845,0.0014649952650945149
Zheng DBSCAN,Ceravolo,sudden_trace_noise0_1000_lp,600,60.0,[],[499],,,00:00:00,0.23020540000288747,0.00023020540000288748
Zheng DBSCAN,Ceravolo,sudden_trace_noise0_1000_lp,600,120.0,[],[499],,,00:00:00,0.23020540000288747,0.00023020540000288748
Zheng DBSCAN,Ceravolo,sudden_trace_noise0_1000_lp,600,180.0,[],[499],,,00:00:00,0.23020540000288747,0.00023020540000288748
Zheng DBSCAN,Ceravolo,sudden_trace_noise0_1000_lp,600,240.0,[],[499],,,00:00:00,0.23020540000288747,0.00023020540000288748
Zheng DBSCAN,Ceravolo,sudden_trace_noise0_1000_lp,600,300.0,[],[499],,,00:00:00,0.23020540000288747,0.00023020540000288748
Zheng DBSCAN,Ostovar,Atomic_SerialMove_output_SerialMove_5,300,30.0,[np.float64(1508.4524324324325)],"[999, 1999]",,,00:00:06,6.314580600010231,0.0021055620540214176
Zheng DBSCAN,Ostovar,Atomic_SerialMove_output_SerialMove_5,300,60.0,[np.float64(1508.4524324324325)],"[999, 1999]",,,00:00:06,6.314580600010231,0.0021055620540214176
Zheng DBSCAN,Ostovar,Atomic_SerialMove_output_SerialMove_5,300,90.0,[np.float64(1508.4524324324325)],"[999, 1999]",,,00:00:06,6.314580600010231,0.0021055620540214176
Zheng DBSCAN,Ostovar,Atomic_SerialMove_output_SerialMove_5,300,120.0,[np.float64(1508.4524324324325)],"[999, 1999]",,,00:00:06,6.314580600010231,0.0021055620540214176
Zheng DBSCAN,Ostovar,Atomic_SerialMove_output_SerialMove_5,300,150.0,[np.float64(1508.4524324324325)],"[999, 1999]",,,00:00:06,6.314580600010231,0.0021055620540214176
Zheng DBSCAN,AdditionalLogs,gradual_drift_07,500,50.0,"[np.float64(542.5), np.float64(713.0), np.float64(768.0), np.float64(897.0), np.float64(975.0)]","[500, 1000]",0.5714285714285715,33.75,00:00:00,0.33230149999144487,0.0002373582142796035
Zheng DBSCAN,AdditionalLogs,gradual_drift_07,500,100.0,"[np.float64(515.6666666666666), np.float64(863.4285714285714)]","[500, 1000]",1.0,76.11904761904759,00:00:00,0.33230149999144487,0.0002373582142796035
Zheng DBSCAN,AdditionalLogs,gradual_drift_07,500,150.0,"[np.float64(515.6666666666666), np.float64(863.4285714285714)]","[500, 1000]",1.0,76.11904761904759,00:00:00,0.33230149999144487,0.0002373582142796035
Zheng DBSCAN,AdditionalLogs,gradual_drift_07,500,200.0,[np.float64(759.1)],"[500, 1000]",,,00:00:00,0.33230149999144487,0.0002373582142796035
Zheng DBSCAN,AdditionalLogs,gradual_drift_07,500,250.0,[np.float64(759.1)],"[500, 1000]",,,00:00:00,0.33230149999144487,0.0002373582142796035
Zheng DBSCAN,Ostovar,Atomic_Frequency_output_Frequency_2,600,60.0,[np.float64(1501.3514211886304)],"[999, 1999]",,,00:00:03,3.1888885000080336,0.00106331727242682
Zheng DBSCAN,Ostovar,Atomic_Frequency_output_Frequency_2,600,120.0,[np.float64(1501.3514211886304)],"[999, 1999]",,,00:00:03,3.1888885000080336,0.00106331727242682
Zheng DBSCAN,Ostovar,Atomic_Frequency_output_Frequency_2,600,180.0,[np.float64(1501.3514211886304)],"[999, 1999]",,,00:00:03,3.1888885000080336,0.00106331727242682
Zheng DBSCAN,Ostovar,Atomic_Frequency_output_Frequency_2,600,240.0,[np.float64(1501.3514211886304)],"[999, 1999]",,,00:00:03,3.1888885000080336,0.00106331727242682
Zheng DBSCAN,Ostovar,Atomic_Frequency_output_Frequency_2,600,300.0,[np.float64(1501.3514211886304)],"[999, 1999]",,,00:00:03,3.1888885000080336,0.00106331727242682
Zheng DBSCAN,Ostovar,Atomic_ParallelMove_output_ParallelMove,300,30.0,"[np.float64(933.0), np.float64(1869.0), np.float64(1925.375)]","[999, 1999]",0.8,69.8125,00:00:05,5.193853900011163,0.0017318619206439358
Zheng DBSCAN,Ostovar,Atomic_ParallelMove_output_ParallelMove,300,60.0,"[np.float64(933.0), np.float64(1919.111111111111)]","[999, 1999]",1.0,72.94444444444446,00:00:05,5.193853900011163,0.0017318619206439358
Zheng DBSCAN,Ostovar,Atomic_ParallelMove_output_ParallelMove,300,90.0,"[np.float64(933.0), np.float64(1919.111111111111)]","[999, 1999]",1.0,72.94444444444446,00:00:05,5.193853900011163,0.0017318619206439358
Zheng DBSCAN,Ostovar,Atomic_ParallelMove_output_ParallelMove,300,120.0,"[np.float64(933.0), np.float64(1919.111111111111)]","[999, 1999]",1.0,72.94444444444446,00:00:05,5.193853900011163,0.0017318619206439358
Zheng DBSCAN,Ostovar,Atomic_ParallelMove_output_ParallelMove,300,150.0,"[np.float64(933.0), np.float64(1919.111111111111)]","[999, 1999]",1.0,72.94444444444446,00:00:05,5.193853900011163,0.0017318619206439358
Zheng DBSCAN,Ceravolo,sudden_trace_noise20_1000_pm,700,70.0,[],[499],,,00:00:00,0.18315769999753684,0.00018315769999753683
Zheng DBSCAN,Ceravolo,sudden_trace_noise20_1000_pm,700,140.0,[],[499],,,00:00:00,0.18315769999753684,0.00018315769999753683
Zheng DBSCAN,Ceravolo,sudden_trace_noise20_1000_pm,700,210.0,[],[499],,,00:00:00,0.18315769999753684,0.00018315769999753683
Zheng DBSCAN,Ceravolo,sudden_trace_noise20_1000_pm,700,280.0,[],[499],,,00:00:00,0.18315769999753684,0.00018315769999753683
Zheng DBSCAN,Ceravolo,sudden_trace_noise20_1000_pm,700,350.0,[],[499],,,00:00:00,0.18315769999753684,0.00018315769999753683
Zheng DBSCAN,Ceravolo,sudden_trace_noise10_1000_pl,500,50.0,[],[499],,,00:00:00,0.18459200000506826,0.00018459200000506826
Zheng DBSCAN,Ceravolo,sudden_trace_noise10_1000_pl,500,100.0,[],[499],,,00:00:00,0.18459200000506826,0.00018459200000506826
Zheng DBSCAN,Ceravolo,sudden_trace_noise10_1000_pl,500,150.0,[],[499],,,00:00:00,0.18459200000506826,0.00018459200000506826
Zheng DBSCAN,Ceravolo,sudden_trace_noise10_1000_pl,500,200.0,[],[499],,,00:00:00,0.18459200000506826,0.00018459200000506826
Zheng DBSCAN,Ceravolo,sudden_trace_noise10_1000_pl,500,250.0,[],[499],,,00:00:00,0.18459200000506826,0.00018459200000506826
Zheng DBSCAN,Ceravolo,sudden_trace_noise15_1000_cf,400,40.0,[np.float64(447.0)],[499],1.0,52.0,00:00:00,0.20216369998524897,0.00020216369998524896
Zheng DBSCAN,Ceravolo,sudden_trace_noise15_1000_cf,400,80.0,[np.float64(447.0)],[499],1.0,52.0,00:00:00,0.20216369998524897,0.00020216369998524896
Zheng DBSCAN,Ceravolo,sudden_trace_noise15_1000_cf,400,120.0,[np.float64(447.0)],[499],1.0,52.0,00:00:00,0.20216369998524897,0.00020216369998524896
Zheng DBSCAN,Ceravolo,sudden_trace_noise15_1000_cf,400,160.0,[np.float64(447.0)],[499],1.0,52.0,00:00:00,0.20216369998524897,0.00020216369998524896
Zheng DBSCAN,Ceravolo,sudden_trace_noise15_1000_cf,400,200.0,[np.float64(447.0)],[499],1.0,52.0,00:00:00,0.20216369998524897,0.00020216369998524896
Zheng DBSCAN,Ceravolo,sudden_trace_noise15_1000_rp,400,40.0,[np.float64(449.0)],[499],1.0,50.0,00:00:00,0.21666360000381246,0.00021666360000381247
Zheng DBSCAN,Ceravolo,sudden_trace_noise15_1000_rp,400,80.0,[np.float64(449.0)],[499],1.0,50.0,00:00:00,0.21666360000381246,0.00021666360000381247
Zheng DBSCAN,Ceravolo,sudden_trace_noise15_1000_rp,400,120.0,[np.float64(449.0)],[499],1.0,50.0,00:00:00,0.21666360000381246,0.00021666360000381247
Zheng DBSCAN,Ceravolo,sudden_trace_noise15_1000_rp,400,160.0,[np.float64(449.0)],[499],1.0,50.0,00:00:00,0.21666360000381246,0.00021666360000381247
Zheng DBSCAN,Ceravolo,sudden_trace_noise15_1000_rp,400,200.0,[np.float64(449.0)],[499],1.0,50.0,00:00:00,0.21666360000381246,0.00021666360000381247
Zheng DBSCAN,Ostovar,Nested_ROI_output_ROI,600,60.0,"[np.float64(948.6), np.float64(1068.0), np.float64(1927.3)]","[999, 1999]",0.8,61.05000000000001,00:00:04,4.4227544000023045,0.0014747430476833292
Zheng DBSCAN,Ostovar,Nested_ROI_output_ROI,600,120.0,"[np.float64(959.4545454545455), np.float64(1927.3)]","[999, 1999]",1.0,55.622727272727275,00:00:04,4.4227544000023045,0.0014747430476833292
Zheng DBSCAN,Ostovar,Nested_ROI_output_ROI,600,180.0,"[np.float64(959.4545454545455), np.float64(1927.3)]","[999, 1999]",1.0,55.622727272727275,00:00:04,4.4227544000023045,0.0014747430476833292
Zheng DBSCAN,Ostovar,Nested_ROI_output_ROI,600,240.0,"[np.float64(959.4545454545455), np.float64(1927.3)]","[999, 1999]",1.0,55.622727272727275,00:00:04,4.4227544000023045,0.0014747430476833292
Zheng DBSCAN,Ostovar,Nested_ROI_output_ROI,600,300.0,"[np.float64(959.4545454545455), np.float64(1927.3)]","[999, 1999]",1.0,55.622727272727275,00:00:04,4.4227544000023045,0.0014747430476833292
Zheng DBSCAN,Ostovar,Composite_OIR_output_OIR_5,700,70.0,[np.float64(1493.7815498154982)],"[999, 1999]",,,00:00:06,6.053401400014991,0.002018473291102031
Zheng DBSCAN,Ostovar,Composite_OIR_output_OIR_5,700,140.0,[np.float64(1493.7815498154982)],"[999, 1999]",,,00:00:06,6.053401400014991,0.002018473291102031
Zheng DBSCAN,Ostovar,Composite_OIR_output_OIR_5,700,210.0,[np.float64(1493.7815498154982)],"[999, 1999]",,,00:00:06,6.053401400014991,0.002018473291102031
Zheng DBSCAN,Ostovar,Composite_OIR_output_OIR_5,700,280.0,[np.float64(1493.7815498154982)],"[999, 1999]",,,00:00:06,6.053401400014991,0.002018473291102031
Zheng DBSCAN,Ostovar,Composite_OIR_output_OIR_5,700,350.0,[np.float64(1493.7815498154982)],"[999, 1999]",,,00:00:06,6.053401400014991,0.002018473291102031
Zheng DBSCAN,Ostovar,Atomic_ParallelToSequence_output_ParallelToSequence_2,400,40.0,[np.float64(1522.1122994652405)],"[999, 1999]",,,00:00:05,5.864378800004488,0.001955444748250913
Zheng DBSCAN,Ostovar,Atomic_ParallelToSequence_output_ParallelToSequence_2,400,80.0,[np.float64(1522.1122994652405)],"[999, 1999]",,,00:00:05,5.864378800004488,0.001955444748250913
Zheng DBSCAN,Ostovar,Atomic_ParallelToSequence_output_ParallelToSequence_2,400,120.0,[np.float64(1522.1122994652405)],"[999, 1999]",,,00:00:05,5.864378800004488,0.001955444748250913
Zheng DBSCAN,Ostovar,Atomic_ParallelToSequence_output_ParallelToSequence_2,400,160.0,[np.float64(1522.1122994652405)],"[999, 1999]",,,00:00:05,5.864378800004488,0.001955444748250913
Zheng DBSCAN,Ostovar,Atomic_ParallelToSequence_output_ParallelToSequence_2,400,200.0,[np.float64(1522.1122994652405)],"[999, 1999]",,,00:00:05,5.864378800004488,0.001955444748250913
Zheng DBSCAN,Ceravolo,sudden_trace_noise0_1000_pl,700,70.0,[],[499],,,00:00:00,0.18611030001193285,0.00018611030001193285
Zheng DBSCAN,Ceravolo,sudden_trace_noise0_1000_pl,700,140.0,[],[499],,,00:00:00,0.18611030001193285,0.00018611030001193285
Zheng DBSCAN,Ceravolo,sudden_trace_noise0_1000_pl,700,210.0,[],[499],,,00:00:00,0.18611030001193285,0.00018611030001193285
Zheng DBSCAN,Ceravolo,sudden_trace_noise0_1000_pl,700,280.0,[],[499],,,00:00:00,0.18611030001193285,0.00018611030001193285
Zheng DBSCAN,Ceravolo,sudden_trace_noise0_1000_pl,700,350.0,[],[499],,,00:00:00,0.18611030001193285,0.00018611030001193285
Zheng DBSCAN,Ostovar,Composite_OIR_output_OIR_2,600,60.0,[np.float64(1493.0948581560283)],"[999, 1999]",,,00:00:06,6.084499699994922,0.002028842847614179
Zheng DBSCAN,Ostovar,Composite_OIR_output_OIR_2,600,120.0,[np.float64(1493.0948581560283)],"[999, 1999]",,,00:00:06,6.084499699994922,0.002028842847614179
Zheng DBSCAN,Ostovar,Composite_OIR_output_OIR_2,600,180.0,[np.float64(1493.0948581560283)],"[999, 1999]",,,00:00:06,6.084499699994922,0.002028842847614179
Zheng DBSCAN,Ostovar,Composite_OIR_output_OIR_2,600,240.0,[np.float64(1493.0948581560283)],"[999, 1999]",,,00:00:06,6.084499699994922,0.002028842847614179
Zheng DBSCAN,Ostovar,Composite_OIR_output_OIR_2,600,300.0,[np.float64(1493.0948581560283)],"[999, 1999]",,,00:00:06,6.084499699994922,0.002028842847614179
Zheng DBSCAN,Ostovar,Composite_IOR_output_IOR,600,60.0,"[np.float64(938.7692307692307), np.float64(1939.3846153846155)]","[999, 1999]",1.0,59.923076923076906,00:00:03,3.699818099994445,0.0012336839279741398
Zheng DBSCAN,Ostovar,Composite_IOR_output_IOR,600,120.0,"[np.float64(938.7692307692307), np.float64(1939.3846153846155)]","[999, 1999]",1.0,59.923076923076906,00:00:03,3.699818099994445,0.0012336839279741398
Zheng DBSCAN,Ostovar,Composite_IOR_output_IOR,600,180.0,"[np.float64(938.7692307692307), np.float64(1939.3846153846155)]","[999, 1999]",1.0,59.923076923076906,00:00:03,3.699818099994445,0.0012336839279741398
Zheng DBSCAN,Ostovar,Composite_IOR_output_IOR,600,240.0,"[np.float64(938.7692307692307), np.float64(1939.3846153846155)]","[999, 1999]",1.0,59.923076923076906,00:00:03,3.699818099994445,0.0012336839279741398
Zheng DBSCAN,Ostovar,Composite_IOR_output_IOR,600,300.0,"[np.float64(938.7692307692307), np.float64(1939.3846153846155)]","[999, 1999]",1.0,59.923076923076906,00:00:03,3.699818099994445,0.0012336839279741398
Zheng DBSCAN,Ceravolo,sudden_trace_noise10_1000_pm,400,40.0,[np.float64(449.0)],[499],1.0,50.0,00:00:00,0.18647099999361672,0.00018647099999361672
Zheng DBSCAN,Ceravolo,sudden_trace_noise10_1000_pm,400,80.0,[np.float64(449.0)],[499],1.0,50.0,00:00:00,0.18647099999361672,0.00018647099999361672
Zheng DBSCAN,Ceravolo,sudden_trace_noise10_1000_pm,400,120.0,[np.float64(449.0)],[499],1.0,50.0,00:00:00,0.18647099999361672,0.00018647099999361672
Zheng DBSCAN,Ceravolo,sudden_trace_noise10_1000_pm,400,160.0,[np.float64(449.0)],[499],1.0,50.0,00:00:00,0.18647099999361672,0.00018647099999361672
Zheng DBSCAN,Ceravolo,sudden_trace_noise10_1000_pm,400,200.0,[np.float64(449.0)],[499],1.0,50.0,00:00:00,0.18647099999361672,0.00018647099999361672
Zheng DBSCAN,Ceravolo,sudden_trace_noise10_1000_cp,600,60.0,[],[499],,,00:00:00,0.19148940002196468,0.00019148940002196467
Zheng DBSCAN,Ceravolo,sudden_trace_noise10_1000_cp,600,120.0,[],[499],,,00:00:00,0.19148940002196468,0.00019148940002196467
Zheng DBSCAN,Ceravolo,sudden_trace_noise10_1000_cp,600,180.0,[],[499],,,00:00:00,0.19148940002196468,0.00019148940002196467
Zheng DBSCAN,Ceravolo,sudden_trace_noise10_1000_cp,600,240.0,[],[499],,,00:00:00,0.19148940002196468,0.00019148940002196467
Zheng DBSCAN,Ceravolo,sudden_trace_noise10_1000_cp,600,300.0,[],[499],,,00:00:00,0.19148940002196468,0.00019148940002196467
Zheng DBSCAN,AdditionalLogs,recurring_drift_01,600,60.0,"[np.float64(660.8571428571429), np.float64(1043.0), np.float64(1261.0)]","[500, 1000]",0.8,101.92857142857144,00:00:00,0.468348700000206,0.000312232466666804
Zheng DBSCAN,AdditionalLogs,recurring_drift_01,600,120.0,"[np.float64(660.8571428571429), np.float64(1043.0), np.float64(1261.0)]","[500, 1000]",0.8,101.92857142857144,00:00:00,0.468348700000206,0.000312232466666804
Zheng DBSCAN,AdditionalLogs,recurring_drift_01,600,180.0,"[np.float64(660.8571428571429), np.float64(1043.0), np.float64(1261.0)]","[500, 1000]",0.8,101.92857142857144,00:00:00,0.468348700000206,0.000312232466666804
Zheng DBSCAN,AdditionalLogs,recurring_drift_01,600,240.0,[np.float64(1152.0)],"[500, 1000]",0.6666666666666666,152.0,00:00:00,0.468348700000206,0.000312232466666804
Zheng DBSCAN,AdditionalLogs,recurring_drift_01,600,300.0,[np.float64(1152.0)],"[500, 1000]",0.6666666666666666,152.0,00:00:00,0.468348700000206,0.000312232466666804
Zheng DBSCAN,Ceravolo,sudden_trace_noise20_1000_sw,600,60.0,[],[499],,,00:00:00,0.18198690001736395,0.00018198690001736394
Zheng DBSCAN,Ceravolo,sudden_trace_noise20_1000_sw,600,120.0,[],[499],,,00:00:00,0.18198690001736395,0.00018198690001736394
Zheng DBSCAN,Ceravolo,sudden_trace_noise20_1000_sw,600,180.0,[],[499],,,00:00:00,0.18198690001736395,0.00018198690001736394
Zheng DBSCAN,Ceravolo,sudden_trace_noise20_1000_sw,600,240.0,[],[499],,,00:00:00,0.18198690001736395,0.00018198690001736394
Zheng DBSCAN,Ceravolo,sudden_trace_noise20_1000_sw,600,300.0,[],[499],,,00:00:00,0.18198690001736395,0.00018198690001736394
Zheng DBSCAN,Ceravolo,sudden_trace_noise10_1000_pl,400,40.0,[],[499],,,00:00:00,0.21185039999545552,0.0002118503999954555
Zheng DBSCAN,Ceravolo,sudden_trace_noise10_1000_pl,400,80.0,[],[499],,,00:00:00,0.21185039999545552,0.0002118503999954555
Zheng DBSCAN,Ceravolo,sudden_trace_noise10_1000_pl,400,120.0,[],[499],,,00:00:00,0.21185039999545552,0.0002118503999954555
Zheng DBSCAN,Ceravolo,sudden_trace_noise10_1000_pl,400,160.0,[],[499],,,00:00:00,0.21185039999545552,0.0002118503999954555
Zheng DBSCAN,Ceravolo,sudden_trace_noise10_1000_pl,400,200.0,[],[499],,,00:00:00,0.21185039999545552,0.0002118503999954555
Zheng DBSCAN,Ceravolo,sudden_trace_noise10_1000_sw,300,30.0,[np.float64(451.3333333333333)],[499],1.0,47.666666666666686,00:00:00,0.23006750000058673,0.00023006750000058673
Zheng DBSCAN,Ceravolo,sudden_trace_noise10_1000_sw,300,60.0,[np.float64(451.3333333333333)],[499],1.0,47.666666666666686,00:00:00,0.23006750000058673,0.00023006750000058673
Zheng DBSCAN,Ceravolo,sudden_trace_noise10_1000_sw,300,90.0,[np.float64(451.3333333333333)],[499],1.0,47.666666666666686,00:00:00,0.23006750000058673,0.00023006750000058673
Zheng DBSCAN,Ceravolo,sudden_trace_noise10_1000_sw,300,120.0,[np.float64(451.3333333333333)],[499],1.0,47.666666666666686,00:00:00,0.23006750000058673,0.00023006750000058673
Zheng DBSCAN,Ceravolo,sudden_trace_noise10_1000_sw,300,150.0,[np.float64(451.3333333333333)],[499],1.0,47.666666666666686,00:00:00,0.23006750000058673,0.00023006750000058673
Zheng DBSCAN,Ostovar,Atomic_ConditionalToSequence_output_ConditionalToSequence,600,60.0,"[np.float64(939.6428571428571), np.float64(1944.357142857143)]","[999, 1999]",1.0,57.0,00:00:04,4.780193699989468,0.001593929209733067
Zheng DBSCAN,Ostovar,Atomic_ConditionalToSequence_output_ConditionalToSequence,600,120.0,"[np.float64(939.6428571428571), np.float64(1944.357142857143)]","[999, 1999]",1.0,57.0,00:00:04,4.780193699989468,0.001593929209733067
Zheng DBSCAN,Ostovar,Atomic_ConditionalToSequence_output_ConditionalToSequence,600,180.0,"[np.float64(939.6428571428571), np.float64(1944.357142857143)]","[999, 1999]",1.0,57.0,00:00:04,4.780193699989468,0.001593929209733067
Zheng DBSCAN,Ostovar,Atomic_ConditionalToSequence_output_ConditionalToSequence,600,240.0,"[np.float64(939.6428571428571), np.float64(1944.357142857143)]","[999, 1999]",1.0,57.0,00:00:04,4.780193699989468,0.001593929209733067
Zheng DBSCAN,Ostovar,Atomic_ConditionalToSequence_output_ConditionalToSequence,600,300.0,"[np.float64(939.6428571428571), np.float64(1944.357142857143)]","[999, 1999]",1.0,57.0,00:00:04,4.780193699989468,0.001593929209733067
Zheng DBSCAN,Ceravolo,sudden_trace_noise5_1000_cp,300,30.0,[np.float64(449.6666666666667)],[499],1.0,49.333333333333314,00:00:00,0.1893469000060577,0.0001893469000060577
Zheng DBSCAN,Ceravolo,sudden_trace_noise5_1000_cp,300,60.0,[np.float64(449.6666666666667)],[499],1.0,49.333333333333314,00:00:00,0.1893469000060577,0.0001893469000060577
Zheng DBSCAN,Ceravolo,sudden_trace_noise5_1000_cp,300,90.0,[np.float64(449.6666666666667)],[499],1.0,49.333333333333314,00:00:00,0.1893469000060577,0.0001893469000060577
Zheng DBSCAN,Ceravolo,sudden_trace_noise5_1000_cp,300,120.0,[np.float64(449.6666666666667)],[499],1.0,49.333333333333314,00:00:00,0.1893469000060577,0.0001893469000060577
Zheng DBSCAN,Ceravolo,sudden_trace_noise5_1000_cp,300,150.0,[np.float64(449.6666666666667)],[499],1.0,49.333333333333314,00:00:00,0.1893469000060577,0.0001893469000060577
Zheng DBSCAN,Ostovar,Atomic_SerialRemoval_output_SerialRemoval,400,40.0,"[np.float64(938.25), np.float64(1935.5)]","[999, 1999]",1.0,62.125,00:00:04,4.38972870001453,0.001463730810274935
Zheng DBSCAN,Ostovar,Atomic_SerialRemoval_output_SerialRemoval,400,80.0,"[np.float64(938.25), np.float64(1935.5)]","[999, 1999]",1.0,62.125,00:00:04,4.38972870001453,0.001463730810274935
Zheng DBSCAN,Ostovar,Atomic_SerialRemoval_output_SerialRemoval,400,120.0,"[np.float64(938.25), np.float64(1935.5)]","[999, 1999]",1.0,62.125,00:00:04,4.38972870001453,0.001463730810274935
Zheng DBSCAN,Ostovar,Atomic_SerialRemoval_output_SerialRemoval,400,160.0,"[np.float64(938.25), np.float64(1935.5)]","[999, 1999]",1.0,62.125,00:00:04,4.38972870001453,0.001463730810274935
Zheng DBSCAN,Ostovar,Atomic_SerialRemoval_output_SerialRemoval,400,200.0,"[np.float64(938.25), np.float64(1935.5)]","[999, 1999]",1.0,62.125,00:00:04,4.38972870001453,0.001463730810274935
Zheng DBSCAN,Ostovar,Nested_ORI_output_ORI,600,60.0,"[np.float64(929.0), np.float64(1934.8)]","[999, 1999]",1.0,67.10000000000002,00:00:05,5.311943400010932,0.0017712382127412244
Zheng DBSCAN,Ostovar,Nested_ORI_output_ORI,600,120.0,"[np.float64(929.0), np.float64(1934.8)]","[999, 1999]",1.0,67.10000000000002,00:00:05,5.311943400010932,0.0017712382127412244
Zheng DBSCAN,Ostovar,Nested_ORI_output_ORI,600,180.0,"[np.float64(929.0), np.float64(1934.8)]","[999, 1999]",1.0,67.10000000000002,00:00:05,5.311943400010932,0.0017712382127412244
Zheng DBSCAN,Ostovar,Nested_ORI_output_ORI,600,240.0,"[np.float64(929.0), np.float64(1934.8)]","[999, 1999]",1.0,67.10000000000002,00:00:05,5.311943400010932,0.0017712382127412244
Zheng DBSCAN,Ostovar,Nested_ORI_output_ORI,600,300.0,"[np.float64(929.0), np.float64(1934.8)]","[999, 1999]",1.0,67.10000000000002,00:00:05,5.311943400010932,0.0017712382127412244
Zheng DBSCAN,Ceravolo,sudden_trace_noise10_1000_cp,500,50.0,[],[499],,,00:00:00,0.19344770000316203,0.00019344770000316204
Zheng DBSCAN,Ceravolo,sudden_trace_noise10_1000_cp,500,100.0,[],[499],,,00:00:00,0.19344770000316203,0.00019344770000316204
Zheng DBSCAN,Ceravolo,sudden_trace_noise10_1000_cp,500,150.0,[],[499],,,00:00:00,0.19344770000316203,0.00019344770000316204
Zheng DBSCAN,Ceravolo,sudden_trace_noise10_1000_cp,500,200.0,[],[499],,,00:00:00,0.19344770000316203,0.00019344770000316204
Zheng DBSCAN,Ceravolo,sudden_trace_noise10_1000_cp,500,250.0,[],[499],,,00:00:00,0.19344770000316203,0.00019344770000316204
Zheng DBSCAN,AdditionalLogs,recurring_drift_00,800,80.0,"[np.float64(891.0), np.float64(1259.0)]","[500, 1000]",0.5,109.0,00:00:00,0.3713502000027802,0.00024756680000185345
Zheng DBSCAN,AdditionalLogs,recurring_drift_00,800,160.0,"[np.float64(891.0), np.float64(1259.0)]","[500, 1000]",0.5,109.0,00:00:00,0.3713502000027802,0.00024756680000185345
Zheng DBSCAN,AdditionalLogs,recurring_drift_00,800,240.0,[np.float64(1259.0)],"[500, 1000]",,,00:00:00,0.3713502000027802,0.00024756680000185345
Zheng DBSCAN,AdditionalLogs,recurring_drift_00,800,320.0,[np.float64(1259.0)],"[500, 1000]",,,00:00:00,0.3713502000027802,0.00024756680000185345
Zheng DBSCAN,AdditionalLogs,recurring_drift_00,800,400.0,[],"[500, 1000]",,,00:00:00,0.3713502000027802,0.00024756680000185345
Zheng DBSCAN,Ceravolo,sudden_trace_noise20_1000_re,500,50.0,[],[499],,,00:00:00,0.18659979998483323,0.00018659979998483323
Zheng DBSCAN,Ceravolo,sudden_trace_noise20_1000_re,500,100.0,[],[499],,,00:00:00,0.18659979998483323,0.00018659979998483323
Zheng DBSCAN,Ceravolo,sudden_trace_noise20_1000_re,500,150.0,[],[499],,,00:00:00,0.18659979998483323,0.00018659979998483323
Zheng DBSCAN,Ceravolo,sudden_trace_noise20_1000_re,500,200.0,[],[499],,,00:00:00,0.18659979998483323,0.00018659979998483323
Zheng DBSCAN,Ceravolo,sudden_trace_noise20_1000_re,500,250.0,[],[499],,,00:00:00,0.18659979998483323,0.00018659979998483323
Zheng DBSCAN,Ceravolo,sudden_trace_noise15_1000_sw,500,50.0,[],[499],,,00:00:00,0.18416279999655671,0.00018416279999655671
Zheng DBSCAN,Ceravolo,sudden_trace_noise15_1000_sw,500,100.0,[],[499],,,00:00:00,0.18416279999655671,0.00018416279999655671
Zheng DBSCAN,Ceravolo,sudden_trace_noise15_1000_sw,500,150.0,[],[499],,,00:00:00,0.18416279999655671,0.00018416279999655671
Zheng DBSCAN,Ceravolo,sudden_trace_noise15_1000_sw,500,200.0,[],[499],,,00:00:00,0.18416279999655671,0.00018416279999655671
Zheng DBSCAN,Ceravolo,sudden_trace_noise15_1000_sw,500,250.0,[],[499],,,00:00:00,0.18416279999655671,0.00018416279999655671
Zheng DBSCAN,AdditionalLogs,gradual_drift_00,700,70.0,"[np.float64(938.6), np.float64(1206.0)]","[500, 1000]",0.5,61.39999999999998,00:00:00,0.40624140002182685,0.00029017242858701917
Zheng DBSCAN,AdditionalLogs,gradual_drift_00,700,140.0,"[np.float64(938.6), np.float64(1206.0)]","[500, 1000]",0.5,61.39999999999998,00:00:00,0.40624140002182685,0.00029017242858701917
Zheng DBSCAN,AdditionalLogs,gradual_drift_00,700,210.0,"[np.float64(938.6), np.float64(1206.0)]","[500, 1000]",0.5,61.39999999999998,00:00:00,0.40624140002182685,0.00029017242858701917
Zheng DBSCAN,AdditionalLogs,gradual_drift_00,700,280.0,[np.float64(798.8)],"[500, 1000]",,,00:00:00,0.40624140002182685,0.00029017242858701917
Zheng DBSCAN,AdditionalLogs,gradual_drift_00,700,350.0,[np.float64(798.8)],"[500, 1000]",,,00:00:00,0.40624140002182685,0.00029017242858701917
Zheng DBSCAN,Ostovar,Nested_ORI_output_ORI_2,800,80.0,[np.float64(1497.9204545454545)],"[999, 1999]",,,00:00:06,6.257940999988932,0.0020866758919602974
Zheng DBSCAN,Ostovar,Nested_ORI_output_ORI_2,800,160.0,[np.float64(1497.9204545454545)],"[999, 1999]",,,00:00:06,6.257940999988932,0.0020866758919602974
Zheng DBSCAN,Ostovar,Nested_ORI_output_ORI_2,800,240.0,[np.float64(1497.9204545454545)],"[999, 1999]",,,00:00:06,6.257940999988932,0.0020866758919602974
Zheng DBSCAN,Ostovar,Nested_ORI_output_ORI_2,800,320.0,[np.float64(1497.9204545454545)],"[999, 1999]",,,00:00:06,6.257940999988932,0.0020866758919602974
Zheng DBSCAN,Ostovar,Nested_ORI_output_ORI_2,800,400.0,[np.float64(1497.9204545454545)],"[999, 1999]",,,00:00:06,6.257940999988932,0.0020866758919602974
Zheng DBSCAN,Ceravolo,sudden_trace_noise10_1000_cp,700,70.0,[],[499],,,00:00:00,0.1845988999994006,0.0001845988999994006
Zheng DBSCAN,Ceravolo,sudden_trace_noise10_1000_cp,700,140.0,[],[499],,,00:00:00,0.1845988999994006,0.0001845988999994006
Zheng DBSCAN,Ceravolo,sudden_trace_noise10_1000_cp,700,210.0,[],[499],,,00:00:00,0.1845988999994006,0.0001845988999994006
Zheng DBSCAN,Ceravolo,sudden_trace_noise10_1000_cp,700,280.0,[],[499],,,00:00:00,0.1845988999994006,0.0001845988999994006
Zheng DBSCAN,Ceravolo,sudden_trace_noise10_1000_cp,700,350.0,[],[499],,,00:00:00,0.1845988999994006,0.0001845988999994006
Zheng DBSCAN,Ostovar,Nested_IOR_output_IOR_5,700,70.0,[np.float64(1509.059872611465)],"[999, 1999]",,,00:00:06,6.448615700006485,0.002150255318441642
Zheng DBSCAN,Ostovar,Nested_IOR_output_IOR_5,700,140.0,[np.float64(1509.059872611465)],"[999, 1999]",,,00:00:06,6.448615700006485,0.002150255318441642
Zheng DBSCAN,Ostovar,Nested_IOR_output_IOR_5,700,210.0,[np.float64(1509.059872611465)],"[999, 1999]",,,00:00:06,6.448615700006485,0.002150255318441642
Zheng DBSCAN,Ostovar,Nested_IOR_output_IOR_5,700,280.0,[np.float64(1509.059872611465)],"[999, 1999]",,,00:00:06,6.448615700006485,0.002150255318441642
Zheng DBSCAN,Ostovar,Nested_IOR_output_IOR_5,700,350.0,[np.float64(1509.059872611465)],"[999, 1999]",,,00:00:06,6.448615700006485,0.002150255318441642
Zheng DBSCAN,AdditionalLogs,gradual_drift_08,400,40.0,"[np.float64(543.7045454545455), np.float64(787.5), np.float64(938.375), np.float64(1143.0), np.float64(1239.0), np.float64(1348.0)]","[500, 1000]",0.5,52.66477272727275,00:00:00,0.6459363000176381,0.0004613830714411701
Zheng DBSCAN,AdditionalLogs,gradual_drift_08,400,80.0,"[np.float64(664.4044943820224), np.float64(1304.4)]","[500, 1000]",0.5,164.40449438202245,00:00:00,0.6459363000176381,0.0004613830714411701
Zheng DBSCAN,AdditionalLogs,gradual_drift_08,400,120.0,[np.float64(698.4468085106383)],"[500, 1000]",0.6666666666666666,198.44680851063833,00:00:00,0.6459363000176381,0.0004613830714411701
Zheng DBSCAN,AdditionalLogs,gradual_drift_08,400,160.0,[np.float64(698.4468085106383)],"[500, 1000]",0.6666666666666666,198.44680851063833,00:00:00,0.6459363000176381,0.0004613830714411701
Zheng DBSCAN,AdditionalLogs,gradual_drift_08,400,200.0,[np.float64(698.4468085106383)],"[500, 1000]",0.6666666666666666,198.44680851063833,00:00:00,0.6459363000176381,0.0004613830714411701
Zheng DBSCAN,Ceravolo,sudden_trace_noise10_1000_cp,800,80.0,[],[499],,,00:00:00,0.20477110001957044,0.00020477110001957045
Zheng DBSCAN,Ceravolo,sudden_trace_noise10_1000_cp,800,160.0,[],[499],,,00:00:00,0.20477110001957044,0.00020477110001957045
Zheng DBSCAN,Ceravolo,sudden_trace_noise10_1000_cp,800,240.0,[],[499],,,00:00:00,0.20477110001957044,0.00020477110001957045
Zheng DBSCAN,Ceravolo,sudden_trace_noise10_1000_cp,800,320.0,[],[499],,,00:00:00,0.20477110001957044,0.00020477110001957045
Zheng DBSCAN,Ceravolo,sudden_trace_noise10_1000_cp,800,400.0,[],[499],,,00:00:00,0.20477110001957044,0.00020477110001957045
Zheng DBSCAN,Ceravolo,sudden_trace_noise10_1000_re,700,70.0,[],[499],,,00:00:00,0.18639700001222081,0.0001863970000122208
Zheng DBSCAN,Ceravolo,sudden_trace_noise10_1000_re,700,140.0,[],[499],,,00:00:00,0.18639700001222081,0.0001863970000122208
Zheng DBSCAN,Ceravolo,sudden_trace_noise10_1000_re,700,210.0,[],[499],,,00:00:00,0.18639700001222081,0.0001863970000122208
Zheng DBSCAN,Ceravolo,sudden_trace_noise10_1000_re,700,280.0,[],[499],,,00:00:00,0.18639700001222081,0.0001863970000122208
Zheng DBSCAN,Ceravolo,sudden_trace_noise10_1000_re,700,350.0,[],[499],,,00:00:00,0.18639700001222081,0.0001863970000122208
Zheng DBSCAN,Ceravolo,sudden_trace_noise0_1000_pm,500,50.0,[],[499],,,00:00:00,0.19700899999588728,0.0001970089999958873
Zheng DBSCAN,Ceravolo,sudden_trace_noise0_1000_pm,500,100.0,[],[499],,,00:00:00,0.19700899999588728,0.0001970089999958873
Zheng DBSCAN,Ceravolo,sudden_trace_noise0_1000_pm,500,150.0,[],[499],,,00:00:00,0.19700899999588728,0.0001970089999958873
Zheng DBSCAN,Ceravolo,sudden_trace_noise0_1000_pm,500,200.0,[],[499],,,00:00:00,0.19700899999588728,0.0001970089999958873
Zheng DBSCAN,Ceravolo,sudden_trace_noise0_1000_pm,500,250.0,[],[499],,,00:00:00,0.19700899999588728,0.0001970089999958873
Zheng DBSCAN,Ceravolo,sudden_trace_noise10_1000_lp,500,50.0,[],[499],,,00:00:00,0.21703609998803586,0.00021703609998803585
Zheng DBSCAN,Ceravolo,sudden_trace_noise10_1000_lp,500,100.0,[],[499],,,00:00:00,0.21703609998803586,0.00021703609998803585
Zheng DBSCAN,Ceravolo,sudden_trace_noise10_1000_lp,500,150.0,[],[499],,,00:00:00,0.21703609998803586,0.00021703609998803585
Zheng DBSCAN,Ceravolo,sudden_trace_noise10_1000_lp,500,200.0,[],[499],,,00:00:00,0.21703609998803586,0.00021703609998803585
Zheng DBSCAN,Ceravolo,sudden_trace_noise10_1000_lp,500,250.0,[],[499],,,00:00:00,0.21703609998803586,0.00021703609998803585
Zheng DBSCAN,Ceravolo,sudden_trace_noise0_1000_lp,700,70.0,[],[499],,,00:00:00,0.21701669998583384,0.00021701669998583383
Zheng DBSCAN,Ceravolo,sudden_trace_noise0_1000_lp,700,140.0,[],[499],,,00:00:00,0.21701669998583384,0.00021701669998583383
Zheng DBSCAN,Ceravolo,sudden_trace_noise0_1000_lp,700,210.0,[],[499],,,00:00:00,0.21701669998583384,0.00021701669998583383
Zheng DBSCAN,Ceravolo,sudden_trace_noise0_1000_lp,700,280.0,[],[499],,,00:00:00,0.21701669998583384,0.00021701669998583383
Zheng DBSCAN,Ceravolo,sudden_trace_noise0_1000_lp,700,350.0,[],[499],,,00:00:00,0.21701669998583384,0.00021701669998583383
Zheng DBSCAN,Ostovar,Nested_ROI_output_ROI,500,50.0,"[np.float64(948.6), np.float64(1068.0), np.float64(1927.3)]","[999, 1999]",0.8,61.05000000000001,00:00:04,4.442873299994972,0.0014814515838596103
Zheng DBSCAN,Ostovar,Nested_ROI_output_ROI,500,100.0,"[np.float64(959.4545454545455), np.float64(1927.3)]","[999, 1999]",1.0,55.622727272727275,00:00:04,4.442873299994972,0.0014814515838596103
Zheng DBSCAN,Ostovar,Nested_ROI_output_ROI,500,150.0,"[np.float64(959.4545454545455), np.float64(1927.3)]","[999, 1999]",1.0,55.622727272727275,00:00:04,4.442873299994972,0.0014814515838596103
Zheng DBSCAN,Ostovar,Nested_ROI_output_ROI,500,200.0,"[np.float64(959.4545454545455), np.float64(1927.3)]","[999, 1999]",1.0,55.622727272727275,00:00:04,4.442873299994972,0.0014814515838596103
Zheng DBSCAN,Ostovar,Nested_ROI_output_ROI,500,250.0,"[np.float64(959.4545454545455), np.float64(1927.3)]","[999, 1999]",1.0,55.622727272727275,00:00:04,4.442873299994972,0.0014814515838596103
Zheng DBSCAN,Ostovar,Atomic_ConditionalToSequence_output_ConditionalToSequence,700,70.0,"[np.float64(939.6428571428571), np.float64(1944.357142857143)]","[999, 1999]",1.0,57.0,00:00:04,4.156169699999737,0.0013858518506167845
Zheng DBSCAN,Ostovar,Atomic_ConditionalToSequence_output_ConditionalToSequence,700,140.0,"[np.float64(939.6428571428571), np.float64(1944.357142857143)]","[999, 1999]",1.0,57.0,00:00:04,4.156169699999737,0.0013858518506167845
Zheng DBSCAN,Ostovar,Atomic_ConditionalToSequence_output_ConditionalToSequence,700,210.0,"[np.float64(939.6428571428571), np.float64(1944.357142857143)]","[999, 1999]",1.0,57.0,00:00:04,4.156169699999737,0.0013858518506167845
Zheng DBSCAN,Ostovar,Atomic_ConditionalToSequence_output_ConditionalToSequence,700,280.0,"[np.float64(939.6428571428571), np.float64(1944.357142857143)]","[999, 1999]",1.0,57.0,00:00:04,4.156169699999737,0.0013858518506167845
Zheng DBSCAN,Ostovar,Atomic_ConditionalToSequence_output_ConditionalToSequence,700,350.0,"[np.float64(939.6428571428571), np.float64(1944.357142857143)]","[999, 1999]",1.0,57.0,00:00:04,4.156169699999737,0.0013858518506167845
Zheng DBSCAN,Ceravolo,sudden_trace_noise5_1000_lp,400,40.0,[np.float64(448.0)],[499],1.0,51.0,00:00:00,0.17080379999242723,0.00017080379999242723
Zheng DBSCAN,Ceravolo,sudden_trace_noise5_1000_lp,400,80.0,[np.float64(448.0)],[499],1.0,51.0,00:00:00,0.17080379999242723,0.00017080379999242723
Zheng DBSCAN,Ceravolo,sudden_trace_noise5_1000_lp,400,120.0,[np.float64(448.0)],[499],1.0,51.0,00:00:00,0.17080379999242723,0.00017080379999242723
Zheng DBSCAN,Ceravolo,sudden_trace_noise5_1000_lp,400,160.0,[np.float64(448.0)],[499],1.0,51.0,00:00:00,0.17080379999242723,0.00017080379999242723
Zheng DBSCAN,Ceravolo,sudden_trace_noise5_1000_lp,400,200.0,[np.float64(448.0)],[499],1.0,51.0,00:00:00,0.17080379999242723,0.00017080379999242723
Zheng DBSCAN,Ostovar,Nested_IOR_output_IOR,500,50.0,"[np.float64(880.0588235294117), np.float64(1699.0), np.float64(1783.0), np.float64(1903.6)]","[999, 1999]",0.6666666666666666,107.17058823529419,00:00:04,4.840325600001961,0.0016139798599539717
Zheng DBSCAN,Ostovar,Nested_IOR_output_IOR,500,100.0,"[np.float64(880.0588235294117), np.float64(1884.4705882352941)]","[999, 1999]",1.0,116.73529411764707,00:00:04,4.840325600001961,0.0016139798599539717
Zheng DBSCAN,Ostovar,Nested_IOR_output_IOR,500,150.0,"[np.float64(880.0588235294117), np.float64(1884.4705882352941)]","[999, 1999]",1.0,116.73529411764707,00:00:04,4.840325600001961,0.0016139798599539717
Zheng DBSCAN,Ostovar,Nested_IOR_output_IOR,500,200.0,"[np.float64(880.0588235294117), np.float64(1884.4705882352941)]","[999, 1999]",1.0,116.73529411764707,00:00:04,4.840325600001961,0.0016139798599539717
Zheng DBSCAN,Ostovar,Nested_IOR_output_IOR,500,250.0,"[np.float64(880.0588235294117), np.float64(1884.4705882352941)]","[999, 1999]",1.0,116.73529411764707,00:00:04,4.840325600001961,0.0016139798599539717
Zheng DBSCAN,Bose,bose_log,700,70.0,"[np.float64(1220.888888888889), np.float64(1406.25), np.float64(1781.0), np.float64(1882.0), np.float64(2071.75), np.float64(2231.0), np.float64(2979.0), np.float64(3112.6), np.float64(3644.0), np.float64(3995.6), np.float64(4129.0), np.float64(4245.5), np.float64(4808.5), np.float64(5036.0), np.float64(5266.142857142857), np.float64(5461.0), np.float64(5634.0)]","[1199, 2399, 3599, 4799]",0.38095238095238093,61.09722222222223,00:00:01,1.100891700014472,0.000183481950002412
Zheng DBSCAN,Bose,bose_log,700,140.0,"[np.float64(1277.923076923077), np.float64(1971.4444444444443), np.float64(3090.3333333333335), np.float64(3644.0), np.float64(4089.5454545454545), np.float64(4808.5), np.float64(5036.0), np.float64(5290.5), np.float64(5634.0)]","[1199, 2399, 3599, 4799]",0.46153846153846156,44.47435897435897,00:00:01,1.100891700014472,0.000183481950002412
Zheng DBSCAN,Bose,bose_log,700,210.0,"[np.float64(1277.923076923077), np.float64(1971.4444444444443), np.float64(3090.3333333333335), np.float64(3901.9473684210525), np.float64(5159.142857142857)]","[1199, 2399, 3599, 4799]",0.22222222222222224,78.9230769230769,00:00:01,1.100891700014472,0.000183481950002412
Zheng DBSCAN,Bose,bose_log,700,280.0,"[np.float64(1277.923076923077), np.float64(1971.4444444444443), np.float64(3090.3333333333335), np.float64(3901.9473684210525), np.float64(5159.142857142857)]","[1199, 2399, 3599, 4799]",0.22222222222222224,78.9230769230769,00:00:01,1.100891700014472,0.000183481950002412
Zheng DBSCAN,Bose,bose_log,700,350.0,"[np.float64(1561.6363636363637), np.float64(3090.3333333333335), np.float64(3901.9473684210525), np.float64(5159.142857142857)]","[1199, 2399, 3599, 4799]",,,00:00:01,1.100891700014472,0.000183481950002412
Zheng DBSCAN,Ostovar,Atomic_SerialMove_output_SerialMove_2,600,60.0,[np.float64(1505.1314935064936)],"[999, 1999]",,,00:00:05,5.612400900019566,0.001871424108042536
Zheng DBSCAN,Ostovar,Atomic_SerialMove_output_SerialMove_2,600,120.0,[np.float64(1505.1314935064936)],"[999, 1999]",,,00:00:05,5.612400900019566,0.001871424108042536
Zheng DBSCAN,Ostovar,Atomic_SerialMove_output_SerialMove_2,600,180.0,[np.float64(1505.1314935064936)],"[999, 1999]",,,00:00:05,5.612400900019566,0.001871424108042536
Zheng DBSCAN,Ostovar,Atomic_SerialMove_output_SerialMove_2,600,240.0,[np.float64(1505.1314935064936)],"[999, 1999]",,,00:00:05,5.612400900019566,0.001871424108042536
Zheng DBSCAN,Ostovar,Atomic_SerialMove_output_SerialMove_2,600,300.0,[np.float64(1505.1314935064936)],"[999, 1999]",,,00:00:05,5.612400900019566,0.001871424108042536
Zheng DBSCAN,Ceravolo,sudden_trace_noise0_1000_cp,500,50.0,[],[499],,,00:00:00,0.18394970000372268,0.0001839497000037227
Zheng DBSCAN,Ceravolo,sudden_trace_noise0_1000_cp,500,100.0,[],[499],,,00:00:00,0.18394970000372268,0.0001839497000037227
Zheng DBSCAN,Ceravolo,sudden_trace_noise0_1000_cp,500,150.0,[],[499],,,00:00:00,0.18394970000372268,0.0001839497000037227
Zheng DBSCAN,Ceravolo,sudden_trace_noise0_1000_cp,500,200.0,[],[499],,,00:00:00,0.18394970000372268,0.0001839497000037227
Zheng DBSCAN,Ceravolo,sudden_trace_noise0_1000_cp,500,250.0,[],[499],,,00:00:00,0.18394970000372268,0.0001839497000037227
Zheng DBSCAN,Ostovar,Atomic_Skip_output_Skip_5,800,80.0,[np.float64(1486.3862229102167)],"[999, 1999]",,,00:00:04,4.857624299998861,0.0016197480160049552
Zheng DBSCAN,Ostovar,Atomic_Skip_output_Skip_5,800,160.0,[np.float64(1486.3862229102167)],"[999, 1999]",,,00:00:04,4.857624299998861,0.0016197480160049552
Zheng DBSCAN,Ostovar,Atomic_Skip_output_Skip_5,800,240.0,[np.float64(1486.3862229102167)],"[999, 1999]",,,00:00:04,4.857624299998861,0.0016197480160049552
Zheng DBSCAN,Ostovar,Atomic_Skip_output_Skip_5,800,320.0,[np.float64(1486.3862229102167)],"[999, 1999]",,,00:00:04,4.857624299998861,0.0016197480160049552
Zheng DBSCAN,Ostovar,Atomic_Skip_output_Skip_5,800,400.0,[np.float64(1486.3862229102167)],"[999, 1999]",,,00:00:04,4.857624299998861,0.0016197480160049552
Zheng DBSCAN,Ceravolo,sudden_trace_noise20_1000_lp,700,70.0,[],[499],,,00:00:00,0.18144310000934638,0.0001814431000093464
Zheng DBSCAN,Ceravolo,sudden_trace_noise20_1000_lp,700,140.0,[],[499],,,00:00:00,0.18144310000934638,0.0001814431000093464
Zheng DBSCAN,Ceravolo,sudden_trace_noise20_1000_lp,700,210.0,[],[499],,,00:00:00,0.18144310000934638,0.0001814431000093464
Zheng DBSCAN,Ceravolo,sudden_trace_noise20_1000_lp,700,280.0,[],[499],,,00:00:00,0.18144310000934638,0.0001814431000093464
Zheng DBSCAN,Ceravolo,sudden_trace_noise20_1000_lp,700,350.0,[],[499],,,00:00:00,0.18144310000934638,0.0001814431000093464
Zheng DBSCAN,Ostovar,Composite_OIR_output_OIR_5,400,40.0,[np.float64(1497.3805742211362)],"[999, 1999]",,,00:00:05,5.549585000000661,0.0018504784928311641
Zheng DBSCAN,Ostovar,Composite_OIR_output_OIR_5,400,80.0,[np.float64(1497.3805742211362)],"[999, 1999]",,,00:00:05,5.549585000000661,0.0018504784928311641
Zheng DBSCAN,Ostovar,Composite_OIR_output_OIR_5,400,120.0,[np.float64(1497.3805742211362)],"[999, 1999]",,,00:00:05,5.549585000000661,0.0018504784928311641
Zheng DBSCAN,Ostovar,Composite_OIR_output_OIR_5,400,160.0,[np.float64(1497.3805742211362)],"[999, 1999]",,,00:00:05,5.549585000000661,0.0018504784928311641
Zheng DBSCAN,Ostovar,Composite_OIR_output_OIR_5,400,200.0,[np.float64(1497.3805742211362)],"[999, 1999]",,,00:00:05,5.549585000000661,0.0018504784928311641
Zheng DBSCAN,AdditionalLogs,sudden_drift_01,300,30.0,"[np.float64(359.5), np.float64(490.1875), np.float64(554.0), np.float64(618.2), np.float64(749.5), np.float64(802.5), np.float64(914.5), np.float64(996.375), np.float64(1059.0), np.float64(1125.5), np.float64(1174.0), np.float64(1259.5), np.float64(1345.5)]","[500, 1000]",0.2666666666666667,6.71875,00:00:00,0.5048026999866124,0.00033653513332440827
Zheng DBSCAN,AdditionalLogs,sudden_drift_01,300,60.0,"[np.float64(347.4), np.float64(523.5652173913044), np.float64(776.0), np.float64(1007.0625), np.float64(1259.5), np.float64(1345.5)]","[500, 1000]",0.5,15.313858695652186,00:00:00,0.5048026999866124,0.00033653513332440827
Zheng DBSCAN,AdditionalLogs,sudden_drift_01,300,90.0,"[np.float64(473.23333333333335), np.float64(1017.7916666666666)]","[500, 1000]",1.0,22.27916666666664,00:00:00,0.5048026999866124,0.00033653513332440827
Zheng DBSCAN,AdditionalLogs,sudden_drift_01,300,120.0,[np.float64(715.2592592592592)],"[500, 1000]",,,00:00:00,0.5048026999866124,0.00033653513332440827
Zheng DBSCAN,AdditionalLogs,sudden_drift_01,300,150.0,[np.float64(703.0)],"[500, 1000]",,,00:00:00,0.5048026999866124,0.00033653513332440827
Zheng DBSCAN,Ceravolo,sudden_trace_noise5_1000_cb,700,70.0,[],[499],,,00:00:00,0.18960079998942092,0.00018960079998942093
Zheng DBSCAN,Ceravolo,sudden_trace_noise5_1000_cb,700,140.0,[],[499],,,00:00:00,0.18960079998942092,0.00018960079998942093
Zheng DBSCAN,Ceravolo,sudden_trace_noise5_1000_cb,700,210.0,[],[499],,,00:00:00,0.18960079998942092,0.00018960079998942093
Zheng DBSCAN,Ceravolo,sudden_trace_noise5_1000_cb,700,280.0,[],[499],,,00:00:00,0.18960079998942092,0.00018960079998942093
Zheng DBSCAN,Ceravolo,sudden_trace_noise5_1000_cb,700,350.0,[],[499],,,00:00:00,0.18960079998942092,0.00018960079998942093
Zheng DBSCAN,AdditionalLogs,gradual_drift_07,400,40.0,"[np.float64(442.25), np.float64(542.5), np.float64(713.0), np.float64(768.0), np.float64(940.2666666666667)]","[500, 1000]",0.5714285714285715,51.116666666666674,00:00:00,0.29507019999437034,0.0002107644285674074
Zheng DBSCAN,AdditionalLogs,gradual_drift_07,400,80.0,"[np.float64(462.3), np.float64(740.5), np.float64(940.2666666666667)]","[500, 1000]",0.8,48.71666666666667,00:00:00,0.29507019999437034,0.0002107644285674074
Zheng DBSCAN,AdditionalLogs,gradual_drift_07,400,120.0,"[np.float64(462.3), np.float64(916.7647058823529)]","[500, 1000]",1.0,60.46764705882353,00:00:00,0.29507019999437034,0.0002107644285674074
Zheng DBSCAN,AdditionalLogs,gradual_drift_07,400,160.0,"[np.float64(462.3), np.float64(916.7647058823529)]","[500, 1000]",1.0,60.46764705882353,00:00:00,0.29507019999437034,0.0002107644285674074
Zheng DBSCAN,AdditionalLogs,gradual_drift_07,400,200.0,[np.float64(748.4444444444445)],"[500, 1000]",,,00:00:00,0.29507019999437034,0.0002107644285674074
Zheng DBSCAN,Ostovar,Nested_OIR_output_OIR_5,500,50.0,[np.float64(1489.758515815085)],"[999, 1999]",,,00:00:06,6.733106500003487,0.0022451172057364075
Zheng DBSCAN,Ostovar,Nested_OIR_output_OIR_5,500,100.0,[np.float64(1489.758515815085)],"[999, 1999]",,,00:00:06,6.733106500003487,0.0022451172057364075
Zheng DBSCAN,Ostovar,Nested_OIR_output_OIR_5,500,150.0,[np.float64(1489.758515815085)],"[999, 1999]",,,00:00:06,6.733106500003487,0.0022451172057364075
Zheng DBSCAN,Ostovar,Nested_OIR_output_OIR_5,500,200.0,[np.float64(1489.758515815085)],"[999, 1999]",,,00:00:06,6.733106500003487,0.0022451172057364075
Zheng DBSCAN,Ostovar,Nested_OIR_output_OIR_5,500,250.0,[np.float64(1489.758515815085)],"[999, 1999]",,,00:00:06,6.733106500003487,0.0022451172057364075
Zheng DBSCAN,Ostovar,Atomic_Skip_output_Skip_2,800,80.0,[np.float64(1481.0320962888666)],"[999, 1999]",,,00:00:05,5.404883400013205,0.0018022285428520189
Zheng DBSCAN,Ostovar,Atomic_Skip_output_Skip_2,800,160.0,[np.float64(1481.0320962888666)],"[999, 1999]",,,00:00:05,5.404883400013205,0.0018022285428520189
Zheng DBSCAN,Ostovar,Atomic_Skip_output_Skip_2,800,240.0,[np.float64(1481.0320962888666)],"[999, 1999]",,,00:00:05,5.404883400013205,0.0018022285428520189
Zheng DBSCAN,Ostovar,Atomic_Skip_output_Skip_2,800,320.0,[np.float64(1481.0320962888666)],"[999, 1999]",,,00:00:05,5.404883400013205,0.0018022285428520189
Zheng DBSCAN,Ostovar,Atomic_Skip_output_Skip_2,800,400.0,[np.float64(1481.0320962888666)],"[999, 1999]",,,00:00:05,5.404883400013205,0.0018022285428520189
Zheng DBSCAN,Ceravolo,sudden_trace_noise5_1000_ROI,400,40.0,[np.float64(448.5)],[499],1.0,50.5,00:00:00,0.2512129999813624,0.00025121299998136237
Zheng DBSCAN,Ceravolo,sudden_trace_noise5_1000_ROI,400,80.0,[np.float64(448.5)],[499],1.0,50.5,00:00:00,0.2512129999813624,0.00025121299998136237
Zheng DBSCAN,Ceravolo,sudden_trace_noise5_1000_ROI,400,120.0,[np.float64(448.5)],[499],1.0,50.5,00:00:00,0.2512129999813624,0.00025121299998136237
Zheng DBSCAN,Ceravolo,sudden_trace_noise5_1000_ROI,400,160.0,[np.float64(448.5)],[499],1.0,50.5,00:00:00,0.2512129999813624,0.00025121299998136237
Zheng DBSCAN,Ceravolo,sudden_trace_noise5_1000_ROI,400,200.0,[np.float64(448.5)],[499],1.0,50.5,00:00:00,0.2512129999813624,0.00025121299998136237
Zheng DBSCAN,Ostovar,Atomic_ConditionalToSequence_output_ConditionalToSequence,400,40.0,"[np.float64(939.6428571428571), np.float64(1944.357142857143)]","[999, 1999]",1.0,57.0,00:00:04,4.6899542000028305,0.0015638393464497602
Zheng DBSCAN,Ostovar,Atomic_ConditionalToSequence_output_ConditionalToSequence,400,80.0,"[np.float64(939.6428571428571), np.float64(1944.357142857143)]","[999, 1999]",1.0,57.0,00:00:04,4.6899542000028305,0.0015638393464497602
Zheng DBSCAN,Ostovar,Atomic_ConditionalToSequence_output_ConditionalToSequence,400,120.0,"[np.float64(939.6428571428571), np.float64(1944.357142857143)]","[999, 1999]",1.0,57.0,00:00:04,4.6899542000028305,0.0015638393464497602
Zheng DBSCAN,Ostovar,Atomic_ConditionalToSequence_output_ConditionalToSequence,400,160.0,"[np.float64(939.6428571428571), np.float64(1944.357142857143)]","[999, 1999]",1.0,57.0,00:00:04,4.6899542000028305,0.0015638393464497602
Zheng DBSCAN,Ostovar,Atomic_ConditionalToSequence_output_ConditionalToSequence,400,200.0,"[np.float64(939.6428571428571), np.float64(1944.357142857143)]","[999, 1999]",1.0,57.0,00:00:04,4.6899542000028305,0.0015638393464497602
Zheng DBSCAN,Ostovar,Atomic_Swap_output_Swap_5,700,70.0,[np.float64(1500.042284866469)],"[999, 1999]",,,00:00:05,5.345679499994731,0.001782487329107946
Zheng DBSCAN,Ostovar,Atomic_Swap_output_Swap_5,700,140.0,[np.float64(1500.042284866469)],"[999, 1999]",,,00:00:05,5.345679499994731,0.001782487329107946
Zheng DBSCAN,Ostovar,Atomic_Swap_output_Swap_5,700,210.0,[np.float64(1500.042284866469)],"[999, 1999]",,,00:00:05,5.345679499994731,0.001782487329107946
Zheng DBSCAN,Ostovar,Atomic_Swap_output_Swap_5,700,280.0,[np.float64(1500.042284866469)],"[999, 1999]",,,00:00:05,5.345679499994731,0.001782487329107946
Zheng DBSCAN,Ostovar,Atomic_Swap_output_Swap_5,700,350.0,[np.float64(1500.042284866469)],"[999, 1999]",,,00:00:05,5.345679499994731,0.001782487329107946
Zheng DBSCAN,Ostovar,Atomic_Frequency_output_Frequency,700,70.0,[],"[999, 1999]",,,00:00:02,2.2949678000004496,0.0007652443481161886
Zheng DBSCAN,Ostovar,Atomic_Frequency_output_Frequency,700,140.0,[],"[999, 1999]",,,00:00:02,2.2949678000004496,0.0007652443481161886
Zheng DBSCAN,Ostovar,Atomic_Frequency_output_Frequency,700,210.0,[],"[999, 1999]",,,00:00:02,2.2949678000004496,0.0007652443481161886
Zheng DBSCAN,Ostovar,Atomic_Frequency_output_Frequency,700,280.0,[],"[999, 1999]",,,00:00:02,2.2949678000004496,0.0007652443481161886
Zheng DBSCAN,Ostovar,Atomic_Frequency_output_Frequency,700,350.0,[],"[999, 1999]",,,00:00:02,2.2949678000004496,0.0007652443481161886
Zheng DBSCAN,Ostovar,Atomic_ParallelToSequence_output_ParallelToSequence_5,400,40.0,[np.float64(1482.4016686531586)],"[999, 1999]",,,00:00:05,5.804094499995699,0.0019353432810922638
Zheng DBSCAN,Ostovar,Atomic_ParallelToSequence_output_ParallelToSequence_5,400,80.0,[np.float64(1482.4016686531586)],"[999, 1999]",,,00:00:05,5.804094499995699,0.0019353432810922638
Zheng DBSCAN,Ostovar,Atomic_ParallelToSequence_output_ParallelToSequence_5,400,120.0,[np.float64(1482.4016686531586)],"[999, 1999]",,,00:00:05,5.804094499995699,0.0019353432810922638
Zheng DBSCAN,Ostovar,Atomic_ParallelToSequence_output_ParallelToSequence_5,400,160.0,[np.float64(1482.4016686531586)],"[999, 1999]",,,00:00:05,5.804094499995699,0.0019353432810922638
Zheng DBSCAN,Ostovar,Atomic_ParallelToSequence_output_ParallelToSequence_5,400,200.0,[np.float64(1482.4016686531586)],"[999, 1999]",,,00:00:05,5.804094499995699,0.0019353432810922638
Zheng DBSCAN,Ostovar,Nested_ROI_output_ROI_2,400,40.0,[np.float64(1513.7122641509434)],"[999, 1999]",,,00:00:05,5.756954700016649,0.0019196247749305266
Zheng DBSCAN,Ostovar,Nested_ROI_output_ROI_2,400,80.0,[np.float64(1513.7122641509434)],"[999, 1999]",,,00:00:05,5.756954700016649,0.0019196247749305266
Zheng DBSCAN,Ostovar,Nested_ROI_output_ROI_2,400,120.0,[np.float64(1513.7122641509434)],"[999, 1999]",,,00:00:05,5.756954700016649,0.0019196247749305266
Zheng DBSCAN,Ostovar,Nested_ROI_output_ROI_2,400,160.0,[np.float64(1513.7122641509434)],"[999, 1999]",,,00:00:05,5.756954700016649,0.0019196247749305266
Zheng DBSCAN,Ostovar,Nested_ROI_output_ROI_2,400,200.0,[np.float64(1513.7122641509434)],"[999, 1999]",,,00:00:05,5.756954700016649,0.0019196247749305266
Zheng DBSCAN,Ostovar,Composite_IOR_output_IOR,700,70.0,"[np.float64(938.7692307692307), np.float64(1939.3846153846155)]","[999, 1999]",1.0,59.923076923076906,00:00:03,3.949235200008843,0.0013168506835641357
Zheng DBSCAN,Ostovar,Composite_IOR_output_IOR,700,140.0,"[np.float64(938.7692307692307), np.float64(1939.3846153846155)]","[999, 1999]",1.0,59.923076923076906,00:00:03,3.949235200008843,0.0013168506835641357
Zheng DBSCAN,Ostovar,Composite_IOR_output_IOR,700,210.0,"[np.float64(938.7692307692307), np.float64(1939.3846153846155)]","[999, 1999]",1.0,59.923076923076906,00:00:03,3.949235200008843,0.0013168506835641357
Zheng DBSCAN,Ostovar,Composite_IOR_output_IOR,700,280.0,"[np.float64(938.7692307692307), np.float64(1939.3846153846155)]","[999, 1999]",1.0,59.923076923076906,00:00:03,3.949235200008843,0.0013168506835641357
Zheng DBSCAN,Ostovar,Composite_IOR_output_IOR,700,350.0,"[np.float64(938.7692307692307), np.float64(1939.3846153846155)]","[999, 1999]",1.0,59.923076923076906,00:00:03,3.949235200008843,0.0013168506835641357
Zheng DBSCAN,AdditionalLogs,recurring_drift_00,700,70.0,"[np.float64(891.0), np.float64(1062.0), np.float64(1259.0)]","[500, 1000]",0.4,62.0,00:00:00,0.3595659000275191,0.00023971060001834606
Zheng DBSCAN,AdditionalLogs,recurring_drift_00,700,140.0,"[np.float64(726.5714285714286), np.float64(1062.0), np.float64(1259.0)]","[500, 1000]",0.4,62.0,00:00:00,0.3595659000275191,0.00023971060001834606
Zheng DBSCAN,AdditionalLogs,recurring_drift_00,700,210.0,[np.float64(780.8125)],"[500, 1000]",,,00:00:00,0.3595659000275191,0.00023971060001834606
Zheng DBSCAN,AdditionalLogs,recurring_drift_00,700,280.0,[np.float64(754.6470588235294)],"[500, 1000]",,,00:00:00,0.3595659000275191,0.00023971060001834606
Zheng DBSCAN,AdditionalLogs,recurring_drift_00,700,350.0,[np.float64(754.6470588235294)],"[500, 1000]",,,00:00:00,0.3595659000275191,0.00023971060001834606
Zheng DBSCAN,Ostovar,Composite_IRO_output_IRO,400,40.0,"[np.float64(948.0666666666667), np.float64(1943.5714285714287)]","[999, 1999]",1.0,53.180952380952306,00:00:05,5.489173700014362,0.0018303346782308643
Zheng DBSCAN,Ostovar,Composite_IRO_output_IRO,400,80.0,"[np.float64(948.0666666666667), np.float64(1943.5714285714287)]","[999, 1999]",1.0,53.180952380952306,00:00:05,5.489173700014362,0.0018303346782308643
Zheng DBSCAN,Ostovar,Composite_IRO_output_IRO,400,120.0,"[np.float64(948.0666666666667), np.float64(1943.5714285714287)]","[999, 1999]",1.0,53.180952380952306,00:00:05,5.489173700014362,0.0018303346782308643
Zheng DBSCAN,Ostovar,Composite_IRO_output_IRO,400,160.0,"[np.float64(948.0666666666667), np.float64(1943.5714285714287)]","[999, 1999]",1.0,53.180952380952306,00:00:05,5.489173700014362,0.0018303346782308643
Zheng DBSCAN,Ostovar,Composite_IRO_output_IRO,400,200.0,"[np.float64(948.0666666666667), np.float64(1943.5714285714287)]","[999, 1999]",1.0,53.180952380952306,00:00:05,5.489173700014362,0.0018303346782308643
Zheng DBSCAN,Ceravolo,sudden_trace_noise15_1000_ROI,700,70.0,[],[499],,,00:00:00,0.1908691999851726,0.0001908691999851726
Zheng DBSCAN,Ceravolo,sudden_trace_noise15_1000_ROI,700,140.0,[],[499],,,00:00:00,0.1908691999851726,0.0001908691999851726
Zheng DBSCAN,Ceravolo,sudden_trace_noise15_1000_ROI,700,210.0,[],[499],,,00:00:00,0.1908691999851726,0.0001908691999851726
Zheng DBSCAN,Ceravolo,sudden_trace_noise15_1000_ROI,700,280.0,[],[499],,,00:00:00,0.1908691999851726,0.0001908691999851726
Zheng DBSCAN,Ceravolo,sudden_trace_noise15_1000_ROI,700,350.0,[],[499],,,00:00:00,0.1908691999851726,0.0001908691999851726
Zheng DBSCAN,Ceravolo,sudden_trace_noise10_1000_rp,800,80.0,[],[499],,,00:00:00,0.19816480000736192,0.00019816480000736192
Zheng DBSCAN,Ceravolo,sudden_trace_noise10_1000_rp,800,160.0,[],[499],,,00:00:00,0.19816480000736192,0.00019816480000736192
Zheng DBSCAN,Ceravolo,sudden_trace_noise10_1000_rp,800,240.0,[],[499],,,00:00:00,0.19816480000736192,0.00019816480000736192
Zheng DBSCAN,Ceravolo,sudden_trace_noise10_1000_rp,800,320.0,[],[499],,,00:00:00,0.19816480000736192,0.00019816480000736192
Zheng DBSCAN,Ceravolo,sudden_trace_noise10_1000_rp,800,400.0,[],[499],,,00:00:00,0.19816480000736192,0.00019816480000736192
Zheng DBSCAN,Ostovar,Composite_IOR_output_IOR_5,800,80.0,[np.float64(1503.5991525423728)],"[999, 1999]",,,00:00:04,4.914002300007269,0.001638546948985418
Zheng DBSCAN,Ostovar,Composite_IOR_output_IOR_5,800,160.0,[np.float64(1503.5991525423728)],"[999, 1999]",,,00:00:04,4.914002300007269,0.001638546948985418
Zheng DBSCAN,Ostovar,Composite_IOR_output_IOR_5,800,240.0,[np.float64(1503.5991525423728)],"[999, 1999]",,,00:00:04,4.914002300007269,0.001638546948985418
Zheng DBSCAN,Ostovar,Composite_IOR_output_IOR_5,800,320.0,[np.float64(1503.5991525423728)],"[999, 1999]",,,00:00:04,4.914002300007269,0.001638546948985418
Zheng DBSCAN,Ostovar,Composite_IOR_output_IOR_5,800,400.0,[np.float64(1503.5991525423728)],"[999, 1999]",,,00:00:04,4.914002300007269,0.001638546948985418
Zheng DBSCAN,Ceravolo,sudden_trace_noise10_1000_IOR,800,80.0,[],[499],,,00:00:00,0.21324330000788905,0.00021324330000788906
Zheng DBSCAN,Ceravolo,sudden_trace_noise10_1000_IOR,800,160.0,[],[499],,,00:00:00,0.21324330000788905,0.00021324330000788906
Zheng DBSCAN,Ceravolo,sudden_trace_noise10_1000_IOR,800,240.0,[],[499],,,00:00:00,0.21324330000788905,0.00021324330000788906
Zheng DBSCAN,Ceravolo,sudden_trace_noise10_1000_IOR,800,320.0,[],[499],,,00:00:00,0.21324330000788905,0.00021324330000788906
Zheng DBSCAN,Ceravolo,sudden_trace_noise10_1000_IOR,800,400.0,[],[499],,,00:00:00,0.21324330000788905,0.00021324330000788906
Zheng DBSCAN,Ostovar,Nested_RIO_output_RIO_5,400,40.0,[np.float64(1491.8882289416847)],"[999, 1999]",,,00:00:07,7.369634400005452,0.0024573639213089204
Zheng DBSCAN,Ostovar,Nested_RIO_output_RIO_5,400,80.0,[np.float64(1491.8882289416847)],"[999, 1999]",,,00:00:07,7.369634400005452,0.0024573639213089204
Zheng DBSCAN,Ostovar,Nested_RIO_output_RIO_5,400,120.0,[np.float64(1491.8882289416847)],"[999, 1999]",,,00:00:07,7.369634400005452,0.0024573639213089204
Zheng DBSCAN,Ostovar,Nested_RIO_output_RIO_5,400,160.0,[np.float64(1491.8882289416847)],"[999, 1999]",,,00:00:07,7.369634400005452,0.0024573639213089204
Zheng DBSCAN,Ostovar,Nested_RIO_output_RIO_5,400,200.0,[np.float64(1491.8882289416847)],"[999, 1999]",,,00:00:07,7.369634400005452,0.0024573639213089204
Zheng DBSCAN,Ostovar,Atomic_ConditionalMove_output_ConditionalMove_5,400,40.0,[np.float64(1486.294185377087)],"[999, 1999]",,,00:00:06,6.504844900016906,0.0021690046348839297
Zheng DBSCAN,Ostovar,Atomic_ConditionalMove_output_ConditionalMove_5,400,80.0,[np.float64(1486.294185377087)],"[999, 1999]",,,00:00:06,6.504844900016906,0.0021690046348839297
Zheng DBSCAN,Ostovar,Atomic_ConditionalMove_output_ConditionalMove_5,400,120.0,[np.float64(1486.294185377087)],"[999, 1999]",,,00:00:06,6.504844900016906,0.0021690046348839297
Zheng DBSCAN,Ostovar,Atomic_ConditionalMove_output_ConditionalMove_5,400,160.0,[np.float64(1486.294185377087)],"[999, 1999]",,,00:00:06,6.504844900016906,0.0021690046348839297
Zheng DBSCAN,Ostovar,Atomic_ConditionalMove_output_ConditionalMove_5,400,200.0,[np.float64(1486.294185377087)],"[999, 1999]",,,00:00:06,6.504844900016906,0.0021690046348839297
Zheng DBSCAN,AdditionalLogs,recurring_drift_03,400,40.0,"[np.float64(453.0), np.float64(513.0), np.float64(669.25), np.float64(787.0), np.float64(831.0), np.float64(911.0), np.float64(978.6), np.float64(1143.0), np.float64(1228.0), np.float64(1284.0), np.float64(1348.0), np.float64(1406.0)]","[500, 1000]",0.2857142857142857,17.19999999999999,00:00:00,0.40784420000272803,0.00027189613333515204
Zheng DBSCAN,AdditionalLogs,recurring_drift_03,400,80.0,"[np.float64(409.77777777777777), np.float64(669.25), np.float64(927.75), np.float64(1254.2857142857142)]","[500, 1000]",0.6666666666666666,81.23611111111111,00:00:00,0.40784420000272803,0.00027189613333515204
Zheng DBSCAN,AdditionalLogs,recurring_drift_03,400,120.0,"[np.float64(658.56), np.float64(1254.2857142857142)]","[500, 1000]",0.5,158.55999999999995,00:00:00,0.40784420000272803,0.00027189613333515204
Zheng DBSCAN,AdditionalLogs,recurring_drift_03,400,160.0,[np.float64(788.875)],"[500, 1000]",,,00:00:00,0.40784420000272803,0.00027189613333515204
Zheng DBSCAN,AdditionalLogs,recurring_drift_03,400,200.0,[np.float64(765.8181818181819)],"[500, 1000]",,,00:00:00,0.40784420000272803,0.00027189613333515204
Zheng DBSCAN,Ostovar,Nested_IOR_output_IOR_5,400,40.0,[np.float64(1515.1982537236775)],"[999, 1999]",,,00:00:06,6.823845600010827,0.002275373657889572
Zheng DBSCAN,Ostovar,Nested_IOR_output_IOR_5,400,80.0,[np.float64(1515.1982537236775)],"[999, 1999]",,,00:00:06,6.823845600010827,0.002275373657889572
Zheng DBSCAN,Ostovar,Nested_IOR_output_IOR_5,400,120.0,[np.float64(1515.1982537236775)],"[999, 1999]",,,00:00:06,6.823845600010827,0.002275373657889572
Zheng DBSCAN,Ostovar,Nested_IOR_output_IOR_5,400,160.0,[np.float64(1515.1982537236775)],"[999, 1999]",,,00:00:06,6.823845600010827,0.002275373657889572
Zheng DBSCAN,Ostovar,Nested_IOR_output_IOR_5,400,200.0,[np.float64(1515.1982537236775)],"[999, 1999]",,,00:00:06,6.823845600010827,0.002275373657889572
Zheng DBSCAN,Ostovar,Atomic_ConditionalToSequence_output_ConditionalToSequence_2,300,30.0,[np.float64(1504.5666666666666)],"[999, 1999]",,,00:00:05,5.478716399986297,0.0018268477492451806
Zheng DBSCAN,Ostovar,Atomic_ConditionalToSequence_output_ConditionalToSequence_2,300,60.0,[np.float64(1504.5666666666666)],"[999, 1999]",,,00:00:05,5.478716399986297,0.0018268477492451806
Zheng DBSCAN,Ostovar,Atomic_ConditionalToSequence_output_ConditionalToSequence_2,300,90.0,[np.float64(1504.5666666666666)],"[999, 1999]",,,00:00:05,5.478716399986297,0.0018268477492451806
Zheng DBSCAN,Ostovar,Atomic_ConditionalToSequence_output_ConditionalToSequence_2,300,120.0,[np.float64(1504.5666666666666)],"[999, 1999]",,,00:00:05,5.478716399986297,0.0018268477492451806
Zheng DBSCAN,Ostovar,Atomic_ConditionalToSequence_output_ConditionalToSequence_2,300,150.0,[np.float64(1504.5666666666666)],"[999, 1999]",,,00:00:05,5.478716399986297,0.0018268477492451806
Zheng DBSCAN,Ostovar,Nested_ROI_output_ROI_5,500,50.0,[np.float64(1478.4929487179488)],"[999, 1999]",,,00:00:05,5.753753700002562,0.0019185574191405675
Zheng DBSCAN,Ostovar,Nested_ROI_output_ROI_5,500,100.0,[np.float64(1478.4929487179488)],"[999, 1999]",,,00:00:05,5.753753700002562,0.0019185574191405675
Zheng DBSCAN,Ostovar,Nested_ROI_output_ROI_5,500,150.0,[np.float64(1478.4929487179488)],"[999, 1999]",,,00:00:05,5.753753700002562,0.0019185574191405675
Zheng DBSCAN,Ostovar,Nested_ROI_output_ROI_5,500,200.0,[np.float64(1478.4929487179488)],"[999, 1999]",,,00:00:05,5.753753700002562,0.0019185574191405675
Zheng DBSCAN,Ostovar,Nested_ROI_output_ROI_5,500,250.0,[np.float64(1478.4929487179488)],"[999, 1999]",,,00:00:05,5.753753700002562,0.0019185574191405675
Zheng DBSCAN,Ostovar,Nested_ROI_output_ROI_5,700,70.0,[np.float64(1485.3493353028066)],"[999, 1999]",,,00:00:05,5.805703000020003,0.0019358796265488505
Zheng DBSCAN,Ostovar,Nested_ROI_output_ROI_5,700,140.0,[np.float64(1485.3493353028066)],"[999, 1999]",,,00:00:05,5.805703000020003,0.0019358796265488505
Zheng DBSCAN,Ostovar,Nested_ROI_output_ROI_5,700,210.0,[np.float64(1485.3493353028066)],"[999, 1999]",,,00:00:05,5.805703000020003,0.0019358796265488505
Zheng DBSCAN,Ostovar,Nested_ROI_output_ROI_5,700,280.0,[np.float64(1485.3493353028066)],"[999, 1999]",,,00:00:05,5.805703000020003,0.0019358796265488505
Zheng DBSCAN,Ostovar,Nested_ROI_output_ROI_5,700,350.0,[np.float64(1485.3493353028066)],"[999, 1999]",,,00:00:05,5.805703000020003,0.0019358796265488505
Zheng DBSCAN,Ostovar,Composite_ORI_output_ORI_2,600,60.0,[np.float64(1516.1847908745247)],"[999, 1999]",,,00:00:06,6.451147600018885,0.0021510995665284713
Zheng DBSCAN,Ostovar,Composite_ORI_output_ORI_2,600,120.0,[np.float64(1516.1847908745247)],"[999, 1999]",,,00:00:06,6.451147600018885,0.0021510995665284713
Zheng DBSCAN,Ostovar,Composite_ORI_output_ORI_2,600,180.0,[np.float64(1516.1847908745247)],"[999, 1999]",,,00:00:06,6.451147600018885,0.0021510995665284713
Zheng DBSCAN,Ostovar,Composite_ORI_output_ORI_2,600,240.0,[np.float64(1516.1847908745247)],"[999, 1999]",,,00:00:06,6.451147600018885,0.0021510995665284713
Zheng DBSCAN,Ostovar,Composite_ORI_output_ORI_2,600,300.0,[np.float64(1516.1847908745247)],"[999, 1999]",,,00:00:06,6.451147600018885,0.0021510995665284713
Zheng DBSCAN,Ceravolo,sudden_trace_noise5_1000_lp,500,50.0,[],[499],,,00:00:00,0.23427539999829605,0.00023427539999829606
Zheng DBSCAN,Ceravolo,sudden_trace_noise5_1000_lp,500,100.0,[],[499],,,00:00:00,0.23427539999829605,0.00023427539999829606
Zheng DBSCAN,Ceravolo,sudden_trace_noise5_1000_lp,500,150.0,[],[499],,,00:00:00,0.23427539999829605,0.00023427539999829606
Zheng DBSCAN,Ceravolo,sudden_trace_noise5_1000_lp,500,200.0,[],[499],,,00:00:00,0.23427539999829605,0.00023427539999829606
Zheng DBSCAN,Ceravolo,sudden_trace_noise5_1000_lp,500,250.0,[],[499],,,00:00:00,0.23427539999829605,0.00023427539999829606
Zheng DBSCAN,Ceravolo,sudden_trace_noise0_1000_OIR,300,30.0,[np.float64(448.0)],[499],1.0,51.0,00:00:00,0.23510279998299666,0.00023510279998299665
Zheng DBSCAN,Ceravolo,sudden_trace_noise0_1000_OIR,300,60.0,[np.float64(448.0)],[499],1.0,51.0,00:00:00,0.23510279998299666,0.00023510279998299665
Zheng DBSCAN,Ceravolo,sudden_trace_noise0_1000_OIR,300,90.0,[np.float64(448.0)],[499],1.0,51.0,00:00:00,0.23510279998299666,0.00023510279998299665
Zheng DBSCAN,Ceravolo,sudden_trace_noise0_1000_OIR,300,120.0,[np.float64(448.0)],[499],1.0,51.0,00:00:00,0.23510279998299666,0.00023510279998299665
Zheng DBSCAN,Ceravolo,sudden_trace_noise0_1000_OIR,300,150.0,[np.float64(448.0)],[499],1.0,51.0,00:00:00,0.23510279998299666,0.00023510279998299665
Zheng DBSCAN,Ceravolo,sudden_trace_noise15_1000_lp,600,60.0,[],[499],,,00:00:00,0.20250539999688044,0.00020250539999688044
Zheng DBSCAN,Ceravolo,sudden_trace_noise15_1000_lp,600,120.0,[],[499],,,00:00:00,0.20250539999688044,0.00020250539999688044
Zheng DBSCAN,Ceravolo,sudden_trace_noise15_1000_lp,600,180.0,[],[499],,,00:00:00,0.20250539999688044,0.00020250539999688044
Zheng DBSCAN,Ceravolo,sudden_trace_noise15_1000_lp,600,240.0,[],[499],,,00:00:00,0.20250539999688044,0.00020250539999688044
Zheng DBSCAN,Ceravolo,sudden_trace_noise15_1000_lp,600,300.0,[],[499],,,00:00:00,0.20250539999688044,0.00020250539999688044
Zheng DBSCAN,Ceravolo,sudden_trace_noise0_1000_cf,300,30.0,[np.float64(447.0)],[499],1.0,52.0,00:00:00,0.2380995000130497,0.00023809950001304968
Zheng DBSCAN,Ceravolo,sudden_trace_noise0_1000_cf,300,60.0,[np.float64(447.0)],[499],1.0,52.0,00:00:00,0.2380995000130497,0.00023809950001304968
Zheng DBSCAN,Ceravolo,sudden_trace_noise0_1000_cf,300,90.0,[np.float64(447.0)],[499],1.0,52.0,00:00:00,0.2380995000130497,0.00023809950001304968
Zheng DBSCAN,Ceravolo,sudden_trace_noise0_1000_cf,300,120.0,[np.float64(447.0)],[499],1.0,52.0,00:00:00,0.2380995000130497,0.00023809950001304968
Zheng DBSCAN,Ceravolo,sudden_trace_noise0_1000_cf,300,150.0,[np.float64(447.0)],[499],1.0,52.0,00:00:00,0.2380995000130497,0.00023809950001304968
Zheng DBSCAN,Ostovar,Composite_IRO_output_IRO_5,800,80.0,[np.float64(1486.6426931905125)],"[999, 1999]",,,00:00:07,7.105849899991881,0.0023694064354757858
Zheng DBSCAN,Ostovar,Composite_IRO_output_IRO_5,800,160.0,[np.float64(1486.6426931905125)],"[999, 1999]",,,00:00:07,7.105849899991881,0.0023694064354757858
Zheng DBSCAN,Ostovar,Composite_IRO_output_IRO_5,800,240.0,[np.float64(1486.6426931905125)],"[999, 1999]",,,00:00:07,7.105849899991881,0.0023694064354757858
Zheng DBSCAN,Ostovar,Composite_IRO_output_IRO_5,800,320.0,[np.float64(1486.6426931905125)],"[999, 1999]",,,00:00:07,7.105849899991881,0.0023694064354757858
Zheng DBSCAN,Ostovar,Composite_IRO_output_IRO_5,800,400.0,[np.float64(1486.6426931905125)],"[999, 1999]",,,00:00:07,7.105849899991881,0.0023694064354757858
Zheng DBSCAN,Ceravolo,sudden_trace_noise10_1000_sw,600,60.0,[],[499],,,00:00:00,0.2089842999994289,0.00020898429999942892
Zheng DBSCAN,Ceravolo,sudden_trace_noise10_1000_sw,600,120.0,[],[499],,,00:00:00,0.2089842999994289,0.00020898429999942892
Zheng DBSCAN,Ceravolo,sudden_trace_noise10_1000_sw,600,180.0,[],[499],,,00:00:00,0.2089842999994289,0.00020898429999942892
Zheng DBSCAN,Ceravolo,sudden_trace_noise10_1000_sw,600,240.0,[],[499],,,00:00:00,0.2089842999994289,0.00020898429999942892
Zheng DBSCAN,Ceravolo,sudden_trace_noise10_1000_sw,600,300.0,[],[499],,,00:00:00,0.2089842999994289,0.00020898429999942892
Zheng DBSCAN,Ostovar,Atomic_ParallelToSequence_output_ParallelToSequence,700,70.0,"[np.float64(940.5), np.float64(1941.909090909091)]","[999, 1999]",1.0,57.795454545454504,00:00:04,4.912115199986147,0.001637917705897348
Zheng DBSCAN,Ostovar,Atomic_ParallelToSequence_output_ParallelToSequence,700,140.0,"[np.float64(940.5), np.float64(1941.909090909091)]","[999, 1999]",1.0,57.795454545454504,00:00:04,4.912115199986147,0.001637917705897348
Zheng DBSCAN,Ostovar,Atomic_ParallelToSequence_output_ParallelToSequence,700,210.0,"[np.float64(940.5), np.float64(1941.909090909091)]","[999, 1999]",1.0,57.795454545454504,00:00:04,4.912115199986147,0.001637917705897348
Zheng DBSCAN,Ostovar,Atomic_ParallelToSequence_output_ParallelToSequence,700,280.0,"[np.float64(940.5), np.float64(1941.909090909091)]","[999, 1999]",1.0,57.795454545454504,00:00:04,4.912115199986147,0.001637917705897348
Zheng DBSCAN,Ostovar,Atomic_ParallelToSequence_output_ParallelToSequence,700,350.0,"[np.float64(940.5), np.float64(1941.909090909091)]","[999, 1999]",1.0,57.795454545454504,00:00:04,4.912115199986147,0.001637917705897348
Zheng DBSCAN,Ceravolo,sudden_trace_noise15_1000_rp,600,60.0,[],[499],,,00:00:00,0.21662010002182797,0.00021662010002182797
Zheng DBSCAN,Ceravolo,sudden_trace_noise15_1000_rp,600,120.0,[],[499],,,00:00:00,0.21662010002182797,0.00021662010002182797
Zheng DBSCAN,Ceravolo,sudden_trace_noise15_1000_rp,600,180.0,[],[499],,,00:00:00,0.21662010002182797,0.00021662010002182797
Zheng DBSCAN,Ceravolo,sudden_trace_noise15_1000_rp,600,240.0,[],[499],,,00:00:00,0.21662010002182797,0.00021662010002182797
Zheng DBSCAN,Ceravolo,sudden_trace_noise15_1000_rp,600,300.0,[],[499],,,00:00:00,0.21662010002182797,0.00021662010002182797
Zheng DBSCAN,Ostovar,Atomic_Skip_output_Skip_2,300,30.0,[np.float64(1511.2402826855123)],"[999, 1999]",,,00:00:05,5.8814809000177775,0.0019611473491223
Zheng DBSCAN,Ostovar,Atomic_Skip_output_Skip_2,300,60.0,[np.float64(1511.2402826855123)],"[999, 1999]",,,00:00:05,5.8814809000177775,0.0019611473491223
Zheng DBSCAN,Ostovar,Atomic_Skip_output_Skip_2,300,90.0,[np.float64(1511.2402826855123)],"[999, 1999]",,,00:00:05,5.8814809000177775,0.0019611473491223
Zheng DBSCAN,Ostovar,Atomic_Skip_output_Skip_2,300,120.0,[np.float64(1511.2402826855123)],"[999, 1999]",,,00:00:05,5.8814809000177775,0.0019611473491223
Zheng DBSCAN,Ostovar,Atomic_Skip_output_Skip_2,300,150.0,[np.float64(1511.2402826855123)],"[999, 1999]",,,00:00:05,5.8814809000177775,0.0019611473491223
Zheng DBSCAN,Ostovar,Composite_IRO_output_IRO_5,300,30.0,[np.float64(1495.9391113549095)],"[999, 1999]",,,00:00:06,6.889405100024305,0.0022972341113785613
Zheng DBSCAN,Ostovar,Composite_IRO_output_IRO_5,300,60.0,[np.float64(1495.9391113549095)],"[999, 1999]",,,00:00:06,6.889405100024305,0.0022972341113785613
Zheng DBSCAN,Ostovar,Composite_IRO_output_IRO_5,300,90.0,[np.float64(1495.9391113549095)],"[999, 1999]",,,00:00:06,6.889405100024305,0.0022972341113785613
Zheng DBSCAN,Ostovar,Composite_IRO_output_IRO_5,300,120.0,[np.float64(1495.9391113549095)],"[999, 1999]",,,00:00:06,6.889405100024305,0.0022972341113785613
Zheng DBSCAN,Ostovar,Composite_IRO_output_IRO_5,300,150.0,[np.float64(1495.9391113549095)],"[999, 1999]",,,00:00:06,6.889405100024305,0.0022972341113785613
Zheng DBSCAN,Ceravolo,sudden_trace_noise10_1000_cf,500,50.0,[],[499],,,00:00:00,0.2330542000127025,0.0002330542000127025
Zheng DBSCAN,Ceravolo,sudden_trace_noise10_1000_cf,500,100.0,[],[499],,,00:00:00,0.2330542000127025,0.0002330542000127025
Zheng DBSCAN,Ceravolo,sudden_trace_noise10_1000_cf,500,150.0,[],[499],,,00:00:00,0.2330542000127025,0.0002330542000127025
Zheng DBSCAN,Ceravolo,sudden_trace_noise10_1000_cf,500,200.0,[],[499],,,00:00:00,0.2330542000127025,0.0002330542000127025
Zheng DBSCAN,Ceravolo,sudden_trace_noise10_1000_cf,500,250.0,[],[499],,,00:00:00,0.2330542000127025,0.0002330542000127025
Zheng DBSCAN,Ostovar,Atomic_ConditionalMove_output_ConditionalMove_5,300,30.0,[np.float64(1485.1786480686694)],"[999, 1999]",,,00:00:06,6.66034309999668,0.00222085465154941
Zheng DBSCAN,Ostovar,Atomic_ConditionalMove_output_ConditionalMove_5,300,60.0,[np.float64(1485.1786480686694)],"[999, 1999]",,,00:00:06,6.66034309999668,0.00222085465154941
Zheng DBSCAN,Ostovar,Atomic_ConditionalMove_output_ConditionalMove_5,300,90.0,[np.float64(1485.1786480686694)],"[999, 1999]",,,00:00:06,6.66034309999668,0.00222085465154941
Zheng DBSCAN,Ostovar,Atomic_ConditionalMove_output_ConditionalMove_5,300,120.0,[np.float64(1485.1786480686694)],"[999, 1999]",,,00:00:06,6.66034309999668,0.00222085465154941
Zheng DBSCAN,Ostovar,Atomic_ConditionalMove_output_ConditionalMove_5,300,150.0,[np.float64(1485.1786480686694)],"[999, 1999]",,,00:00:06,6.66034309999668,0.00222085465154941
Zheng DBSCAN,AdditionalLogs,gradual_drift_01,300,30.0,"[np.float64(313.3333333333333), np.float64(483.48148148148147), np.float64(659.1111111111111), np.float64(755.1538461538462), np.float64(869.0), np.float64(953.4117647058823), np.float64(1093.2857142857142), np.float64(1271.75), np.float64(1353.0), np.float64(1388.5)]","[500, 1000]",0.33333333333333337,31.553376906318107,00:00:00,0.511470500001451,0.00036533607142960785
Zheng DBSCAN,AdditionalLogs,gradual_drift_01,300,60.0,"[np.float64(739.5952380952381), np.float64(1316.7142857142858)]","[500, 1000]",,,00:00:00,0.511470500001451,0.00036533607142960785
Zheng DBSCAN,AdditionalLogs,gradual_drift_01,300,90.0,[np.float64(783.989010989011)],"[500, 1000]",,,00:00:00,0.511470500001451,0.00036533607142960785
Zheng DBSCAN,AdditionalLogs,gradual_drift_01,300,120.0,[np.float64(783.989010989011)],"[500, 1000]",,,00:00:00,0.511470500001451,0.00036533607142960785
Zheng DBSCAN,AdditionalLogs,gradual_drift_01,300,150.0,[np.float64(783.989010989011)],"[500, 1000]",,,00:00:00,0.511470500001451,0.00036533607142960785
Zheng DBSCAN,Ceravolo,sudden_trace_noise0_1000_cf,700,70.0,[],[499],,,00:00:00,0.19295850000344217,0.00019295850000344218
Zheng DBSCAN,Ceravolo,sudden_trace_noise0_1000_cf,700,140.0,[],[499],,,00:00:00,0.19295850000344217,0.00019295850000344218
Zheng DBSCAN,Ceravolo,sudden_trace_noise0_1000_cf,700,210.0,[],[499],,,00:00:00,0.19295850000344217,0.00019295850000344218
Zheng DBSCAN,Ceravolo,sudden_trace_noise0_1000_cf,700,280.0,[],[499],,,00:00:00,0.19295850000344217,0.00019295850000344218
Zheng DBSCAN,Ceravolo,sudden_trace_noise0_1000_cf,700,350.0,[],[499],,,00:00:00,0.19295850000344217,0.00019295850000344218
Zheng DBSCAN,Ceravolo,sudden_trace_noise20_1000_rp,700,70.0,[],[499],,,00:00:00,0.2092885999882128,0.0002092885999882128
Zheng DBSCAN,Ceravolo,sudden_trace_noise20_1000_rp,700,140.0,[],[499],,,00:00:00,0.2092885999882128,0.0002092885999882128
Zheng DBSCAN,Ceravolo,sudden_trace_noise20_1000_rp,700,210.0,[],[499],,,00:00:00,0.2092885999882128,0.0002092885999882128
Zheng DBSCAN,Ceravolo,sudden_trace_noise20_1000_rp,700,280.0,[],[499],,,00:00:00,0.2092885999882128,0.0002092885999882128
Zheng DBSCAN,Ceravolo,sudden_trace_noise20_1000_rp,700,350.0,[],[499],,,00:00:00,0.2092885999882128,0.0002092885999882128
Zheng DBSCAN,Ceravolo,sudden_trace_noise20_1000_IOR,800,80.0,[],[499],,,00:00:00,0.20503689997713082,0.00020503689997713082
Zheng DBSCAN,Ceravolo,sudden_trace_noise20_1000_IOR,800,160.0,[],[499],,,00:00:00,0.20503689997713082,0.00020503689997713082
Zheng DBSCAN,Ceravolo,sudden_trace_noise20_1000_IOR,800,240.0,[],[499],,,00:00:00,0.20503689997713082,0.00020503689997713082
Zheng DBSCAN,Ceravolo,sudden_trace_noise20_1000_IOR,800,320.0,[],[499],,,00:00:00,0.20503689997713082,0.00020503689997713082
Zheng DBSCAN,Ceravolo,sudden_trace_noise20_1000_IOR,800,400.0,[],[499],,,00:00:00,0.20503689997713082,0.00020503689997713082
Zheng DBSCAN,AdditionalLogs,gradual_drift_09,400,40.0,"[np.float64(459.06666666666666), np.float64(993.4444444444445)]","[500, 1000]",1.0,23.74444444444444,00:00:00,0.3655441000009887,0.0002611029285721348
Zheng DBSCAN,AdditionalLogs,gradual_drift_09,400,80.0,"[np.float64(459.06666666666666), np.float64(993.4444444444445)]","[500, 1000]",1.0,23.74444444444444,00:00:00,0.3655441000009887,0.0002611029285721348
Zheng DBSCAN,AdditionalLogs,gradual_drift_09,400,120.0,"[np.float64(459.06666666666666), np.float64(993.4444444444445)]","[500, 1000]",1.0,23.74444444444444,00:00:00,0.3655441000009887,0.0002611029285721348
Zheng DBSCAN,AdditionalLogs,gradual_drift_09,400,160.0,"[np.float64(459.06666666666666), np.float64(993.4444444444445)]","[500, 1000]",1.0,23.74444444444444,00:00:00,0.3655441000009887,0.0002611029285721348
Zheng DBSCAN,AdditionalLogs,gradual_drift_09,400,200.0,"[np.float64(459.06666666666666), np.float64(993.4444444444445)]","[500, 1000]",1.0,23.74444444444444,00:00:00,0.3655441000009887,0.0002611029285721348
Zheng DBSCAN,Ostovar,Composite_IOR_output_IOR_5,300,30.0,[np.float64(1494.4416184971099)],"[999, 1999]",,,00:00:05,5.102857800025959,0.0017015197732664082
Zheng DBSCAN,Ostovar,Composite_IOR_output_IOR_5,300,60.0,[np.float64(1494.4416184971099)],"[999, 1999]",,,00:00:05,5.102857800025959,0.0017015197732664082
Zheng DBSCAN,Ostovar,Composite_IOR_output_IOR_5,300,90.0,[np.float64(1494.4416184971099)],"[999, 1999]",,,00:00:05,5.102857800025959,0.0017015197732664082
Zheng DBSCAN,Ostovar,Composite_IOR_output_IOR_5,300,120.0,[np.float64(1494.4416184971099)],"[999, 1999]",,,00:00:05,5.102857800025959,0.0017015197732664082
Zheng DBSCAN,Ostovar,Composite_IOR_output_IOR_5,300,150.0,[np.float64(1494.4416184971099)],"[999, 1999]",,,00:00:05,5.102857800025959,0.0017015197732664082
Zheng DBSCAN,Ceravolo,sudden_trace_noise10_1000_pm,800,80.0,[],[499],,,00:00:00,0.18649059999734163,0.00018649059999734164
Zheng DBSCAN,Ceravolo,sudden_trace_noise10_1000_pm,800,160.0,[],[499],,,00:00:00,0.18649059999734163,0.00018649059999734164
Zheng DBSCAN,Ceravolo,sudden_trace_noise10_1000_pm,800,240.0,[],[499],,,00:00:00,0.18649059999734163,0.00018649059999734164
Zheng DBSCAN,Ceravolo,sudden_trace_noise10_1000_pm,800,320.0,[],[499],,,00:00:00,0.18649059999734163,0.00018649059999734164
Zheng DBSCAN,Ceravolo,sudden_trace_noise10_1000_pm,800,400.0,[],[499],,,00:00:00,0.18649059999734163,0.00018649059999734164
Zheng DBSCAN,Ostovar,Atomic_Swap_output_Swap,700,70.0,"[np.float64(930.4444444444445), np.float64(1930.875)]","[999, 1999]",1.0,68.34027777777777,00:00:04,4.514751799986698,0.001505419073019906
Zheng DBSCAN,Ostovar,Atomic_Swap_output_Swap,700,140.0,"[np.float64(930.4444444444445), np.float64(1930.875)]","[999, 1999]",1.0,68.34027777777777,00:00:04,4.514751799986698,0.001505419073019906
Zheng DBSCAN,Ostovar,Atomic_Swap_output_Swap,700,210.0,"[np.float64(930.4444444444445), np.float64(1930.875)]","[999, 1999]",1.0,68.34027777777777,00:00:04,4.514751799986698,0.001505419073019906
Zheng DBSCAN,Ostovar,Atomic_Swap_output_Swap,700,280.0,"[np.float64(930.4444444444445), np.float64(1930.875)]","[999, 1999]",1.0,68.34027777777777,00:00:04,4.514751799986698,0.001505419073019906
Zheng DBSCAN,Ostovar,Atomic_Swap_output_Swap,700,350.0,"[np.float64(930.4444444444445), np.float64(1930.875)]","[999, 1999]",1.0,68.34027777777777,00:00:04,4.514751799986698,0.001505419073019906
Zheng DBSCAN,Ostovar,Atomic_Swap_output_Swap,500,50.0,"[np.float64(930.4444444444445), np.float64(1930.875)]","[999, 1999]",1.0,68.34027777777777,00:00:04,4.6289165999914985,0.0015434866955623535
Zheng DBSCAN,Ostovar,Atomic_Swap_output_Swap,500,100.0,"[np.float64(930.4444444444445), np.float64(1930.875)]","[999, 1999]",1.0,68.34027777777777,00:00:04,4.6289165999914985,0.0015434866955623535
Zheng DBSCAN,Ostovar,Atomic_Swap_output_Swap,500,150.0,"[np.float64(930.4444444444445), np.float64(1930.875)]","[999, 1999]",1.0,68.34027777777777,00:00:04,4.6289165999914985,0.0015434866955623535
Zheng DBSCAN,Ostovar,Atomic_Swap_output_Swap,500,200.0,"[np.float64(930.4444444444445), np.float64(1930.875)]","[999, 1999]",1.0,68.34027777777777,00:00:04,4.6289165999914985,0.0015434866955623535
Zheng DBSCAN,Ostovar,Atomic_Swap_output_Swap,500,250.0,"[np.float64(930.4444444444445), np.float64(1930.875)]","[999, 1999]",1.0,68.34027777777777,00:00:04,4.6289165999914985,0.0015434866955623535
Zheng DBSCAN,Ceravolo,sudden_trace_noise15_1000_cp,400,40.0,[np.float64(449.0)],[499],1.0,50.0,00:00:00,0.1722074999997858,0.00017220749999978578
Zheng DBSCAN,Ceravolo,sudden_trace_noise15_1000_cp,400,80.0,[np.float64(449.0)],[499],1.0,50.0,00:00:00,0.1722074999997858,0.00017220749999978578
Zheng DBSCAN,Ceravolo,sudden_trace_noise15_1000_cp,400,120.0,[np.float64(449.0)],[499],1.0,50.0,00:00:00,0.1722074999997858,0.00017220749999978578
Zheng DBSCAN,Ceravolo,sudden_trace_noise15_1000_cp,400,160.0,[np.float64(449.0)],[499],1.0,50.0,00:00:00,0.1722074999997858,0.00017220749999978578
Zheng DBSCAN,Ceravolo,sudden_trace_noise15_1000_cp,400,200.0,[np.float64(449.0)],[499],1.0,50.0,00:00:00,0.1722074999997858,0.00017220749999978578
Zheng DBSCAN,AdditionalLogs,sudden_drift_06,800,80.0,"[np.float64(813.5), np.float64(1021.2666666666667), np.float64(1220.0), np.float64(1452.0)]","[500, 1000]",0.3333333333333333,21.26666666666665,00:00:01,1.2180780999769922,0.0008120520666513282
Zheng DBSCAN,AdditionalLogs,sudden_drift_06,800,160.0,"[np.float64(1030.3), np.float64(1452.0)]","[500, 1000]",0.5,30.299999999999955,00:00:01,1.2180780999769922,0.0008120520666513282
Zheng DBSCAN,AdditionalLogs,sudden_drift_06,800,240.0,[np.float64(928.8888888888889)],"[500, 1000]",0.6666666666666666,71.11111111111109,00:00:01,1.2180780999769922,0.0008120520666513282
Zheng DBSCAN,AdditionalLogs,sudden_drift_06,800,320.0,[np.float64(928.8888888888889)],"[500, 1000]",0.6666666666666666,71.11111111111109,00:00:01,1.2180780999769922,0.0008120520666513282
Zheng DBSCAN,AdditionalLogs,sudden_drift_06,800,400.0,[np.float64(928.8888888888889)],"[500, 1000]",0.6666666666666666,71.11111111111109,00:00:01,1.2180780999769922,0.0008120520666513282
Zheng DBSCAN,Ostovar,Atomic_ConditionalToSequence_output_ConditionalToSequence_2,400,40.0,[np.float64(1504.8509687034277)],"[999, 1999]",,,00:00:06,6.064346600003773,0.002022122907637137
Zheng DBSCAN,Ostovar,Atomic_ConditionalToSequence_output_ConditionalToSequence_2,400,80.0,[np.float64(1504.8509687034277)],"[999, 1999]",,,00:00:06,6.064346600003773,0.002022122907637137
Zheng DBSCAN,Ostovar,Atomic_ConditionalToSequence_output_ConditionalToSequence_2,400,120.0,[np.float64(1504.8509687034277)],"[999, 1999]",,,00:00:06,6.064346600003773,0.002022122907637137
Zheng DBSCAN,Ostovar,Atomic_ConditionalToSequence_output_ConditionalToSequence_2,400,160.0,[np.float64(1504.8509687034277)],"[999, 1999]",,,00:00:06,6.064346600003773,0.002022122907637137
Zheng DBSCAN,Ostovar,Atomic_ConditionalToSequence_output_ConditionalToSequence_2,400,200.0,[np.float64(1504.8509687034277)],"[999, 1999]",,,00:00:06,6.064346600003773,0.002022122907637137
Zheng DBSCAN,Ostovar,Composite_OIR_output_OIR_2,800,80.0,[np.float64(1498.870741482966)],"[999, 1999]",,,00:00:06,6.503871499997331,0.0021686800600191165
Zheng DBSCAN,Ostovar,Composite_OIR_output_OIR_2,800,160.0,[np.float64(1498.870741482966)],"[999, 1999]",,,00:00:06,6.503871499997331,0.0021686800600191165
Zheng DBSCAN,Ostovar,Composite_OIR_output_OIR_2,800,240.0,[np.float64(1498.870741482966)],"[999, 1999]",,,00:00:06,6.503871499997331,0.0021686800600191165
Zheng DBSCAN,Ostovar,Composite_OIR_output_OIR_2,800,320.0,[np.float64(1498.870741482966)],"[999, 1999]",,,00:00:06,6.503871499997331,0.0021686800600191165
Zheng DBSCAN,Ostovar,Composite_OIR_output_OIR_2,800,400.0,[np.float64(1498.870741482966)],"[999, 1999]",,,00:00:06,6.503871499997331,0.0021686800600191165
Zheng DBSCAN,Ceravolo,sudden_trace_noise0_1000_cd,600,60.0,[],[499],,,00:00:00,0.19767699998919852,0.00019767699998919853
Zheng DBSCAN,Ceravolo,sudden_trace_noise0_1000_cd,600,120.0,[],[499],,,00:00:00,0.19767699998919852,0.00019767699998919853
Zheng DBSCAN,Ceravolo,sudden_trace_noise0_1000_cd,600,180.0,[],[499],,,00:00:00,0.19767699998919852,0.00019767699998919853
Zheng DBSCAN,Ceravolo,sudden_trace_noise0_1000_cd,600,240.0,[],[499],,,00:00:00,0.19767699998919852,0.00019767699998919853
Zheng DBSCAN,Ceravolo,sudden_trace_noise0_1000_cd,600,300.0,[],[499],,,00:00:00,0.19767699998919852,0.00019767699998919853
Zheng DBSCAN,Ceravolo,sudden_trace_noise10_1000_IRO,600,60.0,[],[499],,,00:00:00,0.21016159999999218,0.00021016159999999218
Zheng DBSCAN,Ceravolo,sudden_trace_noise10_1000_IRO,600,120.0,[],[499],,,00:00:00,0.21016159999999218,0.00021016159999999218
Zheng DBSCAN,Ceravolo,sudden_trace_noise10_1000_IRO,600,180.0,[],[499],,,00:00:00,0.21016159999999218,0.00021016159999999218
Zheng DBSCAN,Ceravolo,sudden_trace_noise10_1000_IRO,600,240.0,[],[499],,,00:00:00,0.21016159999999218,0.00021016159999999218
Zheng DBSCAN,Ceravolo,sudden_trace_noise10_1000_IRO,600,300.0,[],[499],,,00:00:00,0.21016159999999218,0.00021016159999999218
Zheng DBSCAN,Ostovar,Nested_RIO_output_RIO_2,800,80.0,[np.float64(1510.4003350083751)],"[999, 1999]",,,00:00:07,7.242612799978815,0.0024150092697495214
Zheng DBSCAN,Ostovar,Nested_RIO_output_RIO_2,800,160.0,[np.float64(1510.4003350083751)],"[999, 1999]",,,00:00:07,7.242612799978815,0.0024150092697495214
Zheng DBSCAN,Ostovar,Nested_RIO_output_RIO_2,800,240.0,[np.float64(1510.4003350083751)],"[999, 1999]",,,00:00:07,7.242612799978815,0.0024150092697495214
Zheng DBSCAN,Ostovar,Nested_RIO_output_RIO_2,800,320.0,[np.float64(1510.4003350083751)],"[999, 1999]",,,00:00:07,7.242612799978815,0.0024150092697495214
Zheng DBSCAN,Ostovar,Nested_RIO_output_RIO_2,800,400.0,[np.float64(1510.4003350083751)],"[999, 1999]",,,00:00:07,7.242612799978815,0.0024150092697495214
Zheng DBSCAN,Ceravolo,sudden_trace_noise0_1000_sw,600,60.0,[],[499],,,00:00:00,0.18442860001232475,0.00018442860001232475
Zheng DBSCAN,Ceravolo,sudden_trace_noise0_1000_sw,600,120.0,[],[499],,,00:00:00,0.18442860001232475,0.00018442860001232475
Zheng DBSCAN,Ceravolo,sudden_trace_noise0_1000_sw,600,180.0,[],[499],,,00:00:00,0.18442860001232475,0.00018442860001232475
Zheng DBSCAN,Ceravolo,sudden_trace_noise0_1000_sw,600,240.0,[],[499],,,00:00:00,0.18442860001232475,0.00018442860001232475
Zheng DBSCAN,Ceravolo,sudden_trace_noise0_1000_sw,600,300.0,[],[499],,,00:00:00,0.18442860001232475,0.00018442860001232475
Zheng DBSCAN,Ceravolo,sudden_trace_noise15_1000_rp,700,70.0,[],[499],,,00:00:00,0.22339700002339669,0.0002233970000233967
Zheng DBSCAN,Ceravolo,sudden_trace_noise15_1000_rp,700,140.0,[],[499],,,00:00:00,0.22339700002339669,0.0002233970000233967
Zheng DBSCAN,Ceravolo,sudden_trace_noise15_1000_rp,700,210.0,[],[499],,,00:00:00,0.22339700002339669,0.0002233970000233967
Zheng DBSCAN,Ceravolo,sudden_trace_noise15_1000_rp,700,280.0,[],[499],,,00:00:00,0.22339700002339669,0.0002233970000233967
Zheng DBSCAN,Ceravolo,sudden_trace_noise15_1000_rp,700,350.0,[],[499],,,00:00:00,0.22339700002339669,0.0002233970000233967
Zheng DBSCAN,Ceravolo,sudden_trace_noise0_1000_RIO,500,50.0,[],[499],,,00:00:00,0.19786499999463558,0.0001978649999946356
Zheng DBSCAN,Ceravolo,sudden_trace_noise0_1000_RIO,500,100.0,[],[499],,,00:00:00,0.19786499999463558,0.0001978649999946356
Zheng DBSCAN,Ceravolo,sudden_trace_noise0_1000_RIO,500,150.0,[],[499],,,00:00:00,0.19786499999463558,0.0001978649999946356
Zheng DBSCAN,Ceravolo,sudden_trace_noise0_1000_RIO,500,200.0,[],[499],,,00:00:00,0.19786499999463558,0.0001978649999946356
Zheng DBSCAN,Ceravolo,sudden_trace_noise0_1000_RIO,500,250.0,[],[499],,,00:00:00,0.19786499999463558,0.0001978649999946356
Zheng DBSCAN,Ostovar,Atomic_Skip_output_Skip,800,80.0,"[np.float64(919.0), np.float64(1952.0)]","[999, 1999]",1.0,63.5,00:00:04,4.437074799992843,0.0014795181060329584
Zheng DBSCAN,Ostovar,Atomic_Skip_output_Skip,800,160.0,"[np.float64(919.0), np.float64(1952.0)]","[999, 1999]",1.0,63.5,00:00:04,4.437074799992843,0.0014795181060329584
Zheng DBSCAN,Ostovar,Atomic_Skip_output_Skip,800,240.0,"[np.float64(919.0), np.float64(1952.0)]","[999, 1999]",1.0,63.5,00:00:04,4.437074799992843,0.0014795181060329584
Zheng DBSCAN,Ostovar,Atomic_Skip_output_Skip,800,320.0,"[np.float64(919.0), np.float64(1952.0)]","[999, 1999]",1.0,63.5,00:00:04,4.437074799992843,0.0014795181060329584
Zheng DBSCAN,Ostovar,Atomic_Skip_output_Skip,800,400.0,"[np.float64(919.0), np.float64(1952.0)]","[999, 1999]",1.0,63.5,00:00:04,4.437074799992843,0.0014795181060329584
Zheng DBSCAN,Ceravolo,sudden_trace_noise20_1000_rp,600,60.0,[],[499],,,00:00:00,0.21489329999894835,0.00021489329999894836
Zheng DBSCAN,Ceravolo,sudden_trace_noise20_1000_rp,600,120.0,[],[499],,,00:00:00,0.21489329999894835,0.00021489329999894836
Zheng DBSCAN,Ceravolo,sudden_trace_noise20_1000_rp,600,180.0,[],[499],,,00:00:00,0.21489329999894835,0.00021489329999894836
Zheng DBSCAN,Ceravolo,sudden_trace_noise20_1000_rp,600,240.0,[],[499],,,00:00:00,0.21489329999894835,0.00021489329999894836
Zheng DBSCAN,Ceravolo,sudden_trace_noise20_1000_rp,600,300.0,[],[499],,,00:00:00,0.21489329999894835,0.00021489329999894836
Zheng DBSCAN,AdditionalLogs,sudden_drift_00,600,60.0,"[np.float64(646.0), np.float64(787.0), np.float64(1010.75), np.float64(1095.0)]","[500, 1000]",0.6666666666666666,78.375,00:00:00,0.539708199998131,0.0003598054666654207
Zheng DBSCAN,AdditionalLogs,sudden_drift_00,600,120.0,"[np.float64(646.0), np.float64(787.0), np.float64(1027.6)]","[500, 1000]",0.8,86.79999999999995,00:00:00,0.539708199998131,0.0003598054666654207
Zheng DBSCAN,AdditionalLogs,sudden_drift_00,600,180.0,[np.float64(1027.6)],"[500, 1000]",0.6666666666666666,27.59999999999991,00:00:00,0.539708199998131,0.0003598054666654207
Zheng DBSCAN,AdditionalLogs,sudden_drift_00,600,240.0,[np.float64(804.5)],"[500, 1000]",0.6666666666666666,195.5,00:00:00,0.539708199998131,0.0003598054666654207
Zheng DBSCAN,AdditionalLogs,sudden_drift_00,600,300.0,[np.float64(752.6363636363636)],"[500, 1000]",,,00:00:00,0.539708199998131,0.0003598054666654207
Zheng DBSCAN,Ostovar,Atomic_Skip_output_Skip_5,700,70.0,[np.float64(1491.0284256559767)],"[999, 1999]",,,00:00:05,5.396388399996795,0.001799395931976257
Zheng DBSCAN,Ostovar,Atomic_Skip_output_Skip_5,700,140.0,[np.float64(1491.0284256559767)],"[999, 1999]",,,00:00:05,5.396388399996795,0.001799395931976257
Zheng DBSCAN,Ostovar,Atomic_Skip_output_Skip_5,700,210.0,[np.float64(1491.0284256559767)],"[999, 1999]",,,00:00:05,5.396388399996795,0.001799395931976257
Zheng DBSCAN,Ostovar,Atomic_Skip_output_Skip_5,700,280.0,[np.float64(1491.0284256559767)],"[999, 1999]",,,00:00:05,5.396388399996795,0.001799395931976257
Zheng DBSCAN,Ostovar,Atomic_Skip_output_Skip_5,700,350.0,[np.float64(1491.0284256559767)],"[999, 1999]",,,00:00:05,5.396388399996795,0.001799395931976257
Zheng DBSCAN,AdditionalLogs,recurring_drift_07,800,80.0,[],"[500, 1000]",,,00:00:00,0.2445970000117086,0.0001630646666744724
Zheng DBSCAN,AdditionalLogs,recurring_drift_07,800,160.0,[],"[500, 1000]",,,00:00:00,0.2445970000117086,0.0001630646666744724
Zheng DBSCAN,AdditionalLogs,recurring_drift_07,800,240.0,[],"[500, 1000]",,,00:00:00,0.2445970000117086,0.0001630646666744724
Zheng DBSCAN,AdditionalLogs,recurring_drift_07,800,320.0,[],"[500, 1000]",,,00:00:00,0.2445970000117086,0.0001630646666744724
Zheng DBSCAN,AdditionalLogs,recurring_drift_07,800,400.0,[],"[500, 1000]",,,00:00:00,0.2445970000117086,0.0001630646666744724
Zheng DBSCAN,AdditionalLogs,recurring_drift_00,600,60.0,"[np.float64(670.0), np.float64(878.8), np.float64(1036.5), np.float64(1259.0)]","[500, 1000]",0.6666666666666666,103.25,00:00:00,0.3898361999890767,0.00025989079999271783
Zheng DBSCAN,AdditionalLogs,recurring_drift_00,600,120.0,"[np.float64(735.8148148148148), np.float64(1259.0)]","[500, 1000]",,,00:00:00,0.3898361999890767,0.00025989079999271783
Zheng DBSCAN,AdditionalLogs,recurring_drift_00,600,180.0,"[np.float64(735.8148148148148), np.float64(1259.0)]","[500, 1000]",,,00:00:00,0.3898361999890767,0.00025989079999271783
Zheng DBSCAN,AdditionalLogs,recurring_drift_00,600,240.0,[np.float64(728.0666666666667)],"[500, 1000]",,,00:00:00,0.3898361999890767,0.00025989079999271783
Zheng DBSCAN,AdditionalLogs,recurring_drift_00,600,300.0,[np.float64(728.0666666666667)],"[500, 1000]",,,00:00:00,0.3898361999890767,0.00025989079999271783
Zheng DBSCAN,AdditionalLogs,recurring_drift_05,300,30.0,"[np.float64(315.44444444444446), np.float64(519.88), np.float64(646.4), np.float64(718.1666666666666), np.float64(783.3333333333334), np.float64(843.0), np.float64(891.0), np.float64(1011.0322580645161), np.float64(1187.3), np.float64(1331.6666666666667), np.float64(1387.0), np.float64(1477.75)]","[500, 1000]",0.2857142857142857,15.456129032258048,00:00:00,0.42605490001733415,0.0002840366000115561
Zheng DBSCAN,AdditionalLogs,recurring_drift_05,300,60.0,"[np.float64(828.5697674418604), np.float64(1353.8), np.float64(1477.75)]","[500, 1000]",0.4,171.43023255813955,00:00:00,0.42605490001733415,0.0002840366000115561
Zheng DBSCAN,AdditionalLogs,recurring_drift_05,300,90.0,[np.float64(763.8362068965517)],"[500, 1000]",,,00:00:00,0.42605490001733415,0.0002840366000115561
Zheng DBSCAN,AdditionalLogs,recurring_drift_05,300,120.0,[np.float64(763.8362068965517)],"[500, 1000]",,,00:00:00,0.42605490001733415,0.0002840366000115561
Zheng DBSCAN,AdditionalLogs,recurring_drift_05,300,150.0,[np.float64(763.8362068965517)],"[500, 1000]",,,00:00:00,0.42605490001733415,0.0002840366000115561
Zheng DBSCAN,AdditionalLogs,recurring_drift_05,600,60.0,"[np.float64(701.1428571428571), np.float64(954.25), np.float64(1182.6666666666667), np.float64(1331.6666666666667)]","[500, 1000]",0.3333333333333333,45.75,00:00:00,0.4913327000103891,0.0003275551333402594
Zheng DBSCAN,AdditionalLogs,recurring_drift_05,600,120.0,[np.float64(990.8)],"[500, 1000]",0.6666666666666666,9.200000000000045,00:00:00,0.4913327000103891,0.0003275551333402594
Zheng DBSCAN,AdditionalLogs,recurring_drift_05,600,180.0,[np.float64(845.8)],"[500, 1000]",0.6666666666666666,154.20000000000005,00:00:00,0.4913327000103891,0.0003275551333402594
Zheng DBSCAN,AdditionalLogs,recurring_drift_05,600,240.0,[np.float64(845.8)],"[500, 1000]",0.6666666666666666,154.20000000000005,00:00:00,0.4913327000103891,0.0003275551333402594
Zheng DBSCAN,AdditionalLogs,recurring_drift_05,600,300.0,[np.float64(845.8)],"[500, 1000]",0.6666666666666666,154.20000000000005,00:00:00,0.4913327000103891,0.0003275551333402594
Zheng DBSCAN,Ceravolo,sudden_trace_noise10_1000_lp,600,60.0,[],[499],,,00:00:00,0.2008769999956712,0.0002008769999956712
Zheng DBSCAN,Ceravolo,sudden_trace_noise10_1000_lp,600,120.0,[],[499],,,00:00:00,0.2008769999956712,0.0002008769999956712
Zheng DBSCAN,Ceravolo,sudden_trace_noise10_1000_lp,600,180.0,[],[499],,,00:00:00,0.2008769999956712,0.0002008769999956712
Zheng DBSCAN,Ceravolo,sudden_trace_noise10_1000_lp,600,240.0,[],[499],,,00:00:00,0.2008769999956712,0.0002008769999956712
Zheng DBSCAN,Ceravolo,sudden_trace_noise10_1000_lp,600,300.0,[],[499],,,00:00:00,0.2008769999956712,0.0002008769999956712
Zheng DBSCAN,Ceravolo,sudden_trace_noise10_1000_IOR,300,30.0,[np.float64(449.5)],[499],1.0,49.5,00:00:00,0.22966390001238324,0.00022966390001238324
Zheng DBSCAN,Ceravolo,sudden_trace_noise10_1000_IOR,300,60.0,[np.float64(449.5)],[499],1.0,49.5,00:00:00,0.22966390001238324,0.00022966390001238324
Zheng DBSCAN,Ceravolo,sudden_trace_noise10_1000_IOR,300,90.0,[np.float64(449.5)],[499],1.0,49.5,00:00:00,0.22966390001238324,0.00022966390001238324
Zheng DBSCAN,Ceravolo,sudden_trace_noise10_1000_IOR,300,120.0,[np.float64(449.5)],[499],1.0,49.5,00:00:00,0.22966390001238324,0.00022966390001238324
Zheng DBSCAN,Ceravolo,sudden_trace_noise10_1000_IOR,300,150.0,[np.float64(449.5)],[499],1.0,49.5,00:00:00,0.22966390001238324,0.00022966390001238324
Zheng DBSCAN,Ostovar,Atomic_ConditionalMove_output_ConditionalMove,800,80.0,"[np.float64(941.4285714285714), np.float64(1934.7777777777778)]","[999, 1999]",1.0,60.89682539682536,00:00:04,4.276454600010766,0.0014259601867324995
Zheng DBSCAN,Ostovar,Atomic_ConditionalMove_output_ConditionalMove,800,160.0,"[np.float64(941.4285714285714), np.float64(1934.7777777777778)]","[999, 1999]",1.0,60.89682539682536,00:00:04,4.276454600010766,0.0014259601867324995
Zheng DBSCAN,Ostovar,Atomic_ConditionalMove_output_ConditionalMove,800,240.0,"[np.float64(941.4285714285714), np.float64(1934.7777777777778)]","[999, 1999]",1.0,60.89682539682536,00:00:04,4.276454600010766,0.0014259601867324995
Zheng DBSCAN,Ostovar,Atomic_ConditionalMove_output_ConditionalMove,800,320.0,"[np.float64(941.4285714285714), np.float64(1934.7777777777778)]","[999, 1999]",1.0,60.89682539682536,00:00:04,4.276454600010766,0.0014259601867324995
Zheng DBSCAN,Ostovar,Atomic_ConditionalMove_output_ConditionalMove,800,400.0,"[np.float64(941.4285714285714), np.float64(1934.7777777777778)]","[999, 1999]",1.0,60.89682539682536,00:00:04,4.276454600010766,0.0014259601867324995
Zheng DBSCAN,Ceravolo,sudden_trace_noise5_1000_cb,600,60.0,[],[499],,,00:00:00,0.20966419999604113,0.00020966419999604113
Zheng DBSCAN,Ceravolo,sudden_trace_noise5_1000_cb,600,120.0,[],[499],,,00:00:00,0.20966419999604113,0.00020966419999604113
Zheng DBSCAN,Ceravolo,sudden_trace_noise5_1000_cb,600,180.0,[],[499],,,00:00:00,0.20966419999604113,0.00020966419999604113
Zheng DBSCAN,Ceravolo,sudden_trace_noise5_1000_cb,600,240.0,[],[499],,,00:00:00,0.20966419999604113,0.00020966419999604113
Zheng DBSCAN,Ceravolo,sudden_trace_noise5_1000_cb,600,300.0,[],[499],,,00:00:00,0.20966419999604113,0.00020966419999604113
Zheng DBSCAN,Ostovar,Atomic_Loop_output_Loop_2,800,80.0,[np.float64(1491.6816283924843)],"[999, 1999]",,,00:00:04,4.113665400014725,0.001371679026347024
Zheng DBSCAN,Ostovar,Atomic_Loop_output_Loop_2,800,160.0,[np.float64(1491.6816283924843)],"[999, 1999]",,,00:00:04,4.113665400014725,0.001371679026347024
Zheng DBSCAN,Ostovar,Atomic_Loop_output_Loop_2,800,240.0,[np.float64(1491.6816283924843)],"[999, 1999]",,,00:00:04,4.113665400014725,0.001371679026347024
Zheng DBSCAN,Ostovar,Atomic_Loop_output_Loop_2,800,320.0,[np.float64(1491.6816283924843)],"[999, 1999]",,,00:00:04,4.113665400014725,0.001371679026347024
Zheng DBSCAN,Ostovar,Atomic_Loop_output_Loop_2,800,400.0,[np.float64(1491.6816283924843)],"[999, 1999]",,,00:00:04,4.113665400014725,0.001371679026347024
Zheng DBSCAN,AdditionalLogs,sudden_drift_04,600,60.0,"[np.float64(633.0), np.float64(835.75), np.float64(1020.2222222222222), np.float64(1186.0), np.float64(1492.0)]","[500, 1000]",0.5714285714285715,76.61111111111109,00:00:00,0.5867952999833506,0.00039119686665556704
Zheng DBSCAN,AdditionalLogs,sudden_drift_04,600,120.0,"[np.float64(633.0), np.float64(995.3478260869565), np.float64(1492.0)]","[500, 1000]",0.8,68.82608695652175,00:00:00,0.5867952999833506,0.00039119686665556704
Zheng DBSCAN,AdditionalLogs,sudden_drift_04,600,180.0,"[np.float64(678.6666666666666), np.float64(1492.0)]","[500, 1000]",0.5,178.66666666666663,00:00:00,0.5867952999833506,0.00039119686665556704
Zheng DBSCAN,AdditionalLogs,sudden_drift_04,600,240.0,"[np.float64(678.6666666666666), np.float64(1492.0)]","[500, 1000]",0.5,178.66666666666663,00:00:00,0.5867952999833506,0.00039119686665556704
Zheng DBSCAN,AdditionalLogs,sudden_drift_04,600,300.0,"[np.float64(678.6666666666666), np.float64(1492.0)]","[500, 1000]",0.5,178.66666666666663,00:00:00,0.5867952999833506,0.00039119686665556704
Zheng DBSCAN,AdditionalLogs,gradual_drift_03,800,80.0,"[np.float64(1008.1428571428571), np.float64(1390.0)]","[500, 1000]",0.5,8.14285714285711,00:00:00,0.4245674999838229,0.00030326249998844496
Zheng DBSCAN,AdditionalLogs,gradual_drift_03,800,160.0,"[np.float64(1008.1428571428571), np.float64(1390.0)]","[500, 1000]",0.5,8.14285714285711,00:00:00,0.4245674999838229,0.00030326249998844496
Zheng DBSCAN,AdditionalLogs,gradual_drift_03,800,240.0,[np.float64(1033.6)],"[500, 1000]",0.6666666666666666,33.59999999999991,00:00:00,0.4245674999838229,0.00030326249998844496
Zheng DBSCAN,AdditionalLogs,gradual_drift_03,800,320.0,[np.float64(1033.6)],"[500, 1000]",0.6666666666666666,33.59999999999991,00:00:00,0.4245674999838229,0.00030326249998844496
Zheng DBSCAN,AdditionalLogs,gradual_drift_03,800,400.0,[np.float64(808.9166666666666)],"[500, 1000]",0.6666666666666666,191.08333333333337,00:00:00,0.4245674999838229,0.00030326249998844496
Zheng DBSCAN,Ostovar,Nested_ROI_output_ROI,400,40.0,"[np.float64(948.6), np.float64(1068.0), np.float64(1927.3)]","[999, 1999]",0.8,61.05000000000001,00:00:03,3.707224000012502,0.001236153384465656
Zheng DBSCAN,Ostovar,Nested_ROI_output_ROI,400,80.0,"[np.float64(959.4545454545455), np.float64(1927.3)]","[999, 1999]",1.0,55.622727272727275,00:00:03,3.707224000012502,0.001236153384465656
Zheng DBSCAN,Ostovar,Nested_ROI_output_ROI,400,120.0,"[np.float64(959.4545454545455), np.float64(1927.3)]","[999, 1999]",1.0,55.622727272727275,00:00:03,3.707224000012502,0.001236153384465656
Zheng DBSCAN,Ostovar,Nested_ROI_output_ROI,400,160.0,"[np.float64(959.4545454545455), np.float64(1927.3)]","[999, 1999]",1.0,55.622727272727275,00:00:03,3.707224000012502,0.001236153384465656
Zheng DBSCAN,Ostovar,Nested_ROI_output_ROI,400,200.0,"[np.float64(959.4545454545455), np.float64(1927.3)]","[999, 1999]",1.0,55.622727272727275,00:00:03,3.707224000012502,0.001236153384465656
Zheng DBSCAN,Ostovar,Atomic_Swap_output_Swap_2,500,50.0,[np.float64(1493.3056664006385)],"[999, 1999]",,,00:00:04,4.459472799993819,0.0014869865955297829
Zheng DBSCAN,Ostovar,Atomic_Swap_output_Swap_2,500,100.0,[np.float64(1493.3056664006385)],"[999, 1999]",,,00:00:04,4.459472799993819,0.0014869865955297829
Zheng DBSCAN,Ostovar,Atomic_Swap_output_Swap_2,500,150.0,[np.float64(1493.3056664006385)],"[999, 1999]",,,00:00:04,4.459472799993819,0.0014869865955297829
Zheng DBSCAN,Ostovar,Atomic_Swap_output_Swap_2,500,200.0,[np.float64(1493.3056664006385)],"[999, 1999]",,,00:00:04,4.459472799993819,0.0014869865955297829
Zheng DBSCAN,Ostovar,Atomic_Swap_output_Swap_2,500,250.0,[np.float64(1493.3056664006385)],"[999, 1999]",,,00:00:04,4.459472799993819,0.0014869865955297829
Zheng DBSCAN,Ostovar,Nested_IRO_output_IRO_5,400,40.0,[np.float64(1507.7917917917919)],"[999, 1999]",,,00:00:05,5.561545600008685,0.0018544666888991948
Zheng DBSCAN,Ostovar,Nested_IRO_output_IRO_5,400,80.0,[np.float64(1507.7917917917919)],"[999, 1999]",,,00:00:05,5.561545600008685,0.0018544666888991948
Zheng DBSCAN,Ostovar,Nested_IRO_output_IRO_5,400,120.0,[np.float64(1507.7917917917919)],"[999, 1999]",,,00:00:05,5.561545600008685,0.0018544666888991948
Zheng DBSCAN,Ostovar,Nested_IRO_output_IRO_5,400,160.0,[np.float64(1507.7917917917919)],"[999, 1999]",,,00:00:05,5.561545600008685,0.0018544666888991948
Zheng DBSCAN,Ostovar,Nested_IRO_output_IRO_5,400,200.0,[np.float64(1507.7917917917919)],"[999, 1999]",,,00:00:05,5.561545600008685,0.0018544666888991948
Zheng DBSCAN,Ceravolo,sudden_trace_noise15_1000_cf,800,80.0,[],[499],,,00:00:00,0.19902589998673648,0.00019902589998673648
Zheng DBSCAN,Ceravolo,sudden_trace_noise15_1000_cf,800,160.0,[],[499],,,00:00:00,0.19902589998673648,0.00019902589998673648
Zheng DBSCAN,Ceravolo,sudden_trace_noise15_1000_cf,800,240.0,[],[499],,,00:00:00,0.19902589998673648,0.00019902589998673648
Zheng DBSCAN,Ceravolo,sudden_trace_noise15_1000_cf,800,320.0,[],[499],,,00:00:00,0.19902589998673648,0.00019902589998673648
Zheng DBSCAN,Ceravolo,sudden_trace_noise15_1000_cf,800,400.0,[],[499],,,00:00:00,0.19902589998673648,0.00019902589998673648
Zheng DBSCAN,AdditionalLogs,gradual_drift_01,800,80.0,"[np.float64(977.3846153846154), np.float64(1268.6666666666667), np.float64(1384.0)]","[500, 1000]",0.4,22.61538461538464,00:00:00,0.5004935000033583,0.00035749535714525596
Zheng DBSCAN,AdditionalLogs,gradual_drift_01,800,160.0,[np.float64(1052.7058823529412)],"[500, 1000]",0.6666666666666666,52.70588235294122,00:00:00,0.5004935000033583,0.00035749535714525596
Zheng DBSCAN,AdditionalLogs,gradual_drift_01,800,240.0,[np.float64(1052.7058823529412)],"[500, 1000]",0.6666666666666666,52.70588235294122,00:00:00,0.5004935000033583,0.00035749535714525596
Zheng DBSCAN,AdditionalLogs,gradual_drift_01,800,320.0,[np.float64(1052.7058823529412)],"[500, 1000]",0.6666666666666666,52.70588235294122,00:00:00,0.5004935000033583,0.00035749535714525596
Zheng DBSCAN,AdditionalLogs,gradual_drift_01,800,400.0,[np.float64(1052.7058823529412)],"[500, 1000]",0.6666666666666666,52.70588235294122,00:00:00,0.5004935000033583,0.00035749535714525596
Zheng DBSCAN,Ceravolo,sudden_trace_noise0_1000_pl,400,40.0,[],[499],,,00:00:00,0.19341810001060367,0.00019341810001060366
Zheng DBSCAN,Ceravolo,sudden_trace_noise0_1000_pl,400,80.0,[],[499],,,00:00:00,0.19341810001060367,0.00019341810001060366
Zheng DBSCAN,Ceravolo,sudden_trace_noise0_1000_pl,400,120.0,[],[499],,,00:00:00,0.19341810001060367,0.00019341810001060366
Zheng DBSCAN,Ceravolo,sudden_trace_noise0_1000_pl,400,160.0,[],[499],,,00:00:00,0.19341810001060367,0.00019341810001060366
Zheng DBSCAN,Ceravolo,sudden_trace_noise0_1000_pl,400,200.0,[],[499],,,00:00:00,0.19341810001060367,0.00019341810001060366
Zheng DBSCAN,Ostovar,Composite_ROI_output_ROI_5,300,30.0,[np.float64(1503.9326203208557)],"[999, 1999]",,,00:00:04,4.752744800003711,0.0015847765255097403
Zheng DBSCAN,Ostovar,Composite_ROI_output_ROI_5,300,60.0,[np.float64(1503.9326203208557)],"[999, 1999]",,,00:00:04,4.752744800003711,0.0015847765255097403
Zheng DBSCAN,Ostovar,Composite_ROI_output_ROI_5,300,90.0,[np.float64(1503.9326203208557)],"[999, 1999]",,,00:00:04,4.752744800003711,0.0015847765255097403
Zheng DBSCAN,Ostovar,Composite_ROI_output_ROI_5,300,120.0,[np.float64(1503.9326203208557)],"[999, 1999]",,,00:00:04,4.752744800003711,0.0015847765255097403
Zheng DBSCAN,Ostovar,Composite_ROI_output_ROI_5,300,150.0,[np.float64(1503.9326203208557)],"[999, 1999]",,,00:00:04,4.752744800003711,0.0015847765255097403
Zheng DBSCAN,Ceravolo,sudden_trace_noise0_1000_rp,600,60.0,[],[499],,,00:00:00,0.21552690002135932,0.00021552690002135932
Zheng DBSCAN,Ceravolo,sudden_trace_noise0_1000_rp,600,120.0,[],[499],,,00:00:00,0.21552690002135932,0.00021552690002135932
Zheng DBSCAN,Ceravolo,sudden_trace_noise0_1000_rp,600,180.0,[],[499],,,00:00:00,0.21552690002135932,0.00021552690002135932
Zheng DBSCAN,Ceravolo,sudden_trace_noise0_1000_rp,600,240.0,[],[499],,,00:00:00,0.21552690002135932,0.00021552690002135932
Zheng DBSCAN,Ceravolo,sudden_trace_noise0_1000_rp,600,300.0,[],[499],,,00:00:00,0.21552690002135932,0.00021552690002135932
Zheng DBSCAN,AdditionalLogs,recurring_drift_06,300,30.0,"[np.float64(309.5), np.float64(341.0), np.float64(398.5), np.float64(511.5), np.float64(574.0), np.float64(687.25), np.float64(838.5), np.float64(904.0), np.float64(985.1428571428571), np.float64(1072.5), np.float64(1231.0), np.float64(1401.0), np.float64(1454.0)]","[500, 1000]",0.2666666666666667,13.178571428571445,00:00:00,0.669781900011003,0.000446521266674002
Zheng DBSCAN,AdditionalLogs,recurring_drift_06,300,60.0,"[np.float64(351.4), np.float64(532.3333333333334), np.float64(687.25), np.float64(983.3571428571429), np.float64(1231.0), np.float64(1427.5)]","[500, 1000]",0.5,24.48809523809524,00:00:00,0.669781900011003,0.000446521266674002
Zheng DBSCAN,AdditionalLogs,recurring_drift_06,300,90.0,"[np.float64(351.4), np.float64(605.2352941176471), np.float64(983.3571428571429), np.float64(1231.0), np.float64(1427.5)]","[500, 1000]",0.5714285714285715,60.93907563025209,00:00:00,0.669781900011003,0.000446521266674002
Zheng DBSCAN,AdditionalLogs,recurring_drift_06,300,120.0,"[np.float64(717.0277777777778), np.float64(1231.0), np.float64(1427.5)]","[500, 1000]",,,00:00:00,0.669781900011003,0.000446521266674002
Zheng DBSCAN,AdditionalLogs,recurring_drift_06,300,150.0,"[np.float64(730.918918918919), np.float64(1427.5)]","[500, 1000]",,,00:00:00,0.669781900011003,0.000446521266674002
Zheng DBSCAN,Ostovar,Composite_OIR_output_OIR_2,400,40.0,[np.float64(1496.5688854489165)],"[999, 1999]",,,00:00:04,4.455683200008934,0.001485722974327754
Zheng DBSCAN,Ostovar,Composite_OIR_output_OIR_2,400,80.0,[np.float64(1496.5688854489165)],"[999, 1999]",,,00:00:04,4.455683200008934,0.001485722974327754
Zheng DBSCAN,Ostovar,Composite_OIR_output_OIR_2,400,120.0,[np.float64(1496.5688854489165)],"[999, 1999]",,,00:00:04,4.455683200008934,0.001485722974327754
Zheng DBSCAN,Ostovar,Composite_OIR_output_OIR_2,400,160.0,[np.float64(1496.5688854489165)],"[999, 1999]",,,00:00:04,4.455683200008934,0.001485722974327754
Zheng DBSCAN,Ostovar,Composite_OIR_output_OIR_2,400,200.0,[np.float64(1496.5688854489165)],"[999, 1999]",,,00:00:04,4.455683200008934,0.001485722974327754
