Algorithm,Log Source,Log,MRID,Epsilon,Detected Changepoints,Actual Changepoints for Log,F1-Score,Average Lag,Duration,Duration (Seconds),Seconds per Case
Zheng DBSCAN,Ostovar,Composite_IRO_output_IRO_5,800,80.0,[np.float64(1486.6426931905125)],"[999, 1999]",,,00:00:06,6.998226499999987,0.0023335200066688854
Zheng DBSCAN,Ostovar,Composite_IRO_output_IRO_5,800,160.0,[np.float64(1486.6426931905125)],"[999, 1999]",,,00:00:06,6.998226499999987,0.0023335200066688854
Zheng DBSCAN,Ostovar,Composite_IRO_output_IRO_5,800,240.0,[np.float64(1486.6426931905125)],"[999, 1999]",,,00:00:06,6.998226499999987,0.0023335200066688854
Zheng DBSCAN,Ostovar,Composite_IRO_output_IRO_5,800,320.0,[np.float64(1486.6426931905125)],"[999, 1999]",,,00:00:06,6.998226499999987,0.0023335200066688854
Zheng DBSCAN,Ostovar,Composite_IRO_output_IRO_5,800,400.0,[np.float64(1486.6426931905125)],"[999, 1999]",,,00:00:06,6.998226499999987,0.0023335200066688854
Zheng DBSCAN,Ceravolo,sudden_trace_noise15_1000_cd,700,70.0,[],[499],,,00:00:00,0.14628390000001446,0.00014628390000001446
Zheng DBSCAN,Ceravolo,sudden_trace_noise15_1000_cd,700,140.0,[],[499],,,00:00:00,0.14628390000001446,0.00014628390000001446
Zheng DBSCAN,Ceravolo,sudden_trace_noise15_1000_cd,700,210.0,[],[499],,,00:00:00,0.14628390000001446,0.00014628390000001446
Zheng DBSCAN,Ceravolo,sudden_trace_noise15_1000_cd,700,280.0,[],[499],,,00:00:00,0.14628390000001446,0.00014628390000001446
Zheng DBSCAN,Ceravolo,sudden_trace_noise15_1000_cd,700,350.0,[],[499],,,00:00:00,0.14628390000001446,0.00014628390000001446
Zheng DBSCAN,Ceravolo,sudden_trace_noise0_1000_OIR,400,40.0,[np.float64(448.0)],[499],1.0,51.0,00:00:00,0.872677699999997,0.000872677699999997
Zheng DBSCAN,Ceravolo,sudden_trace_noise0_1000_OIR,400,80.0,[np.float64(448.0)],[499],1.0,51.0,00:00:00,0.872677699999997,0.000872677699999997
Zheng DBSCAN,Ceravolo,sudden_trace_noise0_1000_OIR,400,120.0,[np.float64(448.0)],[499],1.0,51.0,00:00:00,0.872677699999997,0.000872677699999997
Zheng DBSCAN,Ceravolo,sudden_trace_noise0_1000_OIR,400,160.0,[np.float64(448.0)],[499],1.0,51.0,00:00:00,0.872677699999997,0.000872677699999997
Zheng DBSCAN,Ceravolo,sudden_trace_noise0_1000_OIR,400,200.0,[np.float64(448.0)],[499],1.0,51.0,00:00:00,0.872677699999997,0.000872677699999997
Zheng DBSCAN,Ostovar,Atomic_ParallelMove_output_ParallelMove_2,600,60.0,[np.float64(1518.1061588330633)],"[999, 1999]",,,00:00:06,6.827954299999988,0.0022767436812270716
Zheng DBSCAN,Ostovar,Atomic_ParallelMove_output_ParallelMove_2,600,120.0,[np.float64(1518.1061588330633)],"[999, 1999]",,,00:00:06,6.827954299999988,0.0022767436812270716
Zheng DBSCAN,Ostovar,Atomic_ParallelMove_output_ParallelMove_2,600,180.0,[np.float64(1518.1061588330633)],"[999, 1999]",,,00:00:06,6.827954299999988,0.0022767436812270716
Zheng DBSCAN,Ostovar,Atomic_ParallelMove_output_ParallelMove_2,600,240.0,[np.float64(1518.1061588330633)],"[999, 1999]",,,00:00:06,6.827954299999988,0.0022767436812270716
Zheng DBSCAN,Ostovar,Atomic_ParallelMove_output_ParallelMove_2,600,300.0,[np.float64(1518.1061588330633)],"[999, 1999]",,,00:00:06,6.827954299999988,0.0022767436812270716
Zheng DBSCAN,Ceravolo,sudden_trace_noise15_1000_rp,800,80.0,[],[499],,,00:00:00,0.18839780000001838,0.00018839780000001838
Zheng DBSCAN,Ceravolo,sudden_trace_noise15_1000_rp,800,160.0,[],[499],,,00:00:00,0.18839780000001838,0.00018839780000001838
Zheng DBSCAN,Ceravolo,sudden_trace_noise15_1000_rp,800,240.0,[],[499],,,00:00:00,0.18839780000001838,0.00018839780000001838
Zheng DBSCAN,Ceravolo,sudden_trace_noise15_1000_rp,800,320.0,[],[499],,,00:00:00,0.18839780000001838,0.00018839780000001838
Zheng DBSCAN,Ceravolo,sudden_trace_noise15_1000_rp,800,400.0,[],[499],,,00:00:00,0.18839780000001838,0.00018839780000001838
Zheng DBSCAN,Ceravolo,sudden_trace_noise0_1000_IRO,500,50.0,[],[499],,,00:00:00,0.2043060999999966,0.0002043060999999966
Zheng DBSCAN,Ceravolo,sudden_trace_noise0_1000_IRO,500,100.0,[],[499],,,00:00:00,0.2043060999999966,0.0002043060999999966
Zheng DBSCAN,Ceravolo,sudden_trace_noise0_1000_IRO,500,150.0,[],[499],,,00:00:00,0.2043060999999966,0.0002043060999999966
Zheng DBSCAN,Ceravolo,sudden_trace_noise0_1000_IRO,500,200.0,[],[499],,,00:00:00,0.2043060999999966,0.0002043060999999966
Zheng DBSCAN,Ceravolo,sudden_trace_noise0_1000_IRO,500,250.0,[],[499],,,00:00:00,0.2043060999999966,0.0002043060999999966
Zheng DBSCAN,Ceravolo,sudden_trace_noise20_1000_cb,800,80.0,[],[499],,,00:00:00,0.16940410000000838,0.0001694041000000084
Zheng DBSCAN,Ceravolo,sudden_trace_noise20_1000_cb,800,160.0,[],[499],,,00:00:00,0.16940410000000838,0.0001694041000000084
Zheng DBSCAN,Ceravolo,sudden_trace_noise20_1000_cb,800,240.0,[],[499],,,00:00:00,0.16940410000000838,0.0001694041000000084
Zheng DBSCAN,Ceravolo,sudden_trace_noise20_1000_cb,800,320.0,[],[499],,,00:00:00,0.16940410000000838,0.0001694041000000084
Zheng DBSCAN,Ceravolo,sudden_trace_noise20_1000_cb,800,400.0,[],[499],,,00:00:00,0.16940410000000838,0.0001694041000000084
Zheng DBSCAN,Ceravolo,sudden_trace_noise5_1000_pl,500,50.0,[],[499],,,00:00:00,0.16941719999999805,0.00016941719999999806
Zheng DBSCAN,Ceravolo,sudden_trace_noise5_1000_pl,500,100.0,[],[499],,,00:00:00,0.16941719999999805,0.00016941719999999806
Zheng DBSCAN,Ceravolo,sudden_trace_noise5_1000_pl,500,150.0,[],[499],,,00:00:00,0.16941719999999805,0.00016941719999999806
Zheng DBSCAN,Ceravolo,sudden_trace_noise5_1000_pl,500,200.0,[],[499],,,00:00:00,0.16941719999999805,0.00016941719999999806
Zheng DBSCAN,Ceravolo,sudden_trace_noise5_1000_pl,500,250.0,[],[499],,,00:00:00,0.16941719999999805,0.00016941719999999806
Zheng DBSCAN,Ostovar,Atomic_SerialRemoval_output_SerialRemoval,500,50.0,"[np.float64(938.25), np.float64(1935.5)]","[999, 1999]",1.0,62.125,00:00:04,4.627094599999964,0.0015428791597198947
Zheng DBSCAN,Ostovar,Atomic_SerialRemoval_output_SerialRemoval,500,100.0,"[np.float64(938.25), np.float64(1935.5)]","[999, 1999]",1.0,62.125,00:00:04,4.627094599999964,0.0015428791597198947
Zheng DBSCAN,Ostovar,Atomic_SerialRemoval_output_SerialRemoval,500,150.0,"[np.float64(938.25), np.float64(1935.5)]","[999, 1999]",1.0,62.125,00:00:04,4.627094599999964,0.0015428791597198947
Zheng DBSCAN,Ostovar,Atomic_SerialRemoval_output_SerialRemoval,500,200.0,"[np.float64(938.25), np.float64(1935.5)]","[999, 1999]",1.0,62.125,00:00:04,4.627094599999964,0.0015428791597198947
Zheng DBSCAN,Ostovar,Atomic_SerialRemoval_output_SerialRemoval,500,250.0,"[np.float64(938.25), np.float64(1935.5)]","[999, 1999]",1.0,62.125,00:00:04,4.627094599999964,0.0015428791597198947
Zheng DBSCAN,Ostovar,Atomic_ConditionalRemoval_output_ConditionalRemoval_5,300,30.0,[np.float64(1512.4452133794694)],"[999, 1999]",,,00:00:05,5.969575499999962,0.001990522007335766
Zheng DBSCAN,Ostovar,Atomic_ConditionalRemoval_output_ConditionalRemoval_5,300,60.0,[np.float64(1512.4452133794694)],"[999, 1999]",,,00:00:05,5.969575499999962,0.001990522007335766
Zheng DBSCAN,Ostovar,Atomic_ConditionalRemoval_output_ConditionalRemoval_5,300,90.0,[np.float64(1512.4452133794694)],"[999, 1999]",,,00:00:05,5.969575499999962,0.001990522007335766
Zheng DBSCAN,Ostovar,Atomic_ConditionalRemoval_output_ConditionalRemoval_5,300,120.0,[np.float64(1512.4452133794694)],"[999, 1999]",,,00:00:05,5.969575499999962,0.001990522007335766
Zheng DBSCAN,Ostovar,Atomic_ConditionalRemoval_output_ConditionalRemoval_5,300,150.0,[np.float64(1512.4452133794694)],"[999, 1999]",,,00:00:05,5.969575499999962,0.001990522007335766
Zheng DBSCAN,Ostovar,Atomic_SerialMove_output_SerialMove_5,700,70.0,[np.float64(1519.735648476258)],"[999, 1999]",,,00:00:06,6.589506799999981,0.0021972346782260692
Zheng DBSCAN,Ostovar,Atomic_SerialMove_output_SerialMove_5,700,140.0,[np.float64(1519.735648476258)],"[999, 1999]",,,00:00:06,6.589506799999981,0.0021972346782260692
Zheng DBSCAN,Ostovar,Atomic_SerialMove_output_SerialMove_5,700,210.0,[np.float64(1519.735648476258)],"[999, 1999]",,,00:00:06,6.589506799999981,0.0021972346782260692
Zheng DBSCAN,Ostovar,Atomic_SerialMove_output_SerialMove_5,700,280.0,[np.float64(1519.735648476258)],"[999, 1999]",,,00:00:06,6.589506799999981,0.0021972346782260692
Zheng DBSCAN,Ostovar,Atomic_SerialMove_output_SerialMove_5,700,350.0,[np.float64(1519.735648476258)],"[999, 1999]",,,00:00:06,6.589506799999981,0.0021972346782260692
Zheng DBSCAN,Ceravolo,sudden_trace_noise20_1000_cb,700,70.0,[],[499],,,00:00:00,0.1895498999999745,0.00018954989999997451
Zheng DBSCAN,Ceravolo,sudden_trace_noise20_1000_cb,700,140.0,[],[499],,,00:00:00,0.1895498999999745,0.00018954989999997451
Zheng DBSCAN,Ceravolo,sudden_trace_noise20_1000_cb,700,210.0,[],[499],,,00:00:00,0.1895498999999745,0.00018954989999997451
Zheng DBSCAN,Ceravolo,sudden_trace_noise20_1000_cb,700,280.0,[],[499],,,00:00:00,0.1895498999999745,0.00018954989999997451
Zheng DBSCAN,Ceravolo,sudden_trace_noise20_1000_cb,700,350.0,[],[499],,,00:00:00,0.1895498999999745,0.00018954989999997451
Zheng DBSCAN,Ceravolo,sudden_trace_noise20_1000_RIO,500,50.0,[],[499],,,00:00:00,0.19817550000004758,0.00019817550000004758
Zheng DBSCAN,Ceravolo,sudden_trace_noise20_1000_RIO,500,100.0,[],[499],,,00:00:00,0.19817550000004758,0.00019817550000004758
Zheng DBSCAN,Ceravolo,sudden_trace_noise20_1000_RIO,500,150.0,[],[499],,,00:00:00,0.19817550000004758,0.00019817550000004758
Zheng DBSCAN,Ceravolo,sudden_trace_noise20_1000_RIO,500,200.0,[],[499],,,00:00:00,0.19817550000004758,0.00019817550000004758
Zheng DBSCAN,Ceravolo,sudden_trace_noise20_1000_RIO,500,250.0,[],[499],,,00:00:00,0.19817550000004758,0.00019817550000004758
Zheng DBSCAN,Ceravolo,sudden_trace_noise15_1000_lp,800,80.0,[],[499],,,00:00:00,0.19606760000004897,0.00019606760000004896
Zheng DBSCAN,Ceravolo,sudden_trace_noise15_1000_lp,800,160.0,[],[499],,,00:00:00,0.19606760000004897,0.00019606760000004896
Zheng DBSCAN,Ceravolo,sudden_trace_noise15_1000_lp,800,240.0,[],[499],,,00:00:00,0.19606760000004897,0.00019606760000004896
Zheng DBSCAN,Ceravolo,sudden_trace_noise15_1000_lp,800,320.0,[],[499],,,00:00:00,0.19606760000004897,0.00019606760000004896
Zheng DBSCAN,Ceravolo,sudden_trace_noise15_1000_lp,800,400.0,[],[499],,,00:00:00,0.19606760000004897,0.00019606760000004896
Zheng DBSCAN,Ceravolo,sudden_trace_noise20_1000_pm,700,70.0,[],[499],,,00:00:00,0.2051958000000127,0.0002051958000000127
Zheng DBSCAN,Ceravolo,sudden_trace_noise20_1000_pm,700,140.0,[],[499],,,00:00:00,0.2051958000000127,0.0002051958000000127
Zheng DBSCAN,Ceravolo,sudden_trace_noise20_1000_pm,700,210.0,[],[499],,,00:00:00,0.2051958000000127,0.0002051958000000127
Zheng DBSCAN,Ceravolo,sudden_trace_noise20_1000_pm,700,280.0,[],[499],,,00:00:00,0.2051958000000127,0.0002051958000000127
Zheng DBSCAN,Ceravolo,sudden_trace_noise20_1000_pm,700,350.0,[],[499],,,00:00:00,0.2051958000000127,0.0002051958000000127
Zheng DBSCAN,Ostovar,Composite_ROI_output_ROI,600,60.0,"[np.float64(940.25), np.float64(1936.6923076923076)]","[999, 1999]",1.0,60.52884615384619,00:00:05,5.681048599999997,0.0018943143047682551
Zheng DBSCAN,Ostovar,Composite_ROI_output_ROI,600,120.0,"[np.float64(940.25), np.float64(1936.6923076923076)]","[999, 1999]",1.0,60.52884615384619,00:00:05,5.681048599999997,0.0018943143047682551
Zheng DBSCAN,Ostovar,Composite_ROI_output_ROI,600,180.0,"[np.float64(940.25), np.float64(1936.6923076923076)]","[999, 1999]",1.0,60.52884615384619,00:00:05,5.681048599999997,0.0018943143047682551
Zheng DBSCAN,Ostovar,Composite_ROI_output_ROI,600,240.0,"[np.float64(940.25), np.float64(1936.6923076923076)]","[999, 1999]",1.0,60.52884615384619,00:00:05,5.681048599999997,0.0018943143047682551
Zheng DBSCAN,Ostovar,Composite_ROI_output_ROI,600,300.0,"[np.float64(940.25), np.float64(1936.6923076923076)]","[999, 1999]",1.0,60.52884615384619,00:00:05,5.681048599999997,0.0018943143047682551
Zheng DBSCAN,Ostovar,Composite_RIO_output_RIO,400,40.0,"[np.float64(937.1428571428571), np.float64(1939.5)]","[999, 1999]",1.0,60.678571428571445,00:00:05,5.397127799999964,0.0017996424808269303
Zheng DBSCAN,Ostovar,Composite_RIO_output_RIO,400,80.0,"[np.float64(937.1428571428571), np.float64(1939.5)]","[999, 1999]",1.0,60.678571428571445,00:00:05,5.397127799999964,0.0017996424808269303
Zheng DBSCAN,Ostovar,Composite_RIO_output_RIO,400,120.0,"[np.float64(937.1428571428571), np.float64(1939.5)]","[999, 1999]",1.0,60.678571428571445,00:00:05,5.397127799999964,0.0017996424808269303
Zheng DBSCAN,Ostovar,Composite_RIO_output_RIO,400,160.0,"[np.float64(937.1428571428571), np.float64(1939.5)]","[999, 1999]",1.0,60.678571428571445,00:00:05,5.397127799999964,0.0017996424808269303
Zheng DBSCAN,Ostovar,Composite_RIO_output_RIO,400,200.0,"[np.float64(937.1428571428571), np.float64(1939.5)]","[999, 1999]",1.0,60.678571428571445,00:00:05,5.397127799999964,0.0017996424808269303
Zheng DBSCAN,Ostovar,Nested_ROI_output_ROI_2,300,30.0,[np.float64(1505.9963950973324)],"[999, 1999]",,,00:00:06,6.101644399999998,0.0020345596532177386
Zheng DBSCAN,Ostovar,Nested_ROI_output_ROI_2,300,60.0,[np.float64(1505.9963950973324)],"[999, 1999]",,,00:00:06,6.101644399999998,0.0020345596532177386
Zheng DBSCAN,Ostovar,Nested_ROI_output_ROI_2,300,90.0,[np.float64(1505.9963950973324)],"[999, 1999]",,,00:00:06,6.101644399999998,0.0020345596532177386
Zheng DBSCAN,Ostovar,Nested_ROI_output_ROI_2,300,120.0,[np.float64(1505.9963950973324)],"[999, 1999]",,,00:00:06,6.101644399999998,0.0020345596532177386
Zheng DBSCAN,Ostovar,Nested_ROI_output_ROI_2,300,150.0,[np.float64(1505.9963950973324)],"[999, 1999]",,,00:00:06,6.101644399999998,0.0020345596532177386
Zheng DBSCAN,Ostovar,Composite_OIR_output_OIR_2,500,50.0,[np.float64(1488.4772914946325)],"[999, 1999]",,,00:00:06,6.393774400000041,0.002131968789596546
Zheng DBSCAN,Ostovar,Composite_OIR_output_OIR_2,500,100.0,[np.float64(1488.4772914946325)],"[999, 1999]",,,00:00:06,6.393774400000041,0.002131968789596546
Zheng DBSCAN,Ostovar,Composite_OIR_output_OIR_2,500,150.0,[np.float64(1488.4772914946325)],"[999, 1999]",,,00:00:06,6.393774400000041,0.002131968789596546
Zheng DBSCAN,Ostovar,Composite_OIR_output_OIR_2,500,200.0,[np.float64(1488.4772914946325)],"[999, 1999]",,,00:00:06,6.393774400000041,0.002131968789596546
Zheng DBSCAN,Ostovar,Composite_OIR_output_OIR_2,500,250.0,[np.float64(1488.4772914946325)],"[999, 1999]",,,00:00:06,6.393774400000041,0.002131968789596546
Zheng DBSCAN,Ceravolo,sudden_trace_noise10_1000_lp,800,80.0,[],[499],,,00:00:00,0.14270870000001423,0.00014270870000001424
Zheng DBSCAN,Ceravolo,sudden_trace_noise10_1000_lp,800,160.0,[],[499],,,00:00:00,0.14270870000001423,0.00014270870000001424
Zheng DBSCAN,Ceravolo,sudden_trace_noise10_1000_lp,800,240.0,[],[499],,,00:00:00,0.14270870000001423,0.00014270870000001424
Zheng DBSCAN,Ceravolo,sudden_trace_noise10_1000_lp,800,320.0,[],[499],,,00:00:00,0.14270870000001423,0.00014270870000001424
Zheng DBSCAN,Ceravolo,sudden_trace_noise10_1000_lp,800,400.0,[],[499],,,00:00:00,0.14270870000001423,0.00014270870000001424
Zheng DBSCAN,Ostovar,Nested_ROI_output_ROI,400,40.0,"[np.float64(948.6), np.float64(1068.0), np.float64(1927.3)]","[999, 1999]",0.8,61.05000000000001,00:00:04,4.881739500000037,0.0016277890963654676
Zheng DBSCAN,Ostovar,Nested_ROI_output_ROI,400,80.0,"[np.float64(959.4545454545455), np.float64(1927.3)]","[999, 1999]",1.0,55.622727272727275,00:00:04,4.881739500000037,0.0016277890963654676
Zheng DBSCAN,Ostovar,Nested_ROI_output_ROI,400,120.0,"[np.float64(959.4545454545455), np.float64(1927.3)]","[999, 1999]",1.0,55.622727272727275,00:00:04,4.881739500000037,0.0016277890963654676
Zheng DBSCAN,Ostovar,Nested_ROI_output_ROI,400,160.0,"[np.float64(959.4545454545455), np.float64(1927.3)]","[999, 1999]",1.0,55.622727272727275,00:00:04,4.881739500000037,0.0016277890963654676
Zheng DBSCAN,Ostovar,Nested_ROI_output_ROI,400,200.0,"[np.float64(959.4545454545455), np.float64(1927.3)]","[999, 1999]",1.0,55.622727272727275,00:00:04,4.881739500000037,0.0016277890963654676
Zheng DBSCAN,Ostovar,Atomic_Loop_output_Loop_2,400,40.0,[np.float64(1471.6472416472416)],"[999, 1999]",,,00:00:05,5.4394366999999875,0.0018137501500500124
Zheng DBSCAN,Ostovar,Atomic_Loop_output_Loop_2,400,80.0,[np.float64(1471.6472416472416)],"[999, 1999]",,,00:00:05,5.4394366999999875,0.0018137501500500124
Zheng DBSCAN,Ostovar,Atomic_Loop_output_Loop_2,400,120.0,[np.float64(1471.6472416472416)],"[999, 1999]",,,00:00:05,5.4394366999999875,0.0018137501500500124
Zheng DBSCAN,Ostovar,Atomic_Loop_output_Loop_2,400,160.0,[np.float64(1471.6472416472416)],"[999, 1999]",,,00:00:05,5.4394366999999875,0.0018137501500500124
Zheng DBSCAN,Ostovar,Atomic_Loop_output_Loop_2,400,200.0,[np.float64(1471.6472416472416)],"[999, 1999]",,,00:00:05,5.4394366999999875,0.0018137501500500124
Zheng DBSCAN,Ostovar,Composite_IRO_output_IRO,400,40.0,"[np.float64(948.0666666666667), np.float64(1943.5714285714287)]","[999, 1999]",1.0,53.180952380952306,00:00:05,5.859288800000002,0.0019537475158386136
Zheng DBSCAN,Ostovar,Composite_IRO_output_IRO,400,80.0,"[np.float64(948.0666666666667), np.float64(1943.5714285714287)]","[999, 1999]",1.0,53.180952380952306,00:00:05,5.859288800000002,0.0019537475158386136
Zheng DBSCAN,Ostovar,Composite_IRO_output_IRO,400,120.0,"[np.float64(948.0666666666667), np.float64(1943.5714285714287)]","[999, 1999]",1.0,53.180952380952306,00:00:05,5.859288800000002,0.0019537475158386136
Zheng DBSCAN,Ostovar,Composite_IRO_output_IRO,400,160.0,"[np.float64(948.0666666666667), np.float64(1943.5714285714287)]","[999, 1999]",1.0,53.180952380952306,00:00:05,5.859288800000002,0.0019537475158386136
Zheng DBSCAN,Ostovar,Composite_IRO_output_IRO,400,200.0,"[np.float64(948.0666666666667), np.float64(1943.5714285714287)]","[999, 1999]",1.0,53.180952380952306,00:00:05,5.859288800000002,0.0019537475158386136
Zheng DBSCAN,Ceravolo,sudden_trace_noise5_1000_cf,300,30.0,[np.float64(447.0)],[499],1.0,52.0,00:00:00,0.1788050000000112,0.0001788050000000112
Zheng DBSCAN,Ceravolo,sudden_trace_noise5_1000_cf,300,60.0,[np.float64(447.0)],[499],1.0,52.0,00:00:00,0.1788050000000112,0.0001788050000000112
Zheng DBSCAN,Ceravolo,sudden_trace_noise5_1000_cf,300,90.0,[np.float64(447.0)],[499],1.0,52.0,00:00:00,0.1788050000000112,0.0001788050000000112
Zheng DBSCAN,Ceravolo,sudden_trace_noise5_1000_cf,300,120.0,[np.float64(447.0)],[499],1.0,52.0,00:00:00,0.1788050000000112,0.0001788050000000112
Zheng DBSCAN,Ceravolo,sudden_trace_noise5_1000_cf,300,150.0,[np.float64(447.0)],[499],1.0,52.0,00:00:00,0.1788050000000112,0.0001788050000000112
Zheng DBSCAN,Ostovar,Nested_OIR_output_OIR,500,50.0,"[np.float64(935.5), np.float64(1935.25)]","[999, 1999]",1.0,63.625,00:00:05,5.680819600000007,0.0018942379459819963
Zheng DBSCAN,Ostovar,Nested_OIR_output_OIR,500,100.0,"[np.float64(935.5), np.float64(1935.25)]","[999, 1999]",1.0,63.625,00:00:05,5.680819600000007,0.0018942379459819963
Zheng DBSCAN,Ostovar,Nested_OIR_output_OIR,500,150.0,"[np.float64(935.5), np.float64(1935.25)]","[999, 1999]",1.0,63.625,00:00:05,5.680819600000007,0.0018942379459819963
Zheng DBSCAN,Ostovar,Nested_OIR_output_OIR,500,200.0,"[np.float64(935.5), np.float64(1935.25)]","[999, 1999]",1.0,63.625,00:00:05,5.680819600000007,0.0018942379459819963
Zheng DBSCAN,Ostovar,Nested_OIR_output_OIR,500,250.0,"[np.float64(935.5), np.float64(1935.25)]","[999, 1999]",1.0,63.625,00:00:05,5.680819600000007,0.0018942379459819963
Zheng DBSCAN,Ceravolo,sudden_trace_noise15_1000_sw,500,50.0,[],[499],,,00:00:00,0.18979010000003882,0.00018979010000003883
Zheng DBSCAN,Ceravolo,sudden_trace_noise15_1000_sw,500,100.0,[],[499],,,00:00:00,0.18979010000003882,0.00018979010000003883
Zheng DBSCAN,Ceravolo,sudden_trace_noise15_1000_sw,500,150.0,[],[499],,,00:00:00,0.18979010000003882,0.00018979010000003883
Zheng DBSCAN,Ceravolo,sudden_trace_noise15_1000_sw,500,200.0,[],[499],,,00:00:00,0.18979010000003882,0.00018979010000003883
Zheng DBSCAN,Ceravolo,sudden_trace_noise15_1000_sw,500,250.0,[],[499],,,00:00:00,0.18979010000003882,0.00018979010000003883
Zheng DBSCAN,Ceravolo,sudden_trace_noise20_1000_cp,500,50.0,[],[499],,,00:00:00,0.21223200000002862,0.00021223200000002862
Zheng DBSCAN,Ceravolo,sudden_trace_noise20_1000_cp,500,100.0,[],[499],,,00:00:00,0.21223200000002862,0.00021223200000002862
Zheng DBSCAN,Ceravolo,sudden_trace_noise20_1000_cp,500,150.0,[],[499],,,00:00:00,0.21223200000002862,0.00021223200000002862
Zheng DBSCAN,Ceravolo,sudden_trace_noise20_1000_cp,500,200.0,[],[499],,,00:00:00,0.21223200000002862,0.00021223200000002862
Zheng DBSCAN,Ceravolo,sudden_trace_noise20_1000_cp,500,250.0,[],[499],,,00:00:00,0.21223200000002862,0.00021223200000002862
Zheng DBSCAN,Ceravolo,sudden_trace_noise0_1000_cb,700,70.0,[],[499],,,00:00:00,0.1904448999999886,0.0001904448999999886
Zheng DBSCAN,Ceravolo,sudden_trace_noise0_1000_cb,700,140.0,[],[499],,,00:00:00,0.1904448999999886,0.0001904448999999886
Zheng DBSCAN,Ceravolo,sudden_trace_noise0_1000_cb,700,210.0,[],[499],,,00:00:00,0.1904448999999886,0.0001904448999999886
Zheng DBSCAN,Ceravolo,sudden_trace_noise0_1000_cb,700,280.0,[],[499],,,00:00:00,0.1904448999999886,0.0001904448999999886
Zheng DBSCAN,Ceravolo,sudden_trace_noise0_1000_cb,700,350.0,[],[499],,,00:00:00,0.1904448999999886,0.0001904448999999886
Zheng DBSCAN,Ceravolo,sudden_trace_noise15_1000_RIO,800,80.0,[],[499],,,00:00:00,0.17426660000000993,0.00017426660000000992
Zheng DBSCAN,Ceravolo,sudden_trace_noise15_1000_RIO,800,160.0,[],[499],,,00:00:00,0.17426660000000993,0.00017426660000000992
Zheng DBSCAN,Ceravolo,sudden_trace_noise15_1000_RIO,800,240.0,[],[499],,,00:00:00,0.17426660000000993,0.00017426660000000992
Zheng DBSCAN,Ceravolo,sudden_trace_noise15_1000_RIO,800,320.0,[],[499],,,00:00:00,0.17426660000000993,0.00017426660000000992
Zheng DBSCAN,Ceravolo,sudden_trace_noise15_1000_RIO,800,400.0,[],[499],,,00:00:00,0.17426660000000993,0.00017426660000000992
Zheng DBSCAN,Ceravolo,sudden_trace_noise20_1000_sw,500,50.0,[],[499],,,00:00:00,0.20784609999998338,0.0002078460999999834
Zheng DBSCAN,Ceravolo,sudden_trace_noise20_1000_sw,500,100.0,[],[499],,,00:00:00,0.20784609999998338,0.0002078460999999834
Zheng DBSCAN,Ceravolo,sudden_trace_noise20_1000_sw,500,150.0,[],[499],,,00:00:00,0.20784609999998338,0.0002078460999999834
Zheng DBSCAN,Ceravolo,sudden_trace_noise20_1000_sw,500,200.0,[],[499],,,00:00:00,0.20784609999998338,0.0002078460999999834
Zheng DBSCAN,Ceravolo,sudden_trace_noise20_1000_sw,500,250.0,[],[499],,,00:00:00,0.20784609999998338,0.0002078460999999834
Zheng DBSCAN,Ostovar,Composite_ROI_output_ROI_2,400,40.0,[np.float64(1484.3855963990998)],"[999, 1999]",,,00:00:06,6.6006424000000266,0.002200947782594207
Zheng DBSCAN,Ostovar,Composite_ROI_output_ROI_2,400,80.0,[np.float64(1484.3855963990998)],"[999, 1999]",,,00:00:06,6.6006424000000266,0.002200947782594207
Zheng DBSCAN,Ostovar,Composite_ROI_output_ROI_2,400,120.0,[np.float64(1484.3855963990998)],"[999, 1999]",,,00:00:06,6.6006424000000266,0.002200947782594207
Zheng DBSCAN,Ostovar,Composite_ROI_output_ROI_2,400,160.0,[np.float64(1484.3855963990998)],"[999, 1999]",,,00:00:06,6.6006424000000266,0.002200947782594207
Zheng DBSCAN,Ostovar,Composite_ROI_output_ROI_2,400,200.0,[np.float64(1484.3855963990998)],"[999, 1999]",,,00:00:06,6.6006424000000266,0.002200947782594207
Zheng DBSCAN,Ceravolo,sudden_trace_noise15_1000_OIR,600,60.0,[],[499],,,00:00:00,0.21546599999999216,0.00021546599999999215
Zheng DBSCAN,Ceravolo,sudden_trace_noise15_1000_OIR,600,120.0,[],[499],,,00:00:00,0.21546599999999216,0.00021546599999999215
Zheng DBSCAN,Ceravolo,sudden_trace_noise15_1000_OIR,600,180.0,[],[499],,,00:00:00,0.21546599999999216,0.00021546599999999215
Zheng DBSCAN,Ceravolo,sudden_trace_noise15_1000_OIR,600,240.0,[],[499],,,00:00:00,0.21546599999999216,0.00021546599999999215
Zheng DBSCAN,Ceravolo,sudden_trace_noise15_1000_OIR,600,300.0,[],[499],,,00:00:00,0.21546599999999216,0.00021546599999999215
Zheng DBSCAN,Ostovar,Atomic_Loop_output_Loop,400,40.0,"[np.float64(915.0), np.float64(1954.0)]","[999, 1999]",1.0,64.5,00:00:04,4.3154810999999995,0.0014389733577859286
Zheng DBSCAN,Ostovar,Atomic_Loop_output_Loop,400,80.0,"[np.float64(915.0), np.float64(1954.0)]","[999, 1999]",1.0,64.5,00:00:04,4.3154810999999995,0.0014389733577859286
Zheng DBSCAN,Ostovar,Atomic_Loop_output_Loop,400,120.0,"[np.float64(915.0), np.float64(1954.0)]","[999, 1999]",1.0,64.5,00:00:04,4.3154810999999995,0.0014389733577859286
Zheng DBSCAN,Ostovar,Atomic_Loop_output_Loop,400,160.0,"[np.float64(915.0), np.float64(1954.0)]","[999, 1999]",1.0,64.5,00:00:04,4.3154810999999995,0.0014389733577859286
Zheng DBSCAN,Ostovar,Atomic_Loop_output_Loop,400,200.0,"[np.float64(915.0), np.float64(1954.0)]","[999, 1999]",1.0,64.5,00:00:04,4.3154810999999995,0.0014389733577859286
Zheng DBSCAN,Ostovar,Atomic_SerialMove_output_SerialMove,400,40.0,"[np.float64(933.5), np.float64(1939.375)]","[999, 1999]",1.0,62.5625,00:00:05,5.354530100000034,0.0017854385128376238
Zheng DBSCAN,Ostovar,Atomic_SerialMove_output_SerialMove,400,80.0,"[np.float64(933.5), np.float64(1939.375)]","[999, 1999]",1.0,62.5625,00:00:05,5.354530100000034,0.0017854385128376238
Zheng DBSCAN,Ostovar,Atomic_SerialMove_output_SerialMove,400,120.0,"[np.float64(933.5), np.float64(1939.375)]","[999, 1999]",1.0,62.5625,00:00:05,5.354530100000034,0.0017854385128376238
Zheng DBSCAN,Ostovar,Atomic_SerialMove_output_SerialMove,400,160.0,"[np.float64(933.5), np.float64(1939.375)]","[999, 1999]",1.0,62.5625,00:00:05,5.354530100000034,0.0017854385128376238
Zheng DBSCAN,Ostovar,Atomic_SerialMove_output_SerialMove,400,200.0,"[np.float64(933.5), np.float64(1939.375)]","[999, 1999]",1.0,62.5625,00:00:05,5.354530100000034,0.0017854385128376238
Zheng DBSCAN,Ceravolo,sudden_trace_noise5_1000_cb,300,30.0,[np.float64(451.0)],[499],1.0,48.0,00:00:00,0.18231459999998378,0.0001823145999999838
Zheng DBSCAN,Ceravolo,sudden_trace_noise5_1000_cb,300,60.0,[np.float64(451.0)],[499],1.0,48.0,00:00:00,0.18231459999998378,0.0001823145999999838
Zheng DBSCAN,Ceravolo,sudden_trace_noise5_1000_cb,300,90.0,[np.float64(451.0)],[499],1.0,48.0,00:00:00,0.18231459999998378,0.0001823145999999838
Zheng DBSCAN,Ceravolo,sudden_trace_noise5_1000_cb,300,120.0,[np.float64(451.0)],[499],1.0,48.0,00:00:00,0.18231459999998378,0.0001823145999999838
Zheng DBSCAN,Ceravolo,sudden_trace_noise5_1000_cb,300,150.0,[np.float64(451.0)],[499],1.0,48.0,00:00:00,0.18231459999998378,0.0001823145999999838
Zheng DBSCAN,Ceravolo,sudden_trace_noise15_1000_pm,500,50.0,[],[499],,,00:00:00,0.18010759999998527,0.00018010759999998526
Zheng DBSCAN,Ceravolo,sudden_trace_noise15_1000_pm,500,100.0,[],[499],,,00:00:00,0.18010759999998527,0.00018010759999998526
Zheng DBSCAN,Ceravolo,sudden_trace_noise15_1000_pm,500,150.0,[],[499],,,00:00:00,0.18010759999998527,0.00018010759999998526
Zheng DBSCAN,Ceravolo,sudden_trace_noise15_1000_pm,500,200.0,[],[499],,,00:00:00,0.18010759999998527,0.00018010759999998526
Zheng DBSCAN,Ceravolo,sudden_trace_noise15_1000_pm,500,250.0,[],[499],,,00:00:00,0.18010759999998527,0.00018010759999998526
Zheng DBSCAN,Ceravolo,sudden_trace_noise10_1000_pm,600,60.0,[],[499],,,00:00:00,0.19255259999999907,0.00019255259999999906
Zheng DBSCAN,Ceravolo,sudden_trace_noise10_1000_pm,600,120.0,[],[499],,,00:00:00,0.19255259999999907,0.00019255259999999906
Zheng DBSCAN,Ceravolo,sudden_trace_noise10_1000_pm,600,180.0,[],[499],,,00:00:00,0.19255259999999907,0.00019255259999999906
Zheng DBSCAN,Ceravolo,sudden_trace_noise10_1000_pm,600,240.0,[],[499],,,00:00:00,0.19255259999999907,0.00019255259999999906
Zheng DBSCAN,Ceravolo,sudden_trace_noise10_1000_pm,600,300.0,[],[499],,,00:00:00,0.19255259999999907,0.00019255259999999906
Zheng DBSCAN,Ceravolo,sudden_trace_noise15_1000_rp,500,50.0,[],[499],,,00:00:00,0.21357970000002524,0.00021357970000002524
Zheng DBSCAN,Ceravolo,sudden_trace_noise15_1000_rp,500,100.0,[],[499],,,00:00:00,0.21357970000002524,0.00021357970000002524
Zheng DBSCAN,Ceravolo,sudden_trace_noise15_1000_rp,500,150.0,[],[499],,,00:00:00,0.21357970000002524,0.00021357970000002524
Zheng DBSCAN,Ceravolo,sudden_trace_noise15_1000_rp,500,200.0,[],[499],,,00:00:00,0.21357970000002524,0.00021357970000002524
Zheng DBSCAN,Ceravolo,sudden_trace_noise15_1000_rp,500,250.0,[],[499],,,00:00:00,0.21357970000002524,0.00021357970000002524
Zheng DBSCAN,Ceravolo,sudden_trace_noise0_1000_IRO,300,30.0,[np.float64(448.6666666666667)],[499],1.0,50.333333333333314,00:00:00,0.22534680000001117,0.00022534680000001116
Zheng DBSCAN,Ceravolo,sudden_trace_noise0_1000_IRO,300,60.0,[np.float64(448.6666666666667)],[499],1.0,50.333333333333314,00:00:00,0.22534680000001117,0.00022534680000001116
Zheng DBSCAN,Ceravolo,sudden_trace_noise0_1000_IRO,300,90.0,[np.float64(448.6666666666667)],[499],1.0,50.333333333333314,00:00:00,0.22534680000001117,0.00022534680000001116
Zheng DBSCAN,Ceravolo,sudden_trace_noise0_1000_IRO,300,120.0,[np.float64(448.6666666666667)],[499],1.0,50.333333333333314,00:00:00,0.22534680000001117,0.00022534680000001116
Zheng DBSCAN,Ceravolo,sudden_trace_noise0_1000_IRO,300,150.0,[np.float64(448.6666666666667)],[499],1.0,50.333333333333314,00:00:00,0.22534680000001117,0.00022534680000001116
Zheng DBSCAN,Ostovar,Atomic_Substitute_output_Substitute_5,400,40.0,[np.float64(1500.2090634441088)],"[999, 1999]",,,00:00:06,6.643183100000044,0.0022151327442480975
Zheng DBSCAN,Ostovar,Atomic_Substitute_output_Substitute_5,400,80.0,[np.float64(1500.2090634441088)],"[999, 1999]",,,00:00:06,6.643183100000044,0.0022151327442480975
Zheng DBSCAN,Ostovar,Atomic_Substitute_output_Substitute_5,400,120.0,[np.float64(1500.2090634441088)],"[999, 1999]",,,00:00:06,6.643183100000044,0.0022151327442480975
Zheng DBSCAN,Ostovar,Atomic_Substitute_output_Substitute_5,400,160.0,[np.float64(1500.2090634441088)],"[999, 1999]",,,00:00:06,6.643183100000044,0.0022151327442480975
Zheng DBSCAN,Ostovar,Atomic_Substitute_output_Substitute_5,400,200.0,[np.float64(1500.2090634441088)],"[999, 1999]",,,00:00:06,6.643183100000044,0.0022151327442480975
Zheng DBSCAN,Ostovar,Atomic_Swap_output_Swap,400,40.0,"[np.float64(930.4444444444445), np.float64(1930.875)]","[999, 1999]",1.0,68.34027777777777,00:00:04,4.532497799999987,0.0015113363787929268
Zheng DBSCAN,Ostovar,Atomic_Swap_output_Swap,400,80.0,"[np.float64(930.4444444444445), np.float64(1930.875)]","[999, 1999]",1.0,68.34027777777777,00:00:04,4.532497799999987,0.0015113363787929268
Zheng DBSCAN,Ostovar,Atomic_Swap_output_Swap,400,120.0,"[np.float64(930.4444444444445), np.float64(1930.875)]","[999, 1999]",1.0,68.34027777777777,00:00:04,4.532497799999987,0.0015113363787929268
Zheng DBSCAN,Ostovar,Atomic_Swap_output_Swap,400,160.0,"[np.float64(930.4444444444445), np.float64(1930.875)]","[999, 1999]",1.0,68.34027777777777,00:00:04,4.532497799999987,0.0015113363787929268
Zheng DBSCAN,Ostovar,Atomic_Swap_output_Swap,400,200.0,"[np.float64(930.4444444444445), np.float64(1930.875)]","[999, 1999]",1.0,68.34027777777777,00:00:04,4.532497799999987,0.0015113363787929268
Zheng DBSCAN,Ostovar,Atomic_Skip_output_Skip_5,400,40.0,[np.float64(1489.720860729229)],"[999, 1999]",,,00:00:06,6.058348300000034,0.0020201228076025457
Zheng DBSCAN,Ostovar,Atomic_Skip_output_Skip_5,400,80.0,[np.float64(1489.720860729229)],"[999, 1999]",,,00:00:06,6.058348300000034,0.0020201228076025457
Zheng DBSCAN,Ostovar,Atomic_Skip_output_Skip_5,400,120.0,[np.float64(1489.720860729229)],"[999, 1999]",,,00:00:06,6.058348300000034,0.0020201228076025457
Zheng DBSCAN,Ostovar,Atomic_Skip_output_Skip_5,400,160.0,[np.float64(1489.720860729229)],"[999, 1999]",,,00:00:06,6.058348300000034,0.0020201228076025457
Zheng DBSCAN,Ostovar,Atomic_Skip_output_Skip_5,400,200.0,[np.float64(1489.720860729229)],"[999, 1999]",,,00:00:06,6.058348300000034,0.0020201228076025457
Zheng DBSCAN,Ostovar,Nested_IRO_output_IRO_5,500,50.0,[np.float64(1509.0665950590762)],"[999, 1999]",,,00:00:08,8.524004999999988,0.0028422824274758215
Zheng DBSCAN,Ostovar,Nested_IRO_output_IRO_5,500,100.0,[np.float64(1509.0665950590762)],"[999, 1999]",,,00:00:08,8.524004999999988,0.0028422824274758215
Zheng DBSCAN,Ostovar,Nested_IRO_output_IRO_5,500,150.0,[np.float64(1509.0665950590762)],"[999, 1999]",,,00:00:08,8.524004999999988,0.0028422824274758215
Zheng DBSCAN,Ostovar,Nested_IRO_output_IRO_5,500,200.0,[np.float64(1509.0665950590762)],"[999, 1999]",,,00:00:08,8.524004999999988,0.0028422824274758215
Zheng DBSCAN,Ostovar,Nested_IRO_output_IRO_5,500,250.0,[np.float64(1509.0665950590762)],"[999, 1999]",,,00:00:08,8.524004999999988,0.0028422824274758215
Zheng DBSCAN,Ostovar,Nested_ORI_output_ORI_5,800,80.0,[np.float64(1520.3110181311017)],"[999, 1999]",,,00:00:07,7.138155100000006,0.0023801784261420493
Zheng DBSCAN,Ostovar,Nested_ORI_output_ORI_5,800,160.0,[np.float64(1520.3110181311017)],"[999, 1999]",,,00:00:07,7.138155100000006,0.0023801784261420493
Zheng DBSCAN,Ostovar,Nested_ORI_output_ORI_5,800,240.0,[np.float64(1520.3110181311017)],"[999, 1999]",,,00:00:07,7.138155100000006,0.0023801784261420493
Zheng DBSCAN,Ostovar,Nested_ORI_output_ORI_5,800,320.0,[np.float64(1520.3110181311017)],"[999, 1999]",,,00:00:07,7.138155100000006,0.0023801784261420493
Zheng DBSCAN,Ostovar,Nested_ORI_output_ORI_5,800,400.0,[np.float64(1520.3110181311017)],"[999, 1999]",,,00:00:07,7.138155100000006,0.0023801784261420493
Zheng DBSCAN,Ostovar,Composite_ORI_output_ORI_5,800,80.0,[np.float64(1507.1706435285612)],"[999, 1999]",,,00:00:06,6.7877308999999855,0.0022633314104701517
Zheng DBSCAN,Ostovar,Composite_ORI_output_ORI_5,800,160.0,[np.float64(1507.1706435285612)],"[999, 1999]",,,00:00:06,6.7877308999999855,0.0022633314104701517
Zheng DBSCAN,Ostovar,Composite_ORI_output_ORI_5,800,240.0,[np.float64(1507.1706435285612)],"[999, 1999]",,,00:00:06,6.7877308999999855,0.0022633314104701517
Zheng DBSCAN,Ostovar,Composite_ORI_output_ORI_5,800,320.0,[np.float64(1507.1706435285612)],"[999, 1999]",,,00:00:06,6.7877308999999855,0.0022633314104701517
Zheng DBSCAN,Ostovar,Composite_ORI_output_ORI_5,800,400.0,[np.float64(1507.1706435285612)],"[999, 1999]",,,00:00:06,6.7877308999999855,0.0022633314104701517
Zheng DBSCAN,Ostovar,Composite_RIO_output_RIO,600,60.0,"[np.float64(937.1428571428571), np.float64(1939.5)]","[999, 1999]",1.0,60.678571428571445,00:00:05,5.273825200000033,0.001758527909303112
Zheng DBSCAN,Ostovar,Composite_RIO_output_RIO,600,120.0,"[np.float64(937.1428571428571), np.float64(1939.5)]","[999, 1999]",1.0,60.678571428571445,00:00:05,5.273825200000033,0.001758527909303112
Zheng DBSCAN,Ostovar,Composite_RIO_output_RIO,600,180.0,"[np.float64(937.1428571428571), np.float64(1939.5)]","[999, 1999]",1.0,60.678571428571445,00:00:05,5.273825200000033,0.001758527909303112
Zheng DBSCAN,Ostovar,Composite_RIO_output_RIO,600,240.0,"[np.float64(937.1428571428571), np.float64(1939.5)]","[999, 1999]",1.0,60.678571428571445,00:00:05,5.273825200000033,0.001758527909303112
Zheng DBSCAN,Ostovar,Composite_RIO_output_RIO,600,300.0,"[np.float64(937.1428571428571), np.float64(1939.5)]","[999, 1999]",1.0,60.678571428571445,00:00:05,5.273825200000033,0.001758527909303112
Zheng DBSCAN,Ceravolo,sudden_trace_noise5_1000_cd,800,80.0,[],[499],,,00:00:00,0.18821199999996452,0.0001882119999999645
Zheng DBSCAN,Ceravolo,sudden_trace_noise5_1000_cd,800,160.0,[],[499],,,00:00:00,0.18821199999996452,0.0001882119999999645
Zheng DBSCAN,Ceravolo,sudden_trace_noise5_1000_cd,800,240.0,[],[499],,,00:00:00,0.18821199999996452,0.0001882119999999645
Zheng DBSCAN,Ceravolo,sudden_trace_noise5_1000_cd,800,320.0,[],[499],,,00:00:00,0.18821199999996452,0.0001882119999999645
Zheng DBSCAN,Ceravolo,sudden_trace_noise5_1000_cd,800,400.0,[],[499],,,00:00:00,0.18821199999996452,0.0001882119999999645
Zheng DBSCAN,Ostovar,Nested_IRO_output_IRO_2,500,50.0,[np.float64(1488.749357326478)],"[999, 1999]",,,00:00:08,8.412603399999966,0.002805136178726231
Zheng DBSCAN,Ostovar,Nested_IRO_output_IRO_2,500,100.0,[np.float64(1488.749357326478)],"[999, 1999]",,,00:00:08,8.412603399999966,0.002805136178726231
Zheng DBSCAN,Ostovar,Nested_IRO_output_IRO_2,500,150.0,[np.float64(1488.749357326478)],"[999, 1999]",,,00:00:08,8.412603399999966,0.002805136178726231
Zheng DBSCAN,Ostovar,Nested_IRO_output_IRO_2,500,200.0,[np.float64(1488.749357326478)],"[999, 1999]",,,00:00:08,8.412603399999966,0.002805136178726231
Zheng DBSCAN,Ostovar,Nested_IRO_output_IRO_2,500,250.0,[np.float64(1488.749357326478)],"[999, 1999]",,,00:00:08,8.412603399999966,0.002805136178726231
Zheng DBSCAN,Ostovar,Atomic_SerialRemoval_output_SerialRemoval_5,600,60.0,[np.float64(1503.170121515368)],"[999, 1999]",,,00:00:05,5.974878700000033,0.0019922903301100477
Zheng DBSCAN,Ostovar,Atomic_SerialRemoval_output_SerialRemoval_5,600,120.0,[np.float64(1503.170121515368)],"[999, 1999]",,,00:00:05,5.974878700000033,0.0019922903301100477
Zheng DBSCAN,Ostovar,Atomic_SerialRemoval_output_SerialRemoval_5,600,180.0,[np.float64(1503.170121515368)],"[999, 1999]",,,00:00:05,5.974878700000033,0.0019922903301100477
Zheng DBSCAN,Ostovar,Atomic_SerialRemoval_output_SerialRemoval_5,600,240.0,[np.float64(1503.170121515368)],"[999, 1999]",,,00:00:05,5.974878700000033,0.0019922903301100477
Zheng DBSCAN,Ostovar,Atomic_SerialRemoval_output_SerialRemoval_5,600,300.0,[np.float64(1503.170121515368)],"[999, 1999]",,,00:00:05,5.974878700000033,0.0019922903301100477
Zheng DBSCAN,Ceravolo,sudden_trace_noise0_1000_RIO,700,70.0,[],[499],,,00:00:00,0.17023909999994657,0.00017023909999994656
Zheng DBSCAN,Ceravolo,sudden_trace_noise0_1000_RIO,700,140.0,[],[499],,,00:00:00,0.17023909999994657,0.00017023909999994656
Zheng DBSCAN,Ceravolo,sudden_trace_noise0_1000_RIO,700,210.0,[],[499],,,00:00:00,0.17023909999994657,0.00017023909999994656
Zheng DBSCAN,Ceravolo,sudden_trace_noise0_1000_RIO,700,280.0,[],[499],,,00:00:00,0.17023909999994657,0.00017023909999994656
Zheng DBSCAN,Ceravolo,sudden_trace_noise0_1000_RIO,700,350.0,[],[499],,,00:00:00,0.17023909999994657,0.00017023909999994656
Zheng DBSCAN,Ceravolo,sudden_trace_noise15_1000_cb,700,70.0,[],[499],,,00:00:00,0.15681760000001077,0.00015681760000001076
Zheng DBSCAN,Ceravolo,sudden_trace_noise15_1000_cb,700,140.0,[],[499],,,00:00:00,0.15681760000001077,0.00015681760000001076
Zheng DBSCAN,Ceravolo,sudden_trace_noise15_1000_cb,700,210.0,[],[499],,,00:00:00,0.15681760000001077,0.00015681760000001076
Zheng DBSCAN,Ceravolo,sudden_trace_noise15_1000_cb,700,280.0,[],[499],,,00:00:00,0.15681760000001077,0.00015681760000001076
Zheng DBSCAN,Ceravolo,sudden_trace_noise15_1000_cb,700,350.0,[],[499],,,00:00:00,0.15681760000001077,0.00015681760000001076
Zheng DBSCAN,Ceravolo,sudden_trace_noise20_1000_cd,800,80.0,[],[499],,,00:00:00,0.19289989999998625,0.00019289989999998625
Zheng DBSCAN,Ceravolo,sudden_trace_noise20_1000_cd,800,160.0,[],[499],,,00:00:00,0.19289989999998625,0.00019289989999998625
Zheng DBSCAN,Ceravolo,sudden_trace_noise20_1000_cd,800,240.0,[],[499],,,00:00:00,0.19289989999998625,0.00019289989999998625
Zheng DBSCAN,Ceravolo,sudden_trace_noise20_1000_cd,800,320.0,[],[499],,,00:00:00,0.19289989999998625,0.00019289989999998625
Zheng DBSCAN,Ceravolo,sudden_trace_noise20_1000_cd,800,400.0,[],[499],,,00:00:00,0.19289989999998625,0.00019289989999998625
Zheng DBSCAN,Ostovar,Nested_OIR_output_OIR_5,500,50.0,[np.float64(1489.758515815085)],"[999, 1999]",,,00:00:06,6.9039075000000025,0.002302069856618874
Zheng DBSCAN,Ostovar,Nested_OIR_output_OIR_5,500,100.0,[np.float64(1489.758515815085)],"[999, 1999]",,,00:00:06,6.9039075000000025,0.002302069856618874
Zheng DBSCAN,Ostovar,Nested_OIR_output_OIR_5,500,150.0,[np.float64(1489.758515815085)],"[999, 1999]",,,00:00:06,6.9039075000000025,0.002302069856618874
Zheng DBSCAN,Ostovar,Nested_OIR_output_OIR_5,500,200.0,[np.float64(1489.758515815085)],"[999, 1999]",,,00:00:06,6.9039075000000025,0.002302069856618874
Zheng DBSCAN,Ostovar,Nested_OIR_output_OIR_5,500,250.0,[np.float64(1489.758515815085)],"[999, 1999]",,,00:00:06,6.9039075000000025,0.002302069856618874
Zheng DBSCAN,Ostovar,Atomic_Swap_output_Swap,300,30.0,"[np.float64(930.4444444444445), np.float64(1930.875)]","[999, 1999]",1.0,68.34027777777777,00:00:04,4.465024300000039,0.00148883771257087
Zheng DBSCAN,Ostovar,Atomic_Swap_output_Swap,300,60.0,"[np.float64(930.4444444444445), np.float64(1930.875)]","[999, 1999]",1.0,68.34027777777777,00:00:04,4.465024300000039,0.00148883771257087
Zheng DBSCAN,Ostovar,Atomic_Swap_output_Swap,300,90.0,"[np.float64(930.4444444444445), np.float64(1930.875)]","[999, 1999]",1.0,68.34027777777777,00:00:04,4.465024300000039,0.00148883771257087
Zheng DBSCAN,Ostovar,Atomic_Swap_output_Swap,300,120.0,"[np.float64(930.4444444444445), np.float64(1930.875)]","[999, 1999]",1.0,68.34027777777777,00:00:04,4.465024300000039,0.00148883771257087
Zheng DBSCAN,Ostovar,Atomic_Swap_output_Swap,300,150.0,"[np.float64(930.4444444444445), np.float64(1930.875)]","[999, 1999]",1.0,68.34027777777777,00:00:04,4.465024300000039,0.00148883771257087
Zheng DBSCAN,Ostovar,Composite_ORI_output_ORI_2,300,30.0,[np.float64(1498.6524733876017)],"[999, 1999]",,,00:00:06,6.728872800000033,0.002243705501833956
Zheng DBSCAN,Ostovar,Composite_ORI_output_ORI_2,300,60.0,[np.float64(1498.6524733876017)],"[999, 1999]",,,00:00:06,6.728872800000033,0.002243705501833956
Zheng DBSCAN,Ostovar,Composite_ORI_output_ORI_2,300,90.0,[np.float64(1498.6524733876017)],"[999, 1999]",,,00:00:06,6.728872800000033,0.002243705501833956
Zheng DBSCAN,Ostovar,Composite_ORI_output_ORI_2,300,120.0,[np.float64(1498.6524733876017)],"[999, 1999]",,,00:00:06,6.728872800000033,0.002243705501833956
Zheng DBSCAN,Ostovar,Composite_ORI_output_ORI_2,300,150.0,[np.float64(1498.6524733876017)],"[999, 1999]",,,00:00:06,6.728872800000033,0.002243705501833956
Zheng DBSCAN,Bose,bose_log,800,80.0,"[np.float64(1220.888888888889), np.float64(1406.25), np.float64(1781.0), np.float64(1882.0), np.float64(2103.6), np.float64(2979.0), np.float64(3112.6), np.float64(3644.0), np.float64(4054.8888888888887), np.float64(4245.5), np.float64(4808.5), np.float64(5036.0), np.float64(5273.0), np.float64(5461.0), np.float64(5634.0)]","[1199, 2399, 3599, 4799]",0.31578947368421056,25.462962962962973,00:00:01,1.1295922999999561,0.00018826538333332603
Zheng DBSCAN,Bose,bose_log,800,160.0,"[np.float64(1277.923076923077), np.float64(1971.4444444444443), np.float64(3090.3333333333335), np.float64(3901.9473684210525), np.float64(4808.5), np.float64(5036.0), np.float64(5310.6), np.float64(5634.0)]","[1199, 2399, 3599, 4799]",0.3333333333333333,44.21153846153845,00:00:01,1.1295922999999561,0.00018826538333332603
Zheng DBSCAN,Bose,bose_log,800,240.0,"[np.float64(1277.923076923077), np.float64(1971.4444444444443), np.float64(3090.3333333333335), np.float64(3901.9473684210525), np.float64(5132.454545454545)]","[1199, 2399, 3599, 4799]",0.22222222222222224,78.9230769230769,00:00:01,1.1295922999999561,0.00018826538333332603
Zheng DBSCAN,Bose,bose_log,800,320.0,"[np.float64(1561.6363636363637), np.float64(3090.3333333333335), np.float64(3901.9473684210525), np.float64(5132.454545454545)]","[1199, 2399, 3599, 4799]",,,00:00:01,1.1295922999999561,0.00018826538333332603
Zheng DBSCAN,Bose,bose_log,800,400.0,"[np.float64(1561.6363636363637), np.float64(3090.3333333333335), np.float64(3901.9473684210525), np.float64(5132.454545454545)]","[1199, 2399, 3599, 4799]",,,00:00:01,1.1295922999999561,0.00018826538333332603
Zheng DBSCAN,Ostovar,Composite_ORI_output_ORI,400,40.0,"[np.float64(743.0), np.float64(839.0), np.float64(916.8), np.float64(1886.0833333333333)]","[999, 1999]",0.6666666666666666,97.5583333333334,00:00:05,5.378556500000002,0.0017934499833277765
Zheng DBSCAN,Ostovar,Composite_ORI_output_ORI,400,80.0,"[np.float64(743.0), np.float64(909.7272727272727), np.float64(1886.0833333333333)]","[999, 1999]",0.8,101.094696969697,00:00:05,5.378556500000002,0.0017934499833277765
Zheng DBSCAN,Ostovar,Composite_ORI_output_ORI,400,120.0,"[np.float64(895.8333333333334), np.float64(1886.0833333333333)]","[999, 1999]",1.0,108.04166666666669,00:00:05,5.378556500000002,0.0017934499833277765
Zheng DBSCAN,Ostovar,Composite_ORI_output_ORI,400,160.0,"[np.float64(895.8333333333334), np.float64(1886.0833333333333)]","[999, 1999]",1.0,108.04166666666669,00:00:05,5.378556500000002,0.0017934499833277765
Zheng DBSCAN,Ostovar,Composite_ORI_output_ORI,400,200.0,"[np.float64(895.8333333333334), np.float64(1886.0833333333333)]","[999, 1999]",1.0,108.04166666666669,00:00:05,5.378556500000002,0.0017934499833277765
Zheng DBSCAN,Ostovar,Composite_IRO_output_IRO_2,500,50.0,[np.float64(1509.5767326732673)],"[999, 1999]",,,00:00:06,6.932210400000031,0.002311507302434155
Zheng DBSCAN,Ostovar,Composite_IRO_output_IRO_2,500,100.0,[np.float64(1509.5767326732673)],"[999, 1999]",,,00:00:06,6.932210400000031,0.002311507302434155
Zheng DBSCAN,Ostovar,Composite_IRO_output_IRO_2,500,150.0,[np.float64(1509.5767326732673)],"[999, 1999]",,,00:00:06,6.932210400000031,0.002311507302434155
Zheng DBSCAN,Ostovar,Composite_IRO_output_IRO_2,500,200.0,[np.float64(1509.5767326732673)],"[999, 1999]",,,00:00:06,6.932210400000031,0.002311507302434155
Zheng DBSCAN,Ostovar,Composite_IRO_output_IRO_2,500,250.0,[np.float64(1509.5767326732673)],"[999, 1999]",,,00:00:06,6.932210400000031,0.002311507302434155
Zheng DBSCAN,Ceravolo,sudden_trace_noise0_1000_OIR,800,80.0,[],[499],,,00:00:00,0.2159902999999872,0.0002159902999999872
Zheng DBSCAN,Ceravolo,sudden_trace_noise0_1000_OIR,800,160.0,[],[499],,,00:00:00,0.2159902999999872,0.0002159902999999872
Zheng DBSCAN,Ceravolo,sudden_trace_noise0_1000_OIR,800,240.0,[],[499],,,00:00:00,0.2159902999999872,0.0002159902999999872
Zheng DBSCAN,Ceravolo,sudden_trace_noise0_1000_OIR,800,320.0,[],[499],,,00:00:00,0.2159902999999872,0.0002159902999999872
Zheng DBSCAN,Ceravolo,sudden_trace_noise0_1000_OIR,800,400.0,[],[499],,,00:00:00,0.2159902999999872,0.0002159902999999872
Zheng DBSCAN,Ceravolo,sudden_trace_noise0_1000_rp,800,80.0,[],[499],,,00:00:00,0.21030389999998533,0.00021030389999998533
Zheng DBSCAN,Ceravolo,sudden_trace_noise0_1000_rp,800,160.0,[],[499],,,00:00:00,0.21030389999998533,0.00021030389999998533
Zheng DBSCAN,Ceravolo,sudden_trace_noise0_1000_rp,800,240.0,[],[499],,,00:00:00,0.21030389999998533,0.00021030389999998533
Zheng DBSCAN,Ceravolo,sudden_trace_noise0_1000_rp,800,320.0,[],[499],,,00:00:00,0.21030389999998533,0.00021030389999998533
Zheng DBSCAN,Ceravolo,sudden_trace_noise0_1000_rp,800,400.0,[],[499],,,00:00:00,0.21030389999998533,0.00021030389999998533
Zheng DBSCAN,Ostovar,Composite_IOR_output_IOR,600,60.0,"[np.float64(938.7692307692307), np.float64(1939.3846153846155)]","[999, 1999]",1.0,59.923076923076906,00:00:04,4.063203200000032,0.0013548526842280869
Zheng DBSCAN,Ostovar,Composite_IOR_output_IOR,600,120.0,"[np.float64(938.7692307692307), np.float64(1939.3846153846155)]","[999, 1999]",1.0,59.923076923076906,00:00:04,4.063203200000032,0.0013548526842280869
Zheng DBSCAN,Ostovar,Composite_IOR_output_IOR,600,180.0,"[np.float64(938.7692307692307), np.float64(1939.3846153846155)]","[999, 1999]",1.0,59.923076923076906,00:00:04,4.063203200000032,0.0013548526842280869
Zheng DBSCAN,Ostovar,Composite_IOR_output_IOR,600,240.0,"[np.float64(938.7692307692307), np.float64(1939.3846153846155)]","[999, 1999]",1.0,59.923076923076906,00:00:04,4.063203200000032,0.0013548526842280869
Zheng DBSCAN,Ostovar,Composite_IOR_output_IOR,600,300.0,"[np.float64(938.7692307692307), np.float64(1939.3846153846155)]","[999, 1999]",1.0,59.923076923076906,00:00:04,4.063203200000032,0.0013548526842280869
Zheng DBSCAN,Ceravolo,sudden_trace_noise5_1000_pm,800,80.0,[],[499],,,00:00:00,0.18426540000001523,0.00018426540000001523
Zheng DBSCAN,Ceravolo,sudden_trace_noise5_1000_pm,800,160.0,[],[499],,,00:00:00,0.18426540000001523,0.00018426540000001523
Zheng DBSCAN,Ceravolo,sudden_trace_noise5_1000_pm,800,240.0,[],[499],,,00:00:00,0.18426540000001523,0.00018426540000001523
Zheng DBSCAN,Ceravolo,sudden_trace_noise5_1000_pm,800,320.0,[],[499],,,00:00:00,0.18426540000001523,0.00018426540000001523
Zheng DBSCAN,Ceravolo,sudden_trace_noise5_1000_pm,800,400.0,[],[499],,,00:00:00,0.18426540000001523,0.00018426540000001523
Zheng DBSCAN,Ostovar,Atomic_SerialMove_output_SerialMove_2,700,70.0,[np.float64(1503.0834782608695)],"[999, 1999]",,,00:00:06,6.689770600000031,0.002230667089029687
Zheng DBSCAN,Ostovar,Atomic_SerialMove_output_SerialMove_2,700,140.0,[np.float64(1503.0834782608695)],"[999, 1999]",,,00:00:06,6.689770600000031,0.002230667089029687
Zheng DBSCAN,Ostovar,Atomic_SerialMove_output_SerialMove_2,700,210.0,[np.float64(1503.0834782608695)],"[999, 1999]",,,00:00:06,6.689770600000031,0.002230667089029687
Zheng DBSCAN,Ostovar,Atomic_SerialMove_output_SerialMove_2,700,280.0,[np.float64(1503.0834782608695)],"[999, 1999]",,,00:00:06,6.689770600000031,0.002230667089029687
Zheng DBSCAN,Ostovar,Atomic_SerialMove_output_SerialMove_2,700,350.0,[np.float64(1503.0834782608695)],"[999, 1999]",,,00:00:06,6.689770600000031,0.002230667089029687
Zheng DBSCAN,Ostovar,Nested_OIR_output_OIR_5,600,60.0,[np.float64(1490.065764023211)],"[999, 1999]",,,00:00:07,7.206183600000031,0.002402862154051361
Zheng DBSCAN,Ostovar,Nested_OIR_output_OIR_5,600,120.0,[np.float64(1490.065764023211)],"[999, 1999]",,,00:00:07,7.206183600000031,0.002402862154051361
Zheng DBSCAN,Ostovar,Nested_OIR_output_OIR_5,600,180.0,[np.float64(1490.065764023211)],"[999, 1999]",,,00:00:07,7.206183600000031,0.002402862154051361
Zheng DBSCAN,Ostovar,Nested_OIR_output_OIR_5,600,240.0,[np.float64(1490.065764023211)],"[999, 1999]",,,00:00:07,7.206183600000031,0.002402862154051361
Zheng DBSCAN,Ostovar,Nested_OIR_output_OIR_5,600,300.0,[np.float64(1490.065764023211)],"[999, 1999]",,,00:00:07,7.206183600000031,0.002402862154051361
Zheng DBSCAN,Ostovar,Composite_ROI_output_ROI_2,500,50.0,[np.float64(1483.3652312599681)],"[999, 1999]",,,00:00:06,6.765693800000008,0.002255983261087032
Zheng DBSCAN,Ostovar,Composite_ROI_output_ROI_2,500,100.0,[np.float64(1483.3652312599681)],"[999, 1999]",,,00:00:06,6.765693800000008,0.002255983261087032
Zheng DBSCAN,Ostovar,Composite_ROI_output_ROI_2,500,150.0,[np.float64(1483.3652312599681)],"[999, 1999]",,,00:00:06,6.765693800000008,0.002255983261087032
Zheng DBSCAN,Ostovar,Composite_ROI_output_ROI_2,500,200.0,[np.float64(1483.3652312599681)],"[999, 1999]",,,00:00:06,6.765693800000008,0.002255983261087032
Zheng DBSCAN,Ostovar,Composite_ROI_output_ROI_2,500,250.0,[np.float64(1483.3652312599681)],"[999, 1999]",,,00:00:06,6.765693800000008,0.002255983261087032
Zheng DBSCAN,Ceravolo,sudden_trace_noise15_1000_pm,300,30.0,[np.float64(449.5)],[499],1.0,49.5,00:00:00,0.18146259999997483,0.00018146259999997483
Zheng DBSCAN,Ceravolo,sudden_trace_noise15_1000_pm,300,60.0,[np.float64(449.5)],[499],1.0,49.5,00:00:00,0.18146259999997483,0.00018146259999997483
Zheng DBSCAN,Ceravolo,sudden_trace_noise15_1000_pm,300,90.0,[np.float64(449.5)],[499],1.0,49.5,00:00:00,0.18146259999997483,0.00018146259999997483
Zheng DBSCAN,Ceravolo,sudden_trace_noise15_1000_pm,300,120.0,[np.float64(449.5)],[499],1.0,49.5,00:00:00,0.18146259999997483,0.00018146259999997483
Zheng DBSCAN,Ceravolo,sudden_trace_noise15_1000_pm,300,150.0,[np.float64(449.5)],[499],1.0,49.5,00:00:00,0.18146259999997483,0.00018146259999997483
Zheng DBSCAN,Ostovar,Composite_OIR_output_OIR_2,600,60.0,[np.float64(1493.0948581560283)],"[999, 1999]",,,00:00:06,6.453957000000003,0.0021520363454484836
Zheng DBSCAN,Ostovar,Composite_OIR_output_OIR_2,600,120.0,[np.float64(1493.0948581560283)],"[999, 1999]",,,00:00:06,6.453957000000003,0.0021520363454484836
Zheng DBSCAN,Ostovar,Composite_OIR_output_OIR_2,600,180.0,[np.float64(1493.0948581560283)],"[999, 1999]",,,00:00:06,6.453957000000003,0.0021520363454484836
Zheng DBSCAN,Ostovar,Composite_OIR_output_OIR_2,600,240.0,[np.float64(1493.0948581560283)],"[999, 1999]",,,00:00:06,6.453957000000003,0.0021520363454484836
Zheng DBSCAN,Ostovar,Composite_OIR_output_OIR_2,600,300.0,[np.float64(1493.0948581560283)],"[999, 1999]",,,00:00:06,6.453957000000003,0.0021520363454484836
Zheng DBSCAN,Ostovar,Composite_IRO_output_IRO_5,400,40.0,[np.float64(1491.8401179941002)],"[999, 1999]",,,00:00:06,6.9110364,0.0023044469489829945
Zheng DBSCAN,Ostovar,Composite_IRO_output_IRO_5,400,80.0,[np.float64(1491.8401179941002)],"[999, 1999]",,,00:00:06,6.9110364,0.0023044469489829945
Zheng DBSCAN,Ostovar,Composite_IRO_output_IRO_5,400,120.0,[np.float64(1491.8401179941002)],"[999, 1999]",,,00:00:06,6.9110364,0.0023044469489829945
Zheng DBSCAN,Ostovar,Composite_IRO_output_IRO_5,400,160.0,[np.float64(1491.8401179941002)],"[999, 1999]",,,00:00:06,6.9110364,0.0023044469489829945
Zheng DBSCAN,Ostovar,Composite_IRO_output_IRO_5,400,200.0,[np.float64(1491.8401179941002)],"[999, 1999]",,,00:00:06,6.9110364,0.0023044469489829945
Zheng DBSCAN,Ostovar,Atomic_Swap_output_Swap,600,60.0,"[np.float64(930.4444444444445), np.float64(1930.875)]","[999, 1999]",1.0,68.34027777777777,00:00:04,4.443588900000009,0.001481690196732247
Zheng DBSCAN,Ostovar,Atomic_Swap_output_Swap,600,120.0,"[np.float64(930.4444444444445), np.float64(1930.875)]","[999, 1999]",1.0,68.34027777777777,00:00:04,4.443588900000009,0.001481690196732247
Zheng DBSCAN,Ostovar,Atomic_Swap_output_Swap,600,180.0,"[np.float64(930.4444444444445), np.float64(1930.875)]","[999, 1999]",1.0,68.34027777777777,00:00:04,4.443588900000009,0.001481690196732247
Zheng DBSCAN,Ostovar,Atomic_Swap_output_Swap,600,240.0,"[np.float64(930.4444444444445), np.float64(1930.875)]","[999, 1999]",1.0,68.34027777777777,00:00:04,4.443588900000009,0.001481690196732247
Zheng DBSCAN,Ostovar,Atomic_Swap_output_Swap,600,300.0,"[np.float64(930.4444444444445), np.float64(1930.875)]","[999, 1999]",1.0,68.34027777777777,00:00:04,4.443588900000009,0.001481690196732247
Zheng DBSCAN,Ceravolo,sudden_trace_noise15_1000_IRO,300,30.0,[np.float64(448.6666666666667)],[499],1.0,50.333333333333314,00:00:00,0.2281362000000513,0.0002281362000000513
Zheng DBSCAN,Ceravolo,sudden_trace_noise15_1000_IRO,300,60.0,[np.float64(448.6666666666667)],[499],1.0,50.333333333333314,00:00:00,0.2281362000000513,0.0002281362000000513
Zheng DBSCAN,Ceravolo,sudden_trace_noise15_1000_IRO,300,90.0,[np.float64(448.6666666666667)],[499],1.0,50.333333333333314,00:00:00,0.2281362000000513,0.0002281362000000513
Zheng DBSCAN,Ceravolo,sudden_trace_noise15_1000_IRO,300,120.0,[np.float64(448.6666666666667)],[499],1.0,50.333333333333314,00:00:00,0.2281362000000513,0.0002281362000000513
Zheng DBSCAN,Ceravolo,sudden_trace_noise15_1000_IRO,300,150.0,[np.float64(448.6666666666667)],[499],1.0,50.333333333333314,00:00:00,0.2281362000000513,0.0002281362000000513
Zheng DBSCAN,Ostovar,Composite_IRO_output_IRO_5,700,70.0,[np.float64(1483.8973988439307)],"[999, 1999]",,,00:00:07,7.20757930000002,0.0024033275425141784
Zheng DBSCAN,Ostovar,Composite_IRO_output_IRO_5,700,140.0,[np.float64(1483.8973988439307)],"[999, 1999]",,,00:00:07,7.20757930000002,0.0024033275425141784
Zheng DBSCAN,Ostovar,Composite_IRO_output_IRO_5,700,210.0,[np.float64(1483.8973988439307)],"[999, 1999]",,,00:00:07,7.20757930000002,0.0024033275425141784
Zheng DBSCAN,Ostovar,Composite_IRO_output_IRO_5,700,280.0,[np.float64(1483.8973988439307)],"[999, 1999]",,,00:00:07,7.20757930000002,0.0024033275425141784
Zheng DBSCAN,Ostovar,Composite_IRO_output_IRO_5,700,350.0,[np.float64(1483.8973988439307)],"[999, 1999]",,,00:00:07,7.20757930000002,0.0024033275425141784
Zheng DBSCAN,Ceravolo,sudden_trace_noise0_1000_re,600,60.0,[],[499],,,00:00:00,0.1824072000000001,0.0001824072000000001
Zheng DBSCAN,Ceravolo,sudden_trace_noise0_1000_re,600,120.0,[],[499],,,00:00:00,0.1824072000000001,0.0001824072000000001
Zheng DBSCAN,Ceravolo,sudden_trace_noise0_1000_re,600,180.0,[],[499],,,00:00:00,0.1824072000000001,0.0001824072000000001
Zheng DBSCAN,Ceravolo,sudden_trace_noise0_1000_re,600,240.0,[],[499],,,00:00:00,0.1824072000000001,0.0001824072000000001
Zheng DBSCAN,Ceravolo,sudden_trace_noise0_1000_re,600,300.0,[],[499],,,00:00:00,0.1824072000000001,0.0001824072000000001
Zheng DBSCAN,Ostovar,Composite_RIO_output_RIO_2,500,50.0,[np.float64(1491.5314240254575)],"[999, 1999]",,,00:00:06,6.733418599999993,0.002245221273757917
Zheng DBSCAN,Ostovar,Composite_RIO_output_RIO_2,500,100.0,[np.float64(1491.5314240254575)],"[999, 1999]",,,00:00:06,6.733418599999993,0.002245221273757917
Zheng DBSCAN,Ostovar,Composite_RIO_output_RIO_2,500,150.0,[np.float64(1491.5314240254575)],"[999, 1999]",,,00:00:06,6.733418599999993,0.002245221273757917
Zheng DBSCAN,Ostovar,Composite_RIO_output_RIO_2,500,200.0,[np.float64(1491.5314240254575)],"[999, 1999]",,,00:00:06,6.733418599999993,0.002245221273757917
Zheng DBSCAN,Ostovar,Composite_RIO_output_RIO_2,500,250.0,[np.float64(1491.5314240254575)],"[999, 1999]",,,00:00:06,6.733418599999993,0.002245221273757917
Zheng DBSCAN,Ceravolo,sudden_trace_noise15_1000_cd,300,30.0,[],[499],,,00:00:00,0.1681695999999988,0.00016816959999999882
Zheng DBSCAN,Ceravolo,sudden_trace_noise15_1000_cd,300,60.0,[],[499],,,00:00:00,0.1681695999999988,0.00016816959999999882
Zheng DBSCAN,Ceravolo,sudden_trace_noise15_1000_cd,300,90.0,[],[499],,,00:00:00,0.1681695999999988,0.00016816959999999882
Zheng DBSCAN,Ceravolo,sudden_trace_noise15_1000_cd,300,120.0,[],[499],,,00:00:00,0.1681695999999988,0.00016816959999999882
Zheng DBSCAN,Ceravolo,sudden_trace_noise15_1000_cd,300,150.0,[],[499],,,00:00:00,0.1681695999999988,0.00016816959999999882
Zheng DBSCAN,Ostovar,Composite_RIO_output_RIO_5,500,50.0,[np.float64(1486.236273904997)],"[999, 1999]",,,00:00:06,6.57070779999998,0.0021909662554184662
Zheng DBSCAN,Ostovar,Composite_RIO_output_RIO_5,500,100.0,[np.float64(1486.236273904997)],"[999, 1999]",,,00:00:06,6.57070779999998,0.0021909662554184662
Zheng DBSCAN,Ostovar,Composite_RIO_output_RIO_5,500,150.0,[np.float64(1486.236273904997)],"[999, 1999]",,,00:00:06,6.57070779999998,0.0021909662554184662
Zheng DBSCAN,Ostovar,Composite_RIO_output_RIO_5,500,200.0,[np.float64(1486.236273904997)],"[999, 1999]",,,00:00:06,6.57070779999998,0.0021909662554184662
Zheng DBSCAN,Ostovar,Composite_RIO_output_RIO_5,500,250.0,[np.float64(1486.236273904997)],"[999, 1999]",,,00:00:06,6.57070779999998,0.0021909662554184662
Zheng DBSCAN,Ceravolo,sudden_trace_noise0_1000_ROI,600,60.0,[],[499],,,00:00:00,0.159169200000008,0.000159169200000008
Zheng DBSCAN,Ceravolo,sudden_trace_noise0_1000_ROI,600,120.0,[],[499],,,00:00:00,0.159169200000008,0.000159169200000008
Zheng DBSCAN,Ceravolo,sudden_trace_noise0_1000_ROI,600,180.0,[],[499],,,00:00:00,0.159169200000008,0.000159169200000008
Zheng DBSCAN,Ceravolo,sudden_trace_noise0_1000_ROI,600,240.0,[],[499],,,00:00:00,0.159169200000008,0.000159169200000008
Zheng DBSCAN,Ceravolo,sudden_trace_noise0_1000_ROI,600,300.0,[],[499],,,00:00:00,0.159169200000008,0.000159169200000008
Zheng DBSCAN,Ostovar,Atomic_Loop_output_Loop_5,500,50.0,[np.float64(1514.3544386422977)],"[999, 1999]",,,00:00:05,5.494177499999978,0.0018320031677225668
Zheng DBSCAN,Ostovar,Atomic_Loop_output_Loop_5,500,100.0,[np.float64(1514.3544386422977)],"[999, 1999]",,,00:00:05,5.494177499999978,0.0018320031677225668
Zheng DBSCAN,Ostovar,Atomic_Loop_output_Loop_5,500,150.0,[np.float64(1514.3544386422977)],"[999, 1999]",,,00:00:05,5.494177499999978,0.0018320031677225668
Zheng DBSCAN,Ostovar,Atomic_Loop_output_Loop_5,500,200.0,[np.float64(1514.3544386422977)],"[999, 1999]",,,00:00:05,5.494177499999978,0.0018320031677225668
Zheng DBSCAN,Ostovar,Atomic_Loop_output_Loop_5,500,250.0,[np.float64(1514.3544386422977)],"[999, 1999]",,,00:00:05,5.494177499999978,0.0018320031677225668
Zheng DBSCAN,Ostovar,Atomic_Swap_output_Swap,700,70.0,"[np.float64(930.4444444444445), np.float64(1930.875)]","[999, 1999]",1.0,68.34027777777777,00:00:04,4.441005799999971,0.0014808288762920877
Zheng DBSCAN,Ostovar,Atomic_Swap_output_Swap,700,140.0,"[np.float64(930.4444444444445), np.float64(1930.875)]","[999, 1999]",1.0,68.34027777777777,00:00:04,4.441005799999971,0.0014808288762920877
Zheng DBSCAN,Ostovar,Atomic_Swap_output_Swap,700,210.0,"[np.float64(930.4444444444445), np.float64(1930.875)]","[999, 1999]",1.0,68.34027777777777,00:00:04,4.441005799999971,0.0014808288762920877
Zheng DBSCAN,Ostovar,Atomic_Swap_output_Swap,700,280.0,"[np.float64(930.4444444444445), np.float64(1930.875)]","[999, 1999]",1.0,68.34027777777777,00:00:04,4.441005799999971,0.0014808288762920877
Zheng DBSCAN,Ostovar,Atomic_Swap_output_Swap,700,350.0,"[np.float64(930.4444444444445), np.float64(1930.875)]","[999, 1999]",1.0,68.34027777777777,00:00:04,4.441005799999971,0.0014808288762920877
Zheng DBSCAN,Ceravolo,sudden_trace_noise10_1000_cf,500,50.0,[],[499],,,00:00:00,0.19644759999999906,0.00019644759999999905
Zheng DBSCAN,Ceravolo,sudden_trace_noise10_1000_cf,500,100.0,[],[499],,,00:00:00,0.19644759999999906,0.00019644759999999905
Zheng DBSCAN,Ceravolo,sudden_trace_noise10_1000_cf,500,150.0,[],[499],,,00:00:00,0.19644759999999906,0.00019644759999999905
Zheng DBSCAN,Ceravolo,sudden_trace_noise10_1000_cf,500,200.0,[],[499],,,00:00:00,0.19644759999999906,0.00019644759999999905
Zheng DBSCAN,Ceravolo,sudden_trace_noise10_1000_cf,500,250.0,[],[499],,,00:00:00,0.19644759999999906,0.00019644759999999905
Zheng DBSCAN,Ceravolo,sudden_trace_noise15_1000_OIR,700,70.0,[],[499],,,00:00:00,0.21441549999997278,0.0002144154999999728
Zheng DBSCAN,Ceravolo,sudden_trace_noise15_1000_OIR,700,140.0,[],[499],,,00:00:00,0.21441549999997278,0.0002144154999999728
Zheng DBSCAN,Ceravolo,sudden_trace_noise15_1000_OIR,700,210.0,[],[499],,,00:00:00,0.21441549999997278,0.0002144154999999728
Zheng DBSCAN,Ceravolo,sudden_trace_noise15_1000_OIR,700,280.0,[],[499],,,00:00:00,0.21441549999997278,0.0002144154999999728
Zheng DBSCAN,Ceravolo,sudden_trace_noise15_1000_OIR,700,350.0,[],[499],,,00:00:00,0.21441549999997278,0.0002144154999999728
Zheng DBSCAN,Ceravolo,sudden_trace_noise15_1000_IOR,600,60.0,[],[499],,,00:00:00,0.22045439999999417,0.00022045439999999417
Zheng DBSCAN,Ceravolo,sudden_trace_noise15_1000_IOR,600,120.0,[],[499],,,00:00:00,0.22045439999999417,0.00022045439999999417
Zheng DBSCAN,Ceravolo,sudden_trace_noise15_1000_IOR,600,180.0,[],[499],,,00:00:00,0.22045439999999417,0.00022045439999999417
Zheng DBSCAN,Ceravolo,sudden_trace_noise15_1000_IOR,600,240.0,[],[499],,,00:00:00,0.22045439999999417,0.00022045439999999417
Zheng DBSCAN,Ceravolo,sudden_trace_noise15_1000_IOR,600,300.0,[],[499],,,00:00:00,0.22045439999999417,0.00022045439999999417
Zheng DBSCAN,Ostovar,Nested_ORI_output_ORI_5,500,50.0,[np.float64(1504.4751570531125)],"[999, 1999]",,,00:00:07,7.038407300000017,0.0023469180726909027
Zheng DBSCAN,Ostovar,Nested_ORI_output_ORI_5,500,100.0,[np.float64(1504.4751570531125)],"[999, 1999]",,,00:00:07,7.038407300000017,0.0023469180726909027
Zheng DBSCAN,Ostovar,Nested_ORI_output_ORI_5,500,150.0,[np.float64(1504.4751570531125)],"[999, 1999]",,,00:00:07,7.038407300000017,0.0023469180726909027
Zheng DBSCAN,Ostovar,Nested_ORI_output_ORI_5,500,200.0,[np.float64(1504.4751570531125)],"[999, 1999]",,,00:00:07,7.038407300000017,0.0023469180726909027
Zheng DBSCAN,Ostovar,Nested_ORI_output_ORI_5,500,250.0,[np.float64(1504.4751570531125)],"[999, 1999]",,,00:00:07,7.038407300000017,0.0023469180726909027
Zheng DBSCAN,Ceravolo,sudden_trace_noise0_1000_lp,700,70.0,[],[499],,,00:00:00,0.19869570000003023,0.00019869570000003022
Zheng DBSCAN,Ceravolo,sudden_trace_noise0_1000_lp,700,140.0,[],[499],,,00:00:00,0.19869570000003023,0.00019869570000003022
Zheng DBSCAN,Ceravolo,sudden_trace_noise0_1000_lp,700,210.0,[],[499],,,00:00:00,0.19869570000003023,0.00019869570000003022
Zheng DBSCAN,Ceravolo,sudden_trace_noise0_1000_lp,700,280.0,[],[499],,,00:00:00,0.19869570000003023,0.00019869570000003022
Zheng DBSCAN,Ceravolo,sudden_trace_noise0_1000_lp,700,350.0,[],[499],,,00:00:00,0.19869570000003023,0.00019869570000003022
Zheng DBSCAN,Ostovar,Nested_RIO_output_RIO_2,600,60.0,[np.float64(1514.003657644477)],"[999, 1999]",,,00:00:07,7.480988200000013,0.0024944942314104744
Zheng DBSCAN,Ostovar,Nested_RIO_output_RIO_2,600,120.0,[np.float64(1514.003657644477)],"[999, 1999]",,,00:00:07,7.480988200000013,0.0024944942314104744
Zheng DBSCAN,Ostovar,Nested_RIO_output_RIO_2,600,180.0,[np.float64(1514.003657644477)],"[999, 1999]",,,00:00:07,7.480988200000013,0.0024944942314104744
Zheng DBSCAN,Ostovar,Nested_RIO_output_RIO_2,600,240.0,[np.float64(1514.003657644477)],"[999, 1999]",,,00:00:07,7.480988200000013,0.0024944942314104744
Zheng DBSCAN,Ostovar,Nested_RIO_output_RIO_2,600,300.0,[np.float64(1514.003657644477)],"[999, 1999]",,,00:00:07,7.480988200000013,0.0024944942314104744
Zheng DBSCAN,Ceravolo,sudden_trace_noise10_1000_IRO,600,60.0,[],[499],,,00:00:00,0.22157940000005283,0.00022157940000005282
Zheng DBSCAN,Ceravolo,sudden_trace_noise10_1000_IRO,600,120.0,[],[499],,,00:00:00,0.22157940000005283,0.00022157940000005282
Zheng DBSCAN,Ceravolo,sudden_trace_noise10_1000_IRO,600,180.0,[],[499],,,00:00:00,0.22157940000005283,0.00022157940000005282
Zheng DBSCAN,Ceravolo,sudden_trace_noise10_1000_IRO,600,240.0,[],[499],,,00:00:00,0.22157940000005283,0.00022157940000005282
Zheng DBSCAN,Ceravolo,sudden_trace_noise10_1000_IRO,600,300.0,[],[499],,,00:00:00,0.22157940000005283,0.00022157940000005282
Zheng DBSCAN,Ceravolo,sudden_trace_noise20_1000_re,500,50.0,[],[499],,,00:00:00,0.17723889999996345,0.00017723889999996344
Zheng DBSCAN,Ceravolo,sudden_trace_noise20_1000_re,500,100.0,[],[499],,,00:00:00,0.17723889999996345,0.00017723889999996344
Zheng DBSCAN,Ceravolo,sudden_trace_noise20_1000_re,500,150.0,[],[499],,,00:00:00,0.17723889999996345,0.00017723889999996344
Zheng DBSCAN,Ceravolo,sudden_trace_noise20_1000_re,500,200.0,[],[499],,,00:00:00,0.17723889999996345,0.00017723889999996344
Zheng DBSCAN,Ceravolo,sudden_trace_noise20_1000_re,500,250.0,[],[499],,,00:00:00,0.17723889999996345,0.00017723889999996344
Zheng DBSCAN,Ostovar,Composite_OIR_output_OIR,600,60.0,"[np.float64(943.2380952380952), np.float64(1930.1176470588234)]","[999, 1999]",1.0,62.3221288515407,00:00:05,5.039144399999998,0.0016802748916305429
Zheng DBSCAN,Ostovar,Composite_OIR_output_OIR,600,120.0,"[np.float64(943.2380952380952), np.float64(1930.1176470588234)]","[999, 1999]",1.0,62.3221288515407,00:00:05,5.039144399999998,0.0016802748916305429
Zheng DBSCAN,Ostovar,Composite_OIR_output_OIR,600,180.0,"[np.float64(943.2380952380952), np.float64(1930.1176470588234)]","[999, 1999]",1.0,62.3221288515407,00:00:05,5.039144399999998,0.0016802748916305429
Zheng DBSCAN,Ostovar,Composite_OIR_output_OIR,600,240.0,"[np.float64(943.2380952380952), np.float64(1930.1176470588234)]","[999, 1999]",1.0,62.3221288515407,00:00:05,5.039144399999998,0.0016802748916305429
Zheng DBSCAN,Ostovar,Composite_OIR_output_OIR,600,300.0,"[np.float64(943.2380952380952), np.float64(1930.1176470588234)]","[999, 1999]",1.0,62.3221288515407,00:00:05,5.039144399999998,0.0016802748916305429
Zheng DBSCAN,Ceravolo,sudden_trace_noise15_1000_cf,600,60.0,[],[499],,,00:00:00,0.19307600000001912,0.00019307600000001912
Zheng DBSCAN,Ceravolo,sudden_trace_noise15_1000_cf,600,120.0,[],[499],,,00:00:00,0.19307600000001912,0.00019307600000001912
Zheng DBSCAN,Ceravolo,sudden_trace_noise15_1000_cf,600,180.0,[],[499],,,00:00:00,0.19307600000001912,0.00019307600000001912
Zheng DBSCAN,Ceravolo,sudden_trace_noise15_1000_cf,600,240.0,[],[499],,,00:00:00,0.19307600000001912,0.00019307600000001912
Zheng DBSCAN,Ceravolo,sudden_trace_noise15_1000_cf,600,300.0,[],[499],,,00:00:00,0.19307600000001912,0.00019307600000001912
Zheng DBSCAN,Ceravolo,sudden_trace_noise20_1000_IRO,600,60.0,[],[499],,,00:00:00,0.22019720000002962,0.00022019720000002963
Zheng DBSCAN,Ceravolo,sudden_trace_noise20_1000_IRO,600,120.0,[],[499],,,00:00:00,0.22019720000002962,0.00022019720000002963
Zheng DBSCAN,Ceravolo,sudden_trace_noise20_1000_IRO,600,180.0,[],[499],,,00:00:00,0.22019720000002962,0.00022019720000002963
Zheng DBSCAN,Ceravolo,sudden_trace_noise20_1000_IRO,600,240.0,[],[499],,,00:00:00,0.22019720000002962,0.00022019720000002963
Zheng DBSCAN,Ceravolo,sudden_trace_noise20_1000_IRO,600,300.0,[],[499],,,00:00:00,0.22019720000002962,0.00022019720000002963
Zheng DBSCAN,Ceravolo,sudden_trace_noise0_1000_lp,600,60.0,[],[499],,,00:00:00,0.19120750000001863,0.00019120750000001862
Zheng DBSCAN,Ceravolo,sudden_trace_noise0_1000_lp,600,120.0,[],[499],,,00:00:00,0.19120750000001863,0.00019120750000001862
Zheng DBSCAN,Ceravolo,sudden_trace_noise0_1000_lp,600,180.0,[],[499],,,00:00:00,0.19120750000001863,0.00019120750000001862
Zheng DBSCAN,Ceravolo,sudden_trace_noise0_1000_lp,600,240.0,[],[499],,,00:00:00,0.19120750000001863,0.00019120750000001862
Zheng DBSCAN,Ceravolo,sudden_trace_noise0_1000_lp,600,300.0,[],[499],,,00:00:00,0.19120750000001863,0.00019120750000001862
Zheng DBSCAN,Ostovar,Nested_IOR_output_IOR,700,70.0,"[np.float64(880.0588235294117), np.float64(1699.0), np.float64(1896.0625)]","[999, 1999]",0.8,110.93933823529414,00:00:05,5.881202799999983,0.001961054618206063
Zheng DBSCAN,Ostovar,Nested_IOR_output_IOR,700,140.0,"[np.float64(880.0588235294117), np.float64(1884.4705882352941)]","[999, 1999]",1.0,116.73529411764707,00:00:05,5.881202799999983,0.001961054618206063
Zheng DBSCAN,Ostovar,Nested_IOR_output_IOR,700,210.0,"[np.float64(880.0588235294117), np.float64(1884.4705882352941)]","[999, 1999]",1.0,116.73529411764707,00:00:05,5.881202799999983,0.001961054618206063
Zheng DBSCAN,Ostovar,Nested_IOR_output_IOR,700,280.0,"[np.float64(880.0588235294117), np.float64(1884.4705882352941)]","[999, 1999]",1.0,116.73529411764707,00:00:05,5.881202799999983,0.001961054618206063
Zheng DBSCAN,Ostovar,Nested_IOR_output_IOR,700,350.0,"[np.float64(880.0588235294117), np.float64(1884.4705882352941)]","[999, 1999]",1.0,116.73529411764707,00:00:05,5.881202799999983,0.001961054618206063
Zheng DBSCAN,Ceravolo,sudden_trace_noise15_1000_IOR,400,40.0,[np.float64(449.5)],[499],1.0,49.5,00:00:00,0.21736399999997502,0.000217363999999975
Zheng DBSCAN,Ceravolo,sudden_trace_noise15_1000_IOR,400,80.0,[np.float64(449.5)],[499],1.0,49.5,00:00:00,0.21736399999997502,0.000217363999999975
Zheng DBSCAN,Ceravolo,sudden_trace_noise15_1000_IOR,400,120.0,[np.float64(449.5)],[499],1.0,49.5,00:00:00,0.21736399999997502,0.000217363999999975
Zheng DBSCAN,Ceravolo,sudden_trace_noise15_1000_IOR,400,160.0,[np.float64(449.5)],[499],1.0,49.5,00:00:00,0.21736399999997502,0.000217363999999975
Zheng DBSCAN,Ceravolo,sudden_trace_noise15_1000_IOR,400,200.0,[np.float64(449.5)],[499],1.0,49.5,00:00:00,0.21736399999997502,0.000217363999999975
Zheng DBSCAN,Ostovar,Composite_ROI_output_ROI,400,40.0,"[np.float64(940.25), np.float64(1936.6923076923076)]","[999, 1999]",1.0,60.52884615384619,00:00:05,5.566440099999966,0.001856098732910959
Zheng DBSCAN,Ostovar,Composite_ROI_output_ROI,400,80.0,"[np.float64(940.25), np.float64(1936.6923076923076)]","[999, 1999]",1.0,60.52884615384619,00:00:05,5.566440099999966,0.001856098732910959
Zheng DBSCAN,Ostovar,Composite_ROI_output_ROI,400,120.0,"[np.float64(940.25), np.float64(1936.6923076923076)]","[999, 1999]",1.0,60.52884615384619,00:00:05,5.566440099999966,0.001856098732910959
Zheng DBSCAN,Ostovar,Composite_ROI_output_ROI,400,160.0,"[np.float64(940.25), np.float64(1936.6923076923076)]","[999, 1999]",1.0,60.52884615384619,00:00:05,5.566440099999966,0.001856098732910959
Zheng DBSCAN,Ostovar,Composite_ROI_output_ROI,400,200.0,"[np.float64(940.25), np.float64(1936.6923076923076)]","[999, 1999]",1.0,60.52884615384619,00:00:05,5.566440099999966,0.001856098732910959
Zheng DBSCAN,Ceravolo,sudden_trace_noise20_1000_ROI,500,50.0,[],[499],,,00:00:00,0.20829959999997527,0.00020829959999997527
Zheng DBSCAN,Ceravolo,sudden_trace_noise20_1000_ROI,500,100.0,[],[499],,,00:00:00,0.20829959999997527,0.00020829959999997527
Zheng DBSCAN,Ceravolo,sudden_trace_noise20_1000_ROI,500,150.0,[],[499],,,00:00:00,0.20829959999997527,0.00020829959999997527
Zheng DBSCAN,Ceravolo,sudden_trace_noise20_1000_ROI,500,200.0,[],[499],,,00:00:00,0.20829959999997527,0.00020829959999997527
Zheng DBSCAN,Ceravolo,sudden_trace_noise20_1000_ROI,500,250.0,[],[499],,,00:00:00,0.20829959999997527,0.00020829959999997527
Zheng DBSCAN,Ceravolo,sudden_trace_noise10_1000_cp,700,70.0,[],[499],,,00:00:00,0.17468829999995705,0.00017468829999995705
Zheng DBSCAN,Ceravolo,sudden_trace_noise10_1000_cp,700,140.0,[],[499],,,00:00:00,0.17468829999995705,0.00017468829999995705
Zheng DBSCAN,Ceravolo,sudden_trace_noise10_1000_cp,700,210.0,[],[499],,,00:00:00,0.17468829999995705,0.00017468829999995705
Zheng DBSCAN,Ceravolo,sudden_trace_noise10_1000_cp,700,280.0,[],[499],,,00:00:00,0.17468829999995705,0.00017468829999995705
Zheng DBSCAN,Ceravolo,sudden_trace_noise10_1000_cp,700,350.0,[],[499],,,00:00:00,0.17468829999995705,0.00017468829999995705
Zheng DBSCAN,Ostovar,Atomic_Swap_output_Swap_2,700,70.0,[np.float64(1491.5718232044198)],"[999, 1999]",,,00:00:05,5.1989758999999935,0.0017335698232744227
Zheng DBSCAN,Ostovar,Atomic_Swap_output_Swap_2,700,140.0,[np.float64(1491.5718232044198)],"[999, 1999]",,,00:00:05,5.1989758999999935,0.0017335698232744227
Zheng DBSCAN,Ostovar,Atomic_Swap_output_Swap_2,700,210.0,[np.float64(1491.5718232044198)],"[999, 1999]",,,00:00:05,5.1989758999999935,0.0017335698232744227
Zheng DBSCAN,Ostovar,Atomic_Swap_output_Swap_2,700,280.0,[np.float64(1491.5718232044198)],"[999, 1999]",,,00:00:05,5.1989758999999935,0.0017335698232744227
Zheng DBSCAN,Ostovar,Atomic_Swap_output_Swap_2,700,350.0,[np.float64(1491.5718232044198)],"[999, 1999]",,,00:00:05,5.1989758999999935,0.0017335698232744227
Zheng DBSCAN,Ceravolo,sudden_trace_noise15_1000_sw,400,40.0,[np.float64(451.3333333333333)],[499],1.0,47.666666666666686,00:00:00,0.19303530000001956,0.00019303530000001955
Zheng DBSCAN,Ceravolo,sudden_trace_noise15_1000_sw,400,80.0,[np.float64(451.3333333333333)],[499],1.0,47.666666666666686,00:00:00,0.19303530000001956,0.00019303530000001955
Zheng DBSCAN,Ceravolo,sudden_trace_noise15_1000_sw,400,120.0,[np.float64(451.3333333333333)],[499],1.0,47.666666666666686,00:00:00,0.19303530000001956,0.00019303530000001955
Zheng DBSCAN,Ceravolo,sudden_trace_noise15_1000_sw,400,160.0,[np.float64(451.3333333333333)],[499],1.0,47.666666666666686,00:00:00,0.19303530000001956,0.00019303530000001955
Zheng DBSCAN,Ceravolo,sudden_trace_noise15_1000_sw,400,200.0,[np.float64(451.3333333333333)],[499],1.0,47.666666666666686,00:00:00,0.19303530000001956,0.00019303530000001955
Zheng DBSCAN,Ceravolo,sudden_trace_noise20_1000_IRO,800,80.0,[],[499],,,00:00:00,0.22352540000002818,0.0002235254000000282
Zheng DBSCAN,Ceravolo,sudden_trace_noise20_1000_IRO,800,160.0,[],[499],,,00:00:00,0.22352540000002818,0.0002235254000000282
Zheng DBSCAN,Ceravolo,sudden_trace_noise20_1000_IRO,800,240.0,[],[499],,,00:00:00,0.22352540000002818,0.0002235254000000282
Zheng DBSCAN,Ceravolo,sudden_trace_noise20_1000_IRO,800,320.0,[],[499],,,00:00:00,0.22352540000002818,0.0002235254000000282
Zheng DBSCAN,Ceravolo,sudden_trace_noise20_1000_IRO,800,400.0,[],[499],,,00:00:00,0.22352540000002818,0.0002235254000000282
Zheng DBSCAN,Ostovar,Composite_RIO_output_RIO_2,400,40.0,[np.float64(1495.1245311327832)],"[999, 1999]",,,00:00:06,6.262498499999992,0.0020881955651883936
Zheng DBSCAN,Ostovar,Composite_RIO_output_RIO_2,400,80.0,[np.float64(1495.1245311327832)],"[999, 1999]",,,00:00:06,6.262498499999992,0.0020881955651883936
Zheng DBSCAN,Ostovar,Composite_RIO_output_RIO_2,400,120.0,[np.float64(1495.1245311327832)],"[999, 1999]",,,00:00:06,6.262498499999992,0.0020881955651883936
Zheng DBSCAN,Ostovar,Composite_RIO_output_RIO_2,400,160.0,[np.float64(1495.1245311327832)],"[999, 1999]",,,00:00:06,6.262498499999992,0.0020881955651883936
Zheng DBSCAN,Ostovar,Composite_RIO_output_RIO_2,400,200.0,[np.float64(1495.1245311327832)],"[999, 1999]",,,00:00:06,6.262498499999992,0.0020881955651883936
Zheng DBSCAN,Ceravolo,sudden_trace_noise5_1000_re,700,70.0,[],[499],,,00:00:00,0.19254940000001852,0.00019254940000001852
Zheng DBSCAN,Ceravolo,sudden_trace_noise5_1000_re,700,140.0,[],[499],,,00:00:00,0.19254940000001852,0.00019254940000001852
Zheng DBSCAN,Ceravolo,sudden_trace_noise5_1000_re,700,210.0,[],[499],,,00:00:00,0.19254940000001852,0.00019254940000001852
Zheng DBSCAN,Ceravolo,sudden_trace_noise5_1000_re,700,280.0,[],[499],,,00:00:00,0.19254940000001852,0.00019254940000001852
Zheng DBSCAN,Ceravolo,sudden_trace_noise5_1000_re,700,350.0,[],[499],,,00:00:00,0.19254940000001852,0.00019254940000001852
Zheng DBSCAN,Ostovar,Composite_RIO_output_RIO,700,70.0,"[np.float64(937.1428571428571), np.float64(1939.5)]","[999, 1999]",1.0,60.678571428571445,00:00:05,5.46811740000004,0.00182331357119041
Zheng DBSCAN,Ostovar,Composite_RIO_output_RIO,700,140.0,"[np.float64(937.1428571428571), np.float64(1939.5)]","[999, 1999]",1.0,60.678571428571445,00:00:05,5.46811740000004,0.00182331357119041
Zheng DBSCAN,Ostovar,Composite_RIO_output_RIO,700,210.0,"[np.float64(937.1428571428571), np.float64(1939.5)]","[999, 1999]",1.0,60.678571428571445,00:00:05,5.46811740000004,0.00182331357119041
Zheng DBSCAN,Ostovar,Composite_RIO_output_RIO,700,280.0,"[np.float64(937.1428571428571), np.float64(1939.5)]","[999, 1999]",1.0,60.678571428571445,00:00:05,5.46811740000004,0.00182331357119041
Zheng DBSCAN,Ostovar,Composite_RIO_output_RIO,700,350.0,"[np.float64(937.1428571428571), np.float64(1939.5)]","[999, 1999]",1.0,60.678571428571445,00:00:05,5.46811740000004,0.00182331357119041
Zheng DBSCAN,Ostovar,Nested_RIO_output_RIO_5,500,50.0,[np.float64(1500.2268811028146)],"[999, 1999]",,,00:00:07,7.802481699999987,0.002601694464821603
Zheng DBSCAN,Ostovar,Nested_RIO_output_RIO_5,500,100.0,[np.float64(1500.2268811028146)],"[999, 1999]",,,00:00:07,7.802481699999987,0.002601694464821603
Zheng DBSCAN,Ostovar,Nested_RIO_output_RIO_5,500,150.0,[np.float64(1500.2268811028146)],"[999, 1999]",,,00:00:07,7.802481699999987,0.002601694464821603
Zheng DBSCAN,Ostovar,Nested_RIO_output_RIO_5,500,200.0,[np.float64(1500.2268811028146)],"[999, 1999]",,,00:00:07,7.802481699999987,0.002601694464821603
Zheng DBSCAN,Ostovar,Nested_RIO_output_RIO_5,500,250.0,[np.float64(1500.2268811028146)],"[999, 1999]",,,00:00:07,7.802481699999987,0.002601694464821603
Zheng DBSCAN,Ceravolo,sudden_trace_noise10_1000_pm,500,50.0,[],[499],,,00:00:00,0.16774449999996932,0.00016774449999996932
Zheng DBSCAN,Ceravolo,sudden_trace_noise10_1000_pm,500,100.0,[],[499],,,00:00:00,0.16774449999996932,0.00016774449999996932
Zheng DBSCAN,Ceravolo,sudden_trace_noise10_1000_pm,500,150.0,[],[499],,,00:00:00,0.16774449999996932,0.00016774449999996932
Zheng DBSCAN,Ceravolo,sudden_trace_noise10_1000_pm,500,200.0,[],[499],,,00:00:00,0.16774449999996932,0.00016774449999996932
Zheng DBSCAN,Ceravolo,sudden_trace_noise10_1000_pm,500,250.0,[],[499],,,00:00:00,0.16774449999996932,0.00016774449999996932
Zheng DBSCAN,Ceravolo,sudden_trace_noise20_1000_re,700,70.0,[],[499],,,00:00:00,0.18580389999999625,0.00018580389999999625
Zheng DBSCAN,Ceravolo,sudden_trace_noise20_1000_re,700,140.0,[],[499],,,00:00:00,0.18580389999999625,0.00018580389999999625
Zheng DBSCAN,Ceravolo,sudden_trace_noise20_1000_re,700,210.0,[],[499],,,00:00:00,0.18580389999999625,0.00018580389999999625
Zheng DBSCAN,Ceravolo,sudden_trace_noise20_1000_re,700,280.0,[],[499],,,00:00:00,0.18580389999999625,0.00018580389999999625
Zheng DBSCAN,Ceravolo,sudden_trace_noise20_1000_re,700,350.0,[],[499],,,00:00:00,0.18580389999999625,0.00018580389999999625
Zheng DBSCAN,Ostovar,Composite_RIO_output_RIO_2,300,30.0,[np.float64(1494.9811056682995)],"[999, 1999]",,,00:00:06,6.5163294999999835,0.0021728341113704513
Zheng DBSCAN,Ostovar,Composite_RIO_output_RIO_2,300,60.0,[np.float64(1494.9811056682995)],"[999, 1999]",,,00:00:06,6.5163294999999835,0.0021728341113704513
Zheng DBSCAN,Ostovar,Composite_RIO_output_RIO_2,300,90.0,[np.float64(1494.9811056682995)],"[999, 1999]",,,00:00:06,6.5163294999999835,0.0021728341113704513
Zheng DBSCAN,Ostovar,Composite_RIO_output_RIO_2,300,120.0,[np.float64(1494.9811056682995)],"[999, 1999]",,,00:00:06,6.5163294999999835,0.0021728341113704513
Zheng DBSCAN,Ostovar,Composite_RIO_output_RIO_2,300,150.0,[np.float64(1494.9811056682995)],"[999, 1999]",,,00:00:06,6.5163294999999835,0.0021728341113704513
Zheng DBSCAN,Ostovar,Nested_RIO_output_RIO_5,700,70.0,[np.float64(1483.3646373056995)],"[999, 1999]",,,00:00:07,7.783729899999969,0.002595441780593521
Zheng DBSCAN,Ostovar,Nested_RIO_output_RIO_5,700,140.0,[np.float64(1483.3646373056995)],"[999, 1999]",,,00:00:07,7.783729899999969,0.002595441780593521
Zheng DBSCAN,Ostovar,Nested_RIO_output_RIO_5,700,210.0,[np.float64(1483.3646373056995)],"[999, 1999]",,,00:00:07,7.783729899999969,0.002595441780593521
Zheng DBSCAN,Ostovar,Nested_RIO_output_RIO_5,700,280.0,[np.float64(1483.3646373056995)],"[999, 1999]",,,00:00:07,7.783729899999969,0.002595441780593521
Zheng DBSCAN,Ostovar,Nested_RIO_output_RIO_5,700,350.0,[np.float64(1483.3646373056995)],"[999, 1999]",,,00:00:07,7.783729899999969,0.002595441780593521
Zheng DBSCAN,Ostovar,Atomic_ParallelRemoval_output_ParallelRemoval_2,600,60.0,[np.float64(1500.4195612431445)],"[999, 1999]",,,00:00:05,5.8147837999999865,0.0019389075691897254
Zheng DBSCAN,Ostovar,Atomic_ParallelRemoval_output_ParallelRemoval_2,600,120.0,[np.float64(1500.4195612431445)],"[999, 1999]",,,00:00:05,5.8147837999999865,0.0019389075691897254
Zheng DBSCAN,Ostovar,Atomic_ParallelRemoval_output_ParallelRemoval_2,600,180.0,[np.float64(1500.4195612431445)],"[999, 1999]",,,00:00:05,5.8147837999999865,0.0019389075691897254
Zheng DBSCAN,Ostovar,Atomic_ParallelRemoval_output_ParallelRemoval_2,600,240.0,[np.float64(1500.4195612431445)],"[999, 1999]",,,00:00:05,5.8147837999999865,0.0019389075691897254
Zheng DBSCAN,Ostovar,Atomic_ParallelRemoval_output_ParallelRemoval_2,600,300.0,[np.float64(1500.4195612431445)],"[999, 1999]",,,00:00:05,5.8147837999999865,0.0019389075691897254
Zheng DBSCAN,Ostovar,Atomic_SerialMove_output_SerialMove_5,600,60.0,[np.float64(1514.3611842105263)],"[999, 1999]",,,00:00:06,6.653341399999988,0.0022185199733244375
Zheng DBSCAN,Ostovar,Atomic_SerialMove_output_SerialMove_5,600,120.0,[np.float64(1514.3611842105263)],"[999, 1999]",,,00:00:06,6.653341399999988,0.0022185199733244375
Zheng DBSCAN,Ostovar,Atomic_SerialMove_output_SerialMove_5,600,180.0,[np.float64(1514.3611842105263)],"[999, 1999]",,,00:00:06,6.653341399999988,0.0022185199733244375
Zheng DBSCAN,Ostovar,Atomic_SerialMove_output_SerialMove_5,600,240.0,[np.float64(1514.3611842105263)],"[999, 1999]",,,00:00:06,6.653341399999988,0.0022185199733244375
Zheng DBSCAN,Ostovar,Atomic_SerialMove_output_SerialMove_5,600,300.0,[np.float64(1514.3611842105263)],"[999, 1999]",,,00:00:06,6.653341399999988,0.0022185199733244375
Zheng DBSCAN,Ostovar,Atomic_Swap_output_Swap_5,600,60.0,[np.float64(1498.3983516483515)],"[999, 1999]",,,00:00:05,5.5932277,0.0018650309103034344
Zheng DBSCAN,Ostovar,Atomic_Swap_output_Swap_5,600,120.0,[np.float64(1498.3983516483515)],"[999, 1999]",,,00:00:05,5.5932277,0.0018650309103034344
Zheng DBSCAN,Ostovar,Atomic_Swap_output_Swap_5,600,180.0,[np.float64(1498.3983516483515)],"[999, 1999]",,,00:00:05,5.5932277,0.0018650309103034344
Zheng DBSCAN,Ostovar,Atomic_Swap_output_Swap_5,600,240.0,[np.float64(1498.3983516483515)],"[999, 1999]",,,00:00:05,5.5932277,0.0018650309103034344
Zheng DBSCAN,Ostovar,Atomic_Swap_output_Swap_5,600,300.0,[np.float64(1498.3983516483515)],"[999, 1999]",,,00:00:05,5.5932277,0.0018650309103034344
Zheng DBSCAN,Ostovar,Nested_ORI_output_ORI_2,700,70.0,[np.float64(1491.4840032813781)],"[999, 1999]",,,00:00:06,6.912623300000007,0.0023049760920306793
Zheng DBSCAN,Ostovar,Nested_ORI_output_ORI_2,700,140.0,[np.float64(1491.4840032813781)],"[999, 1999]",,,00:00:06,6.912623300000007,0.0023049760920306793
Zheng DBSCAN,Ostovar,Nested_ORI_output_ORI_2,700,210.0,[np.float64(1491.4840032813781)],"[999, 1999]",,,00:00:06,6.912623300000007,0.0023049760920306793
Zheng DBSCAN,Ostovar,Nested_ORI_output_ORI_2,700,280.0,[np.float64(1491.4840032813781)],"[999, 1999]",,,00:00:06,6.912623300000007,0.0023049760920306793
Zheng DBSCAN,Ostovar,Nested_ORI_output_ORI_2,700,350.0,[np.float64(1491.4840032813781)],"[999, 1999]",,,00:00:06,6.912623300000007,0.0023049760920306793
Zheng DBSCAN,Ceravolo,sudden_trace_noise20_1000_pl,300,30.0,[],[499],,,00:00:00,0.15715549999998757,0.00015715549999998756
Zheng DBSCAN,Ceravolo,sudden_trace_noise20_1000_pl,300,60.0,[],[499],,,00:00:00,0.15715549999998757,0.00015715549999998756
Zheng DBSCAN,Ceravolo,sudden_trace_noise20_1000_pl,300,90.0,[],[499],,,00:00:00,0.15715549999998757,0.00015715549999998756
Zheng DBSCAN,Ceravolo,sudden_trace_noise20_1000_pl,300,120.0,[],[499],,,00:00:00,0.15715549999998757,0.00015715549999998756
Zheng DBSCAN,Ceravolo,sudden_trace_noise20_1000_pl,300,150.0,[],[499],,,00:00:00,0.15715549999998757,0.00015715549999998756
Zheng DBSCAN,Ostovar,Nested_ORI_output_ORI_2,400,40.0,[np.float64(1495.6812585499315)],"[999, 1999]",,,00:00:06,6.934708499999999,0.0023123402800933643
Zheng DBSCAN,Ostovar,Nested_ORI_output_ORI_2,400,80.0,[np.float64(1495.6812585499315)],"[999, 1999]",,,00:00:06,6.934708499999999,0.0023123402800933643
Zheng DBSCAN,Ostovar,Nested_ORI_output_ORI_2,400,120.0,[np.float64(1495.6812585499315)],"[999, 1999]",,,00:00:06,6.934708499999999,0.0023123402800933643
Zheng DBSCAN,Ostovar,Nested_ORI_output_ORI_2,400,160.0,[np.float64(1495.6812585499315)],"[999, 1999]",,,00:00:06,6.934708499999999,0.0023123402800933643
Zheng DBSCAN,Ostovar,Nested_ORI_output_ORI_2,400,200.0,[np.float64(1495.6812585499315)],"[999, 1999]",,,00:00:06,6.934708499999999,0.0023123402800933643
Zheng DBSCAN,Ostovar,Nested_ROI_output_ROI_2,600,60.0,[np.float64(1514.3565140845071)],"[999, 1999]",,,00:00:05,5.908743500000014,0.0019702379126375507
Zheng DBSCAN,Ostovar,Nested_ROI_output_ROI_2,600,120.0,[np.float64(1514.3565140845071)],"[999, 1999]",,,00:00:05,5.908743500000014,0.0019702379126375507
Zheng DBSCAN,Ostovar,Nested_ROI_output_ROI_2,600,180.0,[np.float64(1514.3565140845071)],"[999, 1999]",,,00:00:05,5.908743500000014,0.0019702379126375507
Zheng DBSCAN,Ostovar,Nested_ROI_output_ROI_2,600,240.0,[np.float64(1514.3565140845071)],"[999, 1999]",,,00:00:05,5.908743500000014,0.0019702379126375507
Zheng DBSCAN,Ostovar,Nested_ROI_output_ROI_2,600,300.0,[np.float64(1514.3565140845071)],"[999, 1999]",,,00:00:05,5.908743500000014,0.0019702379126375507
Zheng DBSCAN,Ostovar,Composite_IRO_output_IRO,600,60.0,"[np.float64(948.0666666666667), np.float64(1943.5714285714287)]","[999, 1999]",1.0,53.180952380952306,00:00:05,5.580989299999999,0.00186095008336112
Zheng DBSCAN,Ostovar,Composite_IRO_output_IRO,600,120.0,"[np.float64(948.0666666666667), np.float64(1943.5714285714287)]","[999, 1999]",1.0,53.180952380952306,00:00:05,5.580989299999999,0.00186095008336112
Zheng DBSCAN,Ostovar,Composite_IRO_output_IRO,600,180.0,"[np.float64(948.0666666666667), np.float64(1943.5714285714287)]","[999, 1999]",1.0,53.180952380952306,00:00:05,5.580989299999999,0.00186095008336112
Zheng DBSCAN,Ostovar,Composite_IRO_output_IRO,600,240.0,"[np.float64(948.0666666666667), np.float64(1943.5714285714287)]","[999, 1999]",1.0,53.180952380952306,00:00:05,5.580989299999999,0.00186095008336112
Zheng DBSCAN,Ostovar,Composite_IRO_output_IRO,600,300.0,"[np.float64(948.0666666666667), np.float64(1943.5714285714287)]","[999, 1999]",1.0,53.180952380952306,00:00:05,5.580989299999999,0.00186095008336112
Zheng DBSCAN,Ostovar,Composite_IRO_output_IRO,300,30.0,"[np.float64(948.0666666666667), np.float64(1943.5714285714287)]","[999, 1999]",1.0,53.180952380952306,00:00:05,5.567930999999987,0.0018565958652884253
Zheng DBSCAN,Ostovar,Composite_IRO_output_IRO,300,60.0,"[np.float64(948.0666666666667), np.float64(1943.5714285714287)]","[999, 1999]",1.0,53.180952380952306,00:00:05,5.567930999999987,0.0018565958652884253
Zheng DBSCAN,Ostovar,Composite_IRO_output_IRO,300,90.0,"[np.float64(948.0666666666667), np.float64(1943.5714285714287)]","[999, 1999]",1.0,53.180952380952306,00:00:05,5.567930999999987,0.0018565958652884253
Zheng DBSCAN,Ostovar,Composite_IRO_output_IRO,300,120.0,"[np.float64(948.0666666666667), np.float64(1943.5714285714287)]","[999, 1999]",1.0,53.180952380952306,00:00:05,5.567930999999987,0.0018565958652884253
Zheng DBSCAN,Ostovar,Composite_IRO_output_IRO,300,150.0,"[np.float64(948.0666666666667), np.float64(1943.5714285714287)]","[999, 1999]",1.0,53.180952380952306,00:00:05,5.567930999999987,0.0018565958652884253
Zheng DBSCAN,Ceravolo,sudden_trace_noise0_1000_ROI,700,70.0,[],[499],,,00:00:00,0.19330660000002808,0.0001933066000000281
Zheng DBSCAN,Ceravolo,sudden_trace_noise0_1000_ROI,700,140.0,[],[499],,,00:00:00,0.19330660000002808,0.0001933066000000281
Zheng DBSCAN,Ceravolo,sudden_trace_noise0_1000_ROI,700,210.0,[],[499],,,00:00:00,0.19330660000002808,0.0001933066000000281
Zheng DBSCAN,Ceravolo,sudden_trace_noise0_1000_ROI,700,280.0,[],[499],,,00:00:00,0.19330660000002808,0.0001933066000000281
Zheng DBSCAN,Ceravolo,sudden_trace_noise0_1000_ROI,700,350.0,[],[499],,,00:00:00,0.19330660000002808,0.0001933066000000281
Zheng DBSCAN,Ceravolo,sudden_trace_noise10_1000_rp,500,50.0,[],[499],,,00:00:00,0.2137283999999795,0.0002137283999999795
Zheng DBSCAN,Ceravolo,sudden_trace_noise10_1000_rp,500,100.0,[],[499],,,00:00:00,0.2137283999999795,0.0002137283999999795
Zheng DBSCAN,Ceravolo,sudden_trace_noise10_1000_rp,500,150.0,[],[499],,,00:00:00,0.2137283999999795,0.0002137283999999795
Zheng DBSCAN,Ceravolo,sudden_trace_noise10_1000_rp,500,200.0,[],[499],,,00:00:00,0.2137283999999795,0.0002137283999999795
Zheng DBSCAN,Ceravolo,sudden_trace_noise10_1000_rp,500,250.0,[],[499],,,00:00:00,0.2137283999999795,0.0002137283999999795
Zheng DBSCAN,Ceravolo,sudden_trace_noise0_1000_cd,500,50.0,[],[499],,,00:00:00,0.19314299999996365,0.00019314299999996366
Zheng DBSCAN,Ceravolo,sudden_trace_noise0_1000_cd,500,100.0,[],[499],,,00:00:00,0.19314299999996365,0.00019314299999996366
Zheng DBSCAN,Ceravolo,sudden_trace_noise0_1000_cd,500,150.0,[],[499],,,00:00:00,0.19314299999996365,0.00019314299999996366
Zheng DBSCAN,Ceravolo,sudden_trace_noise0_1000_cd,500,200.0,[],[499],,,00:00:00,0.19314299999996365,0.00019314299999996366
Zheng DBSCAN,Ceravolo,sudden_trace_noise0_1000_cd,500,250.0,[],[499],,,00:00:00,0.19314299999996365,0.00019314299999996366
Zheng DBSCAN,Ceravolo,sudden_trace_noise0_1000_RIO,600,60.0,[],[499],,,00:00:00,0.19396580000000085,0.00019396580000000086
Zheng DBSCAN,Ceravolo,sudden_trace_noise0_1000_RIO,600,120.0,[],[499],,,00:00:00,0.19396580000000085,0.00019396580000000086
Zheng DBSCAN,Ceravolo,sudden_trace_noise0_1000_RIO,600,180.0,[],[499],,,00:00:00,0.19396580000000085,0.00019396580000000086
Zheng DBSCAN,Ceravolo,sudden_trace_noise0_1000_RIO,600,240.0,[],[499],,,00:00:00,0.19396580000000085,0.00019396580000000086
Zheng DBSCAN,Ceravolo,sudden_trace_noise0_1000_RIO,600,300.0,[],[499],,,00:00:00,0.19396580000000085,0.00019396580000000086
Zheng DBSCAN,Ostovar,Atomic_Frequency_output_Frequency,300,30.0,[],"[999, 1999]",,,00:00:02,2.411040700000001,0.0008039482160720243
Zheng DBSCAN,Ostovar,Atomic_Frequency_output_Frequency,300,60.0,[],"[999, 1999]",,,00:00:02,2.411040700000001,0.0008039482160720243
Zheng DBSCAN,Ostovar,Atomic_Frequency_output_Frequency,300,90.0,[],"[999, 1999]",,,00:00:02,2.411040700000001,0.0008039482160720243
Zheng DBSCAN,Ostovar,Atomic_Frequency_output_Frequency,300,120.0,[],"[999, 1999]",,,00:00:02,2.411040700000001,0.0008039482160720243
Zheng DBSCAN,Ostovar,Atomic_Frequency_output_Frequency,300,150.0,[],"[999, 1999]",,,00:00:02,2.411040700000001,0.0008039482160720243
Zheng DBSCAN,Ceravolo,sudden_trace_noise0_1000_re,500,50.0,[],[499],,,00:00:00,0.18391929999995682,0.00018391929999995681
Zheng DBSCAN,Ceravolo,sudden_trace_noise0_1000_re,500,100.0,[],[499],,,00:00:00,0.18391929999995682,0.00018391929999995681
Zheng DBSCAN,Ceravolo,sudden_trace_noise0_1000_re,500,150.0,[],[499],,,00:00:00,0.18391929999995682,0.00018391929999995681
Zheng DBSCAN,Ceravolo,sudden_trace_noise0_1000_re,500,200.0,[],[499],,,00:00:00,0.18391929999995682,0.00018391929999995681
Zheng DBSCAN,Ceravolo,sudden_trace_noise0_1000_re,500,250.0,[],[499],,,00:00:00,0.18391929999995682,0.00018391929999995681
Zheng DBSCAN,Ostovar,Composite_ROI_output_ROI_2,300,30.0,[np.float64(1482.6153846153845)],"[999, 1999]",,,00:00:06,6.724526200000014,0.002242256152050688
Zheng DBSCAN,Ostovar,Composite_ROI_output_ROI_2,300,60.0,[np.float64(1482.6153846153845)],"[999, 1999]",,,00:00:06,6.724526200000014,0.002242256152050688
Zheng DBSCAN,Ostovar,Composite_ROI_output_ROI_2,300,90.0,[np.float64(1482.6153846153845)],"[999, 1999]",,,00:00:06,6.724526200000014,0.002242256152050688
Zheng DBSCAN,Ostovar,Composite_ROI_output_ROI_2,300,120.0,[np.float64(1482.6153846153845)],"[999, 1999]",,,00:00:06,6.724526200000014,0.002242256152050688
Zheng DBSCAN,Ostovar,Composite_ROI_output_ROI_2,300,150.0,[np.float64(1482.6153846153845)],"[999, 1999]",,,00:00:06,6.724526200000014,0.002242256152050688
Zheng DBSCAN,Ostovar,Nested_IRO_output_IRO_5,600,60.0,[np.float64(1509.1262975778548)],"[999, 1999]",,,00:00:08,8.276550900000018,0.0027597702234078087
Zheng DBSCAN,Ostovar,Nested_IRO_output_IRO_5,600,120.0,[np.float64(1509.1262975778548)],"[999, 1999]",,,00:00:08,8.276550900000018,0.0027597702234078087
Zheng DBSCAN,Ostovar,Nested_IRO_output_IRO_5,600,180.0,[np.float64(1509.1262975778548)],"[999, 1999]",,,00:00:08,8.276550900000018,0.0027597702234078087
Zheng DBSCAN,Ostovar,Nested_IRO_output_IRO_5,600,240.0,[np.float64(1509.1262975778548)],"[999, 1999]",,,00:00:08,8.276550900000018,0.0027597702234078087
Zheng DBSCAN,Ostovar,Nested_IRO_output_IRO_5,600,300.0,[np.float64(1509.1262975778548)],"[999, 1999]",,,00:00:08,8.276550900000018,0.0027597702234078087
Zheng DBSCAN,Ostovar,Composite_IRO_output_IRO_2,700,70.0,[np.float64(1516.645910780669)],"[999, 1999]",,,00:00:06,6.743358000000001,0.0022485355118372794
Zheng DBSCAN,Ostovar,Composite_IRO_output_IRO_2,700,140.0,[np.float64(1516.645910780669)],"[999, 1999]",,,00:00:06,6.743358000000001,0.0022485355118372794
Zheng DBSCAN,Ostovar,Composite_IRO_output_IRO_2,700,210.0,[np.float64(1516.645910780669)],"[999, 1999]",,,00:00:06,6.743358000000001,0.0022485355118372794
Zheng DBSCAN,Ostovar,Composite_IRO_output_IRO_2,700,280.0,[np.float64(1516.645910780669)],"[999, 1999]",,,00:00:06,6.743358000000001,0.0022485355118372794
Zheng DBSCAN,Ostovar,Composite_IRO_output_IRO_2,700,350.0,[np.float64(1516.645910780669)],"[999, 1999]",,,00:00:06,6.743358000000001,0.0022485355118372794
Zheng DBSCAN,Ostovar,Composite_IRO_output_IRO,500,50.0,"[np.float64(948.0666666666667), np.float64(1943.5714285714287)]","[999, 1999]",1.0,53.180952380952306,00:00:05,5.6523943999999915,0.0018847597199066327
Zheng DBSCAN,Ostovar,Composite_IRO_output_IRO,500,100.0,"[np.float64(948.0666666666667), np.float64(1943.5714285714287)]","[999, 1999]",1.0,53.180952380952306,00:00:05,5.6523943999999915,0.0018847597199066327
Zheng DBSCAN,Ostovar,Composite_IRO_output_IRO,500,150.0,"[np.float64(948.0666666666667), np.float64(1943.5714285714287)]","[999, 1999]",1.0,53.180952380952306,00:00:05,5.6523943999999915,0.0018847597199066327
Zheng DBSCAN,Ostovar,Composite_IRO_output_IRO,500,200.0,"[np.float64(948.0666666666667), np.float64(1943.5714285714287)]","[999, 1999]",1.0,53.180952380952306,00:00:05,5.6523943999999915,0.0018847597199066327
Zheng DBSCAN,Ostovar,Composite_IRO_output_IRO,500,250.0,"[np.float64(948.0666666666667), np.float64(1943.5714285714287)]","[999, 1999]",1.0,53.180952380952306,00:00:05,5.6523943999999915,0.0018847597199066327
Zheng DBSCAN,Ceravolo,sudden_trace_noise10_1000_rp,600,60.0,[],[499],,,00:00:00,0.22158699999999953,0.00022158699999999954
Zheng DBSCAN,Ceravolo,sudden_trace_noise10_1000_rp,600,120.0,[],[499],,,00:00:00,0.22158699999999953,0.00022158699999999954
Zheng DBSCAN,Ceravolo,sudden_trace_noise10_1000_rp,600,180.0,[],[499],,,00:00:00,0.22158699999999953,0.00022158699999999954
Zheng DBSCAN,Ceravolo,sudden_trace_noise10_1000_rp,600,240.0,[],[499],,,00:00:00,0.22158699999999953,0.00022158699999999954
Zheng DBSCAN,Ceravolo,sudden_trace_noise10_1000_rp,600,300.0,[],[499],,,00:00:00,0.22158699999999953,0.00022158699999999954
Zheng DBSCAN,Ceravolo,sudden_trace_noise15_1000_RIO,300,30.0,[np.float64(447.0)],[499],1.0,52.0,00:00:00,0.19172429999997576,0.00019172429999997576
Zheng DBSCAN,Ceravolo,sudden_trace_noise15_1000_RIO,300,60.0,[np.float64(447.0)],[499],1.0,52.0,00:00:00,0.19172429999997576,0.00019172429999997576
Zheng DBSCAN,Ceravolo,sudden_trace_noise15_1000_RIO,300,90.0,[np.float64(447.0)],[499],1.0,52.0,00:00:00,0.19172429999997576,0.00019172429999997576
Zheng DBSCAN,Ceravolo,sudden_trace_noise15_1000_RIO,300,120.0,[np.float64(447.0)],[499],1.0,52.0,00:00:00,0.19172429999997576,0.00019172429999997576
Zheng DBSCAN,Ceravolo,sudden_trace_noise15_1000_RIO,300,150.0,[np.float64(447.0)],[499],1.0,52.0,00:00:00,0.19172429999997576,0.00019172429999997576
Zheng DBSCAN,Ostovar,Atomic_ConditionalRemoval_output_ConditionalRemoval_2,600,60.0,[np.float64(1505.2334241598546)],"[999, 1999]",,,00:00:05,5.547934999999995,0.0018499283094364773
Zheng DBSCAN,Ostovar,Atomic_ConditionalRemoval_output_ConditionalRemoval_2,600,120.0,[np.float64(1505.2334241598546)],"[999, 1999]",,,00:00:05,5.547934999999995,0.0018499283094364773
Zheng DBSCAN,Ostovar,Atomic_ConditionalRemoval_output_ConditionalRemoval_2,600,180.0,[np.float64(1505.2334241598546)],"[999, 1999]",,,00:00:05,5.547934999999995,0.0018499283094364773
Zheng DBSCAN,Ostovar,Atomic_ConditionalRemoval_output_ConditionalRemoval_2,600,240.0,[np.float64(1505.2334241598546)],"[999, 1999]",,,00:00:05,5.547934999999995,0.0018499283094364773
Zheng DBSCAN,Ostovar,Atomic_ConditionalRemoval_output_ConditionalRemoval_2,600,300.0,[np.float64(1505.2334241598546)],"[999, 1999]",,,00:00:05,5.547934999999995,0.0018499283094364773
Zheng DBSCAN,Ceravolo,sudden_trace_noise15_1000_ROI,500,50.0,[],[499],,,00:00:00,0.2204793999999879,0.0002204793999999879
Zheng DBSCAN,Ceravolo,sudden_trace_noise15_1000_ROI,500,100.0,[],[499],,,00:00:00,0.2204793999999879,0.0002204793999999879
Zheng DBSCAN,Ceravolo,sudden_trace_noise15_1000_ROI,500,150.0,[],[499],,,00:00:00,0.2204793999999879,0.0002204793999999879
Zheng DBSCAN,Ceravolo,sudden_trace_noise15_1000_ROI,500,200.0,[],[499],,,00:00:00,0.2204793999999879,0.0002204793999999879
Zheng DBSCAN,Ceravolo,sudden_trace_noise15_1000_ROI,500,250.0,[],[499],,,00:00:00,0.2204793999999879,0.0002204793999999879
Zheng DBSCAN,Ceravolo,sudden_trace_noise20_1000_IOR,600,60.0,[],[499],,,00:00:00,0.21781740000000127,0.00021781740000000128
Zheng DBSCAN,Ceravolo,sudden_trace_noise20_1000_IOR,600,120.0,[],[499],,,00:00:00,0.21781740000000127,0.00021781740000000128
Zheng DBSCAN,Ceravolo,sudden_trace_noise20_1000_IOR,600,180.0,[],[499],,,00:00:00,0.21781740000000127,0.00021781740000000128
Zheng DBSCAN,Ceravolo,sudden_trace_noise20_1000_IOR,600,240.0,[],[499],,,00:00:00,0.21781740000000127,0.00021781740000000128
Zheng DBSCAN,Ceravolo,sudden_trace_noise20_1000_IOR,600,300.0,[],[499],,,00:00:00,0.21781740000000127,0.00021781740000000128
Zheng DBSCAN,Ceravolo,sudden_trace_noise5_1000_pl,700,70.0,[],[499],,,00:00:00,0.18476880000002893,0.00018476880000002893
Zheng DBSCAN,Ceravolo,sudden_trace_noise5_1000_pl,700,140.0,[],[499],,,00:00:00,0.18476880000002893,0.00018476880000002893
Zheng DBSCAN,Ceravolo,sudden_trace_noise5_1000_pl,700,210.0,[],[499],,,00:00:00,0.18476880000002893,0.00018476880000002893
Zheng DBSCAN,Ceravolo,sudden_trace_noise5_1000_pl,700,280.0,[],[499],,,00:00:00,0.18476880000002893,0.00018476880000002893
Zheng DBSCAN,Ceravolo,sudden_trace_noise5_1000_pl,700,350.0,[],[499],,,00:00:00,0.18476880000002893,0.00018476880000002893
Zheng DBSCAN,Ceravolo,sudden_trace_noise15_1000_pm,400,40.0,[np.float64(449.5)],[499],1.0,49.5,00:00:00,0.19923109999996313,0.00019923109999996313
Zheng DBSCAN,Ceravolo,sudden_trace_noise15_1000_pm,400,80.0,[np.float64(449.5)],[499],1.0,49.5,00:00:00,0.19923109999996313,0.00019923109999996313
Zheng DBSCAN,Ceravolo,sudden_trace_noise15_1000_pm,400,120.0,[np.float64(449.5)],[499],1.0,49.5,00:00:00,0.19923109999996313,0.00019923109999996313
Zheng DBSCAN,Ceravolo,sudden_trace_noise15_1000_pm,400,160.0,[np.float64(449.5)],[499],1.0,49.5,00:00:00,0.19923109999996313,0.00019923109999996313
Zheng DBSCAN,Ceravolo,sudden_trace_noise15_1000_pm,400,200.0,[np.float64(449.5)],[499],1.0,49.5,00:00:00,0.19923109999996313,0.00019923109999996313
Zheng DBSCAN,Ceravolo,sudden_trace_noise5_1000_ROI,400,40.0,[np.float64(448.5)],[499],1.0,50.5,00:00:00,0.19270579999999882,0.00019270579999999883
Zheng DBSCAN,Ceravolo,sudden_trace_noise5_1000_ROI,400,80.0,[np.float64(448.5)],[499],1.0,50.5,00:00:00,0.19270579999999882,0.00019270579999999883
Zheng DBSCAN,Ceravolo,sudden_trace_noise5_1000_ROI,400,120.0,[np.float64(448.5)],[499],1.0,50.5,00:00:00,0.19270579999999882,0.00019270579999999883
Zheng DBSCAN,Ceravolo,sudden_trace_noise5_1000_ROI,400,160.0,[np.float64(448.5)],[499],1.0,50.5,00:00:00,0.19270579999999882,0.00019270579999999883
Zheng DBSCAN,Ceravolo,sudden_trace_noise5_1000_ROI,400,200.0,[np.float64(448.5)],[499],1.0,50.5,00:00:00,0.19270579999999882,0.00019270579999999883
Zheng DBSCAN,Ostovar,Atomic_ParallelMove_output_ParallelMove_5,800,80.0,[np.float64(1487.217616580311)],"[999, 1999]",,,00:00:06,6.769779200000016,0.0022573455151717295
Zheng DBSCAN,Ostovar,Atomic_ParallelMove_output_ParallelMove_5,800,160.0,[np.float64(1487.217616580311)],"[999, 1999]",,,00:00:06,6.769779200000016,0.0022573455151717295
Zheng DBSCAN,Ostovar,Atomic_ParallelMove_output_ParallelMove_5,800,240.0,[np.float64(1487.217616580311)],"[999, 1999]",,,00:00:06,6.769779200000016,0.0022573455151717295
Zheng DBSCAN,Ostovar,Atomic_ParallelMove_output_ParallelMove_5,800,320.0,[np.float64(1487.217616580311)],"[999, 1999]",,,00:00:06,6.769779200000016,0.0022573455151717295
Zheng DBSCAN,Ostovar,Atomic_ParallelMove_output_ParallelMove_5,800,400.0,[np.float64(1487.217616580311)],"[999, 1999]",,,00:00:06,6.769779200000016,0.0022573455151717295
Zheng DBSCAN,Ceravolo,sudden_trace_noise5_1000_rp,500,50.0,[],[499],,,00:00:00,0.21234079999999267,0.00021234079999999267
Zheng DBSCAN,Ceravolo,sudden_trace_noise5_1000_rp,500,100.0,[],[499],,,00:00:00,0.21234079999999267,0.00021234079999999267
Zheng DBSCAN,Ceravolo,sudden_trace_noise5_1000_rp,500,150.0,[],[499],,,00:00:00,0.21234079999999267,0.00021234079999999267
Zheng DBSCAN,Ceravolo,sudden_trace_noise5_1000_rp,500,200.0,[],[499],,,00:00:00,0.21234079999999267,0.00021234079999999267
Zheng DBSCAN,Ceravolo,sudden_trace_noise5_1000_rp,500,250.0,[],[499],,,00:00:00,0.21234079999999267,0.00021234079999999267
Zheng DBSCAN,Ostovar,Atomic_ConditionalToSequence_output_ConditionalToSequence_2,800,80.0,[np.float64(1503.0305118110236)],"[999, 1999]",,,00:00:06,6.06150329999997,0.0020211748249416373
Zheng DBSCAN,Ostovar,Atomic_ConditionalToSequence_output_ConditionalToSequence_2,800,160.0,[np.float64(1503.0305118110236)],"[999, 1999]",,,00:00:06,6.06150329999997,0.0020211748249416373
Zheng DBSCAN,Ostovar,Atomic_ConditionalToSequence_output_ConditionalToSequence_2,800,240.0,[np.float64(1503.0305118110236)],"[999, 1999]",,,00:00:06,6.06150329999997,0.0020211748249416373
Zheng DBSCAN,Ostovar,Atomic_ConditionalToSequence_output_ConditionalToSequence_2,800,320.0,[np.float64(1503.0305118110236)],"[999, 1999]",,,00:00:06,6.06150329999997,0.0020211748249416373
Zheng DBSCAN,Ostovar,Atomic_ConditionalToSequence_output_ConditionalToSequence_2,800,400.0,[np.float64(1503.0305118110236)],"[999, 1999]",,,00:00:06,6.06150329999997,0.0020211748249416373
Zheng DBSCAN,Ostovar,Nested_ORI_output_ORI_2,600,60.0,[np.float64(1495.022290545734)],"[999, 1999]",,,00:00:07,7.085155399999962,0.002362505968656206
Zheng DBSCAN,Ostovar,Nested_ORI_output_ORI_2,600,120.0,[np.float64(1495.022290545734)],"[999, 1999]",,,00:00:07,7.085155399999962,0.002362505968656206
Zheng DBSCAN,Ostovar,Nested_ORI_output_ORI_2,600,180.0,[np.float64(1495.022290545734)],"[999, 1999]",,,00:00:07,7.085155399999962,0.002362505968656206
Zheng DBSCAN,Ostovar,Nested_ORI_output_ORI_2,600,240.0,[np.float64(1495.022290545734)],"[999, 1999]",,,00:00:07,7.085155399999962,0.002362505968656206
Zheng DBSCAN,Ostovar,Nested_ORI_output_ORI_2,600,300.0,[np.float64(1495.022290545734)],"[999, 1999]",,,00:00:07,7.085155399999962,0.002362505968656206
Zheng DBSCAN,Ceravolo,sudden_trace_noise0_1000_cd,800,80.0,[],[499],,,00:00:00,0.18208419999996295,0.00018208419999996293
Zheng DBSCAN,Ceravolo,sudden_trace_noise0_1000_cd,800,160.0,[],[499],,,00:00:00,0.18208419999996295,0.00018208419999996293
Zheng DBSCAN,Ceravolo,sudden_trace_noise0_1000_cd,800,240.0,[],[499],,,00:00:00,0.18208419999996295,0.00018208419999996293
Zheng DBSCAN,Ceravolo,sudden_trace_noise0_1000_cd,800,320.0,[],[499],,,00:00:00,0.18208419999996295,0.00018208419999996293
Zheng DBSCAN,Ceravolo,sudden_trace_noise0_1000_cd,800,400.0,[],[499],,,00:00:00,0.18208419999996295,0.00018208419999996293
Zheng DBSCAN,Ceravolo,sudden_trace_noise15_1000_rp,400,40.0,[np.float64(449.0)],[499],1.0,50.0,00:00:00,0.21233619999998155,0.00021233619999998154
Zheng DBSCAN,Ceravolo,sudden_trace_noise15_1000_rp,400,80.0,[np.float64(449.0)],[499],1.0,50.0,00:00:00,0.21233619999998155,0.00021233619999998154
Zheng DBSCAN,Ceravolo,sudden_trace_noise15_1000_rp,400,120.0,[np.float64(449.0)],[499],1.0,50.0,00:00:00,0.21233619999998155,0.00021233619999998154
Zheng DBSCAN,Ceravolo,sudden_trace_noise15_1000_rp,400,160.0,[np.float64(449.0)],[499],1.0,50.0,00:00:00,0.21233619999998155,0.00021233619999998154
Zheng DBSCAN,Ceravolo,sudden_trace_noise15_1000_rp,400,200.0,[np.float64(449.0)],[499],1.0,50.0,00:00:00,0.21233619999998155,0.00021233619999998154
Zheng DBSCAN,Ostovar,Atomic_ParallelToSequence_output_ParallelToSequence,800,80.0,"[np.float64(940.5), np.float64(1941.909090909091)]","[999, 1999]",1.0,57.795454545454504,00:00:04,4.961694899999998,0.0016544497832610863
Zheng DBSCAN,Ostovar,Atomic_ParallelToSequence_output_ParallelToSequence,800,160.0,"[np.float64(940.5), np.float64(1941.909090909091)]","[999, 1999]",1.0,57.795454545454504,00:00:04,4.961694899999998,0.0016544497832610863
Zheng DBSCAN,Ostovar,Atomic_ParallelToSequence_output_ParallelToSequence,800,240.0,"[np.float64(940.5), np.float64(1941.909090909091)]","[999, 1999]",1.0,57.795454545454504,00:00:04,4.961694899999998,0.0016544497832610863
Zheng DBSCAN,Ostovar,Atomic_ParallelToSequence_output_ParallelToSequence,800,320.0,"[np.float64(940.5), np.float64(1941.909090909091)]","[999, 1999]",1.0,57.795454545454504,00:00:04,4.961694899999998,0.0016544497832610863
Zheng DBSCAN,Ostovar,Atomic_ParallelToSequence_output_ParallelToSequence,800,400.0,"[np.float64(940.5), np.float64(1941.909090909091)]","[999, 1999]",1.0,57.795454545454504,00:00:04,4.961694899999998,0.0016544497832610863
Zheng DBSCAN,Ceravolo,sudden_trace_noise0_1000_lp,800,80.0,[],[499],,,00:00:00,0.1997302999999988,0.00019973029999999882
Zheng DBSCAN,Ceravolo,sudden_trace_noise0_1000_lp,800,160.0,[],[499],,,00:00:00,0.1997302999999988,0.00019973029999999882
Zheng DBSCAN,Ceravolo,sudden_trace_noise0_1000_lp,800,240.0,[],[499],,,00:00:00,0.1997302999999988,0.00019973029999999882
Zheng DBSCAN,Ceravolo,sudden_trace_noise0_1000_lp,800,320.0,[],[499],,,00:00:00,0.1997302999999988,0.00019973029999999882
Zheng DBSCAN,Ceravolo,sudden_trace_noise0_1000_lp,800,400.0,[],[499],,,00:00:00,0.1997302999999988,0.00019973029999999882
Zheng DBSCAN,Ostovar,Atomic_ConditionalMove_output_ConditionalMove,300,30.0,"[np.float64(941.4285714285714), np.float64(1934.7777777777778)]","[999, 1999]",1.0,60.89682539682536,00:00:05,5.670802400000014,0.0018908977659219785
Zheng DBSCAN,Ostovar,Atomic_ConditionalMove_output_ConditionalMove,300,60.0,"[np.float64(941.4285714285714), np.float64(1934.7777777777778)]","[999, 1999]",1.0,60.89682539682536,00:00:05,5.670802400000014,0.0018908977659219785
Zheng DBSCAN,Ostovar,Atomic_ConditionalMove_output_ConditionalMove,300,90.0,"[np.float64(941.4285714285714), np.float64(1934.7777777777778)]","[999, 1999]",1.0,60.89682539682536,00:00:05,5.670802400000014,0.0018908977659219785
Zheng DBSCAN,Ostovar,Atomic_ConditionalMove_output_ConditionalMove,300,120.0,"[np.float64(941.4285714285714), np.float64(1934.7777777777778)]","[999, 1999]",1.0,60.89682539682536,00:00:05,5.670802400000014,0.0018908977659219785
Zheng DBSCAN,Ostovar,Atomic_ConditionalMove_output_ConditionalMove,300,150.0,"[np.float64(941.4285714285714), np.float64(1934.7777777777778)]","[999, 1999]",1.0,60.89682539682536,00:00:05,5.670802400000014,0.0018908977659219785
Zheng DBSCAN,Ostovar,Composite_ORI_output_ORI,300,30.0,"[np.float64(743.0), np.float64(839.0), np.float64(916.8), np.float64(1823.6666666666667), np.float64(1906.888888888889)]","[999, 1999]",0.5714285714285715,87.15555555555557,00:00:05,5.600453700000003,0.0018674403801267098
Zheng DBSCAN,Ostovar,Composite_ORI_output_ORI,300,60.0,"[np.float64(743.0), np.float64(909.7272727272727), np.float64(1886.0833333333333)]","[999, 1999]",0.8,101.094696969697,00:00:05,5.600453700000003,0.0018674403801267098
Zheng DBSCAN,Ostovar,Composite_ORI_output_ORI,300,90.0,"[np.float64(743.0), np.float64(909.7272727272727), np.float64(1886.0833333333333)]","[999, 1999]",0.8,101.094696969697,00:00:05,5.600453700000003,0.0018674403801267098
Zheng DBSCAN,Ostovar,Composite_ORI_output_ORI,300,120.0,"[np.float64(895.8333333333334), np.float64(1886.0833333333333)]","[999, 1999]",1.0,108.04166666666669,00:00:05,5.600453700000003,0.0018674403801267098
Zheng DBSCAN,Ostovar,Composite_ORI_output_ORI,300,150.0,"[np.float64(895.8333333333334), np.float64(1886.0833333333333)]","[999, 1999]",1.0,108.04166666666669,00:00:05,5.600453700000003,0.0018674403801267098
Zheng DBSCAN,Ostovar,Nested_IOR_output_IOR,600,60.0,"[np.float64(880.0588235294117), np.float64(1699.0), np.float64(1896.0625)]","[999, 1999]",0.8,110.93933823529414,00:00:06,6.09031920000001,0.0020307833277759288
Zheng DBSCAN,Ostovar,Nested_IOR_output_IOR,600,120.0,"[np.float64(880.0588235294117), np.float64(1884.4705882352941)]","[999, 1999]",1.0,116.73529411764707,00:00:06,6.09031920000001,0.0020307833277759288
Zheng DBSCAN,Ostovar,Nested_IOR_output_IOR,600,180.0,"[np.float64(880.0588235294117), np.float64(1884.4705882352941)]","[999, 1999]",1.0,116.73529411764707,00:00:06,6.09031920000001,0.0020307833277759288
Zheng DBSCAN,Ostovar,Nested_IOR_output_IOR,600,240.0,"[np.float64(880.0588235294117), np.float64(1884.4705882352941)]","[999, 1999]",1.0,116.73529411764707,00:00:06,6.09031920000001,0.0020307833277759288
Zheng DBSCAN,Ostovar,Nested_IOR_output_IOR,600,300.0,"[np.float64(880.0588235294117), np.float64(1884.4705882352941)]","[999, 1999]",1.0,116.73529411764707,00:00:06,6.09031920000001,0.0020307833277759288
Zheng DBSCAN,Ostovar,Atomic_ParallelToSequence_output_ParallelToSequence_2,600,60.0,[np.float64(1530.4463818657366)],"[999, 1999]",,,00:00:06,6.092074799999978,0.0020313687229076283
Zheng DBSCAN,Ostovar,Atomic_ParallelToSequence_output_ParallelToSequence_2,600,120.0,[np.float64(1530.4463818657366)],"[999, 1999]",,,00:00:06,6.092074799999978,0.0020313687229076283
Zheng DBSCAN,Ostovar,Atomic_ParallelToSequence_output_ParallelToSequence_2,600,180.0,[np.float64(1530.4463818657366)],"[999, 1999]",,,00:00:06,6.092074799999978,0.0020313687229076283
Zheng DBSCAN,Ostovar,Atomic_ParallelToSequence_output_ParallelToSequence_2,600,240.0,[np.float64(1530.4463818657366)],"[999, 1999]",,,00:00:06,6.092074799999978,0.0020313687229076283
Zheng DBSCAN,Ostovar,Atomic_ParallelToSequence_output_ParallelToSequence_2,600,300.0,[np.float64(1530.4463818657366)],"[999, 1999]",,,00:00:06,6.092074799999978,0.0020313687229076283
Zheng DBSCAN,Ceravolo,sudden_trace_noise5_1000_cp,300,30.0,[np.float64(449.6666666666667)],[499],1.0,49.333333333333314,00:00:00,0.1956308999999692,0.00019563089999996919
Zheng DBSCAN,Ceravolo,sudden_trace_noise5_1000_cp,300,60.0,[np.float64(449.6666666666667)],[499],1.0,49.333333333333314,00:00:00,0.1956308999999692,0.00019563089999996919
Zheng DBSCAN,Ceravolo,sudden_trace_noise5_1000_cp,300,90.0,[np.float64(449.6666666666667)],[499],1.0,49.333333333333314,00:00:00,0.1956308999999692,0.00019563089999996919
Zheng DBSCAN,Ceravolo,sudden_trace_noise5_1000_cp,300,120.0,[np.float64(449.6666666666667)],[499],1.0,49.333333333333314,00:00:00,0.1956308999999692,0.00019563089999996919
Zheng DBSCAN,Ceravolo,sudden_trace_noise5_1000_cp,300,150.0,[np.float64(449.6666666666667)],[499],1.0,49.333333333333314,00:00:00,0.1956308999999692,0.00019563089999996919
Zheng DBSCAN,Ceravolo,sudden_trace_noise0_1000_OIR,300,30.0,[np.float64(448.0)],[499],1.0,51.0,00:00:00,0.2217623999999887,0.0002217623999999887
Zheng DBSCAN,Ceravolo,sudden_trace_noise0_1000_OIR,300,60.0,[np.float64(448.0)],[499],1.0,51.0,00:00:00,0.2217623999999887,0.0002217623999999887
Zheng DBSCAN,Ceravolo,sudden_trace_noise0_1000_OIR,300,90.0,[np.float64(448.0)],[499],1.0,51.0,00:00:00,0.2217623999999887,0.0002217623999999887
Zheng DBSCAN,Ceravolo,sudden_trace_noise0_1000_OIR,300,120.0,[np.float64(448.0)],[499],1.0,51.0,00:00:00,0.2217623999999887,0.0002217623999999887
Zheng DBSCAN,Ceravolo,sudden_trace_noise0_1000_OIR,300,150.0,[np.float64(448.0)],[499],1.0,51.0,00:00:00,0.2217623999999887,0.0002217623999999887
Zheng DBSCAN,Ostovar,Atomic_Frequency_output_Frequency_5,300,30.0,[np.float64(1520.7753303964757)],"[999, 1999]",,,00:00:03,3.285590099999979,0.0010955618872957582
Zheng DBSCAN,Ostovar,Atomic_Frequency_output_Frequency_5,300,60.0,[np.float64(1520.7753303964757)],"[999, 1999]",,,00:00:03,3.285590099999979,0.0010955618872957582
Zheng DBSCAN,Ostovar,Atomic_Frequency_output_Frequency_5,300,90.0,[np.float64(1520.7753303964757)],"[999, 1999]",,,00:00:03,3.285590099999979,0.0010955618872957582
Zheng DBSCAN,Ostovar,Atomic_Frequency_output_Frequency_5,300,120.0,[np.float64(1520.7753303964757)],"[999, 1999]",,,00:00:03,3.285590099999979,0.0010955618872957582
Zheng DBSCAN,Ostovar,Atomic_Frequency_output_Frequency_5,300,150.0,[np.float64(1520.7753303964757)],"[999, 1999]",,,00:00:03,3.285590099999979,0.0010955618872957582
Zheng DBSCAN,Ceravolo,sudden_trace_noise15_1000_lp,600,60.0,[],[499],,,00:00:00,0.19921590000001288,0.0001992159000000129
Zheng DBSCAN,Ceravolo,sudden_trace_noise15_1000_lp,600,120.0,[],[499],,,00:00:00,0.19921590000001288,0.0001992159000000129
Zheng DBSCAN,Ceravolo,sudden_trace_noise15_1000_lp,600,180.0,[],[499],,,00:00:00,0.19921590000001288,0.0001992159000000129
Zheng DBSCAN,Ceravolo,sudden_trace_noise15_1000_lp,600,240.0,[],[499],,,00:00:00,0.19921590000001288,0.0001992159000000129
Zheng DBSCAN,Ceravolo,sudden_trace_noise15_1000_lp,600,300.0,[],[499],,,00:00:00,0.19921590000001288,0.0001992159000000129
Zheng DBSCAN,Ceravolo,sudden_trace_noise15_1000_cp,300,30.0,[np.float64(449.0)],[499],1.0,50.0,00:00:00,0.20492030000002615,0.00020492030000002613
Zheng DBSCAN,Ceravolo,sudden_trace_noise15_1000_cp,300,60.0,[np.float64(449.0)],[499],1.0,50.0,00:00:00,0.20492030000002615,0.00020492030000002613
Zheng DBSCAN,Ceravolo,sudden_trace_noise15_1000_cp,300,90.0,[np.float64(449.0)],[499],1.0,50.0,00:00:00,0.20492030000002615,0.00020492030000002613
Zheng DBSCAN,Ceravolo,sudden_trace_noise15_1000_cp,300,120.0,[np.float64(449.0)],[499],1.0,50.0,00:00:00,0.20492030000002615,0.00020492030000002613
Zheng DBSCAN,Ceravolo,sudden_trace_noise15_1000_cp,300,150.0,[np.float64(449.0)],[499],1.0,50.0,00:00:00,0.20492030000002615,0.00020492030000002613
Zheng DBSCAN,Ceravolo,sudden_trace_noise15_1000_OIR,400,40.0,[np.float64(448.0)],[499],1.0,51.0,00:00:00,0.2268395000000396,0.0002268395000000396
Zheng DBSCAN,Ceravolo,sudden_trace_noise15_1000_OIR,400,80.0,[np.float64(448.0)],[499],1.0,51.0,00:00:00,0.2268395000000396,0.0002268395000000396
Zheng DBSCAN,Ceravolo,sudden_trace_noise15_1000_OIR,400,120.0,[np.float64(448.0)],[499],1.0,51.0,00:00:00,0.2268395000000396,0.0002268395000000396
Zheng DBSCAN,Ceravolo,sudden_trace_noise15_1000_OIR,400,160.0,[np.float64(448.0)],[499],1.0,51.0,00:00:00,0.2268395000000396,0.0002268395000000396
Zheng DBSCAN,Ceravolo,sudden_trace_noise15_1000_OIR,400,200.0,[np.float64(448.0)],[499],1.0,51.0,00:00:00,0.2268395000000396,0.0002268395000000396
Zheng DBSCAN,Ceravolo,sudden_trace_noise20_1000_lp,700,70.0,[],[499],,,00:00:00,0.17404950000002373,0.00017404950000002374
Zheng DBSCAN,Ceravolo,sudden_trace_noise20_1000_lp,700,140.0,[],[499],,,00:00:00,0.17404950000002373,0.00017404950000002374
Zheng DBSCAN,Ceravolo,sudden_trace_noise20_1000_lp,700,210.0,[],[499],,,00:00:00,0.17404950000002373,0.00017404950000002374
Zheng DBSCAN,Ceravolo,sudden_trace_noise20_1000_lp,700,280.0,[],[499],,,00:00:00,0.17404950000002373,0.00017404950000002374
Zheng DBSCAN,Ceravolo,sudden_trace_noise20_1000_lp,700,350.0,[],[499],,,00:00:00,0.17404950000002373,0.00017404950000002374
Zheng DBSCAN,Ceravolo,sudden_trace_noise15_1000_pl,500,50.0,[],[499],,,00:00:00,0.2036104000000023,0.0002036104000000023
Zheng DBSCAN,Ceravolo,sudden_trace_noise15_1000_pl,500,100.0,[],[499],,,00:00:00,0.2036104000000023,0.0002036104000000023
Zheng DBSCAN,Ceravolo,sudden_trace_noise15_1000_pl,500,150.0,[],[499],,,00:00:00,0.2036104000000023,0.0002036104000000023
Zheng DBSCAN,Ceravolo,sudden_trace_noise15_1000_pl,500,200.0,[],[499],,,00:00:00,0.2036104000000023,0.0002036104000000023
Zheng DBSCAN,Ceravolo,sudden_trace_noise15_1000_pl,500,250.0,[],[499],,,00:00:00,0.2036104000000023,0.0002036104000000023
Zheng DBSCAN,Ceravolo,sudden_trace_noise0_1000_cp,700,70.0,[],[499],,,00:00:00,0.1914636999999857,0.0001914636999999857
Zheng DBSCAN,Ceravolo,sudden_trace_noise0_1000_cp,700,140.0,[],[499],,,00:00:00,0.1914636999999857,0.0001914636999999857
Zheng DBSCAN,Ceravolo,sudden_trace_noise0_1000_cp,700,210.0,[],[499],,,00:00:00,0.1914636999999857,0.0001914636999999857
Zheng DBSCAN,Ceravolo,sudden_trace_noise0_1000_cp,700,280.0,[],[499],,,00:00:00,0.1914636999999857,0.0001914636999999857
Zheng DBSCAN,Ceravolo,sudden_trace_noise0_1000_cp,700,350.0,[],[499],,,00:00:00,0.1914636999999857,0.0001914636999999857
Zheng DBSCAN,Ostovar,Atomic_Substitute_output_Substitute_5,600,60.0,[np.float64(1503.3337902673063)],"[999, 1999]",,,00:00:06,6.437700300000017,0.002146615638546188
Zheng DBSCAN,Ostovar,Atomic_Substitute_output_Substitute_5,600,120.0,[np.float64(1503.3337902673063)],"[999, 1999]",,,00:00:06,6.437700300000017,0.002146615638546188
Zheng DBSCAN,Ostovar,Atomic_Substitute_output_Substitute_5,600,180.0,[np.float64(1503.3337902673063)],"[999, 1999]",,,00:00:06,6.437700300000017,0.002146615638546188
Zheng DBSCAN,Ostovar,Atomic_Substitute_output_Substitute_5,600,240.0,[np.float64(1503.3337902673063)],"[999, 1999]",,,00:00:06,6.437700300000017,0.002146615638546188
Zheng DBSCAN,Ostovar,Atomic_Substitute_output_Substitute_5,600,300.0,[np.float64(1503.3337902673063)],"[999, 1999]",,,00:00:06,6.437700300000017,0.002146615638546188
Zheng DBSCAN,Ostovar,Composite_ROI_output_ROI,500,50.0,"[np.float64(940.25), np.float64(1936.6923076923076)]","[999, 1999]",1.0,60.52884615384619,00:00:05,5.2893444000000045,0.0017637027009003016
Zheng DBSCAN,Ostovar,Composite_ROI_output_ROI,500,100.0,"[np.float64(940.25), np.float64(1936.6923076923076)]","[999, 1999]",1.0,60.52884615384619,00:00:05,5.2893444000000045,0.0017637027009003016
Zheng DBSCAN,Ostovar,Composite_ROI_output_ROI,500,150.0,"[np.float64(940.25), np.float64(1936.6923076923076)]","[999, 1999]",1.0,60.52884615384619,00:00:05,5.2893444000000045,0.0017637027009003016
Zheng DBSCAN,Ostovar,Composite_ROI_output_ROI,500,200.0,"[np.float64(940.25), np.float64(1936.6923076923076)]","[999, 1999]",1.0,60.52884615384619,00:00:05,5.2893444000000045,0.0017637027009003016
Zheng DBSCAN,Ostovar,Composite_ROI_output_ROI,500,250.0,"[np.float64(940.25), np.float64(1936.6923076923076)]","[999, 1999]",1.0,60.52884615384619,00:00:05,5.2893444000000045,0.0017637027009003016
Zheng DBSCAN,Ceravolo,sudden_trace_noise20_1000_re,600,60.0,[],[499],,,00:00:00,0.15855420000002596,0.00015855420000002597
Zheng DBSCAN,Ceravolo,sudden_trace_noise20_1000_re,600,120.0,[],[499],,,00:00:00,0.15855420000002596,0.00015855420000002597
Zheng DBSCAN,Ceravolo,sudden_trace_noise20_1000_re,600,180.0,[],[499],,,00:00:00,0.15855420000002596,0.00015855420000002597
Zheng DBSCAN,Ceravolo,sudden_trace_noise20_1000_re,600,240.0,[],[499],,,00:00:00,0.15855420000002596,0.00015855420000002597
Zheng DBSCAN,Ceravolo,sudden_trace_noise20_1000_re,600,300.0,[],[499],,,00:00:00,0.15855420000002596,0.00015855420000002597
Zheng DBSCAN,Ceravolo,sudden_trace_noise20_1000_pm,600,60.0,[],[499],,,00:00:00,0.18489790000000994,0.00018489790000000993
Zheng DBSCAN,Ceravolo,sudden_trace_noise20_1000_pm,600,120.0,[],[499],,,00:00:00,0.18489790000000994,0.00018489790000000993
Zheng DBSCAN,Ceravolo,sudden_trace_noise20_1000_pm,600,180.0,[],[499],,,00:00:00,0.18489790000000994,0.00018489790000000993
Zheng DBSCAN,Ceravolo,sudden_trace_noise20_1000_pm,600,240.0,[],[499],,,00:00:00,0.18489790000000994,0.00018489790000000993
Zheng DBSCAN,Ceravolo,sudden_trace_noise20_1000_pm,600,300.0,[],[499],,,00:00:00,0.18489790000000994,0.00018489790000000993
Zheng DBSCAN,Ostovar,Nested_ROI_output_ROI_5,800,80.0,[np.float64(1485.2189254210105)],"[999, 1999]",,,00:00:06,6.223982700000022,0.0020753526842280834
Zheng DBSCAN,Ostovar,Nested_ROI_output_ROI_5,800,160.0,[np.float64(1485.2189254210105)],"[999, 1999]",,,00:00:06,6.223982700000022,0.0020753526842280834
Zheng DBSCAN,Ostovar,Nested_ROI_output_ROI_5,800,240.0,[np.float64(1485.2189254210105)],"[999, 1999]",,,00:00:06,6.223982700000022,0.0020753526842280834
Zheng DBSCAN,Ostovar,Nested_ROI_output_ROI_5,800,320.0,[np.float64(1485.2189254210105)],"[999, 1999]",,,00:00:06,6.223982700000022,0.0020753526842280834
Zheng DBSCAN,Ostovar,Nested_ROI_output_ROI_5,800,400.0,[np.float64(1485.2189254210105)],"[999, 1999]",,,00:00:06,6.223982700000022,0.0020753526842280834
Zheng DBSCAN,Ostovar,Atomic_ConditionalToSequence_output_ConditionalToSequence_5,700,70.0,[np.float64(1507.8648068669527)],"[999, 1999]",,,00:00:05,5.789066999999989,0.0019303324441480455
Zheng DBSCAN,Ostovar,Atomic_ConditionalToSequence_output_ConditionalToSequence_5,700,140.0,[np.float64(1507.8648068669527)],"[999, 1999]",,,00:00:05,5.789066999999989,0.0019303324441480455
Zheng DBSCAN,Ostovar,Atomic_ConditionalToSequence_output_ConditionalToSequence_5,700,210.0,[np.float64(1507.8648068669527)],"[999, 1999]",,,00:00:05,5.789066999999989,0.0019303324441480455
Zheng DBSCAN,Ostovar,Atomic_ConditionalToSequence_output_ConditionalToSequence_5,700,280.0,[np.float64(1507.8648068669527)],"[999, 1999]",,,00:00:05,5.789066999999989,0.0019303324441480455
Zheng DBSCAN,Ostovar,Atomic_ConditionalToSequence_output_ConditionalToSequence_5,700,350.0,[np.float64(1507.8648068669527)],"[999, 1999]",,,00:00:05,5.789066999999989,0.0019303324441480455
Zheng DBSCAN,Ostovar,Atomic_Frequency_output_Frequency_2,800,80.0,[np.float64(1499.9579439252336)],"[999, 1999]",,,00:00:03,3.0369024999999965,0.0010126383794598188
Zheng DBSCAN,Ostovar,Atomic_Frequency_output_Frequency_2,800,160.0,[np.float64(1499.9579439252336)],"[999, 1999]",,,00:00:03,3.0369024999999965,0.0010126383794598188
Zheng DBSCAN,Ostovar,Atomic_Frequency_output_Frequency_2,800,240.0,[np.float64(1499.9579439252336)],"[999, 1999]",,,00:00:03,3.0369024999999965,0.0010126383794598188
Zheng DBSCAN,Ostovar,Atomic_Frequency_output_Frequency_2,800,320.0,[np.float64(1499.9579439252336)],"[999, 1999]",,,00:00:03,3.0369024999999965,0.0010126383794598188
Zheng DBSCAN,Ostovar,Atomic_Frequency_output_Frequency_2,800,400.0,[np.float64(1499.9579439252336)],"[999, 1999]",,,00:00:03,3.0369024999999965,0.0010126383794598188
Zheng DBSCAN,Ceravolo,sudden_trace_noise20_1000_OIR,400,40.0,[np.float64(448.0)],[499],1.0,51.0,00:00:00,0.21768470000000661,0.0002176847000000066
Zheng DBSCAN,Ceravolo,sudden_trace_noise20_1000_OIR,400,80.0,[np.float64(448.0)],[499],1.0,51.0,00:00:00,0.21768470000000661,0.0002176847000000066
Zheng DBSCAN,Ceravolo,sudden_trace_noise20_1000_OIR,400,120.0,[np.float64(448.0)],[499],1.0,51.0,00:00:00,0.21768470000000661,0.0002176847000000066
Zheng DBSCAN,Ceravolo,sudden_trace_noise20_1000_OIR,400,160.0,[np.float64(448.0)],[499],1.0,51.0,00:00:00,0.21768470000000661,0.0002176847000000066
Zheng DBSCAN,Ceravolo,sudden_trace_noise20_1000_OIR,400,200.0,[np.float64(448.0)],[499],1.0,51.0,00:00:00,0.21768470000000661,0.0002176847000000066
Zheng DBSCAN,Ostovar,Atomic_SerialRemoval_output_SerialRemoval_5,500,50.0,[np.float64(1502.888064733648)],"[999, 1999]",,,00:00:05,5.56077879999998,0.0018542110036678825
Zheng DBSCAN,Ostovar,Atomic_SerialRemoval_output_SerialRemoval_5,500,100.0,[np.float64(1502.888064733648)],"[999, 1999]",,,00:00:05,5.56077879999998,0.0018542110036678825
Zheng DBSCAN,Ostovar,Atomic_SerialRemoval_output_SerialRemoval_5,500,150.0,[np.float64(1502.888064733648)],"[999, 1999]",,,00:00:05,5.56077879999998,0.0018542110036678825
Zheng DBSCAN,Ostovar,Atomic_SerialRemoval_output_SerialRemoval_5,500,200.0,[np.float64(1502.888064733648)],"[999, 1999]",,,00:00:05,5.56077879999998,0.0018542110036678825
Zheng DBSCAN,Ostovar,Atomic_SerialRemoval_output_SerialRemoval_5,500,250.0,[np.float64(1502.888064733648)],"[999, 1999]",,,00:00:05,5.56077879999998,0.0018542110036678825
Zheng DBSCAN,Ceravolo,sudden_trace_noise15_1000_cb,400,40.0,[np.float64(451.0)],[499],1.0,48.0,00:00:00,0.19367509999995036,0.00019367509999995036
Zheng DBSCAN,Ceravolo,sudden_trace_noise15_1000_cb,400,80.0,[np.float64(451.0)],[499],1.0,48.0,00:00:00,0.19367509999995036,0.00019367509999995036
Zheng DBSCAN,Ceravolo,sudden_trace_noise15_1000_cb,400,120.0,[np.float64(451.0)],[499],1.0,48.0,00:00:00,0.19367509999995036,0.00019367509999995036
Zheng DBSCAN,Ceravolo,sudden_trace_noise15_1000_cb,400,160.0,[np.float64(451.0)],[499],1.0,48.0,00:00:00,0.19367509999995036,0.00019367509999995036
Zheng DBSCAN,Ceravolo,sudden_trace_noise15_1000_cb,400,200.0,[np.float64(451.0)],[499],1.0,48.0,00:00:00,0.19367509999995036,0.00019367509999995036
Zheng DBSCAN,Ceravolo,sudden_trace_noise20_1000_cf,700,70.0,[],[499],,,00:00:00,0.18472600000001194,0.00018472600000001195
Zheng DBSCAN,Ceravolo,sudden_trace_noise20_1000_cf,700,140.0,[],[499],,,00:00:00,0.18472600000001194,0.00018472600000001195
Zheng DBSCAN,Ceravolo,sudden_trace_noise20_1000_cf,700,210.0,[],[499],,,00:00:00,0.18472600000001194,0.00018472600000001195
Zheng DBSCAN,Ceravolo,sudden_trace_noise20_1000_cf,700,280.0,[],[499],,,00:00:00,0.18472600000001194,0.00018472600000001195
Zheng DBSCAN,Ceravolo,sudden_trace_noise20_1000_cf,700,350.0,[],[499],,,00:00:00,0.18472600000001194,0.00018472600000001195
Zheng DBSCAN,Ceravolo,sudden_trace_noise15_1000_RIO,500,50.0,[],[499],,,00:00:00,0.1890885000000253,0.0001890885000000253
Zheng DBSCAN,Ceravolo,sudden_trace_noise15_1000_RIO,500,100.0,[],[499],,,00:00:00,0.1890885000000253,0.0001890885000000253
Zheng DBSCAN,Ceravolo,sudden_trace_noise15_1000_RIO,500,150.0,[],[499],,,00:00:00,0.1890885000000253,0.0001890885000000253
Zheng DBSCAN,Ceravolo,sudden_trace_noise15_1000_RIO,500,200.0,[],[499],,,00:00:00,0.1890885000000253,0.0001890885000000253
Zheng DBSCAN,Ceravolo,sudden_trace_noise15_1000_RIO,500,250.0,[],[499],,,00:00:00,0.1890885000000253,0.0001890885000000253
Zheng DBSCAN,Ostovar,Atomic_ParallelToSequence_output_ParallelToSequence,700,70.0,"[np.float64(940.5), np.float64(1941.909090909091)]","[999, 1999]",1.0,57.795454545454504,00:00:05,5.07088779999998,0.0016908595531843881
Zheng DBSCAN,Ostovar,Atomic_ParallelToSequence_output_ParallelToSequence,700,140.0,"[np.float64(940.5), np.float64(1941.909090909091)]","[999, 1999]",1.0,57.795454545454504,00:00:05,5.07088779999998,0.0016908595531843881
Zheng DBSCAN,Ostovar,Atomic_ParallelToSequence_output_ParallelToSequence,700,210.0,"[np.float64(940.5), np.float64(1941.909090909091)]","[999, 1999]",1.0,57.795454545454504,00:00:05,5.07088779999998,0.0016908595531843881
Zheng DBSCAN,Ostovar,Atomic_ParallelToSequence_output_ParallelToSequence,700,280.0,"[np.float64(940.5), np.float64(1941.909090909091)]","[999, 1999]",1.0,57.795454545454504,00:00:05,5.07088779999998,0.0016908595531843881
Zheng DBSCAN,Ostovar,Atomic_ParallelToSequence_output_ParallelToSequence,700,350.0,"[np.float64(940.5), np.float64(1941.909090909091)]","[999, 1999]",1.0,57.795454545454504,00:00:05,5.07088779999998,0.0016908595531843881
Zheng DBSCAN,Ostovar,Atomic_ConditionalToSequence_output_ConditionalToSequence,800,80.0,"[np.float64(939.6428571428571), np.float64(1944.357142857143)]","[999, 1999]",1.0,57.0,00:00:05,5.015517200000033,0.0016723965321774035
Zheng DBSCAN,Ostovar,Atomic_ConditionalToSequence_output_ConditionalToSequence,800,160.0,"[np.float64(939.6428571428571), np.float64(1944.357142857143)]","[999, 1999]",1.0,57.0,00:00:05,5.015517200000033,0.0016723965321774035
Zheng DBSCAN,Ostovar,Atomic_ConditionalToSequence_output_ConditionalToSequence,800,240.0,"[np.float64(939.6428571428571), np.float64(1944.357142857143)]","[999, 1999]",1.0,57.0,00:00:05,5.015517200000033,0.0016723965321774035
Zheng DBSCAN,Ostovar,Atomic_ConditionalToSequence_output_ConditionalToSequence,800,320.0,"[np.float64(939.6428571428571), np.float64(1944.357142857143)]","[999, 1999]",1.0,57.0,00:00:05,5.015517200000033,0.0016723965321774035
Zheng DBSCAN,Ostovar,Atomic_ConditionalToSequence_output_ConditionalToSequence,800,400.0,"[np.float64(939.6428571428571), np.float64(1944.357142857143)]","[999, 1999]",1.0,57.0,00:00:05,5.015517200000033,0.0016723965321774035
Zheng DBSCAN,Ostovar,Atomic_SerialMove_output_SerialMove_2,400,40.0,[np.float64(1508.1263460157932)],"[999, 1999]",,,00:00:06,6.751612299999977,0.0022512878626208656
Zheng DBSCAN,Ostovar,Atomic_SerialMove_output_SerialMove_2,400,80.0,[np.float64(1508.1263460157932)],"[999, 1999]",,,00:00:06,6.751612299999977,0.0022512878626208656
Zheng DBSCAN,Ostovar,Atomic_SerialMove_output_SerialMove_2,400,120.0,[np.float64(1508.1263460157932)],"[999, 1999]",,,00:00:06,6.751612299999977,0.0022512878626208656
Zheng DBSCAN,Ostovar,Atomic_SerialMove_output_SerialMove_2,400,160.0,[np.float64(1508.1263460157932)],"[999, 1999]",,,00:00:06,6.751612299999977,0.0022512878626208656
Zheng DBSCAN,Ostovar,Atomic_SerialMove_output_SerialMove_2,400,200.0,[np.float64(1508.1263460157932)],"[999, 1999]",,,00:00:06,6.751612299999977,0.0022512878626208656
Zheng DBSCAN,Ostovar,Atomic_ParallelMove_output_ParallelMove,500,50.0,"[np.float64(933.0), np.float64(1919.111111111111)]","[999, 1999]",1.0,72.94444444444446,00:00:05,5.587754700000005,0.0018632059686562205
Zheng DBSCAN,Ostovar,Atomic_ParallelMove_output_ParallelMove,500,100.0,"[np.float64(933.0), np.float64(1919.111111111111)]","[999, 1999]",1.0,72.94444444444446,00:00:05,5.587754700000005,0.0018632059686562205
Zheng DBSCAN,Ostovar,Atomic_ParallelMove_output_ParallelMove,500,150.0,"[np.float64(933.0), np.float64(1919.111111111111)]","[999, 1999]",1.0,72.94444444444446,00:00:05,5.587754700000005,0.0018632059686562205
Zheng DBSCAN,Ostovar,Atomic_ParallelMove_output_ParallelMove,500,200.0,"[np.float64(933.0), np.float64(1919.111111111111)]","[999, 1999]",1.0,72.94444444444446,00:00:05,5.587754700000005,0.0018632059686562205
Zheng DBSCAN,Ostovar,Atomic_ParallelMove_output_ParallelMove,500,250.0,"[np.float64(933.0), np.float64(1919.111111111111)]","[999, 1999]",1.0,72.94444444444446,00:00:05,5.587754700000005,0.0018632059686562205
Zheng DBSCAN,Ceravolo,sudden_trace_noise5_1000_pm,300,30.0,[np.float64(449.0)],[499],1.0,50.0,00:00:00,0.15357589999996435,0.00015357589999996434
Zheng DBSCAN,Ceravolo,sudden_trace_noise5_1000_pm,300,60.0,[np.float64(449.0)],[499],1.0,50.0,00:00:00,0.15357589999996435,0.00015357589999996434
Zheng DBSCAN,Ceravolo,sudden_trace_noise5_1000_pm,300,90.0,[np.float64(449.0)],[499],1.0,50.0,00:00:00,0.15357589999996435,0.00015357589999996434
Zheng DBSCAN,Ceravolo,sudden_trace_noise5_1000_pm,300,120.0,[np.float64(449.0)],[499],1.0,50.0,00:00:00,0.15357589999996435,0.00015357589999996434
Zheng DBSCAN,Ceravolo,sudden_trace_noise5_1000_pm,300,150.0,[np.float64(449.0)],[499],1.0,50.0,00:00:00,0.15357589999996435,0.00015357589999996434
Zheng DBSCAN,Ostovar,Atomic_Skip_output_Skip,500,50.0,"[np.float64(919.0), np.float64(1952.0)]","[999, 1999]",1.0,63.5,00:00:04,4.57774169999999,0.0015264227075691863
Zheng DBSCAN,Ostovar,Atomic_Skip_output_Skip,500,100.0,"[np.float64(919.0), np.float64(1952.0)]","[999, 1999]",1.0,63.5,00:00:04,4.57774169999999,0.0015264227075691863
Zheng DBSCAN,Ostovar,Atomic_Skip_output_Skip,500,150.0,"[np.float64(919.0), np.float64(1952.0)]","[999, 1999]",1.0,63.5,00:00:04,4.57774169999999,0.0015264227075691863
Zheng DBSCAN,Ostovar,Atomic_Skip_output_Skip,500,200.0,"[np.float64(919.0), np.float64(1952.0)]","[999, 1999]",1.0,63.5,00:00:04,4.57774169999999,0.0015264227075691863
Zheng DBSCAN,Ostovar,Atomic_Skip_output_Skip,500,250.0,"[np.float64(919.0), np.float64(1952.0)]","[999, 1999]",1.0,63.5,00:00:04,4.57774169999999,0.0015264227075691863
Zheng DBSCAN,Ostovar,Atomic_ParallelToSequence_output_ParallelToSequence_2,800,80.0,[np.float64(1526.2893954410308)],"[999, 1999]",,,00:00:05,5.904681100000005,0.001968883327775927
Zheng DBSCAN,Ostovar,Atomic_ParallelToSequence_output_ParallelToSequence_2,800,160.0,[np.float64(1526.2893954410308)],"[999, 1999]",,,00:00:05,5.904681100000005,0.001968883327775927
Zheng DBSCAN,Ostovar,Atomic_ParallelToSequence_output_ParallelToSequence_2,800,240.0,[np.float64(1526.2893954410308)],"[999, 1999]",,,00:00:05,5.904681100000005,0.001968883327775927
Zheng DBSCAN,Ostovar,Atomic_ParallelToSequence_output_ParallelToSequence_2,800,320.0,[np.float64(1526.2893954410308)],"[999, 1999]",,,00:00:05,5.904681100000005,0.001968883327775927
Zheng DBSCAN,Ostovar,Atomic_ParallelToSequence_output_ParallelToSequence_2,800,400.0,[np.float64(1526.2893954410308)],"[999, 1999]",,,00:00:05,5.904681100000005,0.001968883327775927
Zheng DBSCAN,Ostovar,Nested_ROI_output_ROI_5,600,60.0,[np.float64(1477.0048109965635)],"[999, 1999]",,,00:00:05,5.943966899999964,0.0019819829609869838
Zheng DBSCAN,Ostovar,Nested_ROI_output_ROI_5,600,120.0,[np.float64(1477.0048109965635)],"[999, 1999]",,,00:00:05,5.943966899999964,0.0019819829609869838
Zheng DBSCAN,Ostovar,Nested_ROI_output_ROI_5,600,180.0,[np.float64(1477.0048109965635)],"[999, 1999]",,,00:00:05,5.943966899999964,0.0019819829609869838
Zheng DBSCAN,Ostovar,Nested_ROI_output_ROI_5,600,240.0,[np.float64(1477.0048109965635)],"[999, 1999]",,,00:00:05,5.943966899999964,0.0019819829609869838
Zheng DBSCAN,Ostovar,Nested_ROI_output_ROI_5,600,300.0,[np.float64(1477.0048109965635)],"[999, 1999]",,,00:00:05,5.943966899999964,0.0019819829609869838
Zheng DBSCAN,Ceravolo,sudden_trace_noise0_1000_pm,300,30.0,[np.float64(449.0)],[499],1.0,50.0,00:00:00,0.19499289999998837,0.00019499289999998836
Zheng DBSCAN,Ceravolo,sudden_trace_noise0_1000_pm,300,60.0,[np.float64(449.0)],[499],1.0,50.0,00:00:00,0.19499289999998837,0.00019499289999998836
Zheng DBSCAN,Ceravolo,sudden_trace_noise0_1000_pm,300,90.0,[np.float64(449.0)],[499],1.0,50.0,00:00:00,0.19499289999998837,0.00019499289999998836
Zheng DBSCAN,Ceravolo,sudden_trace_noise0_1000_pm,300,120.0,[np.float64(449.0)],[499],1.0,50.0,00:00:00,0.19499289999998837,0.00019499289999998836
Zheng DBSCAN,Ceravolo,sudden_trace_noise0_1000_pm,300,150.0,[np.float64(449.0)],[499],1.0,50.0,00:00:00,0.19499289999998837,0.00019499289999998836
Zheng DBSCAN,Ceravolo,sudden_trace_noise20_1000_cf,300,30.0,[np.float64(447.0)],[499],1.0,52.0,00:00:00,0.1965531000000169,0.00019655310000001692
Zheng DBSCAN,Ceravolo,sudden_trace_noise20_1000_cf,300,60.0,[np.float64(447.0)],[499],1.0,52.0,00:00:00,0.1965531000000169,0.00019655310000001692
Zheng DBSCAN,Ceravolo,sudden_trace_noise20_1000_cf,300,90.0,[np.float64(447.0)],[499],1.0,52.0,00:00:00,0.1965531000000169,0.00019655310000001692
Zheng DBSCAN,Ceravolo,sudden_trace_noise20_1000_cf,300,120.0,[np.float64(447.0)],[499],1.0,52.0,00:00:00,0.1965531000000169,0.00019655310000001692
Zheng DBSCAN,Ceravolo,sudden_trace_noise20_1000_cf,300,150.0,[np.float64(447.0)],[499],1.0,52.0,00:00:00,0.1965531000000169,0.00019655310000001692
Zheng DBSCAN,Ceravolo,sudden_trace_noise10_1000_IOR,600,60.0,[],[499],,,00:00:00,0.2210638999999901,0.0002210638999999901
Zheng DBSCAN,Ceravolo,sudden_trace_noise10_1000_IOR,600,120.0,[],[499],,,00:00:00,0.2210638999999901,0.0002210638999999901
Zheng DBSCAN,Ceravolo,sudden_trace_noise10_1000_IOR,600,180.0,[],[499],,,00:00:00,0.2210638999999901,0.0002210638999999901
Zheng DBSCAN,Ceravolo,sudden_trace_noise10_1000_IOR,600,240.0,[],[499],,,00:00:00,0.2210638999999901,0.0002210638999999901
Zheng DBSCAN,Ceravolo,sudden_trace_noise10_1000_IOR,600,300.0,[],[499],,,00:00:00,0.2210638999999901,0.0002210638999999901
Zheng DBSCAN,Ceravolo,sudden_trace_noise0_1000_IOR,300,30.0,[np.float64(449.5)],[499],1.0,49.5,00:00:00,0.22286970000004658,0.00022286970000004659
Zheng DBSCAN,Ceravolo,sudden_trace_noise0_1000_IOR,300,60.0,[np.float64(449.5)],[499],1.0,49.5,00:00:00,0.22286970000004658,0.00022286970000004659
Zheng DBSCAN,Ceravolo,sudden_trace_noise0_1000_IOR,300,90.0,[np.float64(449.5)],[499],1.0,49.5,00:00:00,0.22286970000004658,0.00022286970000004659
Zheng DBSCAN,Ceravolo,sudden_trace_noise0_1000_IOR,300,120.0,[np.float64(449.5)],[499],1.0,49.5,00:00:00,0.22286970000004658,0.00022286970000004659
Zheng DBSCAN,Ceravolo,sudden_trace_noise0_1000_IOR,300,150.0,[np.float64(449.5)],[499],1.0,49.5,00:00:00,0.22286970000004658,0.00022286970000004659
Zheng DBSCAN,Ostovar,Atomic_Skip_output_Skip,800,80.0,"[np.float64(919.0), np.float64(1952.0)]","[999, 1999]",1.0,63.5,00:00:04,4.591438800000049,0.001530989929976675
Zheng DBSCAN,Ostovar,Atomic_Skip_output_Skip,800,160.0,"[np.float64(919.0), np.float64(1952.0)]","[999, 1999]",1.0,63.5,00:00:04,4.591438800000049,0.001530989929976675
Zheng DBSCAN,Ostovar,Atomic_Skip_output_Skip,800,240.0,"[np.float64(919.0), np.float64(1952.0)]","[999, 1999]",1.0,63.5,00:00:04,4.591438800000049,0.001530989929976675
Zheng DBSCAN,Ostovar,Atomic_Skip_output_Skip,800,320.0,"[np.float64(919.0), np.float64(1952.0)]","[999, 1999]",1.0,63.5,00:00:04,4.591438800000049,0.001530989929976675
Zheng DBSCAN,Ostovar,Atomic_Skip_output_Skip,800,400.0,"[np.float64(919.0), np.float64(1952.0)]","[999, 1999]",1.0,63.5,00:00:04,4.591438800000049,0.001530989929976675
Zheng DBSCAN,Ceravolo,sudden_trace_noise0_1000_pm,700,70.0,[],[499],,,00:00:00,0.20226669999999558,0.00020226669999999557
Zheng DBSCAN,Ceravolo,sudden_trace_noise0_1000_pm,700,140.0,[],[499],,,00:00:00,0.20226669999999558,0.00020226669999999557
Zheng DBSCAN,Ceravolo,sudden_trace_noise0_1000_pm,700,210.0,[],[499],,,00:00:00,0.20226669999999558,0.00020226669999999557
Zheng DBSCAN,Ceravolo,sudden_trace_noise0_1000_pm,700,280.0,[],[499],,,00:00:00,0.20226669999999558,0.00020226669999999557
Zheng DBSCAN,Ceravolo,sudden_trace_noise0_1000_pm,700,350.0,[],[499],,,00:00:00,0.20226669999999558,0.00020226669999999557
Zheng DBSCAN,Ostovar,Composite_IRO_output_IRO_2,400,40.0,[np.float64(1499.5081585081584)],"[999, 1999]",,,00:00:06,6.640233000000023,0.0022141490496832357
Zheng DBSCAN,Ostovar,Composite_IRO_output_IRO_2,400,80.0,[np.float64(1499.5081585081584)],"[999, 1999]",,,00:00:06,6.640233000000023,0.0022141490496832357
Zheng DBSCAN,Ostovar,Composite_IRO_output_IRO_2,400,120.0,[np.float64(1499.5081585081584)],"[999, 1999]",,,00:00:06,6.640233000000023,0.0022141490496832357
Zheng DBSCAN,Ostovar,Composite_IRO_output_IRO_2,400,160.0,[np.float64(1499.5081585081584)],"[999, 1999]",,,00:00:06,6.640233000000023,0.0022141490496832357
Zheng DBSCAN,Ostovar,Composite_IRO_output_IRO_2,400,200.0,[np.float64(1499.5081585081584)],"[999, 1999]",,,00:00:06,6.640233000000023,0.0022141490496832357
Zheng DBSCAN,Ceravolo,sudden_trace_noise20_1000_OIR,800,80.0,[],[499],,,00:00:00,0.23896810000002233,0.00023896810000002233
Zheng DBSCAN,Ceravolo,sudden_trace_noise20_1000_OIR,800,160.0,[],[499],,,00:00:00,0.23896810000002233,0.00023896810000002233
Zheng DBSCAN,Ceravolo,sudden_trace_noise20_1000_OIR,800,240.0,[],[499],,,00:00:00,0.23896810000002233,0.00023896810000002233
Zheng DBSCAN,Ceravolo,sudden_trace_noise20_1000_OIR,800,320.0,[],[499],,,00:00:00,0.23896810000002233,0.00023896810000002233
Zheng DBSCAN,Ceravolo,sudden_trace_noise20_1000_OIR,800,400.0,[],[499],,,00:00:00,0.23896810000002233,0.00023896810000002233
Zheng DBSCAN,Ceravolo,sudden_trace_noise5_1000_rp,800,80.0,[],[499],,,00:00:00,0.208288800000048,0.000208288800000048
Zheng DBSCAN,Ceravolo,sudden_trace_noise5_1000_rp,800,160.0,[],[499],,,00:00:00,0.208288800000048,0.000208288800000048
Zheng DBSCAN,Ceravolo,sudden_trace_noise5_1000_rp,800,240.0,[],[499],,,00:00:00,0.208288800000048,0.000208288800000048
Zheng DBSCAN,Ceravolo,sudden_trace_noise5_1000_rp,800,320.0,[],[499],,,00:00:00,0.208288800000048,0.000208288800000048
Zheng DBSCAN,Ceravolo,sudden_trace_noise5_1000_rp,800,400.0,[],[499],,,00:00:00,0.208288800000048,0.000208288800000048
Zheng DBSCAN,Ceravolo,sudden_trace_noise0_1000_ROI,800,80.0,[],[499],,,00:00:00,0.20105200000000423,0.00020105200000000424
Zheng DBSCAN,Ceravolo,sudden_trace_noise0_1000_ROI,800,160.0,[],[499],,,00:00:00,0.20105200000000423,0.00020105200000000424
Zheng DBSCAN,Ceravolo,sudden_trace_noise0_1000_ROI,800,240.0,[],[499],,,00:00:00,0.20105200000000423,0.00020105200000000424
Zheng DBSCAN,Ceravolo,sudden_trace_noise0_1000_ROI,800,320.0,[],[499],,,00:00:00,0.20105200000000423,0.00020105200000000424
Zheng DBSCAN,Ceravolo,sudden_trace_noise0_1000_ROI,800,400.0,[],[499],,,00:00:00,0.20105200000000423,0.00020105200000000424
Zheng DBSCAN,Ostovar,Atomic_ConditionalMove_output_ConditionalMove_5,800,80.0,[np.float64(1496.4900763358778)],"[999, 1999]",,,00:00:06,6.53158719999999,0.002177921707235742
Zheng DBSCAN,Ostovar,Atomic_ConditionalMove_output_ConditionalMove_5,800,160.0,[np.float64(1496.4900763358778)],"[999, 1999]",,,00:00:06,6.53158719999999,0.002177921707235742
Zheng DBSCAN,Ostovar,Atomic_ConditionalMove_output_ConditionalMove_5,800,240.0,[np.float64(1496.4900763358778)],"[999, 1999]",,,00:00:06,6.53158719999999,0.002177921707235742
Zheng DBSCAN,Ostovar,Atomic_ConditionalMove_output_ConditionalMove_5,800,320.0,[np.float64(1496.4900763358778)],"[999, 1999]",,,00:00:06,6.53158719999999,0.002177921707235742
Zheng DBSCAN,Ostovar,Atomic_ConditionalMove_output_ConditionalMove_5,800,400.0,[np.float64(1496.4900763358778)],"[999, 1999]",,,00:00:06,6.53158719999999,0.002177921707235742
Zheng DBSCAN,Ostovar,Atomic_Substitute_output_Substitute_5,800,80.0,[np.float64(1501.486997635934)],"[999, 1999]",,,00:00:06,6.43173250000001,0.0021446257085695262
Zheng DBSCAN,Ostovar,Atomic_Substitute_output_Substitute_5,800,160.0,[np.float64(1501.486997635934)],"[999, 1999]",,,00:00:06,6.43173250000001,0.0021446257085695262
Zheng DBSCAN,Ostovar,Atomic_Substitute_output_Substitute_5,800,240.0,[np.float64(1501.486997635934)],"[999, 1999]",,,00:00:06,6.43173250000001,0.0021446257085695262
Zheng DBSCAN,Ostovar,Atomic_Substitute_output_Substitute_5,800,320.0,[np.float64(1501.486997635934)],"[999, 1999]",,,00:00:06,6.43173250000001,0.0021446257085695262
Zheng DBSCAN,Ostovar,Atomic_Substitute_output_Substitute_5,800,400.0,[np.float64(1501.486997635934)],"[999, 1999]",,,00:00:06,6.43173250000001,0.0021446257085695262
Zheng DBSCAN,Ostovar,Nested_ORI_output_ORI_5,700,70.0,[np.float64(1517.5361842105262)],"[999, 1999]",,,00:00:06,6.842048499999976,0.002281443314438138
Zheng DBSCAN,Ostovar,Nested_ORI_output_ORI_5,700,140.0,[np.float64(1517.5361842105262)],"[999, 1999]",,,00:00:06,6.842048499999976,0.002281443314438138
Zheng DBSCAN,Ostovar,Nested_ORI_output_ORI_5,700,210.0,[np.float64(1517.5361842105262)],"[999, 1999]",,,00:00:06,6.842048499999976,0.002281443314438138
Zheng DBSCAN,Ostovar,Nested_ORI_output_ORI_5,700,280.0,[np.float64(1517.5361842105262)],"[999, 1999]",,,00:00:06,6.842048499999976,0.002281443314438138
Zheng DBSCAN,Ostovar,Nested_ORI_output_ORI_5,700,350.0,[np.float64(1517.5361842105262)],"[999, 1999]",,,00:00:06,6.842048499999976,0.002281443314438138
Zheng DBSCAN,Ceravolo,sudden_trace_noise5_1000_IOR,700,70.0,[],[499],,,00:00:00,0.20657180000000608,0.00020657180000000608
Zheng DBSCAN,Ceravolo,sudden_trace_noise5_1000_IOR,700,140.0,[],[499],,,00:00:00,0.20657180000000608,0.00020657180000000608
Zheng DBSCAN,Ceravolo,sudden_trace_noise5_1000_IOR,700,210.0,[],[499],,,00:00:00,0.20657180000000608,0.00020657180000000608
Zheng DBSCAN,Ceravolo,sudden_trace_noise5_1000_IOR,700,280.0,[],[499],,,00:00:00,0.20657180000000608,0.00020657180000000608
Zheng DBSCAN,Ceravolo,sudden_trace_noise5_1000_IOR,700,350.0,[],[499],,,00:00:00,0.20657180000000608,0.00020657180000000608
Zheng DBSCAN,Ostovar,Nested_ROI_output_ROI_2,700,70.0,[np.float64(1501.9486940298507)],"[999, 1999]",,,00:00:05,5.87499349999996,0.0019589841613871155
Zheng DBSCAN,Ostovar,Nested_ROI_output_ROI_2,700,140.0,[np.float64(1501.9486940298507)],"[999, 1999]",,,00:00:05,5.87499349999996,0.0019589841613871155
Zheng DBSCAN,Ostovar,Nested_ROI_output_ROI_2,700,210.0,[np.float64(1501.9486940298507)],"[999, 1999]",,,00:00:05,5.87499349999996,0.0019589841613871155
Zheng DBSCAN,Ostovar,Nested_ROI_output_ROI_2,700,280.0,[np.float64(1501.9486940298507)],"[999, 1999]",,,00:00:05,5.87499349999996,0.0019589841613871155
Zheng DBSCAN,Ostovar,Nested_ROI_output_ROI_2,700,350.0,[np.float64(1501.9486940298507)],"[999, 1999]",,,00:00:05,5.87499349999996,0.0019589841613871155
Zheng DBSCAN,Ostovar,Atomic_Frequency_output_Frequency,800,80.0,[],"[999, 1999]",,,00:00:02,2.4342273999999975,0.0008116796932310762
Zheng DBSCAN,Ostovar,Atomic_Frequency_output_Frequency,800,160.0,[],"[999, 1999]",,,00:00:02,2.4342273999999975,0.0008116796932310762
Zheng DBSCAN,Ostovar,Atomic_Frequency_output_Frequency,800,240.0,[],"[999, 1999]",,,00:00:02,2.4342273999999975,0.0008116796932310762
Zheng DBSCAN,Ostovar,Atomic_Frequency_output_Frequency,800,320.0,[],"[999, 1999]",,,00:00:02,2.4342273999999975,0.0008116796932310762
Zheng DBSCAN,Ostovar,Atomic_Frequency_output_Frequency,800,400.0,[],"[999, 1999]",,,00:00:02,2.4342273999999975,0.0008116796932310762
Zheng DBSCAN,Ostovar,Nested_IOR_output_IOR,500,50.0,"[np.float64(880.0588235294117), np.float64(1699.0), np.float64(1783.0), np.float64(1903.6)]","[999, 1999]",0.6666666666666666,107.17058823529419,00:00:05,5.856126600000039,0.001952693097699246
Zheng DBSCAN,Ostovar,Nested_IOR_output_IOR,500,100.0,"[np.float64(880.0588235294117), np.float64(1884.4705882352941)]","[999, 1999]",1.0,116.73529411764707,00:00:05,5.856126600000039,0.001952693097699246
Zheng DBSCAN,Ostovar,Nested_IOR_output_IOR,500,150.0,"[np.float64(880.0588235294117), np.float64(1884.4705882352941)]","[999, 1999]",1.0,116.73529411764707,00:00:05,5.856126600000039,0.001952693097699246
Zheng DBSCAN,Ostovar,Nested_IOR_output_IOR,500,200.0,"[np.float64(880.0588235294117), np.float64(1884.4705882352941)]","[999, 1999]",1.0,116.73529411764707,00:00:05,5.856126600000039,0.001952693097699246
Zheng DBSCAN,Ostovar,Nested_IOR_output_IOR,500,250.0,"[np.float64(880.0588235294117), np.float64(1884.4705882352941)]","[999, 1999]",1.0,116.73529411764707,00:00:05,5.856126600000039,0.001952693097699246
Zheng DBSCAN,Ostovar,Atomic_ParallelMove_output_ParallelMove_2,500,50.0,[np.float64(1509.2689075630253)],"[999, 1999]",,,00:00:06,6.525150899999971,0.002175775558519497
Zheng DBSCAN,Ostovar,Atomic_ParallelMove_output_ParallelMove_2,500,100.0,[np.float64(1509.2689075630253)],"[999, 1999]",,,00:00:06,6.525150899999971,0.002175775558519497
Zheng DBSCAN,Ostovar,Atomic_ParallelMove_output_ParallelMove_2,500,150.0,[np.float64(1509.2689075630253)],"[999, 1999]",,,00:00:06,6.525150899999971,0.002175775558519497
Zheng DBSCAN,Ostovar,Atomic_ParallelMove_output_ParallelMove_2,500,200.0,[np.float64(1509.2689075630253)],"[999, 1999]",,,00:00:06,6.525150899999971,0.002175775558519497
Zheng DBSCAN,Ostovar,Atomic_ParallelMove_output_ParallelMove_2,500,250.0,[np.float64(1509.2689075630253)],"[999, 1999]",,,00:00:06,6.525150899999971,0.002175775558519497
Zheng DBSCAN,Ceravolo,sudden_trace_noise20_1000_OIR,300,30.0,[np.float64(448.0)],[499],1.0,51.0,00:00:00,0.1953765999999746,0.0001953765999999746
Zheng DBSCAN,Ceravolo,sudden_trace_noise20_1000_OIR,300,60.0,[np.float64(448.0)],[499],1.0,51.0,00:00:00,0.1953765999999746,0.0001953765999999746
Zheng DBSCAN,Ceravolo,sudden_trace_noise20_1000_OIR,300,90.0,[np.float64(448.0)],[499],1.0,51.0,00:00:00,0.1953765999999746,0.0001953765999999746
Zheng DBSCAN,Ceravolo,sudden_trace_noise20_1000_OIR,300,120.0,[np.float64(448.0)],[499],1.0,51.0,00:00:00,0.1953765999999746,0.0001953765999999746
Zheng DBSCAN,Ceravolo,sudden_trace_noise20_1000_OIR,300,150.0,[np.float64(448.0)],[499],1.0,51.0,00:00:00,0.1953765999999746,0.0001953765999999746
Zheng DBSCAN,Ostovar,Atomic_Substitute_output_Substitute_5,500,50.0,[np.float64(1506.0544174135723)],"[999, 1999]",,,00:00:06,6.356960399999991,0.0021196933644548155
Zheng DBSCAN,Ostovar,Atomic_Substitute_output_Substitute_5,500,100.0,[np.float64(1506.0544174135723)],"[999, 1999]",,,00:00:06,6.356960399999991,0.0021196933644548155
Zheng DBSCAN,Ostovar,Atomic_Substitute_output_Substitute_5,500,150.0,[np.float64(1506.0544174135723)],"[999, 1999]",,,00:00:06,6.356960399999991,0.0021196933644548155
Zheng DBSCAN,Ostovar,Atomic_Substitute_output_Substitute_5,500,200.0,[np.float64(1506.0544174135723)],"[999, 1999]",,,00:00:06,6.356960399999991,0.0021196933644548155
Zheng DBSCAN,Ostovar,Atomic_Substitute_output_Substitute_5,500,250.0,[np.float64(1506.0544174135723)],"[999, 1999]",,,00:00:06,6.356960399999991,0.0021196933644548155
Zheng DBSCAN,Ostovar,Atomic_ParallelToSequence_output_ParallelToSequence_5,300,30.0,[np.float64(1487.5442825112107)],"[999, 1999]",,,00:00:06,6.1618821999999795,0.0020546456152050617
Zheng DBSCAN,Ostovar,Atomic_ParallelToSequence_output_ParallelToSequence_5,300,60.0,[np.float64(1487.5442825112107)],"[999, 1999]",,,00:00:06,6.1618821999999795,0.0020546456152050617
Zheng DBSCAN,Ostovar,Atomic_ParallelToSequence_output_ParallelToSequence_5,300,90.0,[np.float64(1487.5442825112107)],"[999, 1999]",,,00:00:06,6.1618821999999795,0.0020546456152050617
Zheng DBSCAN,Ostovar,Atomic_ParallelToSequence_output_ParallelToSequence_5,300,120.0,[np.float64(1487.5442825112107)],"[999, 1999]",,,00:00:06,6.1618821999999795,0.0020546456152050617
Zheng DBSCAN,Ostovar,Atomic_ParallelToSequence_output_ParallelToSequence_5,300,150.0,[np.float64(1487.5442825112107)],"[999, 1999]",,,00:00:06,6.1618821999999795,0.0020546456152050617
Zheng DBSCAN,Ceravolo,sudden_trace_noise15_1000_cd,600,60.0,[],[499],,,00:00:00,0.1831393999999591,0.0001831393999999591
Zheng DBSCAN,Ceravolo,sudden_trace_noise15_1000_cd,600,120.0,[],[499],,,00:00:00,0.1831393999999591,0.0001831393999999591
Zheng DBSCAN,Ceravolo,sudden_trace_noise15_1000_cd,600,180.0,[],[499],,,00:00:00,0.1831393999999591,0.0001831393999999591
Zheng DBSCAN,Ceravolo,sudden_trace_noise15_1000_cd,600,240.0,[],[499],,,00:00:00,0.1831393999999591,0.0001831393999999591
Zheng DBSCAN,Ceravolo,sudden_trace_noise15_1000_cd,600,300.0,[],[499],,,00:00:00,0.1831393999999591,0.0001831393999999591
Zheng DBSCAN,Ostovar,Nested_RIO_output_RIO,300,30.0,"[np.float64(885.5), np.float64(975.2), np.float64(1773.0), np.float64(1910.2608695652175)]","[999, 1999]",0.6666666666666666,56.26956521739123,00:00:06,6.202817000000039,0.002068295098366135
Zheng DBSCAN,Ostovar,Nested_RIO_output_RIO,300,60.0,"[np.float64(968.5555555555555), np.float64(1773.0), np.float64(1910.2608695652175)]","[999, 1999]",0.8,59.59178743961348,00:00:06,6.202817000000039,0.002068295098366135
Zheng DBSCAN,Ostovar,Nested_RIO_output_RIO,300,90.0,"[np.float64(968.5555555555555), np.float64(1904.5416666666667)]","[999, 1999]",1.0,62.45138888888886,00:00:06,6.202817000000039,0.002068295098366135
Zheng DBSCAN,Ostovar,Nested_RIO_output_RIO,300,120.0,"[np.float64(968.5555555555555), np.float64(1904.5416666666667)]","[999, 1999]",1.0,62.45138888888886,00:00:06,6.202817000000039,0.002068295098366135
Zheng DBSCAN,Ostovar,Nested_RIO_output_RIO,300,150.0,"[np.float64(968.5555555555555), np.float64(1904.5416666666667)]","[999, 1999]",1.0,62.45138888888886,00:00:06,6.202817000000039,0.002068295098366135
Zheng DBSCAN,Ostovar,Atomic_Skip_output_Skip_5,800,80.0,[np.float64(1486.3862229102167)],"[999, 1999]",,,00:00:05,5.883982700000047,0.001961981560520189
Zheng DBSCAN,Ostovar,Atomic_Skip_output_Skip_5,800,160.0,[np.float64(1486.3862229102167)],"[999, 1999]",,,00:00:05,5.883982700000047,0.001961981560520189
Zheng DBSCAN,Ostovar,Atomic_Skip_output_Skip_5,800,240.0,[np.float64(1486.3862229102167)],"[999, 1999]",,,00:00:05,5.883982700000047,0.001961981560520189
Zheng DBSCAN,Ostovar,Atomic_Skip_output_Skip_5,800,320.0,[np.float64(1486.3862229102167)],"[999, 1999]",,,00:00:05,5.883982700000047,0.001961981560520189
Zheng DBSCAN,Ostovar,Atomic_Skip_output_Skip_5,800,400.0,[np.float64(1486.3862229102167)],"[999, 1999]",,,00:00:05,5.883982700000047,0.001961981560520189
Zheng DBSCAN,Ceravolo,sudden_trace_noise10_1000_cf,400,40.0,[np.float64(447.0)],[499],1.0,52.0,00:00:00,0.19924400000002152,0.00019924400000002153
Zheng DBSCAN,Ceravolo,sudden_trace_noise10_1000_cf,400,80.0,[np.float64(447.0)],[499],1.0,52.0,00:00:00,0.19924400000002152,0.00019924400000002153
Zheng DBSCAN,Ceravolo,sudden_trace_noise10_1000_cf,400,120.0,[np.float64(447.0)],[499],1.0,52.0,00:00:00,0.19924400000002152,0.00019924400000002153
Zheng DBSCAN,Ceravolo,sudden_trace_noise10_1000_cf,400,160.0,[np.float64(447.0)],[499],1.0,52.0,00:00:00,0.19924400000002152,0.00019924400000002153
Zheng DBSCAN,Ceravolo,sudden_trace_noise10_1000_cf,400,200.0,[np.float64(447.0)],[499],1.0,52.0,00:00:00,0.19924400000002152,0.00019924400000002153
Zheng DBSCAN,Ceravolo,sudden_trace_noise10_1000_pl,600,60.0,[],[499],,,00:00:00,0.17769800000002078,0.0001776980000000208
Zheng DBSCAN,Ceravolo,sudden_trace_noise10_1000_pl,600,120.0,[],[499],,,00:00:00,0.17769800000002078,0.0001776980000000208
Zheng DBSCAN,Ceravolo,sudden_trace_noise10_1000_pl,600,180.0,[],[499],,,00:00:00,0.17769800000002078,0.0001776980000000208
Zheng DBSCAN,Ceravolo,sudden_trace_noise10_1000_pl,600,240.0,[],[499],,,00:00:00,0.17769800000002078,0.0001776980000000208
Zheng DBSCAN,Ceravolo,sudden_trace_noise10_1000_pl,600,300.0,[],[499],,,00:00:00,0.17769800000002078,0.0001776980000000208
Zheng DBSCAN,Ostovar,Nested_ORI_output_ORI_5,600,60.0,[np.float64(1512.4461351186853)],"[999, 1999]",,,00:00:07,7.147662600000103,0.0023833486495498843
Zheng DBSCAN,Ostovar,Nested_ORI_output_ORI_5,600,120.0,[np.float64(1512.4461351186853)],"[999, 1999]",,,00:00:07,7.147662600000103,0.0023833486495498843
Zheng DBSCAN,Ostovar,Nested_ORI_output_ORI_5,600,180.0,[np.float64(1512.4461351186853)],"[999, 1999]",,,00:00:07,7.147662600000103,0.0023833486495498843
Zheng DBSCAN,Ostovar,Nested_ORI_output_ORI_5,600,240.0,[np.float64(1512.4461351186853)],"[999, 1999]",,,00:00:07,7.147662600000103,0.0023833486495498843
Zheng DBSCAN,Ostovar,Nested_ORI_output_ORI_5,600,300.0,[np.float64(1512.4461351186853)],"[999, 1999]",,,00:00:07,7.147662600000103,0.0023833486495498843
Zheng DBSCAN,Ostovar,Atomic_Skip_output_Skip_2,300,30.0,[np.float64(1511.2402826855123)],"[999, 1999]",,,00:00:05,5.5585841999999275,0.0018534792264087788
Zheng DBSCAN,Ostovar,Atomic_Skip_output_Skip_2,300,60.0,[np.float64(1511.2402826855123)],"[999, 1999]",,,00:00:05,5.5585841999999275,0.0018534792264087788
Zheng DBSCAN,Ostovar,Atomic_Skip_output_Skip_2,300,90.0,[np.float64(1511.2402826855123)],"[999, 1999]",,,00:00:05,5.5585841999999275,0.0018534792264087788
Zheng DBSCAN,Ostovar,Atomic_Skip_output_Skip_2,300,120.0,[np.float64(1511.2402826855123)],"[999, 1999]",,,00:00:05,5.5585841999999275,0.0018534792264087788
Zheng DBSCAN,Ostovar,Atomic_Skip_output_Skip_2,300,150.0,[np.float64(1511.2402826855123)],"[999, 1999]",,,00:00:05,5.5585841999999275,0.0018534792264087788
Zheng DBSCAN,Ceravolo,sudden_trace_noise5_1000_cp,500,50.0,[],[499],,,00:00:00,0.17696760000001177,0.00017696760000001177
Zheng DBSCAN,Ceravolo,sudden_trace_noise5_1000_cp,500,100.0,[],[499],,,00:00:00,0.17696760000001177,0.00017696760000001177
Zheng DBSCAN,Ceravolo,sudden_trace_noise5_1000_cp,500,150.0,[],[499],,,00:00:00,0.17696760000001177,0.00017696760000001177
Zheng DBSCAN,Ceravolo,sudden_trace_noise5_1000_cp,500,200.0,[],[499],,,00:00:00,0.17696760000001177,0.00017696760000001177
Zheng DBSCAN,Ceravolo,sudden_trace_noise5_1000_cp,500,250.0,[],[499],,,00:00:00,0.17696760000001177,0.00017696760000001177
Zheng DBSCAN,Ostovar,Nested_IOR_output_IOR_2,300,30.0,[np.float64(1503.461217183771)],"[999, 1999]",,,00:00:07,7.451865199999929,0.002484783327775902
Zheng DBSCAN,Ostovar,Nested_IOR_output_IOR_2,300,60.0,[np.float64(1503.461217183771)],"[999, 1999]",,,00:00:07,7.451865199999929,0.002484783327775902
Zheng DBSCAN,Ostovar,Nested_IOR_output_IOR_2,300,90.0,[np.float64(1503.461217183771)],"[999, 1999]",,,00:00:07,7.451865199999929,0.002484783327775902
Zheng DBSCAN,Ostovar,Nested_IOR_output_IOR_2,300,120.0,[np.float64(1503.461217183771)],"[999, 1999]",,,00:00:07,7.451865199999929,0.002484783327775902
Zheng DBSCAN,Ostovar,Nested_IOR_output_IOR_2,300,150.0,[np.float64(1503.461217183771)],"[999, 1999]",,,00:00:07,7.451865199999929,0.002484783327775902
Zheng DBSCAN,Ostovar,Nested_OIR_output_OIR_2,600,60.0,[np.float64(1484.747870528109)],"[999, 1999]",,,00:00:07,7.007530299999985,0.002336622307435807
Zheng DBSCAN,Ostovar,Nested_OIR_output_OIR_2,600,120.0,[np.float64(1484.747870528109)],"[999, 1999]",,,00:00:07,7.007530299999985,0.002336622307435807
Zheng DBSCAN,Ostovar,Nested_OIR_output_OIR_2,600,180.0,[np.float64(1484.747870528109)],"[999, 1999]",,,00:00:07,7.007530299999985,0.002336622307435807
Zheng DBSCAN,Ostovar,Nested_OIR_output_OIR_2,600,240.0,[np.float64(1484.747870528109)],"[999, 1999]",,,00:00:07,7.007530299999985,0.002336622307435807
Zheng DBSCAN,Ostovar,Nested_OIR_output_OIR_2,600,300.0,[np.float64(1484.747870528109)],"[999, 1999]",,,00:00:07,7.007530299999985,0.002336622307435807
Zheng DBSCAN,Ostovar,Atomic_SerialRemoval_output_SerialRemoval_5,800,80.0,[np.float64(1506.6320598006644)],"[999, 1999]",,,00:00:05,5.740860500000053,0.0019142582527509348
Zheng DBSCAN,Ostovar,Atomic_SerialRemoval_output_SerialRemoval_5,800,160.0,[np.float64(1506.6320598006644)],"[999, 1999]",,,00:00:05,5.740860500000053,0.0019142582527509348
Zheng DBSCAN,Ostovar,Atomic_SerialRemoval_output_SerialRemoval_5,800,240.0,[np.float64(1506.6320598006644)],"[999, 1999]",,,00:00:05,5.740860500000053,0.0019142582527509348
Zheng DBSCAN,Ostovar,Atomic_SerialRemoval_output_SerialRemoval_5,800,320.0,[np.float64(1506.6320598006644)],"[999, 1999]",,,00:00:05,5.740860500000053,0.0019142582527509348
Zheng DBSCAN,Ostovar,Atomic_SerialRemoval_output_SerialRemoval_5,800,400.0,[np.float64(1506.6320598006644)],"[999, 1999]",,,00:00:05,5.740860500000053,0.0019142582527509348
Zheng DBSCAN,Ceravolo,sudden_trace_noise15_1000_IRO,400,40.0,[np.float64(448.6666666666667)],[499],1.0,50.333333333333314,00:00:00,0.1954620999999861,0.00019546209999998608
Zheng DBSCAN,Ceravolo,sudden_trace_noise15_1000_IRO,400,80.0,[np.float64(448.6666666666667)],[499],1.0,50.333333333333314,00:00:00,0.1954620999999861,0.00019546209999998608
Zheng DBSCAN,Ceravolo,sudden_trace_noise15_1000_IRO,400,120.0,[np.float64(448.6666666666667)],[499],1.0,50.333333333333314,00:00:00,0.1954620999999861,0.00019546209999998608
Zheng DBSCAN,Ceravolo,sudden_trace_noise15_1000_IRO,400,160.0,[np.float64(448.6666666666667)],[499],1.0,50.333333333333314,00:00:00,0.1954620999999861,0.00019546209999998608
Zheng DBSCAN,Ceravolo,sudden_trace_noise15_1000_IRO,400,200.0,[np.float64(448.6666666666667)],[499],1.0,50.333333333333314,00:00:00,0.1954620999999861,0.00019546209999998608
Zheng DBSCAN,Ostovar,Atomic_ConditionalToSequence_output_ConditionalToSequence_5,300,30.0,[np.float64(1504.5368364030335)],"[999, 1999]",,,00:00:06,6.192568900000083,0.002064877925975353
Zheng DBSCAN,Ostovar,Atomic_ConditionalToSequence_output_ConditionalToSequence_5,300,60.0,[np.float64(1504.5368364030335)],"[999, 1999]",,,00:00:06,6.192568900000083,0.002064877925975353
Zheng DBSCAN,Ostovar,Atomic_ConditionalToSequence_output_ConditionalToSequence_5,300,90.0,[np.float64(1504.5368364030335)],"[999, 1999]",,,00:00:06,6.192568900000083,0.002064877925975353
Zheng DBSCAN,Ostovar,Atomic_ConditionalToSequence_output_ConditionalToSequence_5,300,120.0,[np.float64(1504.5368364030335)],"[999, 1999]",,,00:00:06,6.192568900000083,0.002064877925975353
Zheng DBSCAN,Ostovar,Atomic_ConditionalToSequence_output_ConditionalToSequence_5,300,150.0,[np.float64(1504.5368364030335)],"[999, 1999]",,,00:00:06,6.192568900000083,0.002064877925975353
Zheng DBSCAN,Ostovar,Composite_RIO_output_RIO_2,700,70.0,[np.float64(1500.6819787985867)],"[999, 1999]",,,00:00:06,6.531415599999946,0.002177864488162703
Zheng DBSCAN,Ostovar,Composite_RIO_output_RIO_2,700,140.0,[np.float64(1500.6819787985867)],"[999, 1999]",,,00:00:06,6.531415599999946,0.002177864488162703
Zheng DBSCAN,Ostovar,Composite_RIO_output_RIO_2,700,210.0,[np.float64(1500.6819787985867)],"[999, 1999]",,,00:00:06,6.531415599999946,0.002177864488162703
Zheng DBSCAN,Ostovar,Composite_RIO_output_RIO_2,700,280.0,[np.float64(1500.6819787985867)],"[999, 1999]",,,00:00:06,6.531415599999946,0.002177864488162703
Zheng DBSCAN,Ostovar,Composite_RIO_output_RIO_2,700,350.0,[np.float64(1500.6819787985867)],"[999, 1999]",,,00:00:06,6.531415599999946,0.002177864488162703
Zheng DBSCAN,Ostovar,Nested_IOR_output_IOR_2,700,70.0,[np.float64(1501.971808927173)],"[999, 1999]",,,00:00:07,7.20957199999998,0.0024039919973324374
Zheng DBSCAN,Ostovar,Nested_IOR_output_IOR_2,700,140.0,[np.float64(1501.971808927173)],"[999, 1999]",,,00:00:07,7.20957199999998,0.0024039919973324374
Zheng DBSCAN,Ostovar,Nested_IOR_output_IOR_2,700,210.0,[np.float64(1501.971808927173)],"[999, 1999]",,,00:00:07,7.20957199999998,0.0024039919973324374
Zheng DBSCAN,Ostovar,Nested_IOR_output_IOR_2,700,280.0,[np.float64(1501.971808927173)],"[999, 1999]",,,00:00:07,7.20957199999998,0.0024039919973324374
Zheng DBSCAN,Ostovar,Nested_IOR_output_IOR_2,700,350.0,[np.float64(1501.971808927173)],"[999, 1999]",,,00:00:07,7.20957199999998,0.0024039919973324374
Zheng DBSCAN,Ceravolo,sudden_trace_noise10_1000_cf,800,80.0,[],[499],,,00:00:00,0.19288689999996222,0.00019288689999996222
Zheng DBSCAN,Ceravolo,sudden_trace_noise10_1000_cf,800,160.0,[],[499],,,00:00:00,0.19288689999996222,0.00019288689999996222
Zheng DBSCAN,Ceravolo,sudden_trace_noise10_1000_cf,800,240.0,[],[499],,,00:00:00,0.19288689999996222,0.00019288689999996222
Zheng DBSCAN,Ceravolo,sudden_trace_noise10_1000_cf,800,320.0,[],[499],,,00:00:00,0.19288689999996222,0.00019288689999996222
Zheng DBSCAN,Ceravolo,sudden_trace_noise10_1000_cf,800,400.0,[],[499],,,00:00:00,0.19288689999996222,0.00019288689999996222
Zheng DBSCAN,Ceravolo,sudden_trace_noise15_1000_IOR,700,70.0,[],[499],,,00:00:00,0.20617429999992964,0.00020617429999992965
Zheng DBSCAN,Ceravolo,sudden_trace_noise15_1000_IOR,700,140.0,[],[499],,,00:00:00,0.20617429999992964,0.00020617429999992965
Zheng DBSCAN,Ceravolo,sudden_trace_noise15_1000_IOR,700,210.0,[],[499],,,00:00:00,0.20617429999992964,0.00020617429999992965
Zheng DBSCAN,Ceravolo,sudden_trace_noise15_1000_IOR,700,280.0,[],[499],,,00:00:00,0.20617429999992964,0.00020617429999992965
Zheng DBSCAN,Ceravolo,sudden_trace_noise15_1000_IOR,700,350.0,[],[499],,,00:00:00,0.20617429999992964,0.00020617429999992965
Zheng DBSCAN,Ceravolo,sudden_trace_noise15_1000_cd,500,50.0,[],[499],,,00:00:00,0.19845139999995354,0.00019845139999995353
Zheng DBSCAN,Ceravolo,sudden_trace_noise15_1000_cd,500,100.0,[],[499],,,00:00:00,0.19845139999995354,0.00019845139999995353
Zheng DBSCAN,Ceravolo,sudden_trace_noise15_1000_cd,500,150.0,[],[499],,,00:00:00,0.19845139999995354,0.00019845139999995353
Zheng DBSCAN,Ceravolo,sudden_trace_noise15_1000_cd,500,200.0,[],[499],,,00:00:00,0.19845139999995354,0.00019845139999995353
Zheng DBSCAN,Ceravolo,sudden_trace_noise15_1000_cd,500,250.0,[],[499],,,00:00:00,0.19845139999995354,0.00019845139999995353
Zheng DBSCAN,Ostovar,Atomic_ConditionalRemoval_output_ConditionalRemoval,600,60.0,"[np.float64(931.5), np.float64(1943.0)]","[999, 1999]",1.0,61.75,00:00:04,4.4494823,0.0014836553184394798
Zheng DBSCAN,Ostovar,Atomic_ConditionalRemoval_output_ConditionalRemoval,600,120.0,"[np.float64(931.5), np.float64(1943.0)]","[999, 1999]",1.0,61.75,00:00:04,4.4494823,0.0014836553184394798
Zheng DBSCAN,Ostovar,Atomic_ConditionalRemoval_output_ConditionalRemoval,600,180.0,"[np.float64(931.5), np.float64(1943.0)]","[999, 1999]",1.0,61.75,00:00:04,4.4494823,0.0014836553184394798
Zheng DBSCAN,Ostovar,Atomic_ConditionalRemoval_output_ConditionalRemoval,600,240.0,"[np.float64(931.5), np.float64(1943.0)]","[999, 1999]",1.0,61.75,00:00:04,4.4494823,0.0014836553184394798
Zheng DBSCAN,Ostovar,Atomic_ConditionalRemoval_output_ConditionalRemoval,600,300.0,"[np.float64(931.5), np.float64(1943.0)]","[999, 1999]",1.0,61.75,00:00:04,4.4494823,0.0014836553184394798
Zheng DBSCAN,Ostovar,Atomic_ConditionalMove_output_ConditionalMove,400,40.0,"[np.float64(941.4285714285714), np.float64(1934.7777777777778)]","[999, 1999]",1.0,60.89682539682536,00:00:05,5.517006300000048,0.0018396153051017166
Zheng DBSCAN,Ostovar,Atomic_ConditionalMove_output_ConditionalMove,400,80.0,"[np.float64(941.4285714285714), np.float64(1934.7777777777778)]","[999, 1999]",1.0,60.89682539682536,00:00:05,5.517006300000048,0.0018396153051017166
Zheng DBSCAN,Ostovar,Atomic_ConditionalMove_output_ConditionalMove,400,120.0,"[np.float64(941.4285714285714), np.float64(1934.7777777777778)]","[999, 1999]",1.0,60.89682539682536,00:00:05,5.517006300000048,0.0018396153051017166
Zheng DBSCAN,Ostovar,Atomic_ConditionalMove_output_ConditionalMove,400,160.0,"[np.float64(941.4285714285714), np.float64(1934.7777777777778)]","[999, 1999]",1.0,60.89682539682536,00:00:05,5.517006300000048,0.0018396153051017166
Zheng DBSCAN,Ostovar,Atomic_ConditionalMove_output_ConditionalMove,400,200.0,"[np.float64(941.4285714285714), np.float64(1934.7777777777778)]","[999, 1999]",1.0,60.89682539682536,00:00:05,5.517006300000048,0.0018396153051017166
Zheng DBSCAN,Ceravolo,sudden_trace_noise10_1000_cb,700,70.0,[],[499],,,00:00:00,0.1906792999999425,0.0001906792999999425
Zheng DBSCAN,Ceravolo,sudden_trace_noise10_1000_cb,700,140.0,[],[499],,,00:00:00,0.1906792999999425,0.0001906792999999425
Zheng DBSCAN,Ceravolo,sudden_trace_noise10_1000_cb,700,210.0,[],[499],,,00:00:00,0.1906792999999425,0.0001906792999999425
Zheng DBSCAN,Ceravolo,sudden_trace_noise10_1000_cb,700,280.0,[],[499],,,00:00:00,0.1906792999999425,0.0001906792999999425
Zheng DBSCAN,Ceravolo,sudden_trace_noise10_1000_cb,700,350.0,[],[499],,,00:00:00,0.1906792999999425,0.0001906792999999425
Zheng DBSCAN,Ceravolo,sudden_trace_noise15_1000_cp,700,70.0,[],[499],,,00:00:00,0.1914808000000221,0.0001914808000000221
Zheng DBSCAN,Ceravolo,sudden_trace_noise15_1000_cp,700,140.0,[],[499],,,00:00:00,0.1914808000000221,0.0001914808000000221
Zheng DBSCAN,Ceravolo,sudden_trace_noise15_1000_cp,700,210.0,[],[499],,,00:00:00,0.1914808000000221,0.0001914808000000221
Zheng DBSCAN,Ceravolo,sudden_trace_noise15_1000_cp,700,280.0,[],[499],,,00:00:00,0.1914808000000221,0.0001914808000000221
Zheng DBSCAN,Ceravolo,sudden_trace_noise15_1000_cp,700,350.0,[],[499],,,00:00:00,0.1914808000000221,0.0001914808000000221
Zheng DBSCAN,Ostovar,Atomic_ConditionalMove_output_ConditionalMove_5,300,30.0,[np.float64(1485.1786480686694)],"[999, 1999]",,,00:00:07,7.00669019999998,0.002336342180726902
Zheng DBSCAN,Ostovar,Atomic_ConditionalMove_output_ConditionalMove_5,300,60.0,[np.float64(1485.1786480686694)],"[999, 1999]",,,00:00:07,7.00669019999998,0.002336342180726902
Zheng DBSCAN,Ostovar,Atomic_ConditionalMove_output_ConditionalMove_5,300,90.0,[np.float64(1485.1786480686694)],"[999, 1999]",,,00:00:07,7.00669019999998,0.002336342180726902
Zheng DBSCAN,Ostovar,Atomic_ConditionalMove_output_ConditionalMove_5,300,120.0,[np.float64(1485.1786480686694)],"[999, 1999]",,,00:00:07,7.00669019999998,0.002336342180726902
Zheng DBSCAN,Ostovar,Atomic_ConditionalMove_output_ConditionalMove_5,300,150.0,[np.float64(1485.1786480686694)],"[999, 1999]",,,00:00:07,7.00669019999998,0.002336342180726902
Zheng DBSCAN,Ostovar,Atomic_SerialMove_output_SerialMove,300,30.0,"[np.float64(933.5), np.float64(1939.375)]","[999, 1999]",1.0,62.5625,00:00:05,5.30596520000006,0.0017692448149383326
Zheng DBSCAN,Ostovar,Atomic_SerialMove_output_SerialMove,300,60.0,"[np.float64(933.5), np.float64(1939.375)]","[999, 1999]",1.0,62.5625,00:00:05,5.30596520000006,0.0017692448149383326
Zheng DBSCAN,Ostovar,Atomic_SerialMove_output_SerialMove,300,90.0,"[np.float64(933.5), np.float64(1939.375)]","[999, 1999]",1.0,62.5625,00:00:05,5.30596520000006,0.0017692448149383326
Zheng DBSCAN,Ostovar,Atomic_SerialMove_output_SerialMove,300,120.0,"[np.float64(933.5), np.float64(1939.375)]","[999, 1999]",1.0,62.5625,00:00:05,5.30596520000006,0.0017692448149383326
Zheng DBSCAN,Ostovar,Atomic_SerialMove_output_SerialMove,300,150.0,"[np.float64(933.5), np.float64(1939.375)]","[999, 1999]",1.0,62.5625,00:00:05,5.30596520000006,0.0017692448149383326
Zheng DBSCAN,Ostovar,Composite_IRO_output_IRO_5,500,50.0,[np.float64(1483.9413619167717)],"[999, 1999]",,,00:00:07,7.081394599999953,0.0023612519506502013
Zheng DBSCAN,Ostovar,Composite_IRO_output_IRO_5,500,100.0,[np.float64(1483.9413619167717)],"[999, 1999]",,,00:00:07,7.081394599999953,0.0023612519506502013
Zheng DBSCAN,Ostovar,Composite_IRO_output_IRO_5,500,150.0,[np.float64(1483.9413619167717)],"[999, 1999]",,,00:00:07,7.081394599999953,0.0023612519506502013
Zheng DBSCAN,Ostovar,Composite_IRO_output_IRO_5,500,200.0,[np.float64(1483.9413619167717)],"[999, 1999]",,,00:00:07,7.081394599999953,0.0023612519506502013
Zheng DBSCAN,Ostovar,Composite_IRO_output_IRO_5,500,250.0,[np.float64(1483.9413619167717)],"[999, 1999]",,,00:00:07,7.081394599999953,0.0023612519506502013
Zheng DBSCAN,Ceravolo,sudden_trace_noise15_1000_ROI,700,70.0,[],[499],,,00:00:00,0.20865170000001854,0.00020865170000001853
Zheng DBSCAN,Ceravolo,sudden_trace_noise15_1000_ROI,700,140.0,[],[499],,,00:00:00,0.20865170000001854,0.00020865170000001853
Zheng DBSCAN,Ceravolo,sudden_trace_noise15_1000_ROI,700,210.0,[],[499],,,00:00:00,0.20865170000001854,0.00020865170000001853
Zheng DBSCAN,Ceravolo,sudden_trace_noise15_1000_ROI,700,280.0,[],[499],,,00:00:00,0.20865170000001854,0.00020865170000001853
Zheng DBSCAN,Ceravolo,sudden_trace_noise15_1000_ROI,700,350.0,[],[499],,,00:00:00,0.20865170000001854,0.00020865170000001853
Zheng DBSCAN,Ostovar,Atomic_Skip_output_Skip_5,600,60.0,[np.float64(1498.2347354138399)],"[999, 1999]",,,00:00:05,5.894532300000037,0.001965499266422153
Zheng DBSCAN,Ostovar,Atomic_Skip_output_Skip_5,600,120.0,[np.float64(1498.2347354138399)],"[999, 1999]",,,00:00:05,5.894532300000037,0.001965499266422153
Zheng DBSCAN,Ostovar,Atomic_Skip_output_Skip_5,600,180.0,[np.float64(1498.2347354138399)],"[999, 1999]",,,00:00:05,5.894532300000037,0.001965499266422153
Zheng DBSCAN,Ostovar,Atomic_Skip_output_Skip_5,600,240.0,[np.float64(1498.2347354138399)],"[999, 1999]",,,00:00:05,5.894532300000037,0.001965499266422153
Zheng DBSCAN,Ostovar,Atomic_Skip_output_Skip_5,600,300.0,[np.float64(1498.2347354138399)],"[999, 1999]",,,00:00:05,5.894532300000037,0.001965499266422153
Zheng DBSCAN,Ceravolo,sudden_trace_noise0_1000_re,800,80.0,[],[499],,,00:00:00,0.18951850000007653,0.00018951850000007654
Zheng DBSCAN,Ceravolo,sudden_trace_noise0_1000_re,800,160.0,[],[499],,,00:00:00,0.18951850000007653,0.00018951850000007654
Zheng DBSCAN,Ceravolo,sudden_trace_noise0_1000_re,800,240.0,[],[499],,,00:00:00,0.18951850000007653,0.00018951850000007654
Zheng DBSCAN,Ceravolo,sudden_trace_noise0_1000_re,800,320.0,[],[499],,,00:00:00,0.18951850000007653,0.00018951850000007654
Zheng DBSCAN,Ceravolo,sudden_trace_noise0_1000_re,800,400.0,[],[499],,,00:00:00,0.18951850000007653,0.00018951850000007654
Zheng DBSCAN,Ostovar,Composite_RIO_output_RIO_5,600,60.0,[np.float64(1482.2252311756936)],"[999, 1999]",,,00:00:06,6.719486099999926,0.002240575558519482
Zheng DBSCAN,Ostovar,Composite_RIO_output_RIO_5,600,120.0,[np.float64(1482.2252311756936)],"[999, 1999]",,,00:00:06,6.719486099999926,0.002240575558519482
Zheng DBSCAN,Ostovar,Composite_RIO_output_RIO_5,600,180.0,[np.float64(1482.2252311756936)],"[999, 1999]",,,00:00:06,6.719486099999926,0.002240575558519482
Zheng DBSCAN,Ostovar,Composite_RIO_output_RIO_5,600,240.0,[np.float64(1482.2252311756936)],"[999, 1999]",,,00:00:06,6.719486099999926,0.002240575558519482
Zheng DBSCAN,Ostovar,Composite_RIO_output_RIO_5,600,300.0,[np.float64(1482.2252311756936)],"[999, 1999]",,,00:00:06,6.719486099999926,0.002240575558519482
Zheng DBSCAN,Ostovar,Atomic_ConditionalRemoval_output_ConditionalRemoval,400,40.0,"[np.float64(931.5), np.float64(1943.0)]","[999, 1999]",1.0,61.75,00:00:04,4.5119955999999775,0.0015045000333444407
Zheng DBSCAN,Ostovar,Atomic_ConditionalRemoval_output_ConditionalRemoval,400,80.0,"[np.float64(931.5), np.float64(1943.0)]","[999, 1999]",1.0,61.75,00:00:04,4.5119955999999775,0.0015045000333444407
Zheng DBSCAN,Ostovar,Atomic_ConditionalRemoval_output_ConditionalRemoval,400,120.0,"[np.float64(931.5), np.float64(1943.0)]","[999, 1999]",1.0,61.75,00:00:04,4.5119955999999775,0.0015045000333444407
Zheng DBSCAN,Ostovar,Atomic_ConditionalRemoval_output_ConditionalRemoval,400,160.0,"[np.float64(931.5), np.float64(1943.0)]","[999, 1999]",1.0,61.75,00:00:04,4.5119955999999775,0.0015045000333444407
Zheng DBSCAN,Ostovar,Atomic_ConditionalRemoval_output_ConditionalRemoval,400,200.0,"[np.float64(931.5), np.float64(1943.0)]","[999, 1999]",1.0,61.75,00:00:04,4.5119955999999775,0.0015045000333444407
Zheng DBSCAN,Ostovar,Composite_ROI_output_ROI_2,600,60.0,[np.float64(1488.4724342663274)],"[999, 1999]",,,00:00:06,6.791296099999954,0.002264520206735563
Zheng DBSCAN,Ostovar,Composite_ROI_output_ROI_2,600,120.0,[np.float64(1488.4724342663274)],"[999, 1999]",,,00:00:06,6.791296099999954,0.002264520206735563
Zheng DBSCAN,Ostovar,Composite_ROI_output_ROI_2,600,180.0,[np.float64(1488.4724342663274)],"[999, 1999]",,,00:00:06,6.791296099999954,0.002264520206735563
Zheng DBSCAN,Ostovar,Composite_ROI_output_ROI_2,600,240.0,[np.float64(1488.4724342663274)],"[999, 1999]",,,00:00:06,6.791296099999954,0.002264520206735563
Zheng DBSCAN,Ostovar,Composite_ROI_output_ROI_2,600,300.0,[np.float64(1488.4724342663274)],"[999, 1999]",,,00:00:06,6.791296099999954,0.002264520206735563
Zheng DBSCAN,Ostovar,Nested_OIR_output_OIR_2,700,70.0,[np.float64(1481.9373321396597)],"[999, 1999]",,,00:00:07,7.084776999999917,0.002362379793264394
Zheng DBSCAN,Ostovar,Nested_OIR_output_OIR_2,700,140.0,[np.float64(1481.9373321396597)],"[999, 1999]",,,00:00:07,7.084776999999917,0.002362379793264394
Zheng DBSCAN,Ostovar,Nested_OIR_output_OIR_2,700,210.0,[np.float64(1481.9373321396597)],"[999, 1999]",,,00:00:07,7.084776999999917,0.002362379793264394
Zheng DBSCAN,Ostovar,Nested_OIR_output_OIR_2,700,280.0,[np.float64(1481.9373321396597)],"[999, 1999]",,,00:00:07,7.084776999999917,0.002362379793264394
Zheng DBSCAN,Ostovar,Nested_OIR_output_OIR_2,700,350.0,[np.float64(1481.9373321396597)],"[999, 1999]",,,00:00:07,7.084776999999917,0.002362379793264394
Zheng DBSCAN,Ceravolo,sudden_trace_noise10_1000_RIO,300,30.0,[np.float64(447.0)],[499],1.0,52.0,00:00:00,0.18745320000004995,0.00018745320000004994
Zheng DBSCAN,Ceravolo,sudden_trace_noise10_1000_RIO,300,60.0,[np.float64(447.0)],[499],1.0,52.0,00:00:00,0.18745320000004995,0.00018745320000004994
Zheng DBSCAN,Ceravolo,sudden_trace_noise10_1000_RIO,300,90.0,[np.float64(447.0)],[499],1.0,52.0,00:00:00,0.18745320000004995,0.00018745320000004994
Zheng DBSCAN,Ceravolo,sudden_trace_noise10_1000_RIO,300,120.0,[np.float64(447.0)],[499],1.0,52.0,00:00:00,0.18745320000004995,0.00018745320000004994
Zheng DBSCAN,Ceravolo,sudden_trace_noise10_1000_RIO,300,150.0,[np.float64(447.0)],[499],1.0,52.0,00:00:00,0.18745320000004995,0.00018745320000004994
Zheng DBSCAN,Ceravolo,sudden_trace_noise10_1000_cp,600,60.0,[],[499],,,00:00:00,0.19697159999998348,0.00019697159999998348
Zheng DBSCAN,Ceravolo,sudden_trace_noise10_1000_cp,600,120.0,[],[499],,,00:00:00,0.19697159999998348,0.00019697159999998348
Zheng DBSCAN,Ceravolo,sudden_trace_noise10_1000_cp,600,180.0,[],[499],,,00:00:00,0.19697159999998348,0.00019697159999998348
Zheng DBSCAN,Ceravolo,sudden_trace_noise10_1000_cp,600,240.0,[],[499],,,00:00:00,0.19697159999998348,0.00019697159999998348
Zheng DBSCAN,Ceravolo,sudden_trace_noise10_1000_cp,600,300.0,[],[499],,,00:00:00,0.19697159999998348,0.00019697159999998348
Zheng DBSCAN,Ceravolo,sudden_trace_noise15_1000_pl,600,60.0,[],[499],,,00:00:00,0.1976656000000503,0.0001976656000000503
Zheng DBSCAN,Ceravolo,sudden_trace_noise15_1000_pl,600,120.0,[],[499],,,00:00:00,0.1976656000000503,0.0001976656000000503
Zheng DBSCAN,Ceravolo,sudden_trace_noise15_1000_pl,600,180.0,[],[499],,,00:00:00,0.1976656000000503,0.0001976656000000503
Zheng DBSCAN,Ceravolo,sudden_trace_noise15_1000_pl,600,240.0,[],[499],,,00:00:00,0.1976656000000503,0.0001976656000000503
Zheng DBSCAN,Ceravolo,sudden_trace_noise15_1000_pl,600,300.0,[],[499],,,00:00:00,0.1976656000000503,0.0001976656000000503
Zheng DBSCAN,Ostovar,Atomic_ConditionalRemoval_output_ConditionalRemoval_5,700,70.0,[np.float64(1517.6433990895296)],"[999, 1999]",,,00:00:05,5.732123900000033,0.001911345081693909
Zheng DBSCAN,Ostovar,Atomic_ConditionalRemoval_output_ConditionalRemoval_5,700,140.0,[np.float64(1517.6433990895296)],"[999, 1999]",,,00:00:05,5.732123900000033,0.001911345081693909
Zheng DBSCAN,Ostovar,Atomic_ConditionalRemoval_output_ConditionalRemoval_5,700,210.0,[np.float64(1517.6433990895296)],"[999, 1999]",,,00:00:05,5.732123900000033,0.001911345081693909
Zheng DBSCAN,Ostovar,Atomic_ConditionalRemoval_output_ConditionalRemoval_5,700,280.0,[np.float64(1517.6433990895296)],"[999, 1999]",,,00:00:05,5.732123900000033,0.001911345081693909
Zheng DBSCAN,Ostovar,Atomic_ConditionalRemoval_output_ConditionalRemoval_5,700,350.0,[np.float64(1517.6433990895296)],"[999, 1999]",,,00:00:05,5.732123900000033,0.001911345081693909
Zheng DBSCAN,Ostovar,Nested_ROI_output_ROI_2,500,50.0,[np.float64(1512.8260869565217)],"[999, 1999]",,,00:00:06,6.034937600000035,0.002012316638879638
Zheng DBSCAN,Ostovar,Nested_ROI_output_ROI_2,500,100.0,[np.float64(1512.8260869565217)],"[999, 1999]",,,00:00:06,6.034937600000035,0.002012316638879638
Zheng DBSCAN,Ostovar,Nested_ROI_output_ROI_2,500,150.0,[np.float64(1512.8260869565217)],"[999, 1999]",,,00:00:06,6.034937600000035,0.002012316638879638
Zheng DBSCAN,Ostovar,Nested_ROI_output_ROI_2,500,200.0,[np.float64(1512.8260869565217)],"[999, 1999]",,,00:00:06,6.034937600000035,0.002012316638879638
Zheng DBSCAN,Ostovar,Nested_ROI_output_ROI_2,500,250.0,[np.float64(1512.8260869565217)],"[999, 1999]",,,00:00:06,6.034937600000035,0.002012316638879638
Zheng DBSCAN,Ostovar,Composite_IOR_output_IOR,800,80.0,"[np.float64(938.7692307692307), np.float64(1939.3846153846155)]","[999, 1999]",1.0,59.923076923076906,00:00:04,4.110381999999959,0.0013705841947315633
Zheng DBSCAN,Ostovar,Composite_IOR_output_IOR,800,160.0,"[np.float64(938.7692307692307), np.float64(1939.3846153846155)]","[999, 1999]",1.0,59.923076923076906,00:00:04,4.110381999999959,0.0013705841947315633
Zheng DBSCAN,Ostovar,Composite_IOR_output_IOR,800,240.0,"[np.float64(938.7692307692307), np.float64(1939.3846153846155)]","[999, 1999]",1.0,59.923076923076906,00:00:04,4.110381999999959,0.0013705841947315633
Zheng DBSCAN,Ostovar,Composite_IOR_output_IOR,800,320.0,"[np.float64(938.7692307692307), np.float64(1939.3846153846155)]","[999, 1999]",1.0,59.923076923076906,00:00:04,4.110381999999959,0.0013705841947315633
Zheng DBSCAN,Ostovar,Composite_IOR_output_IOR,800,400.0,"[np.float64(938.7692307692307), np.float64(1939.3846153846155)]","[999, 1999]",1.0,59.923076923076906,00:00:04,4.110381999999959,0.0013705841947315633
Zheng DBSCAN,Ceravolo,sudden_trace_noise20_1000_cf,800,80.0,[],[499],,,00:00:00,0.19594280000001163,0.00019594280000001163
Zheng DBSCAN,Ceravolo,sudden_trace_noise20_1000_cf,800,160.0,[],[499],,,00:00:00,0.19594280000001163,0.00019594280000001163
Zheng DBSCAN,Ceravolo,sudden_trace_noise20_1000_cf,800,240.0,[],[499],,,00:00:00,0.19594280000001163,0.00019594280000001163
Zheng DBSCAN,Ceravolo,sudden_trace_noise20_1000_cf,800,320.0,[],[499],,,00:00:00,0.19594280000001163,0.00019594280000001163
Zheng DBSCAN,Ceravolo,sudden_trace_noise20_1000_cf,800,400.0,[],[499],,,00:00:00,0.19594280000001163,0.00019594280000001163
Zheng DBSCAN,Ceravolo,sudden_trace_noise15_1000_lp,400,40.0,[np.float64(448.0)],[499],1.0,51.0,00:00:00,0.17281789999992725,0.00017281789999992725
Zheng DBSCAN,Ceravolo,sudden_trace_noise15_1000_lp,400,80.0,[np.float64(448.0)],[499],1.0,51.0,00:00:00,0.17281789999992725,0.00017281789999992725
Zheng DBSCAN,Ceravolo,sudden_trace_noise15_1000_lp,400,120.0,[np.float64(448.0)],[499],1.0,51.0,00:00:00,0.17281789999992725,0.00017281789999992725
Zheng DBSCAN,Ceravolo,sudden_trace_noise15_1000_lp,400,160.0,[np.float64(448.0)],[499],1.0,51.0,00:00:00,0.17281789999992725,0.00017281789999992725
Zheng DBSCAN,Ceravolo,sudden_trace_noise15_1000_lp,400,200.0,[np.float64(448.0)],[499],1.0,51.0,00:00:00,0.17281789999992725,0.00017281789999992725
Zheng DBSCAN,Ceravolo,sudden_trace_noise15_1000_ROI,600,60.0,[],[499],,,00:00:00,0.21588659999997617,0.00021588659999997618
Zheng DBSCAN,Ceravolo,sudden_trace_noise15_1000_ROI,600,120.0,[],[499],,,00:00:00,0.21588659999997617,0.00021588659999997618
Zheng DBSCAN,Ceravolo,sudden_trace_noise15_1000_ROI,600,180.0,[],[499],,,00:00:00,0.21588659999997617,0.00021588659999997618
Zheng DBSCAN,Ceravolo,sudden_trace_noise15_1000_ROI,600,240.0,[],[499],,,00:00:00,0.21588659999997617,0.00021588659999997618
Zheng DBSCAN,Ceravolo,sudden_trace_noise15_1000_ROI,600,300.0,[],[499],,,00:00:00,0.21588659999997617,0.00021588659999997618
Zheng DBSCAN,Ceravolo,sudden_trace_noise15_1000_cb,500,50.0,[],[499],,,00:00:00,0.1915923000000248,0.0001915923000000248
Zheng DBSCAN,Ceravolo,sudden_trace_noise15_1000_cb,500,100.0,[],[499],,,00:00:00,0.1915923000000248,0.0001915923000000248
Zheng DBSCAN,Ceravolo,sudden_trace_noise15_1000_cb,500,150.0,[],[499],,,00:00:00,0.1915923000000248,0.0001915923000000248
Zheng DBSCAN,Ceravolo,sudden_trace_noise15_1000_cb,500,200.0,[],[499],,,00:00:00,0.1915923000000248,0.0001915923000000248
Zheng DBSCAN,Ceravolo,sudden_trace_noise15_1000_cb,500,250.0,[],[499],,,00:00:00,0.1915923000000248,0.0001915923000000248
Zheng DBSCAN,Ceravolo,sudden_trace_noise10_1000_sw,700,70.0,[],[499],,,00:00:00,0.2048876000000064,0.0002048876000000064
Zheng DBSCAN,Ceravolo,sudden_trace_noise10_1000_sw,700,140.0,[],[499],,,00:00:00,0.2048876000000064,0.0002048876000000064
Zheng DBSCAN,Ceravolo,sudden_trace_noise10_1000_sw,700,210.0,[],[499],,,00:00:00,0.2048876000000064,0.0002048876000000064
Zheng DBSCAN,Ceravolo,sudden_trace_noise10_1000_sw,700,280.0,[],[499],,,00:00:00,0.2048876000000064,0.0002048876000000064
Zheng DBSCAN,Ceravolo,sudden_trace_noise10_1000_sw,700,350.0,[],[499],,,00:00:00,0.2048876000000064,0.0002048876000000064
Zheng DBSCAN,Ceravolo,sudden_trace_noise20_1000_rp,700,70.0,[],[499],,,00:00:00,0.2197578999999905,0.00021975789999999053
Zheng DBSCAN,Ceravolo,sudden_trace_noise20_1000_rp,700,140.0,[],[499],,,00:00:00,0.2197578999999905,0.00021975789999999053
Zheng DBSCAN,Ceravolo,sudden_trace_noise20_1000_rp,700,210.0,[],[499],,,00:00:00,0.2197578999999905,0.00021975789999999053
Zheng DBSCAN,Ceravolo,sudden_trace_noise20_1000_rp,700,280.0,[],[499],,,00:00:00,0.2197578999999905,0.00021975789999999053
Zheng DBSCAN,Ceravolo,sudden_trace_noise20_1000_rp,700,350.0,[],[499],,,00:00:00,0.2197578999999905,0.00021975789999999053
Zheng DBSCAN,Ceravolo,sudden_trace_noise15_1000_re,800,80.0,[],[499],,,00:00:00,0.19585610000001452,0.0001958561000000145
Zheng DBSCAN,Ceravolo,sudden_trace_noise15_1000_re,800,160.0,[],[499],,,00:00:00,0.19585610000001452,0.0001958561000000145
Zheng DBSCAN,Ceravolo,sudden_trace_noise15_1000_re,800,240.0,[],[499],,,00:00:00,0.19585610000001452,0.0001958561000000145
Zheng DBSCAN,Ceravolo,sudden_trace_noise15_1000_re,800,320.0,[],[499],,,00:00:00,0.19585610000001452,0.0001958561000000145
Zheng DBSCAN,Ceravolo,sudden_trace_noise15_1000_re,800,400.0,[],[499],,,00:00:00,0.19585610000001452,0.0001958561000000145
Zheng DBSCAN,Ostovar,Atomic_Frequency_output_Frequency_5,600,60.0,[np.float64(1518.2353535353536)],"[999, 1999]",,,00:00:03,3.1861997999999403,0.001062420740246729
Zheng DBSCAN,Ostovar,Atomic_Frequency_output_Frequency_5,600,120.0,[np.float64(1518.2353535353536)],"[999, 1999]",,,00:00:03,3.1861997999999403,0.001062420740246729
Zheng DBSCAN,Ostovar,Atomic_Frequency_output_Frequency_5,600,180.0,[np.float64(1518.2353535353536)],"[999, 1999]",,,00:00:03,3.1861997999999403,0.001062420740246729
Zheng DBSCAN,Ostovar,Atomic_Frequency_output_Frequency_5,600,240.0,[np.float64(1518.2353535353536)],"[999, 1999]",,,00:00:03,3.1861997999999403,0.001062420740246729
Zheng DBSCAN,Ostovar,Atomic_Frequency_output_Frequency_5,600,300.0,[np.float64(1518.2353535353536)],"[999, 1999]",,,00:00:03,3.1861997999999403,0.001062420740246729
Zheng DBSCAN,Ceravolo,sudden_trace_noise10_1000_IOR,400,40.0,[np.float64(449.5)],[499],1.0,49.5,00:00:00,0.22155789999999342,0.00022155789999999342
Zheng DBSCAN,Ceravolo,sudden_trace_noise10_1000_IOR,400,80.0,[np.float64(449.5)],[499],1.0,49.5,00:00:00,0.22155789999999342,0.00022155789999999342
Zheng DBSCAN,Ceravolo,sudden_trace_noise10_1000_IOR,400,120.0,[np.float64(449.5)],[499],1.0,49.5,00:00:00,0.22155789999999342,0.00022155789999999342
Zheng DBSCAN,Ceravolo,sudden_trace_noise10_1000_IOR,400,160.0,[np.float64(449.5)],[499],1.0,49.5,00:00:00,0.22155789999999342,0.00022155789999999342
Zheng DBSCAN,Ceravolo,sudden_trace_noise10_1000_IOR,400,200.0,[np.float64(449.5)],[499],1.0,49.5,00:00:00,0.22155789999999342,0.00022155789999999342
Zheng DBSCAN,Ceravolo,sudden_trace_noise15_1000_sw,700,70.0,[],[499],,,00:00:00,0.18217749999996613,0.00018217749999996613
Zheng DBSCAN,Ceravolo,sudden_trace_noise15_1000_sw,700,140.0,[],[499],,,00:00:00,0.18217749999996613,0.00018217749999996613
Zheng DBSCAN,Ceravolo,sudden_trace_noise15_1000_sw,700,210.0,[],[499],,,00:00:00,0.18217749999996613,0.00018217749999996613
Zheng DBSCAN,Ceravolo,sudden_trace_noise15_1000_sw,700,280.0,[],[499],,,00:00:00,0.18217749999996613,0.00018217749999996613
Zheng DBSCAN,Ceravolo,sudden_trace_noise15_1000_sw,700,350.0,[],[499],,,00:00:00,0.18217749999996613,0.00018217749999996613
Zheng DBSCAN,Ceravolo,sudden_trace_noise5_1000_cb,400,40.0,[np.float64(451.0)],[499],1.0,48.0,00:00:00,0.19997239999997873,0.00019997239999997873
Zheng DBSCAN,Ceravolo,sudden_trace_noise5_1000_cb,400,80.0,[np.float64(451.0)],[499],1.0,48.0,00:00:00,0.19997239999997873,0.00019997239999997873
Zheng DBSCAN,Ceravolo,sudden_trace_noise5_1000_cb,400,120.0,[np.float64(451.0)],[499],1.0,48.0,00:00:00,0.19997239999997873,0.00019997239999997873
Zheng DBSCAN,Ceravolo,sudden_trace_noise5_1000_cb,400,160.0,[np.float64(451.0)],[499],1.0,48.0,00:00:00,0.19997239999997873,0.00019997239999997873
Zheng DBSCAN,Ceravolo,sudden_trace_noise5_1000_cb,400,200.0,[np.float64(451.0)],[499],1.0,48.0,00:00:00,0.19997239999997873,0.00019997239999997873
Zheng DBSCAN,Ceravolo,sudden_trace_noise0_1000_RIO,500,50.0,[],[499],,,00:00:00,0.1779654000000619,0.0001779654000000619
Zheng DBSCAN,Ceravolo,sudden_trace_noise0_1000_RIO,500,100.0,[],[499],,,00:00:00,0.1779654000000619,0.0001779654000000619
Zheng DBSCAN,Ceravolo,sudden_trace_noise0_1000_RIO,500,150.0,[],[499],,,00:00:00,0.1779654000000619,0.0001779654000000619
Zheng DBSCAN,Ceravolo,sudden_trace_noise0_1000_RIO,500,200.0,[],[499],,,00:00:00,0.1779654000000619,0.0001779654000000619
Zheng DBSCAN,Ceravolo,sudden_trace_noise0_1000_RIO,500,250.0,[],[499],,,00:00:00,0.1779654000000619,0.0001779654000000619
Zheng DBSCAN,Ceravolo,sudden_trace_noise10_1000_cf,300,30.0,[np.float64(447.0)],[499],1.0,52.0,00:00:00,0.19377050000002782,0.00019377050000002783
Zheng DBSCAN,Ceravolo,sudden_trace_noise10_1000_cf,300,60.0,[np.float64(447.0)],[499],1.0,52.0,00:00:00,0.19377050000002782,0.00019377050000002783
Zheng DBSCAN,Ceravolo,sudden_trace_noise10_1000_cf,300,90.0,[np.float64(447.0)],[499],1.0,52.0,00:00:00,0.19377050000002782,0.00019377050000002783
Zheng DBSCAN,Ceravolo,sudden_trace_noise10_1000_cf,300,120.0,[np.float64(447.0)],[499],1.0,52.0,00:00:00,0.19377050000002782,0.00019377050000002783
Zheng DBSCAN,Ceravolo,sudden_trace_noise10_1000_cf,300,150.0,[np.float64(447.0)],[499],1.0,52.0,00:00:00,0.19377050000002782,0.00019377050000002783
Zheng DBSCAN,Ceravolo,sudden_trace_noise0_1000_cf,500,50.0,[],[499],,,00:00:00,0.188381399999912,0.000188381399999912
Zheng DBSCAN,Ceravolo,sudden_trace_noise0_1000_cf,500,100.0,[],[499],,,00:00:00,0.188381399999912,0.000188381399999912
Zheng DBSCAN,Ceravolo,sudden_trace_noise0_1000_cf,500,150.0,[],[499],,,00:00:00,0.188381399999912,0.000188381399999912
Zheng DBSCAN,Ceravolo,sudden_trace_noise0_1000_cf,500,200.0,[],[499],,,00:00:00,0.188381399999912,0.000188381399999912
Zheng DBSCAN,Ceravolo,sudden_trace_noise0_1000_cf,500,250.0,[],[499],,,00:00:00,0.188381399999912,0.000188381399999912
Zheng DBSCAN,Ceravolo,sudden_trace_noise5_1000_cp,700,70.0,[],[499],,,00:00:00,0.18516869999996288,0.00018516869999996287
Zheng DBSCAN,Ceravolo,sudden_trace_noise5_1000_cp,700,140.0,[],[499],,,00:00:00,0.18516869999996288,0.00018516869999996287
Zheng DBSCAN,Ceravolo,sudden_trace_noise5_1000_cp,700,210.0,[],[499],,,00:00:00,0.18516869999996288,0.00018516869999996287
Zheng DBSCAN,Ceravolo,sudden_trace_noise5_1000_cp,700,280.0,[],[499],,,00:00:00,0.18516869999996288,0.00018516869999996287
Zheng DBSCAN,Ceravolo,sudden_trace_noise5_1000_cp,700,350.0,[],[499],,,00:00:00,0.18516869999996288,0.00018516869999996287
Zheng DBSCAN,Ceravolo,sudden_trace_noise5_1000_cp,600,60.0,[],[499],,,00:00:00,0.16940199999999095,0.00016940199999999095
Zheng DBSCAN,Ceravolo,sudden_trace_noise5_1000_cp,600,120.0,[],[499],,,00:00:00,0.16940199999999095,0.00016940199999999095
Zheng DBSCAN,Ceravolo,sudden_trace_noise5_1000_cp,600,180.0,[],[499],,,00:00:00,0.16940199999999095,0.00016940199999999095
Zheng DBSCAN,Ceravolo,sudden_trace_noise5_1000_cp,600,240.0,[],[499],,,00:00:00,0.16940199999999095,0.00016940199999999095
Zheng DBSCAN,Ceravolo,sudden_trace_noise5_1000_cp,600,300.0,[],[499],,,00:00:00,0.16940199999999095,0.00016940199999999095
Zheng DBSCAN,Ceravolo,sudden_trace_noise15_1000_RIO,700,70.0,[],[499],,,00:00:00,0.185487500000022,0.000185487500000022
Zheng DBSCAN,Ceravolo,sudden_trace_noise15_1000_RIO,700,140.0,[],[499],,,00:00:00,0.185487500000022,0.000185487500000022
Zheng DBSCAN,Ceravolo,sudden_trace_noise15_1000_RIO,700,210.0,[],[499],,,00:00:00,0.185487500000022,0.000185487500000022
Zheng DBSCAN,Ceravolo,sudden_trace_noise15_1000_RIO,700,280.0,[],[499],,,00:00:00,0.185487500000022,0.000185487500000022
Zheng DBSCAN,Ceravolo,sudden_trace_noise15_1000_RIO,700,350.0,[],[499],,,00:00:00,0.185487500000022,0.000185487500000022
Zheng DBSCAN,Ostovar,Atomic_Skip_output_Skip_5,300,30.0,[np.float64(1482.7276243093922)],"[999, 1999]",,,00:00:05,5.767895800000019,0.0019232730243414536
Zheng DBSCAN,Ostovar,Atomic_Skip_output_Skip_5,300,60.0,[np.float64(1482.7276243093922)],"[999, 1999]",,,00:00:05,5.767895800000019,0.0019232730243414536
Zheng DBSCAN,Ostovar,Atomic_Skip_output_Skip_5,300,90.0,[np.float64(1482.7276243093922)],"[999, 1999]",,,00:00:05,5.767895800000019,0.0019232730243414536
Zheng DBSCAN,Ostovar,Atomic_Skip_output_Skip_5,300,120.0,[np.float64(1482.7276243093922)],"[999, 1999]",,,00:00:05,5.767895800000019,0.0019232730243414536
Zheng DBSCAN,Ostovar,Atomic_Skip_output_Skip_5,300,150.0,[np.float64(1482.7276243093922)],"[999, 1999]",,,00:00:05,5.767895800000019,0.0019232730243414536
Zheng DBSCAN,Bose,bose_log,500,50.0,"[np.float64(579.0), np.float64(651.0), np.float64(1222.7), np.float64(1406.25), np.float64(1746.0), np.float64(1798.5), np.float64(1882.0), np.float64(1991.0), np.float64(2072.0), np.float64(2152.0), np.float64(2231.0), np.float64(2353.0), np.float64(2540.0), np.float64(2956.5), np.float64(3065.5), np.float64(3144.0), np.float64(3395.0), np.float64(3607.714285714286), np.float64(3733.0), np.float64(3799.0), np.float64(3999.1666666666665), np.float64(4129.0), np.float64(4245.0), np.float64(4491.0), np.float64(4808.5), np.float64(5035.5), np.float64(5098.0), np.float64(5235.5), np.float64(5319.833333333333), np.float64(5456.8), np.float64(5634.0)]","[1199, 2399, 3599, 4799]",0.2285714285714286,21.978571428571456,00:00:01,1.0907702000000654,0.00018179503333334423
Zheng DBSCAN,Bose,bose_log,500,100.0,"[np.float64(615.0), np.float64(1275.142857142857), np.float64(1806.25), np.float64(2103.6), np.float64(2353.0), np.float64(2540.0), np.float64(3068.0), np.float64(3395.0), np.float64(3642.8888888888887), np.float64(4095.846153846154), np.float64(4491.0), np.float64(4808.5), np.float64(5056.333333333333), np.float64(5286.1), np.float64(5456.8), np.float64(5634.0)]","[1199, 2399, 3599, 4799]",0.4,43.88293650793645,00:00:01,1.0907702000000654,0.00018179503333334423
Zheng DBSCAN,Bose,bose_log,500,150.0,"[np.float64(615.0), np.float64(1275.142857142857), np.float64(2009.6), np.float64(2540.0), np.float64(3068.0), np.float64(3395.0), np.float64(3910.5454545454545), np.float64(4491.0), np.float64(4808.5), np.float64(5295.222222222223), np.float64(5634.0)]","[1199, 2399, 3599, 4799]",0.39999999999999997,75.54761904761904,00:00:01,1.0907702000000654,0.00018179503333334423
Zheng DBSCAN,Bose,bose_log,500,200.0,"[np.float64(615.0), np.float64(1275.142857142857), np.float64(2057.818181818182), np.float64(3068.0), np.float64(3888.1304347826085), np.float64(4491.0), np.float64(4808.5), np.float64(5313.0526315789475)]","[1199, 2399, 3599, 4799]",0.3333333333333333,42.821428571428555,00:00:01,1.0907702000000654,0.00018179503333334423
Zheng DBSCAN,Bose,bose_log,500,250.0,"[np.float64(615.0), np.float64(1275.142857142857), np.float64(2057.818181818182), np.float64(3746.40625), np.float64(5225.304347826087)]","[1199, 2399, 3599, 4799]",0.4444444444444445,111.77455357142856,00:00:01,1.0907702000000654,0.00018179503333334423
Zheng DBSCAN,Ostovar,Nested_RIO_output_RIO_5,600,60.0,[np.float64(1492.2591687041565)],"[999, 1999]",,,00:00:07,7.691071099999931,0.0025645452150716676
Zheng DBSCAN,Ostovar,Nested_RIO_output_RIO_5,600,120.0,[np.float64(1492.2591687041565)],"[999, 1999]",,,00:00:07,7.691071099999931,0.0025645452150716676
Zheng DBSCAN,Ostovar,Nested_RIO_output_RIO_5,600,180.0,[np.float64(1492.2591687041565)],"[999, 1999]",,,00:00:07,7.691071099999931,0.0025645452150716676
Zheng DBSCAN,Ostovar,Nested_RIO_output_RIO_5,600,240.0,[np.float64(1492.2591687041565)],"[999, 1999]",,,00:00:07,7.691071099999931,0.0025645452150716676
Zheng DBSCAN,Ostovar,Nested_RIO_output_RIO_5,600,300.0,[np.float64(1492.2591687041565)],"[999, 1999]",,,00:00:07,7.691071099999931,0.0025645452150716676
Zheng DBSCAN,Ostovar,Composite_ORI_output_ORI,600,60.0,"[np.float64(743.0), np.float64(909.7272727272727), np.float64(1886.0833333333333)]","[999, 1999]",0.8,101.094696969697,00:00:05,5.555095599999959,0.0018523159719906499
Zheng DBSCAN,Ostovar,Composite_ORI_output_ORI,600,120.0,"[np.float64(895.8333333333334), np.float64(1886.0833333333333)]","[999, 1999]",1.0,108.04166666666669,00:00:05,5.555095599999959,0.0018523159719906499
Zheng DBSCAN,Ostovar,Composite_ORI_output_ORI,600,180.0,"[np.float64(895.8333333333334), np.float64(1886.0833333333333)]","[999, 1999]",1.0,108.04166666666669,00:00:05,5.555095599999959,0.0018523159719906499
Zheng DBSCAN,Ostovar,Composite_ORI_output_ORI,600,240.0,"[np.float64(895.8333333333334), np.float64(1886.0833333333333)]","[999, 1999]",1.0,108.04166666666669,00:00:05,5.555095599999959,0.0018523159719906499
Zheng DBSCAN,Ostovar,Composite_ORI_output_ORI,600,300.0,"[np.float64(895.8333333333334), np.float64(1886.0833333333333)]","[999, 1999]",1.0,108.04166666666669,00:00:05,5.555095599999959,0.0018523159719906499
Zheng DBSCAN,Ceravolo,sudden_trace_noise10_1000_lp,400,40.0,[np.float64(448.0)],[499],1.0,51.0,00:00:00,0.18979560000002493,0.00018979560000002493
Zheng DBSCAN,Ceravolo,sudden_trace_noise10_1000_lp,400,80.0,[np.float64(448.0)],[499],1.0,51.0,00:00:00,0.18979560000002493,0.00018979560000002493
Zheng DBSCAN,Ceravolo,sudden_trace_noise10_1000_lp,400,120.0,[np.float64(448.0)],[499],1.0,51.0,00:00:00,0.18979560000002493,0.00018979560000002493
Zheng DBSCAN,Ceravolo,sudden_trace_noise10_1000_lp,400,160.0,[np.float64(448.0)],[499],1.0,51.0,00:00:00,0.18979560000002493,0.00018979560000002493
Zheng DBSCAN,Ceravolo,sudden_trace_noise10_1000_lp,400,200.0,[np.float64(448.0)],[499],1.0,51.0,00:00:00,0.18979560000002493,0.00018979560000002493
Zheng DBSCAN,Bose,bose_log,700,70.0,"[np.float64(1220.888888888889), np.float64(1406.25), np.float64(1781.0), np.float64(1882.0), np.float64(2071.75), np.float64(2231.0), np.float64(2979.0), np.float64(3112.6), np.float64(3644.0), np.float64(3995.6), np.float64(4129.0), np.float64(4245.5), np.float64(4808.5), np.float64(5036.0), np.float64(5266.142857142857), np.float64(5461.0), np.float64(5634.0)]","[1199, 2399, 3599, 4799]",0.38095238095238093,61.09722222222223,00:00:01,1.068456699999956,0.00017807611666665935
Zheng DBSCAN,Bose,bose_log,700,140.0,"[np.float64(1277.923076923077), np.float64(1971.4444444444443), np.float64(3090.3333333333335), np.float64(3644.0), np.float64(4089.5454545454545), np.float64(4808.5), np.float64(5036.0), np.float64(5290.5), np.float64(5634.0)]","[1199, 2399, 3599, 4799]",0.46153846153846156,44.47435897435897,00:00:01,1.068456699999956,0.00017807611666665935
Zheng DBSCAN,Bose,bose_log,700,210.0,"[np.float64(1277.923076923077), np.float64(1971.4444444444443), np.float64(3090.3333333333335), np.float64(3901.9473684210525), np.float64(5159.142857142857)]","[1199, 2399, 3599, 4799]",0.22222222222222224,78.9230769230769,00:00:01,1.068456699999956,0.00017807611666665935
Zheng DBSCAN,Bose,bose_log,700,280.0,"[np.float64(1277.923076923077), np.float64(1971.4444444444443), np.float64(3090.3333333333335), np.float64(3901.9473684210525), np.float64(5159.142857142857)]","[1199, 2399, 3599, 4799]",0.22222222222222224,78.9230769230769,00:00:01,1.068456699999956,0.00017807611666665935
Zheng DBSCAN,Bose,bose_log,700,350.0,"[np.float64(1561.6363636363637), np.float64(3090.3333333333335), np.float64(3901.9473684210525), np.float64(5159.142857142857)]","[1199, 2399, 3599, 4799]",,,00:00:01,1.068456699999956,0.00017807611666665935
Zheng DBSCAN,Ceravolo,sudden_trace_noise5_1000_cb,800,80.0,[],[499],,,00:00:00,0.18805470000006608,0.00018805470000006608
Zheng DBSCAN,Ceravolo,sudden_trace_noise5_1000_cb,800,160.0,[],[499],,,00:00:00,0.18805470000006608,0.00018805470000006608
Zheng DBSCAN,Ceravolo,sudden_trace_noise5_1000_cb,800,240.0,[],[499],,,00:00:00,0.18805470000006608,0.00018805470000006608
Zheng DBSCAN,Ceravolo,sudden_trace_noise5_1000_cb,800,320.0,[],[499],,,00:00:00,0.18805470000006608,0.00018805470000006608
Zheng DBSCAN,Ceravolo,sudden_trace_noise5_1000_cb,800,400.0,[],[499],,,00:00:00,0.18805470000006608,0.00018805470000006608
Zheng DBSCAN,Ceravolo,sudden_trace_noise20_1000_IOR,800,80.0,[],[499],,,00:00:00,0.19877389999999195,0.00019877389999999195
Zheng DBSCAN,Ceravolo,sudden_trace_noise20_1000_IOR,800,160.0,[],[499],,,00:00:00,0.19877389999999195,0.00019877389999999195
Zheng DBSCAN,Ceravolo,sudden_trace_noise20_1000_IOR,800,240.0,[],[499],,,00:00:00,0.19877389999999195,0.00019877389999999195
Zheng DBSCAN,Ceravolo,sudden_trace_noise20_1000_IOR,800,320.0,[],[499],,,00:00:00,0.19877389999999195,0.00019877389999999195
Zheng DBSCAN,Ceravolo,sudden_trace_noise20_1000_IOR,800,400.0,[],[499],,,00:00:00,0.19877389999999195,0.00019877389999999195
Zheng DBSCAN,Ostovar,Nested_OIR_output_OIR_5,400,40.0,[np.float64(1496.904164289789)],"[999, 1999]",,,00:00:07,7.051234099999988,0.002351195098366118
Zheng DBSCAN,Ostovar,Nested_OIR_output_OIR_5,400,80.0,[np.float64(1496.904164289789)],"[999, 1999]",,,00:00:07,7.051234099999988,0.002351195098366118
Zheng DBSCAN,Ostovar,Nested_OIR_output_OIR_5,400,120.0,[np.float64(1496.904164289789)],"[999, 1999]",,,00:00:07,7.051234099999988,0.002351195098366118
Zheng DBSCAN,Ostovar,Nested_OIR_output_OIR_5,400,160.0,[np.float64(1496.904164289789)],"[999, 1999]",,,00:00:07,7.051234099999988,0.002351195098366118
Zheng DBSCAN,Ostovar,Nested_OIR_output_OIR_5,400,200.0,[np.float64(1496.904164289789)],"[999, 1999]",,,00:00:07,7.051234099999988,0.002351195098366118
Zheng DBSCAN,Ostovar,Composite_IOR_output_IOR_2,700,70.0,[np.float64(1496.978021978022)],"[999, 1999]",,,00:00:05,5.036721599999964,0.0016794670223407684
Zheng DBSCAN,Ostovar,Composite_IOR_output_IOR_2,700,140.0,[np.float64(1496.978021978022)],"[999, 1999]",,,00:00:05,5.036721599999964,0.0016794670223407684
Zheng DBSCAN,Ostovar,Composite_IOR_output_IOR_2,700,210.0,[np.float64(1496.978021978022)],"[999, 1999]",,,00:00:05,5.036721599999964,0.0016794670223407684
Zheng DBSCAN,Ostovar,Composite_IOR_output_IOR_2,700,280.0,[np.float64(1496.978021978022)],"[999, 1999]",,,00:00:05,5.036721599999964,0.0016794670223407684
Zheng DBSCAN,Ostovar,Composite_IOR_output_IOR_2,700,350.0,[np.float64(1496.978021978022)],"[999, 1999]",,,00:00:05,5.036721599999964,0.0016794670223407684
Zheng DBSCAN,Ceravolo,sudden_trace_noise15_1000_rp,300,30.0,[np.float64(449.0)],[499],1.0,50.0,00:00:00,0.22614950000001954,0.00022614950000001956
Zheng DBSCAN,Ceravolo,sudden_trace_noise15_1000_rp,300,60.0,[np.float64(449.0)],[499],1.0,50.0,00:00:00,0.22614950000001954,0.00022614950000001956
Zheng DBSCAN,Ceravolo,sudden_trace_noise15_1000_rp,300,90.0,[np.float64(449.0)],[499],1.0,50.0,00:00:00,0.22614950000001954,0.00022614950000001956
Zheng DBSCAN,Ceravolo,sudden_trace_noise15_1000_rp,300,120.0,[np.float64(449.0)],[499],1.0,50.0,00:00:00,0.22614950000001954,0.00022614950000001956
Zheng DBSCAN,Ceravolo,sudden_trace_noise15_1000_rp,300,150.0,[np.float64(449.0)],[499],1.0,50.0,00:00:00,0.22614950000001954,0.00022614950000001956
Zheng DBSCAN,Ostovar,Nested_RIO_output_RIO_5,400,40.0,[np.float64(1491.8882289416847)],"[999, 1999]",,,00:00:07,7.8908402999999225,0.002631157152384102
Zheng DBSCAN,Ostovar,Nested_RIO_output_RIO_5,400,80.0,[np.float64(1491.8882289416847)],"[999, 1999]",,,00:00:07,7.8908402999999225,0.002631157152384102
Zheng DBSCAN,Ostovar,Nested_RIO_output_RIO_5,400,120.0,[np.float64(1491.8882289416847)],"[999, 1999]",,,00:00:07,7.8908402999999225,0.002631157152384102
Zheng DBSCAN,Ostovar,Nested_RIO_output_RIO_5,400,160.0,[np.float64(1491.8882289416847)],"[999, 1999]",,,00:00:07,7.8908402999999225,0.002631157152384102
Zheng DBSCAN,Ostovar,Nested_RIO_output_RIO_5,400,200.0,[np.float64(1491.8882289416847)],"[999, 1999]",,,00:00:07,7.8908402999999225,0.002631157152384102
Zheng DBSCAN,Ostovar,Atomic_SerialMove_output_SerialMove_2,500,50.0,[np.float64(1506.9592307692308)],"[999, 1999]",,,00:00:06,6.458508100000017,0.002153553884628215
Zheng DBSCAN,Ostovar,Atomic_SerialMove_output_SerialMove_2,500,100.0,[np.float64(1506.9592307692308)],"[999, 1999]",,,00:00:06,6.458508100000017,0.002153553884628215
Zheng DBSCAN,Ostovar,Atomic_SerialMove_output_SerialMove_2,500,150.0,[np.float64(1506.9592307692308)],"[999, 1999]",,,00:00:06,6.458508100000017,0.002153553884628215
Zheng DBSCAN,Ostovar,Atomic_SerialMove_output_SerialMove_2,500,200.0,[np.float64(1506.9592307692308)],"[999, 1999]",,,00:00:06,6.458508100000017,0.002153553884628215
Zheng DBSCAN,Ostovar,Atomic_SerialMove_output_SerialMove_2,500,250.0,[np.float64(1506.9592307692308)],"[999, 1999]",,,00:00:06,6.458508100000017,0.002153553884628215
Zheng DBSCAN,Ceravolo,sudden_trace_noise5_1000_pm,600,60.0,[],[499],,,00:00:00,0.18219650000003185,0.00018219650000003186
Zheng DBSCAN,Ceravolo,sudden_trace_noise5_1000_pm,600,120.0,[],[499],,,00:00:00,0.18219650000003185,0.00018219650000003186
Zheng DBSCAN,Ceravolo,sudden_trace_noise5_1000_pm,600,180.0,[],[499],,,00:00:00,0.18219650000003185,0.00018219650000003186
Zheng DBSCAN,Ceravolo,sudden_trace_noise5_1000_pm,600,240.0,[],[499],,,00:00:00,0.18219650000003185,0.00018219650000003186
Zheng DBSCAN,Ceravolo,sudden_trace_noise5_1000_pm,600,300.0,[],[499],,,00:00:00,0.18219650000003185,0.00018219650000003186
Zheng DBSCAN,Ostovar,Atomic_SerialRemoval_output_SerialRemoval,700,70.0,"[np.float64(938.25), np.float64(1935.5)]","[999, 1999]",1.0,62.125,00:00:04,4.490656999999942,0.0014973847949316245
Zheng DBSCAN,Ostovar,Atomic_SerialRemoval_output_SerialRemoval,700,140.0,"[np.float64(938.25), np.float64(1935.5)]","[999, 1999]",1.0,62.125,00:00:04,4.490656999999942,0.0014973847949316245
Zheng DBSCAN,Ostovar,Atomic_SerialRemoval_output_SerialRemoval,700,210.0,"[np.float64(938.25), np.float64(1935.5)]","[999, 1999]",1.0,62.125,00:00:04,4.490656999999942,0.0014973847949316245
Zheng DBSCAN,Ostovar,Atomic_SerialRemoval_output_SerialRemoval,700,280.0,"[np.float64(938.25), np.float64(1935.5)]","[999, 1999]",1.0,62.125,00:00:04,4.490656999999942,0.0014973847949316245
Zheng DBSCAN,Ostovar,Atomic_SerialRemoval_output_SerialRemoval,700,350.0,"[np.float64(938.25), np.float64(1935.5)]","[999, 1999]",1.0,62.125,00:00:04,4.490656999999942,0.0014973847949316245
Zheng DBSCAN,Ceravolo,sudden_trace_noise0_1000_sw,800,80.0,[],[499],,,00:00:00,0.18851419999998598,0.00018851419999998598
Zheng DBSCAN,Ceravolo,sudden_trace_noise0_1000_sw,800,160.0,[],[499],,,00:00:00,0.18851419999998598,0.00018851419999998598
Zheng DBSCAN,Ceravolo,sudden_trace_noise0_1000_sw,800,240.0,[],[499],,,00:00:00,0.18851419999998598,0.00018851419999998598
Zheng DBSCAN,Ceravolo,sudden_trace_noise0_1000_sw,800,320.0,[],[499],,,00:00:00,0.18851419999998598,0.00018851419999998598
Zheng DBSCAN,Ceravolo,sudden_trace_noise0_1000_sw,800,400.0,[],[499],,,00:00:00,0.18851419999998598,0.00018851419999998598
Zheng DBSCAN,Ostovar,Atomic_Substitute_output_Substitute,800,80.0,"[np.float64(928.375), np.float64(1937.7142857142858)]","[999, 1999]",1.0,65.95535714285711,00:00:05,5.359797500000013,0.0017871948982994376
Zheng DBSCAN,Ostovar,Atomic_Substitute_output_Substitute,800,160.0,"[np.float64(928.375), np.float64(1937.7142857142858)]","[999, 1999]",1.0,65.95535714285711,00:00:05,5.359797500000013,0.0017871948982994376
Zheng DBSCAN,Ostovar,Atomic_Substitute_output_Substitute,800,240.0,"[np.float64(928.375), np.float64(1937.7142857142858)]","[999, 1999]",1.0,65.95535714285711,00:00:05,5.359797500000013,0.0017871948982994376
Zheng DBSCAN,Ostovar,Atomic_Substitute_output_Substitute,800,320.0,"[np.float64(928.375), np.float64(1937.7142857142858)]","[999, 1999]",1.0,65.95535714285711,00:00:05,5.359797500000013,0.0017871948982994376
Zheng DBSCAN,Ostovar,Atomic_Substitute_output_Substitute,800,400.0,"[np.float64(928.375), np.float64(1937.7142857142858)]","[999, 1999]",1.0,65.95535714285711,00:00:05,5.359797500000013,0.0017871948982994376
Zheng DBSCAN,Ceravolo,sudden_trace_noise15_1000_IOR,500,50.0,[],[499],,,00:00:00,0.19822390000001633,0.00019822390000001633
Zheng DBSCAN,Ceravolo,sudden_trace_noise15_1000_IOR,500,100.0,[],[499],,,00:00:00,0.19822390000001633,0.00019822390000001633
Zheng DBSCAN,Ceravolo,sudden_trace_noise15_1000_IOR,500,150.0,[],[499],,,00:00:00,0.19822390000001633,0.00019822390000001633
Zheng DBSCAN,Ceravolo,sudden_trace_noise15_1000_IOR,500,200.0,[],[499],,,00:00:00,0.19822390000001633,0.00019822390000001633
Zheng DBSCAN,Ceravolo,sudden_trace_noise15_1000_IOR,500,250.0,[],[499],,,00:00:00,0.19822390000001633,0.00019822390000001633
Zheng DBSCAN,Ostovar,Atomic_ConditionalToSequence_output_ConditionalToSequence,400,40.0,"[np.float64(939.6428571428571), np.float64(1944.357142857143)]","[999, 1999]",1.0,57.0,00:00:04,4.982912800000008,0.0016615247749249776
Zheng DBSCAN,Ostovar,Atomic_ConditionalToSequence_output_ConditionalToSequence,400,80.0,"[np.float64(939.6428571428571), np.float64(1944.357142857143)]","[999, 1999]",1.0,57.0,00:00:04,4.982912800000008,0.0016615247749249776
Zheng DBSCAN,Ostovar,Atomic_ConditionalToSequence_output_ConditionalToSequence,400,120.0,"[np.float64(939.6428571428571), np.float64(1944.357142857143)]","[999, 1999]",1.0,57.0,00:00:04,4.982912800000008,0.0016615247749249776
Zheng DBSCAN,Ostovar,Atomic_ConditionalToSequence_output_ConditionalToSequence,400,160.0,"[np.float64(939.6428571428571), np.float64(1944.357142857143)]","[999, 1999]",1.0,57.0,00:00:04,4.982912800000008,0.0016615247749249776
Zheng DBSCAN,Ostovar,Atomic_ConditionalToSequence_output_ConditionalToSequence,400,200.0,"[np.float64(939.6428571428571), np.float64(1944.357142857143)]","[999, 1999]",1.0,57.0,00:00:04,4.982912800000008,0.0016615247749249776
Zheng DBSCAN,Ceravolo,sudden_trace_noise5_1000_ROI,300,30.0,[np.float64(448.5)],[499],1.0,50.5,00:00:00,0.21443440000007286,0.00021443440000007286
Zheng DBSCAN,Ceravolo,sudden_trace_noise5_1000_ROI,300,60.0,[np.float64(448.5)],[499],1.0,50.5,00:00:00,0.21443440000007286,0.00021443440000007286
Zheng DBSCAN,Ceravolo,sudden_trace_noise5_1000_ROI,300,90.0,[np.float64(448.5)],[499],1.0,50.5,00:00:00,0.21443440000007286,0.00021443440000007286
Zheng DBSCAN,Ceravolo,sudden_trace_noise5_1000_ROI,300,120.0,[np.float64(448.5)],[499],1.0,50.5,00:00:00,0.21443440000007286,0.00021443440000007286
Zheng DBSCAN,Ceravolo,sudden_trace_noise5_1000_ROI,300,150.0,[np.float64(448.5)],[499],1.0,50.5,00:00:00,0.21443440000007286,0.00021443440000007286
Zheng DBSCAN,Ceravolo,sudden_trace_noise15_1000_sw,800,80.0,[],[499],,,00:00:00,0.1888159000000087,0.00018881590000000868
Zheng DBSCAN,Ceravolo,sudden_trace_noise15_1000_sw,800,160.0,[],[499],,,00:00:00,0.1888159000000087,0.00018881590000000868
Zheng DBSCAN,Ceravolo,sudden_trace_noise15_1000_sw,800,240.0,[],[499],,,00:00:00,0.1888159000000087,0.00018881590000000868
Zheng DBSCAN,Ceravolo,sudden_trace_noise15_1000_sw,800,320.0,[],[499],,,00:00:00,0.1888159000000087,0.00018881590000000868
Zheng DBSCAN,Ceravolo,sudden_trace_noise15_1000_sw,800,400.0,[],[499],,,00:00:00,0.1888159000000087,0.00018881590000000868
Zheng DBSCAN,Ostovar,Atomic_Substitute_output_Substitute_5,700,70.0,[np.float64(1504.199558173785)],"[999, 1999]",,,00:00:06,6.46035269999993,0.0021541689563187496
Zheng DBSCAN,Ostovar,Atomic_Substitute_output_Substitute_5,700,140.0,[np.float64(1504.199558173785)],"[999, 1999]",,,00:00:06,6.46035269999993,0.0021541689563187496
Zheng DBSCAN,Ostovar,Atomic_Substitute_output_Substitute_5,700,210.0,[np.float64(1504.199558173785)],"[999, 1999]",,,00:00:06,6.46035269999993,0.0021541689563187496
Zheng DBSCAN,Ostovar,Atomic_Substitute_output_Substitute_5,700,280.0,[np.float64(1504.199558173785)],"[999, 1999]",,,00:00:06,6.46035269999993,0.0021541689563187496
Zheng DBSCAN,Ostovar,Atomic_Substitute_output_Substitute_5,700,350.0,[np.float64(1504.199558173785)],"[999, 1999]",,,00:00:06,6.46035269999993,0.0021541689563187496
Zheng DBSCAN,Ceravolo,sudden_trace_noise0_1000_ROI,300,30.0,[np.float64(448.5)],[499],1.0,50.5,00:00:00,0.2145457000000306,0.00021454570000003058
Zheng DBSCAN,Ceravolo,sudden_trace_noise0_1000_ROI,300,60.0,[np.float64(448.5)],[499],1.0,50.5,00:00:00,0.2145457000000306,0.00021454570000003058
Zheng DBSCAN,Ceravolo,sudden_trace_noise0_1000_ROI,300,90.0,[np.float64(448.5)],[499],1.0,50.5,00:00:00,0.2145457000000306,0.00021454570000003058
Zheng DBSCAN,Ceravolo,sudden_trace_noise0_1000_ROI,300,120.0,[np.float64(448.5)],[499],1.0,50.5,00:00:00,0.2145457000000306,0.00021454570000003058
Zheng DBSCAN,Ceravolo,sudden_trace_noise0_1000_ROI,300,150.0,[np.float64(448.5)],[499],1.0,50.5,00:00:00,0.2145457000000306,0.00021454570000003058
Zheng DBSCAN,Ceravolo,sudden_trace_noise0_1000_re,700,70.0,[],[499],,,00:00:00,0.1957704000000149,0.00019577040000001489
Zheng DBSCAN,Ceravolo,sudden_trace_noise0_1000_re,700,140.0,[],[499],,,00:00:00,0.1957704000000149,0.00019577040000001489
Zheng DBSCAN,Ceravolo,sudden_trace_noise0_1000_re,700,210.0,[],[499],,,00:00:00,0.1957704000000149,0.00019577040000001489
Zheng DBSCAN,Ceravolo,sudden_trace_noise0_1000_re,700,280.0,[],[499],,,00:00:00,0.1957704000000149,0.00019577040000001489
Zheng DBSCAN,Ceravolo,sudden_trace_noise0_1000_re,700,350.0,[],[499],,,00:00:00,0.1957704000000149,0.00019577040000001489
Zheng DBSCAN,Ceravolo,sudden_trace_noise15_1000_cf,700,70.0,[],[499],,,00:00:00,0.18504330000007485,0.00018504330000007485
Zheng DBSCAN,Ceravolo,sudden_trace_noise15_1000_cf,700,140.0,[],[499],,,00:00:00,0.18504330000007485,0.00018504330000007485
Zheng DBSCAN,Ceravolo,sudden_trace_noise15_1000_cf,700,210.0,[],[499],,,00:00:00,0.18504330000007485,0.00018504330000007485
Zheng DBSCAN,Ceravolo,sudden_trace_noise15_1000_cf,700,280.0,[],[499],,,00:00:00,0.18504330000007485,0.00018504330000007485
Zheng DBSCAN,Ceravolo,sudden_trace_noise15_1000_cf,700,350.0,[],[499],,,00:00:00,0.18504330000007485,0.00018504330000007485
Zheng DBSCAN,Ceravolo,sudden_trace_noise5_1000_IOR,800,80.0,[],[499],,,00:00:00,0.2147175000000061,0.00021471750000000612
Zheng DBSCAN,Ceravolo,sudden_trace_noise5_1000_IOR,800,160.0,[],[499],,,00:00:00,0.2147175000000061,0.00021471750000000612
Zheng DBSCAN,Ceravolo,sudden_trace_noise5_1000_IOR,800,240.0,[],[499],,,00:00:00,0.2147175000000061,0.00021471750000000612
Zheng DBSCAN,Ceravolo,sudden_trace_noise5_1000_IOR,800,320.0,[],[499],,,00:00:00,0.2147175000000061,0.00021471750000000612
Zheng DBSCAN,Ceravolo,sudden_trace_noise5_1000_IOR,800,400.0,[],[499],,,00:00:00,0.2147175000000061,0.00021471750000000612
Zheng DBSCAN,Ostovar,Atomic_ParallelMove_output_ParallelMove,300,30.0,"[np.float64(933.0), np.float64(1869.0), np.float64(1925.375)]","[999, 1999]",0.8,69.8125,00:00:05,5.4244189000000915,0.0018087425475158691
Zheng DBSCAN,Ostovar,Atomic_ParallelMove_output_ParallelMove,300,60.0,"[np.float64(933.0), np.float64(1919.111111111111)]","[999, 1999]",1.0,72.94444444444446,00:00:05,5.4244189000000915,0.0018087425475158691
Zheng DBSCAN,Ostovar,Atomic_ParallelMove_output_ParallelMove,300,90.0,"[np.float64(933.0), np.float64(1919.111111111111)]","[999, 1999]",1.0,72.94444444444446,00:00:05,5.4244189000000915,0.0018087425475158691
Zheng DBSCAN,Ostovar,Atomic_ParallelMove_output_ParallelMove,300,120.0,"[np.float64(933.0), np.float64(1919.111111111111)]","[999, 1999]",1.0,72.94444444444446,00:00:05,5.4244189000000915,0.0018087425475158691
Zheng DBSCAN,Ostovar,Atomic_ParallelMove_output_ParallelMove,300,150.0,"[np.float64(933.0), np.float64(1919.111111111111)]","[999, 1999]",1.0,72.94444444444446,00:00:05,5.4244189000000915,0.0018087425475158691
Zheng DBSCAN,Ostovar,Atomic_ConditionalToSequence_output_ConditionalToSequence_5,500,50.0,[np.float64(1499.2129514321296)],"[999, 1999]",,,00:00:06,6.0894186000000445,0.0020304830276759067
Zheng DBSCAN,Ostovar,Atomic_ConditionalToSequence_output_ConditionalToSequence_5,500,100.0,[np.float64(1499.2129514321296)],"[999, 1999]",,,00:00:06,6.0894186000000445,0.0020304830276759067
Zheng DBSCAN,Ostovar,Atomic_ConditionalToSequence_output_ConditionalToSequence_5,500,150.0,[np.float64(1499.2129514321296)],"[999, 1999]",,,00:00:06,6.0894186000000445,0.0020304830276759067
Zheng DBSCAN,Ostovar,Atomic_ConditionalToSequence_output_ConditionalToSequence_5,500,200.0,[np.float64(1499.2129514321296)],"[999, 1999]",,,00:00:06,6.0894186000000445,0.0020304830276759067
Zheng DBSCAN,Ostovar,Atomic_ConditionalToSequence_output_ConditionalToSequence_5,500,250.0,[np.float64(1499.2129514321296)],"[999, 1999]",,,00:00:06,6.0894186000000445,0.0020304830276759067
Zheng DBSCAN,Ostovar,Atomic_Frequency_output_Frequency,400,40.0,[],"[999, 1999]",,,00:00:02,2.349462000000017,0.0007834151383794654
Zheng DBSCAN,Ostovar,Atomic_Frequency_output_Frequency,400,80.0,[],"[999, 1999]",,,00:00:02,2.349462000000017,0.0007834151383794654
Zheng DBSCAN,Ostovar,Atomic_Frequency_output_Frequency,400,120.0,[],"[999, 1999]",,,00:00:02,2.349462000000017,0.0007834151383794654
Zheng DBSCAN,Ostovar,Atomic_Frequency_output_Frequency,400,160.0,[],"[999, 1999]",,,00:00:02,2.349462000000017,0.0007834151383794654
Zheng DBSCAN,Ostovar,Atomic_Frequency_output_Frequency,400,200.0,[],"[999, 1999]",,,00:00:02,2.349462000000017,0.0007834151383794654
Zheng DBSCAN,Ostovar,Composite_IOR_output_IOR_2,600,60.0,[np.float64(1488.5060804490179)],"[999, 1999]",,,00:00:05,5.137921300000016,0.001713211503834617
Zheng DBSCAN,Ostovar,Composite_IOR_output_IOR_2,600,120.0,[np.float64(1488.5060804490179)],"[999, 1999]",,,00:00:05,5.137921300000016,0.001713211503834617
Zheng DBSCAN,Ostovar,Composite_IOR_output_IOR_2,600,180.0,[np.float64(1488.5060804490179)],"[999, 1999]",,,00:00:05,5.137921300000016,0.001713211503834617
Zheng DBSCAN,Ostovar,Composite_IOR_output_IOR_2,600,240.0,[np.float64(1488.5060804490179)],"[999, 1999]",,,00:00:05,5.137921300000016,0.001713211503834617
Zheng DBSCAN,Ostovar,Composite_IOR_output_IOR_2,600,300.0,[np.float64(1488.5060804490179)],"[999, 1999]",,,00:00:05,5.137921300000016,0.001713211503834617
Zheng DBSCAN,Ostovar,Nested_IOR_output_IOR_2,500,50.0,[np.float64(1497.4358799454296)],"[999, 1999]",,,00:00:07,7.281536399999936,0.0024279881293764374
Zheng DBSCAN,Ostovar,Nested_IOR_output_IOR_2,500,100.0,[np.float64(1497.4358799454296)],"[999, 1999]",,,00:00:07,7.281536399999936,0.0024279881293764374
Zheng DBSCAN,Ostovar,Nested_IOR_output_IOR_2,500,150.0,[np.float64(1497.4358799454296)],"[999, 1999]",,,00:00:07,7.281536399999936,0.0024279881293764374
Zheng DBSCAN,Ostovar,Nested_IOR_output_IOR_2,500,200.0,[np.float64(1497.4358799454296)],"[999, 1999]",,,00:00:07,7.281536399999936,0.0024279881293764374
Zheng DBSCAN,Ostovar,Nested_IOR_output_IOR_2,500,250.0,[np.float64(1497.4358799454296)],"[999, 1999]",,,00:00:07,7.281536399999936,0.0024279881293764374
Zheng DBSCAN,Ceravolo,sudden_trace_noise10_1000_re,400,40.0,[np.float64(447.5)],[499],1.0,51.5,00:00:00,0.1997496000000183,0.0001997496000000183
Zheng DBSCAN,Ceravolo,sudden_trace_noise10_1000_re,400,80.0,[np.float64(447.5)],[499],1.0,51.5,00:00:00,0.1997496000000183,0.0001997496000000183
Zheng DBSCAN,Ceravolo,sudden_trace_noise10_1000_re,400,120.0,[np.float64(447.5)],[499],1.0,51.5,00:00:00,0.1997496000000183,0.0001997496000000183
Zheng DBSCAN,Ceravolo,sudden_trace_noise10_1000_re,400,160.0,[np.float64(447.5)],[499],1.0,51.5,00:00:00,0.1997496000000183,0.0001997496000000183
Zheng DBSCAN,Ceravolo,sudden_trace_noise10_1000_re,400,200.0,[np.float64(447.5)],[499],1.0,51.5,00:00:00,0.1997496000000183,0.0001997496000000183
Zheng DBSCAN,Ostovar,Atomic_ParallelRemoval_output_ParallelRemoval_2,500,50.0,[np.float64(1504.8768303186907)],"[999, 1999]",,,00:00:05,5.5553568999999925,0.0018524031010336754
Zheng DBSCAN,Ostovar,Atomic_ParallelRemoval_output_ParallelRemoval_2,500,100.0,[np.float64(1504.8768303186907)],"[999, 1999]",,,00:00:05,5.5553568999999925,0.0018524031010336754
Zheng DBSCAN,Ostovar,Atomic_ParallelRemoval_output_ParallelRemoval_2,500,150.0,[np.float64(1504.8768303186907)],"[999, 1999]",,,00:00:05,5.5553568999999925,0.0018524031010336754
Zheng DBSCAN,Ostovar,Atomic_ParallelRemoval_output_ParallelRemoval_2,500,200.0,[np.float64(1504.8768303186907)],"[999, 1999]",,,00:00:05,5.5553568999999925,0.0018524031010336754
Zheng DBSCAN,Ostovar,Atomic_ParallelRemoval_output_ParallelRemoval_2,500,250.0,[np.float64(1504.8768303186907)],"[999, 1999]",,,00:00:05,5.5553568999999925,0.0018524031010336754
Zheng DBSCAN,Ostovar,Nested_IRO_output_IRO_5,800,80.0,[np.float64(1503.8963934426229)],"[999, 1999]",,,00:00:08,8.599135899999965,0.0028673344114704784
Zheng DBSCAN,Ostovar,Nested_IRO_output_IRO_5,800,160.0,[np.float64(1503.8963934426229)],"[999, 1999]",,,00:00:08,8.599135899999965,0.0028673344114704784
Zheng DBSCAN,Ostovar,Nested_IRO_output_IRO_5,800,240.0,[np.float64(1503.8963934426229)],"[999, 1999]",,,00:00:08,8.599135899999965,0.0028673344114704784
Zheng DBSCAN,Ostovar,Nested_IRO_output_IRO_5,800,320.0,[np.float64(1503.8963934426229)],"[999, 1999]",,,00:00:08,8.599135899999965,0.0028673344114704784
Zheng DBSCAN,Ostovar,Nested_IRO_output_IRO_5,800,400.0,[np.float64(1503.8963934426229)],"[999, 1999]",,,00:00:08,8.599135899999965,0.0028673344114704784
Zheng DBSCAN,Ostovar,Atomic_ParallelToSequence_output_ParallelToSequence_5,600,60.0,[np.float64(1479.1729166666667)],"[999, 1999]",,,00:00:06,6.099570499999913,0.00203386812270754
Zheng DBSCAN,Ostovar,Atomic_ParallelToSequence_output_ParallelToSequence_5,600,120.0,[np.float64(1479.1729166666667)],"[999, 1999]",,,00:00:06,6.099570499999913,0.00203386812270754
Zheng DBSCAN,Ostovar,Atomic_ParallelToSequence_output_ParallelToSequence_5,600,180.0,[np.float64(1479.1729166666667)],"[999, 1999]",,,00:00:06,6.099570499999913,0.00203386812270754
Zheng DBSCAN,Ostovar,Atomic_ParallelToSequence_output_ParallelToSequence_5,600,240.0,[np.float64(1479.1729166666667)],"[999, 1999]",,,00:00:06,6.099570499999913,0.00203386812270754
Zheng DBSCAN,Ostovar,Atomic_ParallelToSequence_output_ParallelToSequence_5,600,300.0,[np.float64(1479.1729166666667)],"[999, 1999]",,,00:00:06,6.099570499999913,0.00203386812270754
Zheng DBSCAN,Ceravolo,sudden_trace_noise5_1000_IRO,700,70.0,[],[499],,,00:00:00,0.2210838999999396,0.0002210838999999396
Zheng DBSCAN,Ceravolo,sudden_trace_noise5_1000_IRO,700,140.0,[],[499],,,00:00:00,0.2210838999999396,0.0002210838999999396
Zheng DBSCAN,Ceravolo,sudden_trace_noise5_1000_IRO,700,210.0,[],[499],,,00:00:00,0.2210838999999396,0.0002210838999999396
Zheng DBSCAN,Ceravolo,sudden_trace_noise5_1000_IRO,700,280.0,[],[499],,,00:00:00,0.2210838999999396,0.0002210838999999396
Zheng DBSCAN,Ceravolo,sudden_trace_noise5_1000_IRO,700,350.0,[],[499],,,00:00:00,0.2210838999999396,0.0002210838999999396
Zheng DBSCAN,Ostovar,Composite_RIO_output_RIO_5,700,70.0,[np.float64(1475.0317348377998)],"[999, 1999]",,,00:00:06,6.499520500000017,0.002167229243081033
Zheng DBSCAN,Ostovar,Composite_RIO_output_RIO_5,700,140.0,[np.float64(1475.0317348377998)],"[999, 1999]",,,00:00:06,6.499520500000017,0.002167229243081033
Zheng DBSCAN,Ostovar,Composite_RIO_output_RIO_5,700,210.0,[np.float64(1475.0317348377998)],"[999, 1999]",,,00:00:06,6.499520500000017,0.002167229243081033
Zheng DBSCAN,Ostovar,Composite_RIO_output_RIO_5,700,280.0,[np.float64(1475.0317348377998)],"[999, 1999]",,,00:00:06,6.499520500000017,0.002167229243081033
Zheng DBSCAN,Ostovar,Composite_RIO_output_RIO_5,700,350.0,[np.float64(1475.0317348377998)],"[999, 1999]",,,00:00:06,6.499520500000017,0.002167229243081033
Zheng DBSCAN,Ceravolo,sudden_trace_noise20_1000_lp,500,50.0,[],[499],,,00:00:00,0.1891617999999653,0.0001891617999999653
Zheng DBSCAN,Ceravolo,sudden_trace_noise20_1000_lp,500,100.0,[],[499],,,00:00:00,0.1891617999999653,0.0001891617999999653
Zheng DBSCAN,Ceravolo,sudden_trace_noise20_1000_lp,500,150.0,[],[499],,,00:00:00,0.1891617999999653,0.0001891617999999653
Zheng DBSCAN,Ceravolo,sudden_trace_noise20_1000_lp,500,200.0,[],[499],,,00:00:00,0.1891617999999653,0.0001891617999999653
Zheng DBSCAN,Ceravolo,sudden_trace_noise20_1000_lp,500,250.0,[],[499],,,00:00:00,0.1891617999999653,0.0001891617999999653
Zheng DBSCAN,Ceravolo,sudden_trace_noise5_1000_OIR,300,30.0,[np.float64(448.0)],[499],1.0,51.0,00:00:00,0.23204770000006647,0.00023204770000006647
Zheng DBSCAN,Ceravolo,sudden_trace_noise5_1000_OIR,300,60.0,[np.float64(448.0)],[499],1.0,51.0,00:00:00,0.23204770000006647,0.00023204770000006647
Zheng DBSCAN,Ceravolo,sudden_trace_noise5_1000_OIR,300,90.0,[np.float64(448.0)],[499],1.0,51.0,00:00:00,0.23204770000006647,0.00023204770000006647
Zheng DBSCAN,Ceravolo,sudden_trace_noise5_1000_OIR,300,120.0,[np.float64(448.0)],[499],1.0,51.0,00:00:00,0.23204770000006647,0.00023204770000006647
Zheng DBSCAN,Ceravolo,sudden_trace_noise5_1000_OIR,300,150.0,[np.float64(448.0)],[499],1.0,51.0,00:00:00,0.23204770000006647,0.00023204770000006647
Zheng DBSCAN,Ceravolo,sudden_trace_noise20_1000_cd,700,70.0,[],[499],,,00:00:00,0.18461700000000292,0.0001846170000000029
Zheng DBSCAN,Ceravolo,sudden_trace_noise20_1000_cd,700,140.0,[],[499],,,00:00:00,0.18461700000000292,0.0001846170000000029
Zheng DBSCAN,Ceravolo,sudden_trace_noise20_1000_cd,700,210.0,[],[499],,,00:00:00,0.18461700000000292,0.0001846170000000029
Zheng DBSCAN,Ceravolo,sudden_trace_noise20_1000_cd,700,280.0,[],[499],,,00:00:00,0.18461700000000292,0.0001846170000000029
Zheng DBSCAN,Ceravolo,sudden_trace_noise20_1000_cd,700,350.0,[],[499],,,00:00:00,0.18461700000000292,0.0001846170000000029
Zheng DBSCAN,Ceravolo,sudden_trace_noise15_1000_IOR,300,30.0,[np.float64(449.5)],[499],1.0,49.5,00:00:00,0.2247641000000158,0.0002247641000000158
Zheng DBSCAN,Ceravolo,sudden_trace_noise15_1000_IOR,300,60.0,[np.float64(449.5)],[499],1.0,49.5,00:00:00,0.2247641000000158,0.0002247641000000158
Zheng DBSCAN,Ceravolo,sudden_trace_noise15_1000_IOR,300,90.0,[np.float64(449.5)],[499],1.0,49.5,00:00:00,0.2247641000000158,0.0002247641000000158
Zheng DBSCAN,Ceravolo,sudden_trace_noise15_1000_IOR,300,120.0,[np.float64(449.5)],[499],1.0,49.5,00:00:00,0.2247641000000158,0.0002247641000000158
Zheng DBSCAN,Ceravolo,sudden_trace_noise15_1000_IOR,300,150.0,[np.float64(449.5)],[499],1.0,49.5,00:00:00,0.2247641000000158,0.0002247641000000158
Zheng DBSCAN,Ostovar,Atomic_ParallelToSequence_output_ParallelToSequence_2,300,30.0,[np.float64(1513.4457061745918)],"[999, 1999]",,,00:00:06,6.211101400000075,0.0020710574858286345
Zheng DBSCAN,Ostovar,Atomic_ParallelToSequence_output_ParallelToSequence_2,300,60.0,[np.float64(1513.4457061745918)],"[999, 1999]",,,00:00:06,6.211101400000075,0.0020710574858286345
Zheng DBSCAN,Ostovar,Atomic_ParallelToSequence_output_ParallelToSequence_2,300,90.0,[np.float64(1513.4457061745918)],"[999, 1999]",,,00:00:06,6.211101400000075,0.0020710574858286345
Zheng DBSCAN,Ostovar,Atomic_ParallelToSequence_output_ParallelToSequence_2,300,120.0,[np.float64(1513.4457061745918)],"[999, 1999]",,,00:00:06,6.211101400000075,0.0020710574858286345
Zheng DBSCAN,Ostovar,Atomic_ParallelToSequence_output_ParallelToSequence_2,300,150.0,[np.float64(1513.4457061745918)],"[999, 1999]",,,00:00:06,6.211101400000075,0.0020710574858286345
Zheng DBSCAN,Ceravolo,sudden_trace_noise20_1000_re,800,80.0,[],[499],,,00:00:00,0.19155590000002576,0.00019155590000002575
Zheng DBSCAN,Ceravolo,sudden_trace_noise20_1000_re,800,160.0,[],[499],,,00:00:00,0.19155590000002576,0.00019155590000002575
Zheng DBSCAN,Ceravolo,sudden_trace_noise20_1000_re,800,240.0,[],[499],,,00:00:00,0.19155590000002576,0.00019155590000002575
Zheng DBSCAN,Ceravolo,sudden_trace_noise20_1000_re,800,320.0,[],[499],,,00:00:00,0.19155590000002576,0.00019155590000002575
Zheng DBSCAN,Ceravolo,sudden_trace_noise20_1000_re,800,400.0,[],[499],,,00:00:00,0.19155590000002576,0.00019155590000002575
Zheng DBSCAN,Ostovar,Nested_IRO_output_IRO,400,40.0,"[np.float64(721.0), np.float64(883.2), np.float64(1891.3684210526317)]","[999, 1999]",0.8,111.71578947368414,00:00:06,6.96976010000003,0.0023240280426809036
Zheng DBSCAN,Ostovar,Nested_IRO_output_IRO,400,80.0,"[np.float64(873.0625), np.float64(1891.3684210526317)]","[999, 1999]",1.0,116.78453947368416,00:00:06,6.96976010000003,0.0023240280426809036
Zheng DBSCAN,Ostovar,Nested_IRO_output_IRO,400,120.0,"[np.float64(873.0625), np.float64(1891.3684210526317)]","[999, 1999]",1.0,116.78453947368416,00:00:06,6.96976010000003,0.0023240280426809036
Zheng DBSCAN,Ostovar,Nested_IRO_output_IRO,400,160.0,"[np.float64(873.0625), np.float64(1891.3684210526317)]","[999, 1999]",1.0,116.78453947368416,00:00:06,6.96976010000003,0.0023240280426809036
Zheng DBSCAN,Ostovar,Nested_IRO_output_IRO,400,200.0,"[np.float64(873.0625), np.float64(1891.3684210526317)]","[999, 1999]",1.0,116.78453947368416,00:00:06,6.96976010000003,0.0023240280426809036
Zheng DBSCAN,Ostovar,Atomic_Loop_output_Loop_5,400,40.0,[np.float64(1507.1032376298106)],"[999, 1999]",,,00:00:05,5.351340800000003,0.0017843750583527852
Zheng DBSCAN,Ostovar,Atomic_Loop_output_Loop_5,400,80.0,[np.float64(1507.1032376298106)],"[999, 1999]",,,00:00:05,5.351340800000003,0.0017843750583527852
Zheng DBSCAN,Ostovar,Atomic_Loop_output_Loop_5,400,120.0,[np.float64(1507.1032376298106)],"[999, 1999]",,,00:00:05,5.351340800000003,0.0017843750583527852
Zheng DBSCAN,Ostovar,Atomic_Loop_output_Loop_5,400,160.0,[np.float64(1507.1032376298106)],"[999, 1999]",,,00:00:05,5.351340800000003,0.0017843750583527852
Zheng DBSCAN,Ostovar,Atomic_Loop_output_Loop_5,400,200.0,[np.float64(1507.1032376298106)],"[999, 1999]",,,00:00:05,5.351340800000003,0.0017843750583527852
Zheng DBSCAN,Ceravolo,sudden_trace_noise10_1000_lp,500,50.0,[],[499],,,00:00:00,0.16733499999998003,0.00016733499999998003
Zheng DBSCAN,Ceravolo,sudden_trace_noise10_1000_lp,500,100.0,[],[499],,,00:00:00,0.16733499999998003,0.00016733499999998003
Zheng DBSCAN,Ceravolo,sudden_trace_noise10_1000_lp,500,150.0,[],[499],,,00:00:00,0.16733499999998003,0.00016733499999998003
Zheng DBSCAN,Ceravolo,sudden_trace_noise10_1000_lp,500,200.0,[],[499],,,00:00:00,0.16733499999998003,0.00016733499999998003
Zheng DBSCAN,Ceravolo,sudden_trace_noise10_1000_lp,500,250.0,[],[499],,,00:00:00,0.16733499999998003,0.00016733499999998003
Zheng DBSCAN,Ceravolo,sudden_trace_noise10_1000_RIO,600,60.0,[],[499],,,00:00:00,0.1949918999999909,0.0001949918999999909
Zheng DBSCAN,Ceravolo,sudden_trace_noise10_1000_RIO,600,120.0,[],[499],,,00:00:00,0.1949918999999909,0.0001949918999999909
Zheng DBSCAN,Ceravolo,sudden_trace_noise10_1000_RIO,600,180.0,[],[499],,,00:00:00,0.1949918999999909,0.0001949918999999909
Zheng DBSCAN,Ceravolo,sudden_trace_noise10_1000_RIO,600,240.0,[],[499],,,00:00:00,0.1949918999999909,0.0001949918999999909
Zheng DBSCAN,Ceravolo,sudden_trace_noise10_1000_RIO,600,300.0,[],[499],,,00:00:00,0.1949918999999909,0.0001949918999999909
Zheng DBSCAN,Ceravolo,sudden_trace_noise10_1000_cp,300,30.0,[np.float64(449.0)],[499],1.0,50.0,00:00:00,0.18435339999996359,0.00018435339999996357
Zheng DBSCAN,Ceravolo,sudden_trace_noise10_1000_cp,300,60.0,[np.float64(449.0)],[499],1.0,50.0,00:00:00,0.18435339999996359,0.00018435339999996357
Zheng DBSCAN,Ceravolo,sudden_trace_noise10_1000_cp,300,90.0,[np.float64(449.0)],[499],1.0,50.0,00:00:00,0.18435339999996359,0.00018435339999996357
Zheng DBSCAN,Ceravolo,sudden_trace_noise10_1000_cp,300,120.0,[np.float64(449.0)],[499],1.0,50.0,00:00:00,0.18435339999996359,0.00018435339999996357
Zheng DBSCAN,Ceravolo,sudden_trace_noise10_1000_cp,300,150.0,[np.float64(449.0)],[499],1.0,50.0,00:00:00,0.18435339999996359,0.00018435339999996357
Zheng DBSCAN,Ostovar,Composite_RIO_output_RIO_5,800,80.0,[np.float64(1482.7390317700454)],"[999, 1999]",,,00:00:06,6.556094399999893,0.002186093497832575
Zheng DBSCAN,Ostovar,Composite_RIO_output_RIO_5,800,160.0,[np.float64(1482.7390317700454)],"[999, 1999]",,,00:00:06,6.556094399999893,0.002186093497832575
Zheng DBSCAN,Ostovar,Composite_RIO_output_RIO_5,800,240.0,[np.float64(1482.7390317700454)],"[999, 1999]",,,00:00:06,6.556094399999893,0.002186093497832575
Zheng DBSCAN,Ostovar,Composite_RIO_output_RIO_5,800,320.0,[np.float64(1482.7390317700454)],"[999, 1999]",,,00:00:06,6.556094399999893,0.002186093497832575
Zheng DBSCAN,Ostovar,Composite_RIO_output_RIO_5,800,400.0,[np.float64(1482.7390317700454)],"[999, 1999]",,,00:00:06,6.556094399999893,0.002186093497832575
Zheng DBSCAN,Ceravolo,sudden_trace_noise0_1000_IOR,700,70.0,[],[499],,,00:00:00,0.2230898000000252,0.0002230898000000252
Zheng DBSCAN,Ceravolo,sudden_trace_noise0_1000_IOR,700,140.0,[],[499],,,00:00:00,0.2230898000000252,0.0002230898000000252
Zheng DBSCAN,Ceravolo,sudden_trace_noise0_1000_IOR,700,210.0,[],[499],,,00:00:00,0.2230898000000252,0.0002230898000000252
Zheng DBSCAN,Ceravolo,sudden_trace_noise0_1000_IOR,700,280.0,[],[499],,,00:00:00,0.2230898000000252,0.0002230898000000252
Zheng DBSCAN,Ceravolo,sudden_trace_noise0_1000_IOR,700,350.0,[],[499],,,00:00:00,0.2230898000000252,0.0002230898000000252
Zheng DBSCAN,Ceravolo,sudden_trace_noise20_1000_sw,600,60.0,[],[499],,,00:00:00,0.17470990000003894,0.00017470990000003896
Zheng DBSCAN,Ceravolo,sudden_trace_noise20_1000_sw,600,120.0,[],[499],,,00:00:00,0.17470990000003894,0.00017470990000003896
Zheng DBSCAN,Ceravolo,sudden_trace_noise20_1000_sw,600,180.0,[],[499],,,00:00:00,0.17470990000003894,0.00017470990000003896
Zheng DBSCAN,Ceravolo,sudden_trace_noise20_1000_sw,600,240.0,[],[499],,,00:00:00,0.17470990000003894,0.00017470990000003896
Zheng DBSCAN,Ceravolo,sudden_trace_noise20_1000_sw,600,300.0,[],[499],,,00:00:00,0.17470990000003894,0.00017470990000003896
Zheng DBSCAN,Ceravolo,sudden_trace_noise5_1000_RIO,300,30.0,[np.float64(447.0)],[499],1.0,52.0,00:00:00,0.20030880000001616,0.00020030880000001616
Zheng DBSCAN,Ceravolo,sudden_trace_noise5_1000_RIO,300,60.0,[np.float64(447.0)],[499],1.0,52.0,00:00:00,0.20030880000001616,0.00020030880000001616
Zheng DBSCAN,Ceravolo,sudden_trace_noise5_1000_RIO,300,90.0,[np.float64(447.0)],[499],1.0,52.0,00:00:00,0.20030880000001616,0.00020030880000001616
Zheng DBSCAN,Ceravolo,sudden_trace_noise5_1000_RIO,300,120.0,[np.float64(447.0)],[499],1.0,52.0,00:00:00,0.20030880000001616,0.00020030880000001616
Zheng DBSCAN,Ceravolo,sudden_trace_noise5_1000_RIO,300,150.0,[np.float64(447.0)],[499],1.0,52.0,00:00:00,0.20030880000001616,0.00020030880000001616
Zheng DBSCAN,Ceravolo,sudden_trace_noise10_1000_cf,700,70.0,[],[499],,,00:00:00,0.18228149999993093,0.00018228149999993093
Zheng DBSCAN,Ceravolo,sudden_trace_noise10_1000_cf,700,140.0,[],[499],,,00:00:00,0.18228149999993093,0.00018228149999993093
Zheng DBSCAN,Ceravolo,sudden_trace_noise10_1000_cf,700,210.0,[],[499],,,00:00:00,0.18228149999993093,0.00018228149999993093
Zheng DBSCAN,Ceravolo,sudden_trace_noise10_1000_cf,700,280.0,[],[499],,,00:00:00,0.18228149999993093,0.00018228149999993093
Zheng DBSCAN,Ceravolo,sudden_trace_noise10_1000_cf,700,350.0,[],[499],,,00:00:00,0.18228149999993093,0.00018228149999993093
Zheng DBSCAN,Ostovar,Composite_ORI_output_ORI,800,80.0,"[np.float64(909.7272727272727), np.float64(1886.0833333333333)]","[999, 1999]",1.0,101.094696969697,00:00:05,5.660974099999976,0.0018876205735245
Zheng DBSCAN,Ostovar,Composite_ORI_output_ORI,800,160.0,"[np.float64(909.7272727272727), np.float64(1886.0833333333333)]","[999, 1999]",1.0,101.094696969697,00:00:05,5.660974099999976,0.0018876205735245
Zheng DBSCAN,Ostovar,Composite_ORI_output_ORI,800,240.0,"[np.float64(909.7272727272727), np.float64(1886.0833333333333)]","[999, 1999]",1.0,101.094696969697,00:00:05,5.660974099999976,0.0018876205735245
Zheng DBSCAN,Ostovar,Composite_ORI_output_ORI,800,320.0,"[np.float64(909.7272727272727), np.float64(1886.0833333333333)]","[999, 1999]",1.0,101.094696969697,00:00:05,5.660974099999976,0.0018876205735245
Zheng DBSCAN,Ostovar,Composite_ORI_output_ORI,800,400.0,"[np.float64(909.7272727272727), np.float64(1886.0833333333333)]","[999, 1999]",1.0,101.094696969697,00:00:05,5.660974099999976,0.0018876205735245
Zheng DBSCAN,Ostovar,Atomic_SerialMove_output_SerialMove_2,600,60.0,[np.float64(1505.1314935064936)],"[999, 1999]",,,00:00:06,6.204471699999999,0.0020688468489496498
Zheng DBSCAN,Ostovar,Atomic_SerialMove_output_SerialMove_2,600,120.0,[np.float64(1505.1314935064936)],"[999, 1999]",,,00:00:06,6.204471699999999,0.0020688468489496498
Zheng DBSCAN,Ostovar,Atomic_SerialMove_output_SerialMove_2,600,180.0,[np.float64(1505.1314935064936)],"[999, 1999]",,,00:00:06,6.204471699999999,0.0020688468489496498
Zheng DBSCAN,Ostovar,Atomic_SerialMove_output_SerialMove_2,600,240.0,[np.float64(1505.1314935064936)],"[999, 1999]",,,00:00:06,6.204471699999999,0.0020688468489496498
Zheng DBSCAN,Ostovar,Atomic_SerialMove_output_SerialMove_2,600,300.0,[np.float64(1505.1314935064936)],"[999, 1999]",,,00:00:06,6.204471699999999,0.0020688468489496498
Zheng DBSCAN,Ostovar,Atomic_ConditionalToSequence_output_ConditionalToSequence,300,30.0,"[np.float64(939.6428571428571), np.float64(1944.357142857143)]","[999, 1999]",1.0,57.0,00:00:04,4.952611500000103,0.0016514209736579201
Zheng DBSCAN,Ostovar,Atomic_ConditionalToSequence_output_ConditionalToSequence,300,60.0,"[np.float64(939.6428571428571), np.float64(1944.357142857143)]","[999, 1999]",1.0,57.0,00:00:04,4.952611500000103,0.0016514209736579201
Zheng DBSCAN,Ostovar,Atomic_ConditionalToSequence_output_ConditionalToSequence,300,90.0,"[np.float64(939.6428571428571), np.float64(1944.357142857143)]","[999, 1999]",1.0,57.0,00:00:04,4.952611500000103,0.0016514209736579201
Zheng DBSCAN,Ostovar,Atomic_ConditionalToSequence_output_ConditionalToSequence,300,120.0,"[np.float64(939.6428571428571), np.float64(1944.357142857143)]","[999, 1999]",1.0,57.0,00:00:04,4.952611500000103,0.0016514209736579201
Zheng DBSCAN,Ostovar,Atomic_ConditionalToSequence_output_ConditionalToSequence,300,150.0,"[np.float64(939.6428571428571), np.float64(1944.357142857143)]","[999, 1999]",1.0,57.0,00:00:04,4.952611500000103,0.0016514209736579201
Zheng DBSCAN,Ceravolo,sudden_trace_noise10_1000_IOR,500,50.0,[],[499],,,00:00:00,0.2183081000000584,0.0002183081000000584
Zheng DBSCAN,Ceravolo,sudden_trace_noise10_1000_IOR,500,100.0,[],[499],,,00:00:00,0.2183081000000584,0.0002183081000000584
Zheng DBSCAN,Ceravolo,sudden_trace_noise10_1000_IOR,500,150.0,[],[499],,,00:00:00,0.2183081000000584,0.0002183081000000584
Zheng DBSCAN,Ceravolo,sudden_trace_noise10_1000_IOR,500,200.0,[],[499],,,00:00:00,0.2183081000000584,0.0002183081000000584
Zheng DBSCAN,Ceravolo,sudden_trace_noise10_1000_IOR,500,250.0,[],[499],,,00:00:00,0.2183081000000584,0.0002183081000000584
Zheng DBSCAN,Ceravolo,sudden_trace_noise0_1000_sw,600,60.0,[],[499],,,00:00:00,0.18901340000002165,0.00018901340000002166
Zheng DBSCAN,Ceravolo,sudden_trace_noise0_1000_sw,600,120.0,[],[499],,,00:00:00,0.18901340000002165,0.00018901340000002166
Zheng DBSCAN,Ceravolo,sudden_trace_noise0_1000_sw,600,180.0,[],[499],,,00:00:00,0.18901340000002165,0.00018901340000002166
Zheng DBSCAN,Ceravolo,sudden_trace_noise0_1000_sw,600,240.0,[],[499],,,00:00:00,0.18901340000002165,0.00018901340000002166
Zheng DBSCAN,Ceravolo,sudden_trace_noise0_1000_sw,600,300.0,[],[499],,,00:00:00,0.18901340000002165,0.00018901340000002166
Zheng DBSCAN,Ceravolo,sudden_trace_noise0_1000_IOR,800,80.0,[],[499],,,00:00:00,0.22089779999998882,0.00022089779999998882
Zheng DBSCAN,Ceravolo,sudden_trace_noise0_1000_IOR,800,160.0,[],[499],,,00:00:00,0.22089779999998882,0.00022089779999998882
Zheng DBSCAN,Ceravolo,sudden_trace_noise0_1000_IOR,800,240.0,[],[499],,,00:00:00,0.22089779999998882,0.00022089779999998882
Zheng DBSCAN,Ceravolo,sudden_trace_noise0_1000_IOR,800,320.0,[],[499],,,00:00:00,0.22089779999998882,0.00022089779999998882
Zheng DBSCAN,Ceravolo,sudden_trace_noise0_1000_IOR,800,400.0,[],[499],,,00:00:00,0.22089779999998882,0.00022089779999998882
Zheng DBSCAN,Ostovar,Atomic_ParallelToSequence_output_ParallelToSequence_2,700,70.0,[np.float64(1522.2140221402215)],"[999, 1999]",,,00:00:06,6.063328899999988,0.0020217835611870583
Zheng DBSCAN,Ostovar,Atomic_ParallelToSequence_output_ParallelToSequence_2,700,140.0,[np.float64(1522.2140221402215)],"[999, 1999]",,,00:00:06,6.063328899999988,0.0020217835611870583
Zheng DBSCAN,Ostovar,Atomic_ParallelToSequence_output_ParallelToSequence_2,700,210.0,[np.float64(1522.2140221402215)],"[999, 1999]",,,00:00:06,6.063328899999988,0.0020217835611870583
Zheng DBSCAN,Ostovar,Atomic_ParallelToSequence_output_ParallelToSequence_2,700,280.0,[np.float64(1522.2140221402215)],"[999, 1999]",,,00:00:06,6.063328899999988,0.0020217835611870583
Zheng DBSCAN,Ostovar,Atomic_ParallelToSequence_output_ParallelToSequence_2,700,350.0,[np.float64(1522.2140221402215)],"[999, 1999]",,,00:00:06,6.063328899999988,0.0020217835611870583
Zheng DBSCAN,Ostovar,Atomic_Loop_output_Loop,800,80.0,"[np.float64(915.0), np.float64(1954.0)]","[999, 1999]",1.0,64.5,00:00:04,4.338939199999913,0.00144679533177723
Zheng DBSCAN,Ostovar,Atomic_Loop_output_Loop,800,160.0,"[np.float64(915.0), np.float64(1954.0)]","[999, 1999]",1.0,64.5,00:00:04,4.338939199999913,0.00144679533177723
Zheng DBSCAN,Ostovar,Atomic_Loop_output_Loop,800,240.0,"[np.float64(915.0), np.float64(1954.0)]","[999, 1999]",1.0,64.5,00:00:04,4.338939199999913,0.00144679533177723
Zheng DBSCAN,Ostovar,Atomic_Loop_output_Loop,800,320.0,"[np.float64(915.0), np.float64(1954.0)]","[999, 1999]",1.0,64.5,00:00:04,4.338939199999913,0.00144679533177723
Zheng DBSCAN,Ostovar,Atomic_Loop_output_Loop,800,400.0,"[np.float64(915.0), np.float64(1954.0)]","[999, 1999]",1.0,64.5,00:00:04,4.338939199999913,0.00144679533177723
Zheng DBSCAN,Ostovar,Atomic_Substitute_output_Substitute_2,700,70.0,[np.float64(1503.4658780709735)],"[999, 1999]",,,00:00:06,6.536280600000055,0.0021794866955652066
Zheng DBSCAN,Ostovar,Atomic_Substitute_output_Substitute_2,700,140.0,[np.float64(1503.4658780709735)],"[999, 1999]",,,00:00:06,6.536280600000055,0.0021794866955652066
Zheng DBSCAN,Ostovar,Atomic_Substitute_output_Substitute_2,700,210.0,[np.float64(1503.4658780709735)],"[999, 1999]",,,00:00:06,6.536280600000055,0.0021794866955652066
Zheng DBSCAN,Ostovar,Atomic_Substitute_output_Substitute_2,700,280.0,[np.float64(1503.4658780709735)],"[999, 1999]",,,00:00:06,6.536280600000055,0.0021794866955652066
Zheng DBSCAN,Ostovar,Atomic_Substitute_output_Substitute_2,700,350.0,[np.float64(1503.4658780709735)],"[999, 1999]",,,00:00:06,6.536280600000055,0.0021794866955652066
Zheng DBSCAN,Ceravolo,sudden_trace_noise5_1000_rp,600,60.0,[],[499],,,00:00:00,0.17828110000004926,0.00017828110000004925
Zheng DBSCAN,Ceravolo,sudden_trace_noise5_1000_rp,600,120.0,[],[499],,,00:00:00,0.17828110000004926,0.00017828110000004925
Zheng DBSCAN,Ceravolo,sudden_trace_noise5_1000_rp,600,180.0,[],[499],,,00:00:00,0.17828110000004926,0.00017828110000004925
Zheng DBSCAN,Ceravolo,sudden_trace_noise5_1000_rp,600,240.0,[],[499],,,00:00:00,0.17828110000004926,0.00017828110000004925
Zheng DBSCAN,Ceravolo,sudden_trace_noise5_1000_rp,600,300.0,[],[499],,,00:00:00,0.17828110000004926,0.00017828110000004925
Zheng DBSCAN,Ostovar,Composite_ROI_output_ROI,700,70.0,"[np.float64(940.25), np.float64(1936.6923076923076)]","[999, 1999]",1.0,60.52884615384619,00:00:05,5.468536599999993,0.0018234533511170368
Zheng DBSCAN,Ostovar,Composite_ROI_output_ROI,700,140.0,"[np.float64(940.25), np.float64(1936.6923076923076)]","[999, 1999]",1.0,60.52884615384619,00:00:05,5.468536599999993,0.0018234533511170368
Zheng DBSCAN,Ostovar,Composite_ROI_output_ROI,700,210.0,"[np.float64(940.25), np.float64(1936.6923076923076)]","[999, 1999]",1.0,60.52884615384619,00:00:05,5.468536599999993,0.0018234533511170368
Zheng DBSCAN,Ostovar,Composite_ROI_output_ROI,700,280.0,"[np.float64(940.25), np.float64(1936.6923076923076)]","[999, 1999]",1.0,60.52884615384619,00:00:05,5.468536599999993,0.0018234533511170368
Zheng DBSCAN,Ostovar,Composite_ROI_output_ROI,700,350.0,"[np.float64(940.25), np.float64(1936.6923076923076)]","[999, 1999]",1.0,60.52884615384619,00:00:05,5.468536599999993,0.0018234533511170368
Zheng DBSCAN,Ostovar,Composite_OIR_output_OIR_5,600,60.0,[np.float64(1490.0880330123796)],"[999, 1999]",,,00:00:06,6.394026800000006,0.002132052950983663
Zheng DBSCAN,Ostovar,Composite_OIR_output_OIR_5,600,120.0,[np.float64(1490.0880330123796)],"[999, 1999]",,,00:00:06,6.394026800000006,0.002132052950983663
Zheng DBSCAN,Ostovar,Composite_OIR_output_OIR_5,600,180.0,[np.float64(1490.0880330123796)],"[999, 1999]",,,00:00:06,6.394026800000006,0.002132052950983663
Zheng DBSCAN,Ostovar,Composite_OIR_output_OIR_5,600,240.0,[np.float64(1490.0880330123796)],"[999, 1999]",,,00:00:06,6.394026800000006,0.002132052950983663
Zheng DBSCAN,Ostovar,Composite_OIR_output_OIR_5,600,300.0,[np.float64(1490.0880330123796)],"[999, 1999]",,,00:00:06,6.394026800000006,0.002132052950983663
Zheng DBSCAN,Ostovar,Atomic_Substitute_output_Substitute,500,50.0,"[np.float64(928.375), np.float64(1937.7142857142858)]","[999, 1999]",1.0,65.95535714285711,00:00:05,5.210533999999939,0.0017374238079359582
Zheng DBSCAN,Ostovar,Atomic_Substitute_output_Substitute,500,100.0,"[np.float64(928.375), np.float64(1937.7142857142858)]","[999, 1999]",1.0,65.95535714285711,00:00:05,5.210533999999939,0.0017374238079359582
Zheng DBSCAN,Ostovar,Atomic_Substitute_output_Substitute,500,150.0,"[np.float64(928.375), np.float64(1937.7142857142858)]","[999, 1999]",1.0,65.95535714285711,00:00:05,5.210533999999939,0.0017374238079359582
Zheng DBSCAN,Ostovar,Atomic_Substitute_output_Substitute,500,200.0,"[np.float64(928.375), np.float64(1937.7142857142858)]","[999, 1999]",1.0,65.95535714285711,00:00:05,5.210533999999939,0.0017374238079359582
Zheng DBSCAN,Ostovar,Atomic_Substitute_output_Substitute,500,250.0,"[np.float64(928.375), np.float64(1937.7142857142858)]","[999, 1999]",1.0,65.95535714285711,00:00:05,5.210533999999939,0.0017374238079359582
Zheng DBSCAN,Ostovar,Atomic_Frequency_output_Frequency,700,70.0,[],"[999, 1999]",,,00:00:02,2.340893700000038,0.0007805580860286888
Zheng DBSCAN,Ostovar,Atomic_Frequency_output_Frequency,700,140.0,[],"[999, 1999]",,,00:00:02,2.340893700000038,0.0007805580860286888
Zheng DBSCAN,Ostovar,Atomic_Frequency_output_Frequency,700,210.0,[],"[999, 1999]",,,00:00:02,2.340893700000038,0.0007805580860286888
Zheng DBSCAN,Ostovar,Atomic_Frequency_output_Frequency,700,280.0,[],"[999, 1999]",,,00:00:02,2.340893700000038,0.0007805580860286888
Zheng DBSCAN,Ostovar,Atomic_Frequency_output_Frequency,700,350.0,[],"[999, 1999]",,,00:00:02,2.340893700000038,0.0007805580860286888
Zheng DBSCAN,Ostovar,Nested_OIR_output_OIR,400,40.0,"[np.float64(935.5), np.float64(1935.25)]","[999, 1999]",1.0,63.625,00:00:05,5.596091999999999,0.0018659859953317768
Zheng DBSCAN,Ostovar,Nested_OIR_output_OIR,400,80.0,"[np.float64(935.5), np.float64(1935.25)]","[999, 1999]",1.0,63.625,00:00:05,5.596091999999999,0.0018659859953317768
Zheng DBSCAN,Ostovar,Nested_OIR_output_OIR,400,120.0,"[np.float64(935.5), np.float64(1935.25)]","[999, 1999]",1.0,63.625,00:00:05,5.596091999999999,0.0018659859953317768
Zheng DBSCAN,Ostovar,Nested_OIR_output_OIR,400,160.0,"[np.float64(935.5), np.float64(1935.25)]","[999, 1999]",1.0,63.625,00:00:05,5.596091999999999,0.0018659859953317768
Zheng DBSCAN,Ostovar,Nested_OIR_output_OIR,400,200.0,"[np.float64(935.5), np.float64(1935.25)]","[999, 1999]",1.0,63.625,00:00:05,5.596091999999999,0.0018659859953317768
Zheng DBSCAN,Ostovar,Atomic_Substitute_output_Substitute_2,400,40.0,[np.float64(1519.6268768768768)],"[999, 1999]",,,00:00:06,6.342118000000028,0.0021147442480827033
Zheng DBSCAN,Ostovar,Atomic_Substitute_output_Substitute_2,400,80.0,[np.float64(1519.6268768768768)],"[999, 1999]",,,00:00:06,6.342118000000028,0.0021147442480827033
Zheng DBSCAN,Ostovar,Atomic_Substitute_output_Substitute_2,400,120.0,[np.float64(1519.6268768768768)],"[999, 1999]",,,00:00:06,6.342118000000028,0.0021147442480827033
Zheng DBSCAN,Ostovar,Atomic_Substitute_output_Substitute_2,400,160.0,[np.float64(1519.6268768768768)],"[999, 1999]",,,00:00:06,6.342118000000028,0.0021147442480827033
Zheng DBSCAN,Ostovar,Atomic_Substitute_output_Substitute_2,400,200.0,[np.float64(1519.6268768768768)],"[999, 1999]",,,00:00:06,6.342118000000028,0.0021147442480827033
Zheng DBSCAN,Ceravolo,sudden_trace_noise0_1000_pl,500,50.0,[],[499],,,00:00:00,0.19712159999994583,0.00019712159999994583
Zheng DBSCAN,Ceravolo,sudden_trace_noise0_1000_pl,500,100.0,[],[499],,,00:00:00,0.19712159999994583,0.00019712159999994583
Zheng DBSCAN,Ceravolo,sudden_trace_noise0_1000_pl,500,150.0,[],[499],,,00:00:00,0.19712159999994583,0.00019712159999994583
Zheng DBSCAN,Ceravolo,sudden_trace_noise0_1000_pl,500,200.0,[],[499],,,00:00:00,0.19712159999994583,0.00019712159999994583
Zheng DBSCAN,Ceravolo,sudden_trace_noise0_1000_pl,500,250.0,[],[499],,,00:00:00,0.19712159999994583,0.00019712159999994583
Zheng DBSCAN,Ceravolo,sudden_trace_noise5_1000_lp,700,70.0,[],[499],,,00:00:00,0.18310680000001867,0.00018310680000001867
Zheng DBSCAN,Ceravolo,sudden_trace_noise5_1000_lp,700,140.0,[],[499],,,00:00:00,0.18310680000001867,0.00018310680000001867
Zheng DBSCAN,Ceravolo,sudden_trace_noise5_1000_lp,700,210.0,[],[499],,,00:00:00,0.18310680000001867,0.00018310680000001867
Zheng DBSCAN,Ceravolo,sudden_trace_noise5_1000_lp,700,280.0,[],[499],,,00:00:00,0.18310680000001867,0.00018310680000001867
Zheng DBSCAN,Ceravolo,sudden_trace_noise5_1000_lp,700,350.0,[],[499],,,00:00:00,0.18310680000001867,0.00018310680000001867
Zheng DBSCAN,Ceravolo,sudden_trace_noise5_1000_pm,400,40.0,[np.float64(449.0)],[499],1.0,50.0,00:00:00,0.20235810000008314,0.00020235810000008314
Zheng DBSCAN,Ceravolo,sudden_trace_noise5_1000_pm,400,80.0,[np.float64(449.0)],[499],1.0,50.0,00:00:00,0.20235810000008314,0.00020235810000008314
Zheng DBSCAN,Ceravolo,sudden_trace_noise5_1000_pm,400,120.0,[np.float64(449.0)],[499],1.0,50.0,00:00:00,0.20235810000008314,0.00020235810000008314
Zheng DBSCAN,Ceravolo,sudden_trace_noise5_1000_pm,400,160.0,[np.float64(449.0)],[499],1.0,50.0,00:00:00,0.20235810000008314,0.00020235810000008314
Zheng DBSCAN,Ceravolo,sudden_trace_noise5_1000_pm,400,200.0,[np.float64(449.0)],[499],1.0,50.0,00:00:00,0.20235810000008314,0.00020235810000008314
Zheng DBSCAN,Ostovar,Atomic_Frequency_output_Frequency_5,800,80.0,[np.float64(1526.6062111801243)],"[999, 1999]",,,00:00:03,3.13764249999997,0.0010462295765254984
Zheng DBSCAN,Ostovar,Atomic_Frequency_output_Frequency_5,800,160.0,[np.float64(1526.6062111801243)],"[999, 1999]",,,00:00:03,3.13764249999997,0.0010462295765254984
Zheng DBSCAN,Ostovar,Atomic_Frequency_output_Frequency_5,800,240.0,[np.float64(1526.6062111801243)],"[999, 1999]",,,00:00:03,3.13764249999997,0.0010462295765254984
Zheng DBSCAN,Ostovar,Atomic_Frequency_output_Frequency_5,800,320.0,[np.float64(1526.6062111801243)],"[999, 1999]",,,00:00:03,3.13764249999997,0.0010462295765254984
Zheng DBSCAN,Ostovar,Atomic_Frequency_output_Frequency_5,800,400.0,[np.float64(1526.6062111801243)],"[999, 1999]",,,00:00:03,3.13764249999997,0.0010462295765254984
Zheng DBSCAN,Ostovar,Atomic_SerialMove_output_SerialMove_2,800,80.0,[np.float64(1506.884289746002)],"[999, 1999]",,,00:00:06,6.294530699999996,0.0020988765255085013
Zheng DBSCAN,Ostovar,Atomic_SerialMove_output_SerialMove_2,800,160.0,[np.float64(1506.884289746002)],"[999, 1999]",,,00:00:06,6.294530699999996,0.0020988765255085013
Zheng DBSCAN,Ostovar,Atomic_SerialMove_output_SerialMove_2,800,240.0,[np.float64(1506.884289746002)],"[999, 1999]",,,00:00:06,6.294530699999996,0.0020988765255085013
Zheng DBSCAN,Ostovar,Atomic_SerialMove_output_SerialMove_2,800,320.0,[np.float64(1506.884289746002)],"[999, 1999]",,,00:00:06,6.294530699999996,0.0020988765255085013
Zheng DBSCAN,Ostovar,Atomic_SerialMove_output_SerialMove_2,800,400.0,[np.float64(1506.884289746002)],"[999, 1999]",,,00:00:06,6.294530699999996,0.0020988765255085013
Zheng DBSCAN,Ceravolo,sudden_trace_noise20_1000_pm,800,80.0,[],[499],,,00:00:00,0.18102839999994558,0.0001810283999999456
Zheng DBSCAN,Ceravolo,sudden_trace_noise20_1000_pm,800,160.0,[],[499],,,00:00:00,0.18102839999994558,0.0001810283999999456
Zheng DBSCAN,Ceravolo,sudden_trace_noise20_1000_pm,800,240.0,[],[499],,,00:00:00,0.18102839999994558,0.0001810283999999456
Zheng DBSCAN,Ceravolo,sudden_trace_noise20_1000_pm,800,320.0,[],[499],,,00:00:00,0.18102839999994558,0.0001810283999999456
Zheng DBSCAN,Ceravolo,sudden_trace_noise20_1000_pm,800,400.0,[],[499],,,00:00:00,0.18102839999994558,0.0001810283999999456
Zheng DBSCAN,Ceravolo,sudden_trace_noise5_1000_sw,300,30.0,[np.float64(451.3333333333333)],[499],1.0,47.666666666666686,00:00:00,0.1957702000000836,0.0001957702000000836
Zheng DBSCAN,Ceravolo,sudden_trace_noise5_1000_sw,300,60.0,[np.float64(451.3333333333333)],[499],1.0,47.666666666666686,00:00:00,0.1957702000000836,0.0001957702000000836
Zheng DBSCAN,Ceravolo,sudden_trace_noise5_1000_sw,300,90.0,[np.float64(451.3333333333333)],[499],1.0,47.666666666666686,00:00:00,0.1957702000000836,0.0001957702000000836
Zheng DBSCAN,Ceravolo,sudden_trace_noise5_1000_sw,300,120.0,[np.float64(451.3333333333333)],[499],1.0,47.666666666666686,00:00:00,0.1957702000000836,0.0001957702000000836
Zheng DBSCAN,Ceravolo,sudden_trace_noise5_1000_sw,300,150.0,[np.float64(451.3333333333333)],[499],1.0,47.666666666666686,00:00:00,0.1957702000000836,0.0001957702000000836
Zheng DBSCAN,Ostovar,Composite_OIR_output_OIR_5,400,40.0,[np.float64(1497.3805742211362)],"[999, 1999]",,,00:00:06,6.722895300000005,0.002241712337445817
Zheng DBSCAN,Ostovar,Composite_OIR_output_OIR_5,400,80.0,[np.float64(1497.3805742211362)],"[999, 1999]",,,00:00:06,6.722895300000005,0.002241712337445817
Zheng DBSCAN,Ostovar,Composite_OIR_output_OIR_5,400,120.0,[np.float64(1497.3805742211362)],"[999, 1999]",,,00:00:06,6.722895300000005,0.002241712337445817
Zheng DBSCAN,Ostovar,Composite_OIR_output_OIR_5,400,160.0,[np.float64(1497.3805742211362)],"[999, 1999]",,,00:00:06,6.722895300000005,0.002241712337445817
Zheng DBSCAN,Ostovar,Composite_OIR_output_OIR_5,400,200.0,[np.float64(1497.3805742211362)],"[999, 1999]",,,00:00:06,6.722895300000005,0.002241712337445817
Zheng DBSCAN,Ostovar,Atomic_ParallelRemoval_output_ParallelRemoval_2,300,30.0,[np.float64(1502.596254681648)],"[999, 1999]",,,00:00:05,5.8000875999999835,0.0019340072024007946
Zheng DBSCAN,Ostovar,Atomic_ParallelRemoval_output_ParallelRemoval_2,300,60.0,[np.float64(1502.596254681648)],"[999, 1999]",,,00:00:05,5.8000875999999835,0.0019340072024007946
Zheng DBSCAN,Ostovar,Atomic_ParallelRemoval_output_ParallelRemoval_2,300,90.0,[np.float64(1502.596254681648)],"[999, 1999]",,,00:00:05,5.8000875999999835,0.0019340072024007946
Zheng DBSCAN,Ostovar,Atomic_ParallelRemoval_output_ParallelRemoval_2,300,120.0,[np.float64(1502.596254681648)],"[999, 1999]",,,00:00:05,5.8000875999999835,0.0019340072024007946
Zheng DBSCAN,Ostovar,Atomic_ParallelRemoval_output_ParallelRemoval_2,300,150.0,[np.float64(1502.596254681648)],"[999, 1999]",,,00:00:05,5.8000875999999835,0.0019340072024007946
Zheng DBSCAN,Ceravolo,sudden_trace_noise5_1000_pm,500,50.0,[],[499],,,00:00:00,0.19730740000011338,0.00019730740000011338
Zheng DBSCAN,Ceravolo,sudden_trace_noise5_1000_pm,500,100.0,[],[499],,,00:00:00,0.19730740000011338,0.00019730740000011338
Zheng DBSCAN,Ceravolo,sudden_trace_noise5_1000_pm,500,150.0,[],[499],,,00:00:00,0.19730740000011338,0.00019730740000011338
Zheng DBSCAN,Ceravolo,sudden_trace_noise5_1000_pm,500,200.0,[],[499],,,00:00:00,0.19730740000011338,0.00019730740000011338
Zheng DBSCAN,Ceravolo,sudden_trace_noise5_1000_pm,500,250.0,[],[499],,,00:00:00,0.19730740000011338,0.00019730740000011338
Zheng DBSCAN,Ceravolo,sudden_trace_noise0_1000_cb,600,60.0,[],[499],,,00:00:00,0.18967959999997674,0.00018967959999997676
Zheng DBSCAN,Ceravolo,sudden_trace_noise0_1000_cb,600,120.0,[],[499],,,00:00:00,0.18967959999997674,0.00018967959999997676
Zheng DBSCAN,Ceravolo,sudden_trace_noise0_1000_cb,600,180.0,[],[499],,,00:00:00,0.18967959999997674,0.00018967959999997676
Zheng DBSCAN,Ceravolo,sudden_trace_noise0_1000_cb,600,240.0,[],[499],,,00:00:00,0.18967959999997674,0.00018967959999997676
Zheng DBSCAN,Ceravolo,sudden_trace_noise0_1000_cb,600,300.0,[],[499],,,00:00:00,0.18967959999997674,0.00018967959999997676
Zheng DBSCAN,Ostovar,Atomic_Loop_output_Loop_5,700,70.0,[np.float64(1510.2692307692307)],"[999, 1999]",,,00:00:05,5.321820400000092,0.0017745316438813245
Zheng DBSCAN,Ostovar,Atomic_Loop_output_Loop_5,700,140.0,[np.float64(1510.2692307692307)],"[999, 1999]",,,00:00:05,5.321820400000092,0.0017745316438813245
Zheng DBSCAN,Ostovar,Atomic_Loop_output_Loop_5,700,210.0,[np.float64(1510.2692307692307)],"[999, 1999]",,,00:00:05,5.321820400000092,0.0017745316438813245
Zheng DBSCAN,Ostovar,Atomic_Loop_output_Loop_5,700,280.0,[np.float64(1510.2692307692307)],"[999, 1999]",,,00:00:05,5.321820400000092,0.0017745316438813245
Zheng DBSCAN,Ostovar,Atomic_Loop_output_Loop_5,700,350.0,[np.float64(1510.2692307692307)],"[999, 1999]",,,00:00:05,5.321820400000092,0.0017745316438813245
Zheng DBSCAN,Ostovar,Atomic_SerialRemoval_output_SerialRemoval,800,80.0,"[np.float64(938.25), np.float64(1935.5)]","[999, 1999]",1.0,62.125,00:00:04,4.559047699999951,0.0015201892964321277
Zheng DBSCAN,Ostovar,Atomic_SerialRemoval_output_SerialRemoval,800,160.0,"[np.float64(938.25), np.float64(1935.5)]","[999, 1999]",1.0,62.125,00:00:04,4.559047699999951,0.0015201892964321277
Zheng DBSCAN,Ostovar,Atomic_SerialRemoval_output_SerialRemoval,800,240.0,"[np.float64(938.25), np.float64(1935.5)]","[999, 1999]",1.0,62.125,00:00:04,4.559047699999951,0.0015201892964321277
Zheng DBSCAN,Ostovar,Atomic_SerialRemoval_output_SerialRemoval,800,320.0,"[np.float64(938.25), np.float64(1935.5)]","[999, 1999]",1.0,62.125,00:00:04,4.559047699999951,0.0015201892964321277
Zheng DBSCAN,Ostovar,Atomic_SerialRemoval_output_SerialRemoval,800,400.0,"[np.float64(938.25), np.float64(1935.5)]","[999, 1999]",1.0,62.125,00:00:04,4.559047699999951,0.0015201892964321277
Zheng DBSCAN,Ceravolo,sudden_trace_noise20_1000_cb,300,30.0,[np.float64(451.0)],[499],1.0,48.0,00:00:00,0.18534810000005564,0.00018534810000005563
Zheng DBSCAN,Ceravolo,sudden_trace_noise20_1000_cb,300,60.0,[np.float64(451.0)],[499],1.0,48.0,00:00:00,0.18534810000005564,0.00018534810000005563
Zheng DBSCAN,Ceravolo,sudden_trace_noise20_1000_cb,300,90.0,[np.float64(451.0)],[499],1.0,48.0,00:00:00,0.18534810000005564,0.00018534810000005563
Zheng DBSCAN,Ceravolo,sudden_trace_noise20_1000_cb,300,120.0,[np.float64(451.0)],[499],1.0,48.0,00:00:00,0.18534810000005564,0.00018534810000005563
Zheng DBSCAN,Ceravolo,sudden_trace_noise20_1000_cb,300,150.0,[np.float64(451.0)],[499],1.0,48.0,00:00:00,0.18534810000005564,0.00018534810000005563
Zheng DBSCAN,Ceravolo,sudden_trace_noise5_1000_IRO,400,40.0,[np.float64(448.6666666666667)],[499],1.0,50.333333333333314,00:00:00,0.21552500000007058,0.00021552500000007058
Zheng DBSCAN,Ceravolo,sudden_trace_noise5_1000_IRO,400,80.0,[np.float64(448.6666666666667)],[499],1.0,50.333333333333314,00:00:00,0.21552500000007058,0.00021552500000007058
Zheng DBSCAN,Ceravolo,sudden_trace_noise5_1000_IRO,400,120.0,[np.float64(448.6666666666667)],[499],1.0,50.333333333333314,00:00:00,0.21552500000007058,0.00021552500000007058
Zheng DBSCAN,Ceravolo,sudden_trace_noise5_1000_IRO,400,160.0,[np.float64(448.6666666666667)],[499],1.0,50.333333333333314,00:00:00,0.21552500000007058,0.00021552500000007058
Zheng DBSCAN,Ceravolo,sudden_trace_noise5_1000_IRO,400,200.0,[np.float64(448.6666666666667)],[499],1.0,50.333333333333314,00:00:00,0.21552500000007058,0.00021552500000007058
Zheng DBSCAN,Ostovar,Atomic_SerialRemoval_output_SerialRemoval_5,400,40.0,[np.float64(1499.4314980793854)],"[999, 1999]",,,00:00:05,5.507120800000052,0.0018363190396799107
Zheng DBSCAN,Ostovar,Atomic_SerialRemoval_output_SerialRemoval_5,400,80.0,[np.float64(1499.4314980793854)],"[999, 1999]",,,00:00:05,5.507120800000052,0.0018363190396799107
Zheng DBSCAN,Ostovar,Atomic_SerialRemoval_output_SerialRemoval_5,400,120.0,[np.float64(1499.4314980793854)],"[999, 1999]",,,00:00:05,5.507120800000052,0.0018363190396799107
Zheng DBSCAN,Ostovar,Atomic_SerialRemoval_output_SerialRemoval_5,400,160.0,[np.float64(1499.4314980793854)],"[999, 1999]",,,00:00:05,5.507120800000052,0.0018363190396799107
Zheng DBSCAN,Ostovar,Atomic_SerialRemoval_output_SerialRemoval_5,400,200.0,[np.float64(1499.4314980793854)],"[999, 1999]",,,00:00:05,5.507120800000052,0.0018363190396799107
Zheng DBSCAN,Ostovar,Atomic_Frequency_output_Frequency_2,300,30.0,[np.float64(1508.0383141762452)],"[999, 1999]",,,00:00:03,3.2263092000000597,0.0010757949983327974
Zheng DBSCAN,Ostovar,Atomic_Frequency_output_Frequency_2,300,60.0,[np.float64(1508.0383141762452)],"[999, 1999]",,,00:00:03,3.2263092000000597,0.0010757949983327974
Zheng DBSCAN,Ostovar,Atomic_Frequency_output_Frequency_2,300,90.0,[np.float64(1508.0383141762452)],"[999, 1999]",,,00:00:03,3.2263092000000597,0.0010757949983327974
Zheng DBSCAN,Ostovar,Atomic_Frequency_output_Frequency_2,300,120.0,[np.float64(1508.0383141762452)],"[999, 1999]",,,00:00:03,3.2263092000000597,0.0010757949983327974
Zheng DBSCAN,Ostovar,Atomic_Frequency_output_Frequency_2,300,150.0,[np.float64(1508.0383141762452)],"[999, 1999]",,,00:00:03,3.2263092000000597,0.0010757949983327974
Zheng DBSCAN,Ostovar,Atomic_Loop_output_Loop_5,600,60.0,[np.float64(1511.3435540069686)],"[999, 1999]",,,00:00:05,5.225490499999978,0.0017424109703234338
Zheng DBSCAN,Ostovar,Atomic_Loop_output_Loop_5,600,120.0,[np.float64(1511.3435540069686)],"[999, 1999]",,,00:00:05,5.225490499999978,0.0017424109703234338
Zheng DBSCAN,Ostovar,Atomic_Loop_output_Loop_5,600,180.0,[np.float64(1511.3435540069686)],"[999, 1999]",,,00:00:05,5.225490499999978,0.0017424109703234338
Zheng DBSCAN,Ostovar,Atomic_Loop_output_Loop_5,600,240.0,[np.float64(1511.3435540069686)],"[999, 1999]",,,00:00:05,5.225490499999978,0.0017424109703234338
Zheng DBSCAN,Ostovar,Atomic_Loop_output_Loop_5,600,300.0,[np.float64(1511.3435540069686)],"[999, 1999]",,,00:00:05,5.225490499999978,0.0017424109703234338
Zheng DBSCAN,Ceravolo,sudden_trace_noise0_1000_cf,300,30.0,[np.float64(447.0)],[499],1.0,52.0,00:00:00,0.2065315999999484,0.0002065315999999484
Zheng DBSCAN,Ceravolo,sudden_trace_noise0_1000_cf,300,60.0,[np.float64(447.0)],[499],1.0,52.0,00:00:00,0.2065315999999484,0.0002065315999999484
Zheng DBSCAN,Ceravolo,sudden_trace_noise0_1000_cf,300,90.0,[np.float64(447.0)],[499],1.0,52.0,00:00:00,0.2065315999999484,0.0002065315999999484
Zheng DBSCAN,Ceravolo,sudden_trace_noise0_1000_cf,300,120.0,[np.float64(447.0)],[499],1.0,52.0,00:00:00,0.2065315999999484,0.0002065315999999484
Zheng DBSCAN,Ceravolo,sudden_trace_noise0_1000_cf,300,150.0,[np.float64(447.0)],[499],1.0,52.0,00:00:00,0.2065315999999484,0.0002065315999999484
Zheng DBSCAN,Ceravolo,sudden_trace_noise10_1000_cp,800,80.0,[],[499],,,00:00:00,0.15885949999994864,0.00015885949999994864
Zheng DBSCAN,Ceravolo,sudden_trace_noise10_1000_cp,800,160.0,[],[499],,,00:00:00,0.15885949999994864,0.00015885949999994864
Zheng DBSCAN,Ceravolo,sudden_trace_noise10_1000_cp,800,240.0,[],[499],,,00:00:00,0.15885949999994864,0.00015885949999994864
Zheng DBSCAN,Ceravolo,sudden_trace_noise10_1000_cp,800,320.0,[],[499],,,00:00:00,0.15885949999994864,0.00015885949999994864
Zheng DBSCAN,Ceravolo,sudden_trace_noise10_1000_cp,800,400.0,[],[499],,,00:00:00,0.15885949999994864,0.00015885949999994864
Zheng DBSCAN,Ceravolo,sudden_trace_noise15_1000_re,500,50.0,[],[499],,,00:00:00,0.19337210000003324,0.00019337210000003324
Zheng DBSCAN,Ceravolo,sudden_trace_noise15_1000_re,500,100.0,[],[499],,,00:00:00,0.19337210000003324,0.00019337210000003324
Zheng DBSCAN,Ceravolo,sudden_trace_noise15_1000_re,500,150.0,[],[499],,,00:00:00,0.19337210000003324,0.00019337210000003324
Zheng DBSCAN,Ceravolo,sudden_trace_noise15_1000_re,500,200.0,[],[499],,,00:00:00,0.19337210000003324,0.00019337210000003324
Zheng DBSCAN,Ceravolo,sudden_trace_noise15_1000_re,500,250.0,[],[499],,,00:00:00,0.19337210000003324,0.00019337210000003324
Zheng DBSCAN,Ostovar,Nested_IOR_output_IOR_5,500,50.0,[np.float64(1509.9586549062844)],"[999, 1999]",,,00:00:07,7.130727200000024,0.0023777016338779673
Zheng DBSCAN,Ostovar,Nested_IOR_output_IOR_5,500,100.0,[np.float64(1509.9586549062844)],"[999, 1999]",,,00:00:07,7.130727200000024,0.0023777016338779673
Zheng DBSCAN,Ostovar,Nested_IOR_output_IOR_5,500,150.0,[np.float64(1509.9586549062844)],"[999, 1999]",,,00:00:07,7.130727200000024,0.0023777016338779673
Zheng DBSCAN,Ostovar,Nested_IOR_output_IOR_5,500,200.0,[np.float64(1509.9586549062844)],"[999, 1999]",,,00:00:07,7.130727200000024,0.0023777016338779673
Zheng DBSCAN,Ostovar,Nested_IOR_output_IOR_5,500,250.0,[np.float64(1509.9586549062844)],"[999, 1999]",,,00:00:07,7.130727200000024,0.0023777016338779673
Zheng DBSCAN,Ostovar,Atomic_ConditionalToSequence_output_ConditionalToSequence,600,60.0,"[np.float64(939.6428571428571), np.float64(1944.357142857143)]","[999, 1999]",1.0,57.0,00:00:04,4.603216699999962,0.0015349172057352322
Zheng DBSCAN,Ostovar,Atomic_ConditionalToSequence_output_ConditionalToSequence,600,120.0,"[np.float64(939.6428571428571), np.float64(1944.357142857143)]","[999, 1999]",1.0,57.0,00:00:04,4.603216699999962,0.0015349172057352322
Zheng DBSCAN,Ostovar,Atomic_ConditionalToSequence_output_ConditionalToSequence,600,180.0,"[np.float64(939.6428571428571), np.float64(1944.357142857143)]","[999, 1999]",1.0,57.0,00:00:04,4.603216699999962,0.0015349172057352322
Zheng DBSCAN,Ostovar,Atomic_ConditionalToSequence_output_ConditionalToSequence,600,240.0,"[np.float64(939.6428571428571), np.float64(1944.357142857143)]","[999, 1999]",1.0,57.0,00:00:04,4.603216699999962,0.0015349172057352322
Zheng DBSCAN,Ostovar,Atomic_ConditionalToSequence_output_ConditionalToSequence,600,300.0,"[np.float64(939.6428571428571), np.float64(1944.357142857143)]","[999, 1999]",1.0,57.0,00:00:04,4.603216699999962,0.0015349172057352322
Zheng DBSCAN,Ceravolo,sudden_trace_noise5_1000_ROI,600,60.0,[],[499],,,00:00:00,0.1976204999999709,0.0001976204999999709
Zheng DBSCAN,Ceravolo,sudden_trace_noise5_1000_ROI,600,120.0,[],[499],,,00:00:00,0.1976204999999709,0.0001976204999999709
Zheng DBSCAN,Ceravolo,sudden_trace_noise5_1000_ROI,600,180.0,[],[499],,,00:00:00,0.1976204999999709,0.0001976204999999709
Zheng DBSCAN,Ceravolo,sudden_trace_noise5_1000_ROI,600,240.0,[],[499],,,00:00:00,0.1976204999999709,0.0001976204999999709
Zheng DBSCAN,Ceravolo,sudden_trace_noise5_1000_ROI,600,300.0,[],[499],,,00:00:00,0.1976204999999709,0.0001976204999999709
Zheng DBSCAN,Ceravolo,sudden_trace_noise10_1000_cd,500,50.0,[],[499],,,00:00:00,0.17523199999993722,0.00017523199999993722
Zheng DBSCAN,Ceravolo,sudden_trace_noise10_1000_cd,500,100.0,[],[499],,,00:00:00,0.17523199999993722,0.00017523199999993722
Zheng DBSCAN,Ceravolo,sudden_trace_noise10_1000_cd,500,150.0,[],[499],,,00:00:00,0.17523199999993722,0.00017523199999993722
Zheng DBSCAN,Ceravolo,sudden_trace_noise10_1000_cd,500,200.0,[],[499],,,00:00:00,0.17523199999993722,0.00017523199999993722
Zheng DBSCAN,Ceravolo,sudden_trace_noise10_1000_cd,500,250.0,[],[499],,,00:00:00,0.17523199999993722,0.00017523199999993722
Zheng DBSCAN,Ceravolo,sudden_trace_noise10_1000_pl,500,50.0,[],[499],,,00:00:00,0.1926134999999931,0.0001926134999999931
Zheng DBSCAN,Ceravolo,sudden_trace_noise10_1000_pl,500,100.0,[],[499],,,00:00:00,0.1926134999999931,0.0001926134999999931
Zheng DBSCAN,Ceravolo,sudden_trace_noise10_1000_pl,500,150.0,[],[499],,,00:00:00,0.1926134999999931,0.0001926134999999931
Zheng DBSCAN,Ceravolo,sudden_trace_noise10_1000_pl,500,200.0,[],[499],,,00:00:00,0.1926134999999931,0.0001926134999999931
Zheng DBSCAN,Ceravolo,sudden_trace_noise10_1000_pl,500,250.0,[],[499],,,00:00:00,0.1926134999999931,0.0001926134999999931
Zheng DBSCAN,Ostovar,Atomic_ParallelMove_output_ParallelMove,800,80.0,"[np.float64(933.0), np.float64(1919.111111111111)]","[999, 1999]",1.0,72.94444444444446,00:00:05,5.628923899999904,0.0018769336112037026
Zheng DBSCAN,Ostovar,Atomic_ParallelMove_output_ParallelMove,800,160.0,"[np.float64(933.0), np.float64(1919.111111111111)]","[999, 1999]",1.0,72.94444444444446,00:00:05,5.628923899999904,0.0018769336112037026
Zheng DBSCAN,Ostovar,Atomic_ParallelMove_output_ParallelMove,800,240.0,"[np.float64(933.0), np.float64(1919.111111111111)]","[999, 1999]",1.0,72.94444444444446,00:00:05,5.628923899999904,0.0018769336112037026
Zheng DBSCAN,Ostovar,Atomic_ParallelMove_output_ParallelMove,800,320.0,"[np.float64(933.0), np.float64(1919.111111111111)]","[999, 1999]",1.0,72.94444444444446,00:00:05,5.628923899999904,0.0018769336112037026
Zheng DBSCAN,Ostovar,Atomic_ParallelMove_output_ParallelMove,800,400.0,"[np.float64(933.0), np.float64(1919.111111111111)]","[999, 1999]",1.0,72.94444444444446,00:00:05,5.628923899999904,0.0018769336112037026
Zheng DBSCAN,Ostovar,Nested_RIO_output_RIO,400,40.0,"[np.float64(885.5), np.float64(975.2), np.float64(1773.0), np.float64(1910.2608695652175)]","[999, 1999]",0.6666666666666666,56.26956521739123,00:00:06,6.235636899999918,0.002079238712904274
Zheng DBSCAN,Ostovar,Nested_RIO_output_RIO,400,80.0,"[np.float64(968.5555555555555), np.float64(1773.0), np.float64(1910.2608695652175)]","[999, 1999]",0.8,59.59178743961348,00:00:06,6.235636899999918,0.002079238712904274
Zheng DBSCAN,Ostovar,Nested_RIO_output_RIO,400,120.0,"[np.float64(968.5555555555555), np.float64(1904.5416666666667)]","[999, 1999]",1.0,62.45138888888886,00:00:06,6.235636899999918,0.002079238712904274
Zheng DBSCAN,Ostovar,Nested_RIO_output_RIO,400,160.0,"[np.float64(968.5555555555555), np.float64(1904.5416666666667)]","[999, 1999]",1.0,62.45138888888886,00:00:06,6.235636899999918,0.002079238712904274
Zheng DBSCAN,Ostovar,Nested_RIO_output_RIO,400,200.0,"[np.float64(968.5555555555555), np.float64(1904.5416666666667)]","[999, 1999]",1.0,62.45138888888886,00:00:06,6.235636899999918,0.002079238712904274
Zheng DBSCAN,Ostovar,Composite_IOR_output_IOR_5,700,70.0,[np.float64(1512.5545023696682)],"[999, 1999]",,,00:00:04,4.971870999999965,0.0016578429476492046
Zheng DBSCAN,Ostovar,Composite_IOR_output_IOR_5,700,140.0,[np.float64(1512.5545023696682)],"[999, 1999]",,,00:00:04,4.971870999999965,0.0016578429476492046
Zheng DBSCAN,Ostovar,Composite_IOR_output_IOR_5,700,210.0,[np.float64(1512.5545023696682)],"[999, 1999]",,,00:00:04,4.971870999999965,0.0016578429476492046
Zheng DBSCAN,Ostovar,Composite_IOR_output_IOR_5,700,280.0,[np.float64(1512.5545023696682)],"[999, 1999]",,,00:00:04,4.971870999999965,0.0016578429476492046
Zheng DBSCAN,Ostovar,Composite_IOR_output_IOR_5,700,350.0,[np.float64(1512.5545023696682)],"[999, 1999]",,,00:00:04,4.971870999999965,0.0016578429476492046
Zheng DBSCAN,Ostovar,Atomic_ParallelMove_output_ParallelMove_2,300,30.0,[np.float64(1483.3677852348994)],"[999, 1999]",,,00:00:06,6.782884300000092,0.002261715338446179
Zheng DBSCAN,Ostovar,Atomic_ParallelMove_output_ParallelMove_2,300,60.0,[np.float64(1483.3677852348994)],"[999, 1999]",,,00:00:06,6.782884300000092,0.002261715338446179
Zheng DBSCAN,Ostovar,Atomic_ParallelMove_output_ParallelMove_2,300,90.0,[np.float64(1483.3677852348994)],"[999, 1999]",,,00:00:06,6.782884300000092,0.002261715338446179
Zheng DBSCAN,Ostovar,Atomic_ParallelMove_output_ParallelMove_2,300,120.0,[np.float64(1483.3677852348994)],"[999, 1999]",,,00:00:06,6.782884300000092,0.002261715338446179
Zheng DBSCAN,Ostovar,Atomic_ParallelMove_output_ParallelMove_2,300,150.0,[np.float64(1483.3677852348994)],"[999, 1999]",,,00:00:06,6.782884300000092,0.002261715338446179
Zheng DBSCAN,Ceravolo,sudden_trace_noise10_1000_re,300,30.0,[np.float64(447.5)],[499],1.0,51.5,00:00:00,0.17898250000007465,0.00017898250000007466
Zheng DBSCAN,Ceravolo,sudden_trace_noise10_1000_re,300,60.0,[np.float64(447.5)],[499],1.0,51.5,00:00:00,0.17898250000007465,0.00017898250000007466
Zheng DBSCAN,Ceravolo,sudden_trace_noise10_1000_re,300,90.0,[np.float64(447.5)],[499],1.0,51.5,00:00:00,0.17898250000007465,0.00017898250000007466
Zheng DBSCAN,Ceravolo,sudden_trace_noise10_1000_re,300,120.0,[np.float64(447.5)],[499],1.0,51.5,00:00:00,0.17898250000007465,0.00017898250000007466
Zheng DBSCAN,Ceravolo,sudden_trace_noise10_1000_re,300,150.0,[np.float64(447.5)],[499],1.0,51.5,00:00:00,0.17898250000007465,0.00017898250000007466
Zheng DBSCAN,Ostovar,Composite_ORI_output_ORI_5,300,30.0,[np.float64(1510.0014925373134)],"[999, 1999]",,,00:00:06,6.914720800000055,0.0023056754918306284
Zheng DBSCAN,Ostovar,Composite_ORI_output_ORI_5,300,60.0,[np.float64(1510.0014925373134)],"[999, 1999]",,,00:00:06,6.914720800000055,0.0023056754918306284
Zheng DBSCAN,Ostovar,Composite_ORI_output_ORI_5,300,90.0,[np.float64(1510.0014925373134)],"[999, 1999]",,,00:00:06,6.914720800000055,0.0023056754918306284
Zheng DBSCAN,Ostovar,Composite_ORI_output_ORI_5,300,120.0,[np.float64(1510.0014925373134)],"[999, 1999]",,,00:00:06,6.914720800000055,0.0023056754918306284
Zheng DBSCAN,Ostovar,Composite_ORI_output_ORI_5,300,150.0,[np.float64(1510.0014925373134)],"[999, 1999]",,,00:00:06,6.914720800000055,0.0023056754918306284
Zheng DBSCAN,Ostovar,Atomic_Substitute_output_Substitute_2,300,30.0,[np.float64(1528.84388185654)],"[999, 1999]",,,00:00:06,6.311080099999913,0.0021043948316105078
Zheng DBSCAN,Ostovar,Atomic_Substitute_output_Substitute_2,300,60.0,[np.float64(1528.84388185654)],"[999, 1999]",,,00:00:06,6.311080099999913,0.0021043948316105078
Zheng DBSCAN,Ostovar,Atomic_Substitute_output_Substitute_2,300,90.0,[np.float64(1528.84388185654)],"[999, 1999]",,,00:00:06,6.311080099999913,0.0021043948316105078
Zheng DBSCAN,Ostovar,Atomic_Substitute_output_Substitute_2,300,120.0,[np.float64(1528.84388185654)],"[999, 1999]",,,00:00:06,6.311080099999913,0.0021043948316105078
Zheng DBSCAN,Ostovar,Atomic_Substitute_output_Substitute_2,300,150.0,[np.float64(1528.84388185654)],"[999, 1999]",,,00:00:06,6.311080099999913,0.0021043948316105078
Zheng DBSCAN,Ceravolo,sudden_trace_noise0_1000_rp,700,70.0,[],[499],,,00:00:00,0.18958729999997104,0.00018958729999997103
Zheng DBSCAN,Ceravolo,sudden_trace_noise0_1000_rp,700,140.0,[],[499],,,00:00:00,0.18958729999997104,0.00018958729999997103
Zheng DBSCAN,Ceravolo,sudden_trace_noise0_1000_rp,700,210.0,[],[499],,,00:00:00,0.18958729999997104,0.00018958729999997103
Zheng DBSCAN,Ceravolo,sudden_trace_noise0_1000_rp,700,280.0,[],[499],,,00:00:00,0.18958729999997104,0.00018958729999997103
Zheng DBSCAN,Ceravolo,sudden_trace_noise0_1000_rp,700,350.0,[],[499],,,00:00:00,0.18958729999997104,0.00018958729999997103
Zheng DBSCAN,Ceravolo,sudden_trace_noise0_1000_cp,800,80.0,[],[499],,,00:00:00,0.18872729999998228,0.0001887272999999823
Zheng DBSCAN,Ceravolo,sudden_trace_noise0_1000_cp,800,160.0,[],[499],,,00:00:00,0.18872729999998228,0.0001887272999999823
Zheng DBSCAN,Ceravolo,sudden_trace_noise0_1000_cp,800,240.0,[],[499],,,00:00:00,0.18872729999998228,0.0001887272999999823
Zheng DBSCAN,Ceravolo,sudden_trace_noise0_1000_cp,800,320.0,[],[499],,,00:00:00,0.18872729999998228,0.0001887272999999823
Zheng DBSCAN,Ceravolo,sudden_trace_noise0_1000_cp,800,400.0,[],[499],,,00:00:00,0.18872729999998228,0.0001887272999999823
Zheng DBSCAN,Ostovar,Nested_RIO_output_RIO_5,800,80.0,[np.float64(1481.5590277777778)],"[999, 1999]",,,00:00:07,7.636993500000017,0.0025465133377792653
Zheng DBSCAN,Ostovar,Nested_RIO_output_RIO_5,800,160.0,[np.float64(1481.5590277777778)],"[999, 1999]",,,00:00:07,7.636993500000017,0.0025465133377792653
Zheng DBSCAN,Ostovar,Nested_RIO_output_RIO_5,800,240.0,[np.float64(1481.5590277777778)],"[999, 1999]",,,00:00:07,7.636993500000017,0.0025465133377792653
Zheng DBSCAN,Ostovar,Nested_RIO_output_RIO_5,800,320.0,[np.float64(1481.5590277777778)],"[999, 1999]",,,00:00:07,7.636993500000017,0.0025465133377792653
Zheng DBSCAN,Ostovar,Nested_RIO_output_RIO_5,800,400.0,[np.float64(1481.5590277777778)],"[999, 1999]",,,00:00:07,7.636993500000017,0.0025465133377792653
Zheng DBSCAN,Ostovar,Atomic_ParallelToSequence_output_ParallelToSequence_5,400,40.0,[np.float64(1482.4016686531586)],"[999, 1999]",,,00:00:06,6.162659299999973,0.0020549047349116283
Zheng DBSCAN,Ostovar,Atomic_ParallelToSequence_output_ParallelToSequence_5,400,80.0,[np.float64(1482.4016686531586)],"[999, 1999]",,,00:00:06,6.162659299999973,0.0020549047349116283
Zheng DBSCAN,Ostovar,Atomic_ParallelToSequence_output_ParallelToSequence_5,400,120.0,[np.float64(1482.4016686531586)],"[999, 1999]",,,00:00:06,6.162659299999973,0.0020549047349116283
Zheng DBSCAN,Ostovar,Atomic_ParallelToSequence_output_ParallelToSequence_5,400,160.0,[np.float64(1482.4016686531586)],"[999, 1999]",,,00:00:06,6.162659299999973,0.0020549047349116283
Zheng DBSCAN,Ostovar,Atomic_ParallelToSequence_output_ParallelToSequence_5,400,200.0,[np.float64(1482.4016686531586)],"[999, 1999]",,,00:00:06,6.162659299999973,0.0020549047349116283
Zheng DBSCAN,Ostovar,Composite_ORI_output_ORI_5,500,50.0,[np.float64(1518.487819025522)],"[999, 1999]",,,00:00:06,6.884263200000078,0.0022955195731910894
Zheng DBSCAN,Ostovar,Composite_ORI_output_ORI_5,500,100.0,[np.float64(1518.487819025522)],"[999, 1999]",,,00:00:06,6.884263200000078,0.0022955195731910894
Zheng DBSCAN,Ostovar,Composite_ORI_output_ORI_5,500,150.0,[np.float64(1518.487819025522)],"[999, 1999]",,,00:00:06,6.884263200000078,0.0022955195731910894
Zheng DBSCAN,Ostovar,Composite_ORI_output_ORI_5,500,200.0,[np.float64(1518.487819025522)],"[999, 1999]",,,00:00:06,6.884263200000078,0.0022955195731910894
Zheng DBSCAN,Ostovar,Composite_ORI_output_ORI_5,500,250.0,[np.float64(1518.487819025522)],"[999, 1999]",,,00:00:06,6.884263200000078,0.0022955195731910894
Zheng DBSCAN,Ostovar,Composite_OIR_output_OIR_2,700,70.0,[np.float64(1493.8129154795822)],"[999, 1999]",,,00:00:06,6.489129600000069,0.0021637644548182958
Zheng DBSCAN,Ostovar,Composite_OIR_output_OIR_2,700,140.0,[np.float64(1493.8129154795822)],"[999, 1999]",,,00:00:06,6.489129600000069,0.0021637644548182958
Zheng DBSCAN,Ostovar,Composite_OIR_output_OIR_2,700,210.0,[np.float64(1493.8129154795822)],"[999, 1999]",,,00:00:06,6.489129600000069,0.0021637644548182958
Zheng DBSCAN,Ostovar,Composite_OIR_output_OIR_2,700,280.0,[np.float64(1493.8129154795822)],"[999, 1999]",,,00:00:06,6.489129600000069,0.0021637644548182958
Zheng DBSCAN,Ostovar,Composite_OIR_output_OIR_2,700,350.0,[np.float64(1493.8129154795822)],"[999, 1999]",,,00:00:06,6.489129600000069,0.0021637644548182958
Zheng DBSCAN,Ostovar,Atomic_Loop_output_Loop,300,30.0,"[np.float64(915.0), np.float64(1954.0)]","[999, 1999]",1.0,64.5,00:00:04,4.267082200000004,0.0014228350116705583
Zheng DBSCAN,Ostovar,Atomic_Loop_output_Loop,300,60.0,"[np.float64(915.0), np.float64(1954.0)]","[999, 1999]",1.0,64.5,00:00:04,4.267082200000004,0.0014228350116705583
Zheng DBSCAN,Ostovar,Atomic_Loop_output_Loop,300,90.0,"[np.float64(915.0), np.float64(1954.0)]","[999, 1999]",1.0,64.5,00:00:04,4.267082200000004,0.0014228350116705583
Zheng DBSCAN,Ostovar,Atomic_Loop_output_Loop,300,120.0,"[np.float64(915.0), np.float64(1954.0)]","[999, 1999]",1.0,64.5,00:00:04,4.267082200000004,0.0014228350116705583
Zheng DBSCAN,Ostovar,Atomic_Loop_output_Loop,300,150.0,"[np.float64(915.0), np.float64(1954.0)]","[999, 1999]",1.0,64.5,00:00:04,4.267082200000004,0.0014228350116705583
Zheng DBSCAN,Ostovar,Atomic_Swap_output_Swap_2,300,30.0,[np.float64(1486.1754018169113)],"[999, 1999]",,,00:00:05,5.723550100000011,0.00190848619539847
Zheng DBSCAN,Ostovar,Atomic_Swap_output_Swap_2,300,60.0,[np.float64(1486.1754018169113)],"[999, 1999]",,,00:00:05,5.723550100000011,0.00190848619539847
Zheng DBSCAN,Ostovar,Atomic_Swap_output_Swap_2,300,90.0,[np.float64(1486.1754018169113)],"[999, 1999]",,,00:00:05,5.723550100000011,0.00190848619539847
Zheng DBSCAN,Ostovar,Atomic_Swap_output_Swap_2,300,120.0,[np.float64(1486.1754018169113)],"[999, 1999]",,,00:00:05,5.723550100000011,0.00190848619539847
Zheng DBSCAN,Ostovar,Atomic_Swap_output_Swap_2,300,150.0,[np.float64(1486.1754018169113)],"[999, 1999]",,,00:00:05,5.723550100000011,0.00190848619539847
Zheng DBSCAN,Ostovar,Composite_OIR_output_OIR_5,500,50.0,[np.float64(1496.951093951094)],"[999, 1999]",,,00:00:06,6.510387100000003,0.0021708526508836287
Zheng DBSCAN,Ostovar,Composite_OIR_output_OIR_5,500,100.0,[np.float64(1496.951093951094)],"[999, 1999]",,,00:00:06,6.510387100000003,0.0021708526508836287
Zheng DBSCAN,Ostovar,Composite_OIR_output_OIR_5,500,150.0,[np.float64(1496.951093951094)],"[999, 1999]",,,00:00:06,6.510387100000003,0.0021708526508836287
Zheng DBSCAN,Ostovar,Composite_OIR_output_OIR_5,500,200.0,[np.float64(1496.951093951094)],"[999, 1999]",,,00:00:06,6.510387100000003,0.0021708526508836287
Zheng DBSCAN,Ostovar,Composite_OIR_output_OIR_5,500,250.0,[np.float64(1496.951093951094)],"[999, 1999]",,,00:00:06,6.510387100000003,0.0021708526508836287
Zheng DBSCAN,Ceravolo,sudden_trace_noise20_1000_ROI,600,60.0,[],[499],,,00:00:00,0.2169854999999643,0.0002169854999999643
Zheng DBSCAN,Ceravolo,sudden_trace_noise20_1000_ROI,600,120.0,[],[499],,,00:00:00,0.2169854999999643,0.0002169854999999643
Zheng DBSCAN,Ceravolo,sudden_trace_noise20_1000_ROI,600,180.0,[],[499],,,00:00:00,0.2169854999999643,0.0002169854999999643
Zheng DBSCAN,Ceravolo,sudden_trace_noise20_1000_ROI,600,240.0,[],[499],,,00:00:00,0.2169854999999643,0.0002169854999999643
Zheng DBSCAN,Ceravolo,sudden_trace_noise20_1000_ROI,600,300.0,[],[499],,,00:00:00,0.2169854999999643,0.0002169854999999643
Zheng DBSCAN,Ceravolo,sudden_trace_noise15_1000_lp,300,30.0,[np.float64(448.0)],[499],1.0,51.0,00:00:00,0.19802929999991647,0.00019802929999991647
Zheng DBSCAN,Ceravolo,sudden_trace_noise15_1000_lp,300,60.0,[np.float64(448.0)],[499],1.0,51.0,00:00:00,0.19802929999991647,0.00019802929999991647
Zheng DBSCAN,Ceravolo,sudden_trace_noise15_1000_lp,300,90.0,[np.float64(448.0)],[499],1.0,51.0,00:00:00,0.19802929999991647,0.00019802929999991647
Zheng DBSCAN,Ceravolo,sudden_trace_noise15_1000_lp,300,120.0,[np.float64(448.0)],[499],1.0,51.0,00:00:00,0.19802929999991647,0.00019802929999991647
Zheng DBSCAN,Ceravolo,sudden_trace_noise15_1000_lp,300,150.0,[np.float64(448.0)],[499],1.0,51.0,00:00:00,0.19802929999991647,0.00019802929999991647
Zheng DBSCAN,Ceravolo,sudden_trace_noise0_1000_cf,700,70.0,[],[499],,,00:00:00,0.1888974999999391,0.0001888974999999391
Zheng DBSCAN,Ceravolo,sudden_trace_noise0_1000_cf,700,140.0,[],[499],,,00:00:00,0.1888974999999391,0.0001888974999999391
Zheng DBSCAN,Ceravolo,sudden_trace_noise0_1000_cf,700,210.0,[],[499],,,00:00:00,0.1888974999999391,0.0001888974999999391
Zheng DBSCAN,Ceravolo,sudden_trace_noise0_1000_cf,700,280.0,[],[499],,,00:00:00,0.1888974999999391,0.0001888974999999391
Zheng DBSCAN,Ceravolo,sudden_trace_noise0_1000_cf,700,350.0,[],[499],,,00:00:00,0.1888974999999391,0.0001888974999999391
Zheng DBSCAN,Ostovar,Atomic_ParallelMove_output_ParallelMove_2,700,70.0,[np.float64(1519.2975778546713)],"[999, 1999]",,,00:00:06,6.649602899999991,0.002217273391130374
Zheng DBSCAN,Ostovar,Atomic_ParallelMove_output_ParallelMove_2,700,140.0,[np.float64(1519.2975778546713)],"[999, 1999]",,,00:00:06,6.649602899999991,0.002217273391130374
Zheng DBSCAN,Ostovar,Atomic_ParallelMove_output_ParallelMove_2,700,210.0,[np.float64(1519.2975778546713)],"[999, 1999]",,,00:00:06,6.649602899999991,0.002217273391130374
Zheng DBSCAN,Ostovar,Atomic_ParallelMove_output_ParallelMove_2,700,280.0,[np.float64(1519.2975778546713)],"[999, 1999]",,,00:00:06,6.649602899999991,0.002217273391130374
Zheng DBSCAN,Ostovar,Atomic_ParallelMove_output_ParallelMove_2,700,350.0,[np.float64(1519.2975778546713)],"[999, 1999]",,,00:00:06,6.649602899999991,0.002217273391130374
Zheng DBSCAN,Ostovar,Atomic_Swap_output_Swap_2,400,40.0,[np.float64(1492.8926426426426)],"[999, 1999]",,,00:00:05,5.436648200000036,0.0018128203401133831
Zheng DBSCAN,Ostovar,Atomic_Swap_output_Swap_2,400,80.0,[np.float64(1492.8926426426426)],"[999, 1999]",,,00:00:05,5.436648200000036,0.0018128203401133831
Zheng DBSCAN,Ostovar,Atomic_Swap_output_Swap_2,400,120.0,[np.float64(1492.8926426426426)],"[999, 1999]",,,00:00:05,5.436648200000036,0.0018128203401133831
Zheng DBSCAN,Ostovar,Atomic_Swap_output_Swap_2,400,160.0,[np.float64(1492.8926426426426)],"[999, 1999]",,,00:00:05,5.436648200000036,0.0018128203401133831
Zheng DBSCAN,Ostovar,Atomic_Swap_output_Swap_2,400,200.0,[np.float64(1492.8926426426426)],"[999, 1999]",,,00:00:05,5.436648200000036,0.0018128203401133831
Zheng DBSCAN,Ceravolo,sudden_trace_noise5_1000_rp,700,70.0,[],[499],,,00:00:00,0.2251337999999805,0.00022513379999998051
Zheng DBSCAN,Ceravolo,sudden_trace_noise5_1000_rp,700,140.0,[],[499],,,00:00:00,0.2251337999999805,0.00022513379999998051
Zheng DBSCAN,Ceravolo,sudden_trace_noise5_1000_rp,700,210.0,[],[499],,,00:00:00,0.2251337999999805,0.00022513379999998051
Zheng DBSCAN,Ceravolo,sudden_trace_noise5_1000_rp,700,280.0,[],[499],,,00:00:00,0.2251337999999805,0.00022513379999998051
Zheng DBSCAN,Ceravolo,sudden_trace_noise5_1000_rp,700,350.0,[],[499],,,00:00:00,0.2251337999999805,0.00022513379999998051
Zheng DBSCAN,Ceravolo,sudden_trace_noise20_1000_re,400,40.0,[np.float64(447.5)],[499],1.0,51.5,00:00:00,0.20351100000004863,0.00020351100000004862
Zheng DBSCAN,Ceravolo,sudden_trace_noise20_1000_re,400,80.0,[np.float64(447.5)],[499],1.0,51.5,00:00:00,0.20351100000004863,0.00020351100000004862
Zheng DBSCAN,Ceravolo,sudden_trace_noise20_1000_re,400,120.0,[np.float64(447.5)],[499],1.0,51.5,00:00:00,0.20351100000004863,0.00020351100000004862
Zheng DBSCAN,Ceravolo,sudden_trace_noise20_1000_re,400,160.0,[np.float64(447.5)],[499],1.0,51.5,00:00:00,0.20351100000004863,0.00020351100000004862
Zheng DBSCAN,Ceravolo,sudden_trace_noise20_1000_re,400,200.0,[np.float64(447.5)],[499],1.0,51.5,00:00:00,0.20351100000004863,0.00020351100000004862
Zheng DBSCAN,Ceravolo,sudden_trace_noise15_1000_cf,300,30.0,[np.float64(447.0)],[499],1.0,52.0,00:00:00,0.19772409999995944,0.00019772409999995944
Zheng DBSCAN,Ceravolo,sudden_trace_noise15_1000_cf,300,60.0,[np.float64(447.0)],[499],1.0,52.0,00:00:00,0.19772409999995944,0.00019772409999995944
Zheng DBSCAN,Ceravolo,sudden_trace_noise15_1000_cf,300,90.0,[np.float64(447.0)],[499],1.0,52.0,00:00:00,0.19772409999995944,0.00019772409999995944
Zheng DBSCAN,Ceravolo,sudden_trace_noise15_1000_cf,300,120.0,[np.float64(447.0)],[499],1.0,52.0,00:00:00,0.19772409999995944,0.00019772409999995944
Zheng DBSCAN,Ceravolo,sudden_trace_noise15_1000_cf,300,150.0,[np.float64(447.0)],[499],1.0,52.0,00:00:00,0.19772409999995944,0.00019772409999995944
Zheng DBSCAN,Ceravolo,sudden_trace_noise5_1000_rp,400,40.0,[np.float64(449.0)],[499],1.0,50.0,00:00:00,0.22166220000008252,0.00022166220000008251
Zheng DBSCAN,Ceravolo,sudden_trace_noise5_1000_rp,400,80.0,[np.float64(449.0)],[499],1.0,50.0,00:00:00,0.22166220000008252,0.00022166220000008251
Zheng DBSCAN,Ceravolo,sudden_trace_noise5_1000_rp,400,120.0,[np.float64(449.0)],[499],1.0,50.0,00:00:00,0.22166220000008252,0.00022166220000008251
Zheng DBSCAN,Ceravolo,sudden_trace_noise5_1000_rp,400,160.0,[np.float64(449.0)],[499],1.0,50.0,00:00:00,0.22166220000008252,0.00022166220000008251
Zheng DBSCAN,Ceravolo,sudden_trace_noise5_1000_rp,400,200.0,[np.float64(449.0)],[499],1.0,50.0,00:00:00,0.22166220000008252,0.00022166220000008251
Zheng DBSCAN,Ostovar,Atomic_Skip_output_Skip_5,500,50.0,[np.float64(1490.0184478371502)],"[999, 1999]",,,00:00:05,5.7261442000000216,0.0019093511837279164
Zheng DBSCAN,Ostovar,Atomic_Skip_output_Skip_5,500,100.0,[np.float64(1490.0184478371502)],"[999, 1999]",,,00:00:05,5.7261442000000216,0.0019093511837279164
Zheng DBSCAN,Ostovar,Atomic_Skip_output_Skip_5,500,150.0,[np.float64(1490.0184478371502)],"[999, 1999]",,,00:00:05,5.7261442000000216,0.0019093511837279164
Zheng DBSCAN,Ostovar,Atomic_Skip_output_Skip_5,500,200.0,[np.float64(1490.0184478371502)],"[999, 1999]",,,00:00:05,5.7261442000000216,0.0019093511837279164
Zheng DBSCAN,Ostovar,Atomic_Skip_output_Skip_5,500,250.0,[np.float64(1490.0184478371502)],"[999, 1999]",,,00:00:05,5.7261442000000216,0.0019093511837279164
Zheng DBSCAN,Ceravolo,sudden_trace_noise15_1000_cp,500,50.0,[],[499],,,00:00:00,0.1878954999999678,0.0001878954999999678
Zheng DBSCAN,Ceravolo,sudden_trace_noise15_1000_cp,500,100.0,[],[499],,,00:00:00,0.1878954999999678,0.0001878954999999678
Zheng DBSCAN,Ceravolo,sudden_trace_noise15_1000_cp,500,150.0,[],[499],,,00:00:00,0.1878954999999678,0.0001878954999999678
Zheng DBSCAN,Ceravolo,sudden_trace_noise15_1000_cp,500,200.0,[],[499],,,00:00:00,0.1878954999999678,0.0001878954999999678
Zheng DBSCAN,Ceravolo,sudden_trace_noise15_1000_cp,500,250.0,[],[499],,,00:00:00,0.1878954999999678,0.0001878954999999678
Zheng DBSCAN,Ostovar,Atomic_ConditionalRemoval_output_ConditionalRemoval_5,400,40.0,[np.float64(1517.792781580585)],"[999, 1999]",,,00:00:05,5.497378099999992,0.0018330703901300405
Zheng DBSCAN,Ostovar,Atomic_ConditionalRemoval_output_ConditionalRemoval_5,400,80.0,[np.float64(1517.792781580585)],"[999, 1999]",,,00:00:05,5.497378099999992,0.0018330703901300405
Zheng DBSCAN,Ostovar,Atomic_ConditionalRemoval_output_ConditionalRemoval_5,400,120.0,[np.float64(1517.792781580585)],"[999, 1999]",,,00:00:05,5.497378099999992,0.0018330703901300405
Zheng DBSCAN,Ostovar,Atomic_ConditionalRemoval_output_ConditionalRemoval_5,400,160.0,[np.float64(1517.792781580585)],"[999, 1999]",,,00:00:05,5.497378099999992,0.0018330703901300405
Zheng DBSCAN,Ostovar,Atomic_ConditionalRemoval_output_ConditionalRemoval_5,400,200.0,[np.float64(1517.792781580585)],"[999, 1999]",,,00:00:05,5.497378099999992,0.0018330703901300405
Zheng DBSCAN,Ostovar,Nested_IOR_output_IOR,300,30.0,"[np.float64(754.0), np.float64(794.5), np.float64(901.2857142857143), np.float64(1699.0), np.float64(1783.0), np.float64(1903.6)]","[999, 1999]",0.5,96.55714285714288,00:00:06,6.01415309999993,0.002005386162053995
Zheng DBSCAN,Ostovar,Nested_IOR_output_IOR,300,60.0,"[np.float64(880.0588235294117), np.float64(1699.0), np.float64(1896.0625)]","[999, 1999]",0.8,110.93933823529414,00:00:06,6.01415309999993,0.002005386162053995
Zheng DBSCAN,Ostovar,Nested_IOR_output_IOR,300,90.0,"[np.float64(880.0588235294117), np.float64(1884.4705882352941)]","[999, 1999]",1.0,116.73529411764707,00:00:06,6.01415309999993,0.002005386162053995
Zheng DBSCAN,Ostovar,Nested_IOR_output_IOR,300,120.0,"[np.float64(880.0588235294117), np.float64(1884.4705882352941)]","[999, 1999]",1.0,116.73529411764707,00:00:06,6.01415309999993,0.002005386162053995
Zheng DBSCAN,Ostovar,Nested_IOR_output_IOR,300,150.0,"[np.float64(880.0588235294117), np.float64(1884.4705882352941)]","[999, 1999]",1.0,116.73529411764707,00:00:06,6.01415309999993,0.002005386162053995
Zheng DBSCAN,Ostovar,Composite_ORI_output_ORI_5,700,70.0,[np.float64(1504.2814371257484)],"[999, 1999]",,,00:00:06,6.673433799999998,0.0022252196732244073
Zheng DBSCAN,Ostovar,Composite_ORI_output_ORI_5,700,140.0,[np.float64(1504.2814371257484)],"[999, 1999]",,,00:00:06,6.673433799999998,0.0022252196732244073
Zheng DBSCAN,Ostovar,Composite_ORI_output_ORI_5,700,210.0,[np.float64(1504.2814371257484)],"[999, 1999]",,,00:00:06,6.673433799999998,0.0022252196732244073
Zheng DBSCAN,Ostovar,Composite_ORI_output_ORI_5,700,280.0,[np.float64(1504.2814371257484)],"[999, 1999]",,,00:00:06,6.673433799999998,0.0022252196732244073
Zheng DBSCAN,Ostovar,Composite_ORI_output_ORI_5,700,350.0,[np.float64(1504.2814371257484)],"[999, 1999]",,,00:00:06,6.673433799999998,0.0022252196732244073
Zheng DBSCAN,Ostovar,Composite_IRO_output_IRO_2,800,80.0,[np.float64(1514.9259980525803)],"[999, 1999]",,,00:00:07,7.0571615000000065,0.0023531715571857305
Zheng DBSCAN,Ostovar,Composite_IRO_output_IRO_2,800,160.0,[np.float64(1514.9259980525803)],"[999, 1999]",,,00:00:07,7.0571615000000065,0.0023531715571857305
Zheng DBSCAN,Ostovar,Composite_IRO_output_IRO_2,800,240.0,[np.float64(1514.9259980525803)],"[999, 1999]",,,00:00:07,7.0571615000000065,0.0023531715571857305
Zheng DBSCAN,Ostovar,Composite_IRO_output_IRO_2,800,320.0,[np.float64(1514.9259980525803)],"[999, 1999]",,,00:00:07,7.0571615000000065,0.0023531715571857305
Zheng DBSCAN,Ostovar,Composite_IRO_output_IRO_2,800,400.0,[np.float64(1514.9259980525803)],"[999, 1999]",,,00:00:07,7.0571615000000065,0.0023531715571857305
Zheng DBSCAN,Ceravolo,sudden_trace_noise10_1000_ROI,600,60.0,[],[499],,,00:00:00,0.2130431000000499,0.00021304310000004988
Zheng DBSCAN,Ceravolo,sudden_trace_noise10_1000_ROI,600,120.0,[],[499],,,00:00:00,0.2130431000000499,0.00021304310000004988
Zheng DBSCAN,Ceravolo,sudden_trace_noise10_1000_ROI,600,180.0,[],[499],,,00:00:00,0.2130431000000499,0.00021304310000004988
Zheng DBSCAN,Ceravolo,sudden_trace_noise10_1000_ROI,600,240.0,[],[499],,,00:00:00,0.2130431000000499,0.00021304310000004988
Zheng DBSCAN,Ceravolo,sudden_trace_noise10_1000_ROI,600,300.0,[],[499],,,00:00:00,0.2130431000000499,0.00021304310000004988
Zheng DBSCAN,Ceravolo,sudden_trace_noise15_1000_pl,400,40.0,[],[499],,,00:00:00,0.1863348000000542,0.0001863348000000542
Zheng DBSCAN,Ceravolo,sudden_trace_noise15_1000_pl,400,80.0,[],[499],,,00:00:00,0.1863348000000542,0.0001863348000000542
Zheng DBSCAN,Ceravolo,sudden_trace_noise15_1000_pl,400,120.0,[],[499],,,00:00:00,0.1863348000000542,0.0001863348000000542
Zheng DBSCAN,Ceravolo,sudden_trace_noise15_1000_pl,400,160.0,[],[499],,,00:00:00,0.1863348000000542,0.0001863348000000542
Zheng DBSCAN,Ceravolo,sudden_trace_noise15_1000_pl,400,200.0,[],[499],,,00:00:00,0.1863348000000542,0.0001863348000000542
Zheng DBSCAN,Ostovar,Nested_ROI_output_ROI,300,30.0,"[np.float64(943.8888888888889), np.float64(991.0), np.float64(1068.0), np.float64(1927.3)]","[999, 1999]",0.6666666666666666,39.85000000000002,00:00:04,4.90788950000001,0.0016365086695565223
Zheng DBSCAN,Ostovar,Nested_ROI_output_ROI,300,60.0,"[np.float64(948.6), np.float64(1068.0), np.float64(1927.3)]","[999, 1999]",0.8,61.05000000000001,00:00:04,4.90788950000001,0.0016365086695565223
Zheng DBSCAN,Ostovar,Nested_ROI_output_ROI,300,90.0,"[np.float64(959.4545454545455), np.float64(1927.3)]","[999, 1999]",1.0,55.622727272727275,00:00:04,4.90788950000001,0.0016365086695565223
Zheng DBSCAN,Ostovar,Nested_ROI_output_ROI,300,120.0,"[np.float64(959.4545454545455), np.float64(1927.3)]","[999, 1999]",1.0,55.622727272727275,00:00:04,4.90788950000001,0.0016365086695565223
Zheng DBSCAN,Ostovar,Nested_ROI_output_ROI,300,150.0,"[np.float64(959.4545454545455), np.float64(1927.3)]","[999, 1999]",1.0,55.622727272727275,00:00:04,4.90788950000001,0.0016365086695565223
Zheng DBSCAN,Ostovar,Atomic_ConditionalMove_output_ConditionalMove_5,700,70.0,[np.float64(1496.6246438746439)],"[999, 1999]",,,00:00:06,6.759098300000005,0.0022537840280093383
Zheng DBSCAN,Ostovar,Atomic_ConditionalMove_output_ConditionalMove_5,700,140.0,[np.float64(1496.6246438746439)],"[999, 1999]",,,00:00:06,6.759098300000005,0.0022537840280093383
Zheng DBSCAN,Ostovar,Atomic_ConditionalMove_output_ConditionalMove_5,700,210.0,[np.float64(1496.6246438746439)],"[999, 1999]",,,00:00:06,6.759098300000005,0.0022537840280093383
Zheng DBSCAN,Ostovar,Atomic_ConditionalMove_output_ConditionalMove_5,700,280.0,[np.float64(1496.6246438746439)],"[999, 1999]",,,00:00:06,6.759098300000005,0.0022537840280093383
Zheng DBSCAN,Ostovar,Atomic_ConditionalMove_output_ConditionalMove_5,700,350.0,[np.float64(1496.6246438746439)],"[999, 1999]",,,00:00:06,6.759098300000005,0.0022537840280093383
Zheng DBSCAN,Ceravolo,sudden_trace_noise10_1000_cp,500,50.0,[],[499],,,00:00:00,0.18974439999999504,0.00018974439999999503
Zheng DBSCAN,Ceravolo,sudden_trace_noise10_1000_cp,500,100.0,[],[499],,,00:00:00,0.18974439999999504,0.00018974439999999503
Zheng DBSCAN,Ceravolo,sudden_trace_noise10_1000_cp,500,150.0,[],[499],,,00:00:00,0.18974439999999504,0.00018974439999999503
Zheng DBSCAN,Ceravolo,sudden_trace_noise10_1000_cp,500,200.0,[],[499],,,00:00:00,0.18974439999999504,0.00018974439999999503
Zheng DBSCAN,Ceravolo,sudden_trace_noise10_1000_cp,500,250.0,[],[499],,,00:00:00,0.18974439999999504,0.00018974439999999503
Zheng DBSCAN,Ostovar,Nested_IOR_output_IOR_5,800,80.0,[np.float64(1514.4286689419796)],"[999, 1999]",,,00:00:07,7.152009099999987,0.0023847979659886586
Zheng DBSCAN,Ostovar,Nested_IOR_output_IOR_5,800,160.0,[np.float64(1514.4286689419796)],"[999, 1999]",,,00:00:07,7.152009099999987,0.0023847979659886586
Zheng DBSCAN,Ostovar,Nested_IOR_output_IOR_5,800,240.0,[np.float64(1514.4286689419796)],"[999, 1999]",,,00:00:07,7.152009099999987,0.0023847979659886586
Zheng DBSCAN,Ostovar,Nested_IOR_output_IOR_5,800,320.0,[np.float64(1514.4286689419796)],"[999, 1999]",,,00:00:07,7.152009099999987,0.0023847979659886586
Zheng DBSCAN,Ostovar,Nested_IOR_output_IOR_5,800,400.0,[np.float64(1514.4286689419796)],"[999, 1999]",,,00:00:07,7.152009099999987,0.0023847979659886586
Zheng DBSCAN,Ceravolo,sudden_trace_noise10_1000_RIO,700,70.0,[],[499],,,00:00:00,0.19671160000007148,0.00019671160000007149
Zheng DBSCAN,Ceravolo,sudden_trace_noise10_1000_RIO,700,140.0,[],[499],,,00:00:00,0.19671160000007148,0.00019671160000007149
Zheng DBSCAN,Ceravolo,sudden_trace_noise10_1000_RIO,700,210.0,[],[499],,,00:00:00,0.19671160000007148,0.00019671160000007149
Zheng DBSCAN,Ceravolo,sudden_trace_noise10_1000_RIO,700,280.0,[],[499],,,00:00:00,0.19671160000007148,0.00019671160000007149
Zheng DBSCAN,Ceravolo,sudden_trace_noise10_1000_RIO,700,350.0,[],[499],,,00:00:00,0.19671160000007148,0.00019671160000007149
Zheng DBSCAN,Ostovar,Composite_IRO_output_IRO_2,600,60.0,[np.float64(1515.3496503496503)],"[999, 1999]",,,00:00:06,6.9462872999999945,0.0023162011670556835
Zheng DBSCAN,Ostovar,Composite_IRO_output_IRO_2,600,120.0,[np.float64(1515.3496503496503)],"[999, 1999]",,,00:00:06,6.9462872999999945,0.0023162011670556835
Zheng DBSCAN,Ostovar,Composite_IRO_output_IRO_2,600,180.0,[np.float64(1515.3496503496503)],"[999, 1999]",,,00:00:06,6.9462872999999945,0.0023162011670556835
Zheng DBSCAN,Ostovar,Composite_IRO_output_IRO_2,600,240.0,[np.float64(1515.3496503496503)],"[999, 1999]",,,00:00:06,6.9462872999999945,0.0023162011670556835
Zheng DBSCAN,Ostovar,Composite_IRO_output_IRO_2,600,300.0,[np.float64(1515.3496503496503)],"[999, 1999]",,,00:00:06,6.9462872999999945,0.0023162011670556835
Zheng DBSCAN,Ceravolo,sudden_trace_noise0_1000_IRO,400,40.0,[np.float64(448.6666666666667)],[499],1.0,50.333333333333314,00:00:00,0.21144670000001042,0.0002114467000000104
Zheng DBSCAN,Ceravolo,sudden_trace_noise0_1000_IRO,400,80.0,[np.float64(448.6666666666667)],[499],1.0,50.333333333333314,00:00:00,0.21144670000001042,0.0002114467000000104
Zheng DBSCAN,Ceravolo,sudden_trace_noise0_1000_IRO,400,120.0,[np.float64(448.6666666666667)],[499],1.0,50.333333333333314,00:00:00,0.21144670000001042,0.0002114467000000104
Zheng DBSCAN,Ceravolo,sudden_trace_noise0_1000_IRO,400,160.0,[np.float64(448.6666666666667)],[499],1.0,50.333333333333314,00:00:00,0.21144670000001042,0.0002114467000000104
Zheng DBSCAN,Ceravolo,sudden_trace_noise0_1000_IRO,400,200.0,[np.float64(448.6666666666667)],[499],1.0,50.333333333333314,00:00:00,0.21144670000001042,0.0002114467000000104
Zheng DBSCAN,Ceravolo,sudden_trace_noise15_1000_ROI,300,30.0,[np.float64(448.5)],[499],1.0,50.5,00:00:00,0.23034069999994244,0.00023034069999994244
Zheng DBSCAN,Ceravolo,sudden_trace_noise15_1000_ROI,300,60.0,[np.float64(448.5)],[499],1.0,50.5,00:00:00,0.23034069999994244,0.00023034069999994244
Zheng DBSCAN,Ceravolo,sudden_trace_noise15_1000_ROI,300,90.0,[np.float64(448.5)],[499],1.0,50.5,00:00:00,0.23034069999994244,0.00023034069999994244
Zheng DBSCAN,Ceravolo,sudden_trace_noise15_1000_ROI,300,120.0,[np.float64(448.5)],[499],1.0,50.5,00:00:00,0.23034069999994244,0.00023034069999994244
Zheng DBSCAN,Ceravolo,sudden_trace_noise15_1000_ROI,300,150.0,[np.float64(448.5)],[499],1.0,50.5,00:00:00,0.23034069999994244,0.00023034069999994244
Zheng DBSCAN,Ostovar,Atomic_Skip_output_Skip_2,800,80.0,[np.float64(1481.0320962888666)],"[999, 1999]",,,00:00:05,5.776153600000043,0.0019260265421807414
Zheng DBSCAN,Ostovar,Atomic_Skip_output_Skip_2,800,160.0,[np.float64(1481.0320962888666)],"[999, 1999]",,,00:00:05,5.776153600000043,0.0019260265421807414
Zheng DBSCAN,Ostovar,Atomic_Skip_output_Skip_2,800,240.0,[np.float64(1481.0320962888666)],"[999, 1999]",,,00:00:05,5.776153600000043,0.0019260265421807414
Zheng DBSCAN,Ostovar,Atomic_Skip_output_Skip_2,800,320.0,[np.float64(1481.0320962888666)],"[999, 1999]",,,00:00:05,5.776153600000043,0.0019260265421807414
Zheng DBSCAN,Ostovar,Atomic_Skip_output_Skip_2,800,400.0,[np.float64(1481.0320962888666)],"[999, 1999]",,,00:00:05,5.776153600000043,0.0019260265421807414
Zheng DBSCAN,Ceravolo,sudden_trace_noise5_1000_cp,800,80.0,[],[499],,,00:00:00,0.18896529999994982,0.00018896529999994983
Zheng DBSCAN,Ceravolo,sudden_trace_noise5_1000_cp,800,160.0,[],[499],,,00:00:00,0.18896529999994982,0.00018896529999994983
Zheng DBSCAN,Ceravolo,sudden_trace_noise5_1000_cp,800,240.0,[],[499],,,00:00:00,0.18896529999994982,0.00018896529999994983
Zheng DBSCAN,Ceravolo,sudden_trace_noise5_1000_cp,800,320.0,[],[499],,,00:00:00,0.18896529999994982,0.00018896529999994983
Zheng DBSCAN,Ceravolo,sudden_trace_noise5_1000_cp,800,400.0,[],[499],,,00:00:00,0.18896529999994982,0.00018896529999994983
Zheng DBSCAN,Ostovar,Composite_IOR_output_IOR_5,500,50.0,[np.float64(1502.4753877275791)],"[999, 1999]",,,00:00:05,5.308200700000043,0.0017699902300767065
Zheng DBSCAN,Ostovar,Composite_IOR_output_IOR_5,500,100.0,[np.float64(1502.4753877275791)],"[999, 1999]",,,00:00:05,5.308200700000043,0.0017699902300767065
Zheng DBSCAN,Ostovar,Composite_IOR_output_IOR_5,500,150.0,[np.float64(1502.4753877275791)],"[999, 1999]",,,00:00:05,5.308200700000043,0.0017699902300767065
Zheng DBSCAN,Ostovar,Composite_IOR_output_IOR_5,500,200.0,[np.float64(1502.4753877275791)],"[999, 1999]",,,00:00:05,5.308200700000043,0.0017699902300767065
Zheng DBSCAN,Ostovar,Composite_IOR_output_IOR_5,500,250.0,[np.float64(1502.4753877275791)],"[999, 1999]",,,00:00:05,5.308200700000043,0.0017699902300767065
Zheng DBSCAN,Ceravolo,sudden_trace_noise10_1000_lp,600,60.0,[],[499],,,00:00:00,0.19260459999998147,0.00019260459999998148
Zheng DBSCAN,Ceravolo,sudden_trace_noise10_1000_lp,600,120.0,[],[499],,,00:00:00,0.19260459999998147,0.00019260459999998148
Zheng DBSCAN,Ceravolo,sudden_trace_noise10_1000_lp,600,180.0,[],[499],,,00:00:00,0.19260459999998147,0.00019260459999998148
Zheng DBSCAN,Ceravolo,sudden_trace_noise10_1000_lp,600,240.0,[],[499],,,00:00:00,0.19260459999998147,0.00019260459999998148
Zheng DBSCAN,Ceravolo,sudden_trace_noise10_1000_lp,600,300.0,[],[499],,,00:00:00,0.19260459999998147,0.00019260459999998148
Zheng DBSCAN,Ceravolo,sudden_trace_noise5_1000_cd,700,70.0,[],[499],,,00:00:00,0.1995663999999806,0.0001995663999999806
Zheng DBSCAN,Ceravolo,sudden_trace_noise5_1000_cd,700,140.0,[],[499],,,00:00:00,0.1995663999999806,0.0001995663999999806
Zheng DBSCAN,Ceravolo,sudden_trace_noise5_1000_cd,700,210.0,[],[499],,,00:00:00,0.1995663999999806,0.0001995663999999806
Zheng DBSCAN,Ceravolo,sudden_trace_noise5_1000_cd,700,280.0,[],[499],,,00:00:00,0.1995663999999806,0.0001995663999999806
Zheng DBSCAN,Ceravolo,sudden_trace_noise5_1000_cd,700,350.0,[],[499],,,00:00:00,0.1995663999999806,0.0001995663999999806
Zheng DBSCAN,Ostovar,Atomic_ParallelToSequence_output_ParallelToSequence_5,500,50.0,[np.float64(1481.3244104525174)],"[999, 1999]",,,00:00:06,6.077560299999959,0.00202652894298098
Zheng DBSCAN,Ostovar,Atomic_ParallelToSequence_output_ParallelToSequence_5,500,100.0,[np.float64(1481.3244104525174)],"[999, 1999]",,,00:00:06,6.077560299999959,0.00202652894298098
Zheng DBSCAN,Ostovar,Atomic_ParallelToSequence_output_ParallelToSequence_5,500,150.0,[np.float64(1481.3244104525174)],"[999, 1999]",,,00:00:06,6.077560299999959,0.00202652894298098
Zheng DBSCAN,Ostovar,Atomic_ParallelToSequence_output_ParallelToSequence_5,500,200.0,[np.float64(1481.3244104525174)],"[999, 1999]",,,00:00:06,6.077560299999959,0.00202652894298098
Zheng DBSCAN,Ostovar,Atomic_ParallelToSequence_output_ParallelToSequence_5,500,250.0,[np.float64(1481.3244104525174)],"[999, 1999]",,,00:00:06,6.077560299999959,0.00202652894298098
Zheng DBSCAN,Ceravolo,sudden_trace_noise10_1000_cd,600,60.0,[],[499],,,00:00:00,0.18177749999995285,0.00018177749999995286
Zheng DBSCAN,Ceravolo,sudden_trace_noise10_1000_cd,600,120.0,[],[499],,,00:00:00,0.18177749999995285,0.00018177749999995286
Zheng DBSCAN,Ceravolo,sudden_trace_noise10_1000_cd,600,180.0,[],[499],,,00:00:00,0.18177749999995285,0.00018177749999995286
Zheng DBSCAN,Ceravolo,sudden_trace_noise10_1000_cd,600,240.0,[],[499],,,00:00:00,0.18177749999995285,0.00018177749999995286
Zheng DBSCAN,Ceravolo,sudden_trace_noise10_1000_cd,600,300.0,[],[499],,,00:00:00,0.18177749999995285,0.00018177749999995286
Zheng DBSCAN,Ostovar,Nested_RIO_output_RIO,700,70.0,"[np.float64(968.5555555555555), np.float64(1773.0), np.float64(1910.2608695652175)]","[999, 1999]",0.8,59.59178743961348,00:00:06,6.1580801000000065,0.0020533778259419827
Zheng DBSCAN,Ostovar,Nested_RIO_output_RIO,700,140.0,"[np.float64(968.5555555555555), np.float64(1904.5416666666667)]","[999, 1999]",1.0,62.45138888888886,00:00:06,6.1580801000000065,0.0020533778259419827
Zheng DBSCAN,Ostovar,Nested_RIO_output_RIO,700,210.0,"[np.float64(968.5555555555555), np.float64(1904.5416666666667)]","[999, 1999]",1.0,62.45138888888886,00:00:06,6.1580801000000065,0.0020533778259419827
Zheng DBSCAN,Ostovar,Nested_RIO_output_RIO,700,280.0,"[np.float64(968.5555555555555), np.float64(1904.5416666666667)]","[999, 1999]",1.0,62.45138888888886,00:00:06,6.1580801000000065,0.0020533778259419827
Zheng DBSCAN,Ostovar,Nested_RIO_output_RIO,700,350.0,"[np.float64(968.5555555555555), np.float64(1904.5416666666667)]","[999, 1999]",1.0,62.45138888888886,00:00:06,6.1580801000000065,0.0020533778259419827
Zheng DBSCAN,Ceravolo,sudden_trace_noise10_1000_re,600,60.0,[],[499],,,00:00:00,0.1983133999999609,0.0001983133999999609
Zheng DBSCAN,Ceravolo,sudden_trace_noise10_1000_re,600,120.0,[],[499],,,00:00:00,0.1983133999999609,0.0001983133999999609
Zheng DBSCAN,Ceravolo,sudden_trace_noise10_1000_re,600,180.0,[],[499],,,00:00:00,0.1983133999999609,0.0001983133999999609
Zheng DBSCAN,Ceravolo,sudden_trace_noise10_1000_re,600,240.0,[],[499],,,00:00:00,0.1983133999999609,0.0001983133999999609
Zheng DBSCAN,Ceravolo,sudden_trace_noise10_1000_re,600,300.0,[],[499],,,00:00:00,0.1983133999999609,0.0001983133999999609
Zheng DBSCAN,Ostovar,Atomic_ConditionalRemoval_output_ConditionalRemoval_5,800,80.0,[np.float64(1520.5092816787733)],"[999, 1999]",,,00:00:05,5.671470999999997,0.0018911207069022998
Zheng DBSCAN,Ostovar,Atomic_ConditionalRemoval_output_ConditionalRemoval_5,800,160.0,[np.float64(1520.5092816787733)],"[999, 1999]",,,00:00:05,5.671470999999997,0.0018911207069022998
Zheng DBSCAN,Ostovar,Atomic_ConditionalRemoval_output_ConditionalRemoval_5,800,240.0,[np.float64(1520.5092816787733)],"[999, 1999]",,,00:00:05,5.671470999999997,0.0018911207069022998
Zheng DBSCAN,Ostovar,Atomic_ConditionalRemoval_output_ConditionalRemoval_5,800,320.0,[np.float64(1520.5092816787733)],"[999, 1999]",,,00:00:05,5.671470999999997,0.0018911207069022998
Zheng DBSCAN,Ostovar,Atomic_ConditionalRemoval_output_ConditionalRemoval_5,800,400.0,[np.float64(1520.5092816787733)],"[999, 1999]",,,00:00:05,5.671470999999997,0.0018911207069022998
Zheng DBSCAN,Ostovar,Atomic_ParallelToSequence_output_ParallelToSequence,400,40.0,"[np.float64(940.5), np.float64(1941.909090909091)]","[999, 1999]",1.0,57.795454545454504,00:00:05,5.023156599999993,0.0016749438479493142
Zheng DBSCAN,Ostovar,Atomic_ParallelToSequence_output_ParallelToSequence,400,80.0,"[np.float64(940.5), np.float64(1941.909090909091)]","[999, 1999]",1.0,57.795454545454504,00:00:05,5.023156599999993,0.0016749438479493142
Zheng DBSCAN,Ostovar,Atomic_ParallelToSequence_output_ParallelToSequence,400,120.0,"[np.float64(940.5), np.float64(1941.909090909091)]","[999, 1999]",1.0,57.795454545454504,00:00:05,5.023156599999993,0.0016749438479493142
Zheng DBSCAN,Ostovar,Atomic_ParallelToSequence_output_ParallelToSequence,400,160.0,"[np.float64(940.5), np.float64(1941.909090909091)]","[999, 1999]",1.0,57.795454545454504,00:00:05,5.023156599999993,0.0016749438479493142
Zheng DBSCAN,Ostovar,Atomic_ParallelToSequence_output_ParallelToSequence,400,200.0,"[np.float64(940.5), np.float64(1941.909090909091)]","[999, 1999]",1.0,57.795454545454504,00:00:05,5.023156599999993,0.0016749438479493142
Zheng DBSCAN,Ceravolo,sudden_trace_noise0_1000_re,400,40.0,[np.float64(447.5)],[499],1.0,51.5,00:00:00,0.20488120000004528,0.00020488120000004527
Zheng DBSCAN,Ceravolo,sudden_trace_noise0_1000_re,400,80.0,[np.float64(447.5)],[499],1.0,51.5,00:00:00,0.20488120000004528,0.00020488120000004527
Zheng DBSCAN,Ceravolo,sudden_trace_noise0_1000_re,400,120.0,[np.float64(447.5)],[499],1.0,51.5,00:00:00,0.20488120000004528,0.00020488120000004527
Zheng DBSCAN,Ceravolo,sudden_trace_noise0_1000_re,400,160.0,[np.float64(447.5)],[499],1.0,51.5,00:00:00,0.20488120000004528,0.00020488120000004527
Zheng DBSCAN,Ceravolo,sudden_trace_noise0_1000_re,400,200.0,[np.float64(447.5)],[499],1.0,51.5,00:00:00,0.20488120000004528,0.00020488120000004527
Zheng DBSCAN,Ostovar,Atomic_ConditionalRemoval_output_ConditionalRemoval,500,50.0,"[np.float64(931.5), np.float64(1943.0)]","[999, 1999]",1.0,61.75,00:00:04,4.6663392000000385,0.0015559650550183524
Zheng DBSCAN,Ostovar,Atomic_ConditionalRemoval_output_ConditionalRemoval,500,100.0,"[np.float64(931.5), np.float64(1943.0)]","[999, 1999]",1.0,61.75,00:00:04,4.6663392000000385,0.0015559650550183524
Zheng DBSCAN,Ostovar,Atomic_ConditionalRemoval_output_ConditionalRemoval,500,150.0,"[np.float64(931.5), np.float64(1943.0)]","[999, 1999]",1.0,61.75,00:00:04,4.6663392000000385,0.0015559650550183524
Zheng DBSCAN,Ostovar,Atomic_ConditionalRemoval_output_ConditionalRemoval,500,200.0,"[np.float64(931.5), np.float64(1943.0)]","[999, 1999]",1.0,61.75,00:00:04,4.6663392000000385,0.0015559650550183524
Zheng DBSCAN,Ostovar,Atomic_ConditionalRemoval_output_ConditionalRemoval,500,250.0,"[np.float64(931.5), np.float64(1943.0)]","[999, 1999]",1.0,61.75,00:00:04,4.6663392000000385,0.0015559650550183524
Zheng DBSCAN,Ostovar,Nested_IOR_output_IOR_5,600,60.0,[np.float64(1507.7651605231868)],"[999, 1999]",,,00:00:07,7.330294900000013,0.00244424638212738
Zheng DBSCAN,Ostovar,Nested_IOR_output_IOR_5,600,120.0,[np.float64(1507.7651605231868)],"[999, 1999]",,,00:00:07,7.330294900000013,0.00244424638212738
Zheng DBSCAN,Ostovar,Nested_IOR_output_IOR_5,600,180.0,[np.float64(1507.7651605231868)],"[999, 1999]",,,00:00:07,7.330294900000013,0.00244424638212738
Zheng DBSCAN,Ostovar,Nested_IOR_output_IOR_5,600,240.0,[np.float64(1507.7651605231868)],"[999, 1999]",,,00:00:07,7.330294900000013,0.00244424638212738
Zheng DBSCAN,Ostovar,Nested_IOR_output_IOR_5,600,300.0,[np.float64(1507.7651605231868)],"[999, 1999]",,,00:00:07,7.330294900000013,0.00244424638212738
Zheng DBSCAN,Ceravolo,sudden_trace_noise10_1000_rp,700,70.0,[],[499],,,00:00:00,0.20895489999998063,0.00020895489999998062
Zheng DBSCAN,Ceravolo,sudden_trace_noise10_1000_rp,700,140.0,[],[499],,,00:00:00,0.20895489999998063,0.00020895489999998062
Zheng DBSCAN,Ceravolo,sudden_trace_noise10_1000_rp,700,210.0,[],[499],,,00:00:00,0.20895489999998063,0.00020895489999998062
Zheng DBSCAN,Ceravolo,sudden_trace_noise10_1000_rp,700,280.0,[],[499],,,00:00:00,0.20895489999998063,0.00020895489999998062
Zheng DBSCAN,Ceravolo,sudden_trace_noise10_1000_rp,700,350.0,[],[499],,,00:00:00,0.20895489999998063,0.00020895489999998062
Zheng DBSCAN,Ceravolo,sudden_trace_noise20_1000_cp,400,40.0,[np.float64(449.0)],[499],1.0,50.0,00:00:00,0.17982129999995777,0.00017982129999995778
Zheng DBSCAN,Ceravolo,sudden_trace_noise20_1000_cp,400,80.0,[np.float64(449.0)],[499],1.0,50.0,00:00:00,0.17982129999995777,0.00017982129999995778
Zheng DBSCAN,Ceravolo,sudden_trace_noise20_1000_cp,400,120.0,[np.float64(449.0)],[499],1.0,50.0,00:00:00,0.17982129999995777,0.00017982129999995778
Zheng DBSCAN,Ceravolo,sudden_trace_noise20_1000_cp,400,160.0,[np.float64(449.0)],[499],1.0,50.0,00:00:00,0.17982129999995777,0.00017982129999995778
Zheng DBSCAN,Ceravolo,sudden_trace_noise20_1000_cp,400,200.0,[np.float64(449.0)],[499],1.0,50.0,00:00:00,0.17982129999995777,0.00017982129999995778
Zheng DBSCAN,Ceravolo,sudden_trace_noise20_1000_OIR,700,70.0,[],[499],,,00:00:00,0.205816299999924,0.00020581629999992401
Zheng DBSCAN,Ceravolo,sudden_trace_noise20_1000_OIR,700,140.0,[],[499],,,00:00:00,0.205816299999924,0.00020581629999992401
Zheng DBSCAN,Ceravolo,sudden_trace_noise20_1000_OIR,700,210.0,[],[499],,,00:00:00,0.205816299999924,0.00020581629999992401
Zheng DBSCAN,Ceravolo,sudden_trace_noise20_1000_OIR,700,280.0,[],[499],,,00:00:00,0.205816299999924,0.00020581629999992401
Zheng DBSCAN,Ceravolo,sudden_trace_noise20_1000_OIR,700,350.0,[],[499],,,00:00:00,0.205816299999924,0.00020581629999992401
Zheng DBSCAN,Ceravolo,sudden_trace_noise20_1000_sw,800,80.0,[],[499],,,00:00:00,0.18891689999998107,0.00018891689999998108
Zheng DBSCAN,Ceravolo,sudden_trace_noise20_1000_sw,800,160.0,[],[499],,,00:00:00,0.18891689999998107,0.00018891689999998108
Zheng DBSCAN,Ceravolo,sudden_trace_noise20_1000_sw,800,240.0,[],[499],,,00:00:00,0.18891689999998107,0.00018891689999998108
Zheng DBSCAN,Ceravolo,sudden_trace_noise20_1000_sw,800,320.0,[],[499],,,00:00:00,0.18891689999998107,0.00018891689999998108
Zheng DBSCAN,Ceravolo,sudden_trace_noise20_1000_sw,800,400.0,[],[499],,,00:00:00,0.18891689999998107,0.00018891689999998108
Zheng DBSCAN,Ceravolo,sudden_trace_noise10_1000_cp,400,40.0,[np.float64(449.0)],[499],1.0,50.0,00:00:00,0.19932670000002872,0.00019932670000002872
Zheng DBSCAN,Ceravolo,sudden_trace_noise10_1000_cp,400,80.0,[np.float64(449.0)],[499],1.0,50.0,00:00:00,0.19932670000002872,0.00019932670000002872
Zheng DBSCAN,Ceravolo,sudden_trace_noise10_1000_cp,400,120.0,[np.float64(449.0)],[499],1.0,50.0,00:00:00,0.19932670000002872,0.00019932670000002872
Zheng DBSCAN,Ceravolo,sudden_trace_noise10_1000_cp,400,160.0,[np.float64(449.0)],[499],1.0,50.0,00:00:00,0.19932670000002872,0.00019932670000002872
Zheng DBSCAN,Ceravolo,sudden_trace_noise10_1000_cp,400,200.0,[np.float64(449.0)],[499],1.0,50.0,00:00:00,0.19932670000002872,0.00019932670000002872
Zheng DBSCAN,Ostovar,Atomic_Frequency_output_Frequency,600,60.0,[],"[999, 1999]",,,00:00:02,2.2972553000000744,0.0007660071023674807
Zheng DBSCAN,Ostovar,Atomic_Frequency_output_Frequency,600,120.0,[],"[999, 1999]",,,00:00:02,2.2972553000000744,0.0007660071023674807
Zheng DBSCAN,Ostovar,Atomic_Frequency_output_Frequency,600,180.0,[],"[999, 1999]",,,00:00:02,2.2972553000000744,0.0007660071023674807
Zheng DBSCAN,Ostovar,Atomic_Frequency_output_Frequency,600,240.0,[],"[999, 1999]",,,00:00:02,2.2972553000000744,0.0007660071023674807
Zheng DBSCAN,Ostovar,Atomic_Frequency_output_Frequency,600,300.0,[],"[999, 1999]",,,00:00:02,2.2972553000000744,0.0007660071023674807
Zheng DBSCAN,Ostovar,Atomic_ParallelRemoval_output_ParallelRemoval_5,800,80.0,[np.float64(1511.879489225858)],"[999, 1999]",,,00:00:05,5.548249599999963,0.0018500332110703444
Zheng DBSCAN,Ostovar,Atomic_ParallelRemoval_output_ParallelRemoval_5,800,160.0,[np.float64(1511.879489225858)],"[999, 1999]",,,00:00:05,5.548249599999963,0.0018500332110703444
Zheng DBSCAN,Ostovar,Atomic_ParallelRemoval_output_ParallelRemoval_5,800,240.0,[np.float64(1511.879489225858)],"[999, 1999]",,,00:00:05,5.548249599999963,0.0018500332110703444
Zheng DBSCAN,Ostovar,Atomic_ParallelRemoval_output_ParallelRemoval_5,800,320.0,[np.float64(1511.879489225858)],"[999, 1999]",,,00:00:05,5.548249599999963,0.0018500332110703444
Zheng DBSCAN,Ostovar,Atomic_ParallelRemoval_output_ParallelRemoval_5,800,400.0,[np.float64(1511.879489225858)],"[999, 1999]",,,00:00:05,5.548249599999963,0.0018500332110703444
Zheng DBSCAN,Ceravolo,sudden_trace_noise10_1000_pl,400,40.0,[],[499],,,00:00:00,0.15850690000002032,0.00015850690000002033
Zheng DBSCAN,Ceravolo,sudden_trace_noise10_1000_pl,400,80.0,[],[499],,,00:00:00,0.15850690000002032,0.00015850690000002033
Zheng DBSCAN,Ceravolo,sudden_trace_noise10_1000_pl,400,120.0,[],[499],,,00:00:00,0.15850690000002032,0.00015850690000002033
Zheng DBSCAN,Ceravolo,sudden_trace_noise10_1000_pl,400,160.0,[],[499],,,00:00:00,0.15850690000002032,0.00015850690000002033
Zheng DBSCAN,Ceravolo,sudden_trace_noise10_1000_pl,400,200.0,[],[499],,,00:00:00,0.15850690000002032,0.00015850690000002033
Zheng DBSCAN,Ceravolo,sudden_trace_noise10_1000_rp,800,80.0,[],[499],,,00:00:00,0.2357140999999956,0.0002357140999999956
Zheng DBSCAN,Ceravolo,sudden_trace_noise10_1000_rp,800,160.0,[],[499],,,00:00:00,0.2357140999999956,0.0002357140999999956
Zheng DBSCAN,Ceravolo,sudden_trace_noise10_1000_rp,800,240.0,[],[499],,,00:00:00,0.2357140999999956,0.0002357140999999956
Zheng DBSCAN,Ceravolo,sudden_trace_noise10_1000_rp,800,320.0,[],[499],,,00:00:00,0.2357140999999956,0.0002357140999999956
Zheng DBSCAN,Ceravolo,sudden_trace_noise10_1000_rp,800,400.0,[],[499],,,00:00:00,0.2357140999999956,0.0002357140999999956
Zheng DBSCAN,Ceravolo,sudden_trace_noise0_1000_OIR,700,70.0,[],[499],,,00:00:00,0.2296416000000363,0.0002296416000000363
Zheng DBSCAN,Ceravolo,sudden_trace_noise0_1000_OIR,700,140.0,[],[499],,,00:00:00,0.2296416000000363,0.0002296416000000363
Zheng DBSCAN,Ceravolo,sudden_trace_noise0_1000_OIR,700,210.0,[],[499],,,00:00:00,0.2296416000000363,0.0002296416000000363
Zheng DBSCAN,Ceravolo,sudden_trace_noise0_1000_OIR,700,280.0,[],[499],,,00:00:00,0.2296416000000363,0.0002296416000000363
Zheng DBSCAN,Ceravolo,sudden_trace_noise0_1000_OIR,700,350.0,[],[499],,,00:00:00,0.2296416000000363,0.0002296416000000363
Zheng DBSCAN,Ostovar,Atomic_Frequency_output_Frequency_5,700,70.0,[np.float64(1521.9751693002258)],"[999, 1999]",,,00:00:03,3.2037983999999824,0.0010682888962987604
Zheng DBSCAN,Ostovar,Atomic_Frequency_output_Frequency_5,700,140.0,[np.float64(1521.9751693002258)],"[999, 1999]",,,00:00:03,3.2037983999999824,0.0010682888962987604
Zheng DBSCAN,Ostovar,Atomic_Frequency_output_Frequency_5,700,210.0,[np.float64(1521.9751693002258)],"[999, 1999]",,,00:00:03,3.2037983999999824,0.0010682888962987604
Zheng DBSCAN,Ostovar,Atomic_Frequency_output_Frequency_5,700,280.0,[np.float64(1521.9751693002258)],"[999, 1999]",,,00:00:03,3.2037983999999824,0.0010682888962987604
Zheng DBSCAN,Ostovar,Atomic_Frequency_output_Frequency_5,700,350.0,[np.float64(1521.9751693002258)],"[999, 1999]",,,00:00:03,3.2037983999999824,0.0010682888962987604
Zheng DBSCAN,Ostovar,Atomic_ConditionalRemoval_output_ConditionalRemoval,300,30.0,"[np.float64(931.5), np.float64(1943.0)]","[999, 1999]",1.0,61.75,00:00:04,4.469532300000083,0.0014903408802934587
Zheng DBSCAN,Ostovar,Atomic_ConditionalRemoval_output_ConditionalRemoval,300,60.0,"[np.float64(931.5), np.float64(1943.0)]","[999, 1999]",1.0,61.75,00:00:04,4.469532300000083,0.0014903408802934587
Zheng DBSCAN,Ostovar,Atomic_ConditionalRemoval_output_ConditionalRemoval,300,90.0,"[np.float64(931.5), np.float64(1943.0)]","[999, 1999]",1.0,61.75,00:00:04,4.469532300000083,0.0014903408802934587
Zheng DBSCAN,Ostovar,Atomic_ConditionalRemoval_output_ConditionalRemoval,300,120.0,"[np.float64(931.5), np.float64(1943.0)]","[999, 1999]",1.0,61.75,00:00:04,4.469532300000083,0.0014903408802934587
Zheng DBSCAN,Ostovar,Atomic_ConditionalRemoval_output_ConditionalRemoval,300,150.0,"[np.float64(931.5), np.float64(1943.0)]","[999, 1999]",1.0,61.75,00:00:04,4.469532300000083,0.0014903408802934587
Zheng DBSCAN,Ostovar,Atomic_ParallelRemoval_output_ParallelRemoval_5,500,50.0,[np.float64(1513.003896103896)],"[999, 1999]",,,00:00:05,5.570157300000005,0.001857338212737581
Zheng DBSCAN,Ostovar,Atomic_ParallelRemoval_output_ParallelRemoval_5,500,100.0,[np.float64(1513.003896103896)],"[999, 1999]",,,00:00:05,5.570157300000005,0.001857338212737581
Zheng DBSCAN,Ostovar,Atomic_ParallelRemoval_output_ParallelRemoval_5,500,150.0,[np.float64(1513.003896103896)],"[999, 1999]",,,00:00:05,5.570157300000005,0.001857338212737581
Zheng DBSCAN,Ostovar,Atomic_ParallelRemoval_output_ParallelRemoval_5,500,200.0,[np.float64(1513.003896103896)],"[999, 1999]",,,00:00:05,5.570157300000005,0.001857338212737581
Zheng DBSCAN,Ostovar,Atomic_ParallelRemoval_output_ParallelRemoval_5,500,250.0,[np.float64(1513.003896103896)],"[999, 1999]",,,00:00:05,5.570157300000005,0.001857338212737581
Zheng DBSCAN,Ceravolo,sudden_trace_noise5_1000_lp,300,30.0,[np.float64(448.0)],[499],1.0,51.0,00:00:00,0.20576169999992544,0.00020576169999992545
Zheng DBSCAN,Ceravolo,sudden_trace_noise5_1000_lp,300,60.0,[np.float64(448.0)],[499],1.0,51.0,00:00:00,0.20576169999992544,0.00020576169999992545
Zheng DBSCAN,Ceravolo,sudden_trace_noise5_1000_lp,300,90.0,[np.float64(448.0)],[499],1.0,51.0,00:00:00,0.20576169999992544,0.00020576169999992545
Zheng DBSCAN,Ceravolo,sudden_trace_noise5_1000_lp,300,120.0,[np.float64(448.0)],[499],1.0,51.0,00:00:00,0.20576169999992544,0.00020576169999992545
Zheng DBSCAN,Ceravolo,sudden_trace_noise5_1000_lp,300,150.0,[np.float64(448.0)],[499],1.0,51.0,00:00:00,0.20576169999992544,0.00020576169999992545
Zheng DBSCAN,Ceravolo,sudden_trace_noise10_1000_ROI,800,80.0,[],[499],,,00:00:00,0.22800259999996797,0.00022800259999996797
Zheng DBSCAN,Ceravolo,sudden_trace_noise10_1000_ROI,800,160.0,[],[499],,,00:00:00,0.22800259999996797,0.00022800259999996797
Zheng DBSCAN,Ceravolo,sudden_trace_noise10_1000_ROI,800,240.0,[],[499],,,00:00:00,0.22800259999996797,0.00022800259999996797
Zheng DBSCAN,Ceravolo,sudden_trace_noise10_1000_ROI,800,320.0,[],[499],,,00:00:00,0.22800259999996797,0.00022800259999996797
Zheng DBSCAN,Ceravolo,sudden_trace_noise10_1000_ROI,800,400.0,[],[499],,,00:00:00,0.22800259999996797,0.00022800259999996797
Zheng DBSCAN,Ceravolo,sudden_trace_noise20_1000_cb,600,60.0,[],[499],,,00:00:00,0.19198810000000321,0.0001919881000000032
Zheng DBSCAN,Ceravolo,sudden_trace_noise20_1000_cb,600,120.0,[],[499],,,00:00:00,0.19198810000000321,0.0001919881000000032
Zheng DBSCAN,Ceravolo,sudden_trace_noise20_1000_cb,600,180.0,[],[499],,,00:00:00,0.19198810000000321,0.0001919881000000032
Zheng DBSCAN,Ceravolo,sudden_trace_noise20_1000_cb,600,240.0,[],[499],,,00:00:00,0.19198810000000321,0.0001919881000000032
Zheng DBSCAN,Ceravolo,sudden_trace_noise20_1000_cb,600,300.0,[],[499],,,00:00:00,0.19198810000000321,0.0001919881000000032
Zheng DBSCAN,Ostovar,Atomic_Swap_output_Swap_5,300,30.0,[np.float64(1487.2066666666667)],"[999, 1999]",,,00:00:05,5.686455000000024,0.0018961170390130121
Zheng DBSCAN,Ostovar,Atomic_Swap_output_Swap_5,300,60.0,[np.float64(1487.2066666666667)],"[999, 1999]",,,00:00:05,5.686455000000024,0.0018961170390130121
Zheng DBSCAN,Ostovar,Atomic_Swap_output_Swap_5,300,90.0,[np.float64(1487.2066666666667)],"[999, 1999]",,,00:00:05,5.686455000000024,0.0018961170390130121
Zheng DBSCAN,Ostovar,Atomic_Swap_output_Swap_5,300,120.0,[np.float64(1487.2066666666667)],"[999, 1999]",,,00:00:05,5.686455000000024,0.0018961170390130121
Zheng DBSCAN,Ostovar,Atomic_Swap_output_Swap_5,300,150.0,[np.float64(1487.2066666666667)],"[999, 1999]",,,00:00:05,5.686455000000024,0.0018961170390130121
Zheng DBSCAN,Ostovar,Atomic_ParallelRemoval_output_ParallelRemoval_5,600,60.0,[np.float64(1507.5438108484007)],"[999, 1999]",,,00:00:05,5.772049100000004,0.0019246579193064367
Zheng DBSCAN,Ostovar,Atomic_ParallelRemoval_output_ParallelRemoval_5,600,120.0,[np.float64(1507.5438108484007)],"[999, 1999]",,,00:00:05,5.772049100000004,0.0019246579193064367
Zheng DBSCAN,Ostovar,Atomic_ParallelRemoval_output_ParallelRemoval_5,600,180.0,[np.float64(1507.5438108484007)],"[999, 1999]",,,00:00:05,5.772049100000004,0.0019246579193064367
Zheng DBSCAN,Ostovar,Atomic_ParallelRemoval_output_ParallelRemoval_5,600,240.0,[np.float64(1507.5438108484007)],"[999, 1999]",,,00:00:05,5.772049100000004,0.0019246579193064367
Zheng DBSCAN,Ostovar,Atomic_ParallelRemoval_output_ParallelRemoval_5,600,300.0,[np.float64(1507.5438108484007)],"[999, 1999]",,,00:00:05,5.772049100000004,0.0019246579193064367
Zheng DBSCAN,Ostovar,Atomic_ParallelRemoval_output_ParallelRemoval,800,80.0,"[np.float64(933.5), np.float64(1940.3333333333333)]","[999, 1999]",1.0,62.08333333333337,00:00:04,4.453983900000026,0.001485156352117381
Zheng DBSCAN,Ostovar,Atomic_ParallelRemoval_output_ParallelRemoval,800,160.0,"[np.float64(933.5), np.float64(1940.3333333333333)]","[999, 1999]",1.0,62.08333333333337,00:00:04,4.453983900000026,0.001485156352117381
Zheng DBSCAN,Ostovar,Atomic_ParallelRemoval_output_ParallelRemoval,800,240.0,"[np.float64(933.5), np.float64(1940.3333333333333)]","[999, 1999]",1.0,62.08333333333337,00:00:04,4.453983900000026,0.001485156352117381
Zheng DBSCAN,Ostovar,Atomic_ParallelRemoval_output_ParallelRemoval,800,320.0,"[np.float64(933.5), np.float64(1940.3333333333333)]","[999, 1999]",1.0,62.08333333333337,00:00:04,4.453983900000026,0.001485156352117381
Zheng DBSCAN,Ostovar,Atomic_ParallelRemoval_output_ParallelRemoval,800,400.0,"[np.float64(933.5), np.float64(1940.3333333333333)]","[999, 1999]",1.0,62.08333333333337,00:00:04,4.453983900000026,0.001485156352117381
Zheng DBSCAN,Ostovar,Atomic_ParallelRemoval_output_ParallelRemoval_5,400,40.0,[np.float64(1506.6006006006005)],"[999, 1999]",,,00:00:05,5.630442300000027,0.0018774399133044439
Zheng DBSCAN,Ostovar,Atomic_ParallelRemoval_output_ParallelRemoval_5,400,80.0,[np.float64(1506.6006006006005)],"[999, 1999]",,,00:00:05,5.630442300000027,0.0018774399133044439
Zheng DBSCAN,Ostovar,Atomic_ParallelRemoval_output_ParallelRemoval_5,400,120.0,[np.float64(1506.6006006006005)],"[999, 1999]",,,00:00:05,5.630442300000027,0.0018774399133044439
Zheng DBSCAN,Ostovar,Atomic_ParallelRemoval_output_ParallelRemoval_5,400,160.0,[np.float64(1506.6006006006005)],"[999, 1999]",,,00:00:05,5.630442300000027,0.0018774399133044439
Zheng DBSCAN,Ostovar,Atomic_ParallelRemoval_output_ParallelRemoval_5,400,200.0,[np.float64(1506.6006006006005)],"[999, 1999]",,,00:00:05,5.630442300000027,0.0018774399133044439
Zheng DBSCAN,Ostovar,Composite_ORI_output_ORI_5,600,60.0,[np.float64(1512.380481778876)],"[999, 1999]",,,00:00:06,6.554540900000006,0.002185575491830612
Zheng DBSCAN,Ostovar,Composite_ORI_output_ORI_5,600,120.0,[np.float64(1512.380481778876)],"[999, 1999]",,,00:00:06,6.554540900000006,0.002185575491830612
Zheng DBSCAN,Ostovar,Composite_ORI_output_ORI_5,600,180.0,[np.float64(1512.380481778876)],"[999, 1999]",,,00:00:06,6.554540900000006,0.002185575491830612
Zheng DBSCAN,Ostovar,Composite_ORI_output_ORI_5,600,240.0,[np.float64(1512.380481778876)],"[999, 1999]",,,00:00:06,6.554540900000006,0.002185575491830612
Zheng DBSCAN,Ostovar,Composite_ORI_output_ORI_5,600,300.0,[np.float64(1512.380481778876)],"[999, 1999]",,,00:00:06,6.554540900000006,0.002185575491830612
Zheng DBSCAN,Ceravolo,sudden_trace_noise10_1000_re,500,50.0,[],[499],,,00:00:00,0.18839470000000347,0.00018839470000000348
Zheng DBSCAN,Ceravolo,sudden_trace_noise10_1000_re,500,100.0,[],[499],,,00:00:00,0.18839470000000347,0.00018839470000000348
Zheng DBSCAN,Ceravolo,sudden_trace_noise10_1000_re,500,150.0,[],[499],,,00:00:00,0.18839470000000347,0.00018839470000000348
Zheng DBSCAN,Ceravolo,sudden_trace_noise10_1000_re,500,200.0,[],[499],,,00:00:00,0.18839470000000347,0.00018839470000000348
Zheng DBSCAN,Ceravolo,sudden_trace_noise10_1000_re,500,250.0,[],[499],,,00:00:00,0.18839470000000347,0.00018839470000000348
Zheng DBSCAN,Ceravolo,sudden_trace_noise10_1000_RIO,500,50.0,[],[499],,,00:00:00,0.19581540000001496,0.00019581540000001497
Zheng DBSCAN,Ceravolo,sudden_trace_noise10_1000_RIO,500,100.0,[],[499],,,00:00:00,0.19581540000001496,0.00019581540000001497
Zheng DBSCAN,Ceravolo,sudden_trace_noise10_1000_RIO,500,150.0,[],[499],,,00:00:00,0.19581540000001496,0.00019581540000001497
Zheng DBSCAN,Ceravolo,sudden_trace_noise10_1000_RIO,500,200.0,[],[499],,,00:00:00,0.19581540000001496,0.00019581540000001497
Zheng DBSCAN,Ceravolo,sudden_trace_noise10_1000_RIO,500,250.0,[],[499],,,00:00:00,0.19581540000001496,0.00019581540000001497
Zheng DBSCAN,Ostovar,Atomic_ParallelToSequence_output_ParallelToSequence,300,30.0,"[np.float64(940.5), np.float64(1941.909090909091)]","[999, 1999]",1.0,57.795454545454504,00:00:04,4.989628400000015,0.0016637640546849
Zheng DBSCAN,Ostovar,Atomic_ParallelToSequence_output_ParallelToSequence,300,60.0,"[np.float64(940.5), np.float64(1941.909090909091)]","[999, 1999]",1.0,57.795454545454504,00:00:04,4.989628400000015,0.0016637640546849
Zheng DBSCAN,Ostovar,Atomic_ParallelToSequence_output_ParallelToSequence,300,90.0,"[np.float64(940.5), np.float64(1941.909090909091)]","[999, 1999]",1.0,57.795454545454504,00:00:04,4.989628400000015,0.0016637640546849
Zheng DBSCAN,Ostovar,Atomic_ParallelToSequence_output_ParallelToSequence,300,120.0,"[np.float64(940.5), np.float64(1941.909090909091)]","[999, 1999]",1.0,57.795454545454504,00:00:04,4.989628400000015,0.0016637640546849
Zheng DBSCAN,Ostovar,Atomic_ParallelToSequence_output_ParallelToSequence,300,150.0,"[np.float64(940.5), np.float64(1941.909090909091)]","[999, 1999]",1.0,57.795454545454504,00:00:04,4.989628400000015,0.0016637640546849
Zheng DBSCAN,Ceravolo,sudden_trace_noise15_1000_pm,800,80.0,[],[499],,,00:00:00,0.17226049999999304,0.00017226049999999305
Zheng DBSCAN,Ceravolo,sudden_trace_noise15_1000_pm,800,160.0,[],[499],,,00:00:00,0.17226049999999304,0.00017226049999999305
Zheng DBSCAN,Ceravolo,sudden_trace_noise15_1000_pm,800,240.0,[],[499],,,00:00:00,0.17226049999999304,0.00017226049999999305
Zheng DBSCAN,Ceravolo,sudden_trace_noise15_1000_pm,800,320.0,[],[499],,,00:00:00,0.17226049999999304,0.00017226049999999305
Zheng DBSCAN,Ceravolo,sudden_trace_noise15_1000_pm,800,400.0,[],[499],,,00:00:00,0.17226049999999304,0.00017226049999999305
Zheng DBSCAN,Ceravolo,sudden_trace_noise20_1000_cp,800,80.0,[],[499],,,00:00:00,0.18624380000005658,0.00018624380000005657
Zheng DBSCAN,Ceravolo,sudden_trace_noise20_1000_cp,800,160.0,[],[499],,,00:00:00,0.18624380000005658,0.00018624380000005657
Zheng DBSCAN,Ceravolo,sudden_trace_noise20_1000_cp,800,240.0,[],[499],,,00:00:00,0.18624380000005658,0.00018624380000005657
Zheng DBSCAN,Ceravolo,sudden_trace_noise20_1000_cp,800,320.0,[],[499],,,00:00:00,0.18624380000005658,0.00018624380000005657
Zheng DBSCAN,Ceravolo,sudden_trace_noise20_1000_cp,800,400.0,[],[499],,,00:00:00,0.18624380000005658,0.00018624380000005657
Zheng DBSCAN,Ostovar,Atomic_SerialRemoval_output_SerialRemoval_2,600,60.0,[np.float64(1495.507326007326)],"[999, 1999]",,,00:00:05,5.822707899999955,0.00194154981660552
Zheng DBSCAN,Ostovar,Atomic_SerialRemoval_output_SerialRemoval_2,600,120.0,[np.float64(1495.507326007326)],"[999, 1999]",,,00:00:05,5.822707899999955,0.00194154981660552
Zheng DBSCAN,Ostovar,Atomic_SerialRemoval_output_SerialRemoval_2,600,180.0,[np.float64(1495.507326007326)],"[999, 1999]",,,00:00:05,5.822707899999955,0.00194154981660552
Zheng DBSCAN,Ostovar,Atomic_SerialRemoval_output_SerialRemoval_2,600,240.0,[np.float64(1495.507326007326)],"[999, 1999]",,,00:00:05,5.822707899999955,0.00194154981660552
Zheng DBSCAN,Ostovar,Atomic_SerialRemoval_output_SerialRemoval_2,600,300.0,[np.float64(1495.507326007326)],"[999, 1999]",,,00:00:05,5.822707899999955,0.00194154981660552
Zheng DBSCAN,Ceravolo,sudden_trace_noise20_1000_RIO,300,30.0,[np.float64(447.0)],[499],1.0,52.0,00:00:00,0.20975050000004103,0.00020975050000004102
Zheng DBSCAN,Ceravolo,sudden_trace_noise20_1000_RIO,300,60.0,[np.float64(447.0)],[499],1.0,52.0,00:00:00,0.20975050000004103,0.00020975050000004102
Zheng DBSCAN,Ceravolo,sudden_trace_noise20_1000_RIO,300,90.0,[np.float64(447.0)],[499],1.0,52.0,00:00:00,0.20975050000004103,0.00020975050000004102
Zheng DBSCAN,Ceravolo,sudden_trace_noise20_1000_RIO,300,120.0,[np.float64(447.0)],[499],1.0,52.0,00:00:00,0.20975050000004103,0.00020975050000004102
Zheng DBSCAN,Ceravolo,sudden_trace_noise20_1000_RIO,300,150.0,[np.float64(447.0)],[499],1.0,52.0,00:00:00,0.20975050000004103,0.00020975050000004102
Zheng DBSCAN,Ceravolo,sudden_trace_noise5_1000_OIR,800,80.0,[],[499],,,00:00:00,0.2224604000000454,0.0002224604000000454
Zheng DBSCAN,Ceravolo,sudden_trace_noise5_1000_OIR,800,160.0,[],[499],,,00:00:00,0.2224604000000454,0.0002224604000000454
Zheng DBSCAN,Ceravolo,sudden_trace_noise5_1000_OIR,800,240.0,[],[499],,,00:00:00,0.2224604000000454,0.0002224604000000454
Zheng DBSCAN,Ceravolo,sudden_trace_noise5_1000_OIR,800,320.0,[],[499],,,00:00:00,0.2224604000000454,0.0002224604000000454
Zheng DBSCAN,Ceravolo,sudden_trace_noise5_1000_OIR,800,400.0,[],[499],,,00:00:00,0.2224604000000454,0.0002224604000000454
Zheng DBSCAN,Ceravolo,sudden_trace_noise20_1000_IOR,500,50.0,[],[499],,,00:00:00,0.2137743999999202,0.0002137743999999202
Zheng DBSCAN,Ceravolo,sudden_trace_noise20_1000_IOR,500,100.0,[],[499],,,00:00:00,0.2137743999999202,0.0002137743999999202
Zheng DBSCAN,Ceravolo,sudden_trace_noise20_1000_IOR,500,150.0,[],[499],,,00:00:00,0.2137743999999202,0.0002137743999999202
Zheng DBSCAN,Ceravolo,sudden_trace_noise20_1000_IOR,500,200.0,[],[499],,,00:00:00,0.2137743999999202,0.0002137743999999202
Zheng DBSCAN,Ceravolo,sudden_trace_noise20_1000_IOR,500,250.0,[],[499],,,00:00:00,0.2137743999999202,0.0002137743999999202
Zheng DBSCAN,Ostovar,Atomic_ConditionalMove_output_ConditionalMove_2,500,50.0,[np.float64(1507.2263279445729)],"[999, 1999]",,,00:00:06,6.99846070000001,0.0023335980993664587
Zheng DBSCAN,Ostovar,Atomic_ConditionalMove_output_ConditionalMove_2,500,100.0,[np.float64(1507.2263279445729)],"[999, 1999]",,,00:00:06,6.99846070000001,0.0023335980993664587
Zheng DBSCAN,Ostovar,Atomic_ConditionalMove_output_ConditionalMove_2,500,150.0,[np.float64(1507.2263279445729)],"[999, 1999]",,,00:00:06,6.99846070000001,0.0023335980993664587
Zheng DBSCAN,Ostovar,Atomic_ConditionalMove_output_ConditionalMove_2,500,200.0,[np.float64(1507.2263279445729)],"[999, 1999]",,,00:00:06,6.99846070000001,0.0023335980993664587
Zheng DBSCAN,Ostovar,Atomic_ConditionalMove_output_ConditionalMove_2,500,250.0,[np.float64(1507.2263279445729)],"[999, 1999]",,,00:00:06,6.99846070000001,0.0023335980993664587
Zheng DBSCAN,Ostovar,Nested_ORI_output_ORI,500,50.0,"[np.float64(929.0), np.float64(1934.8)]","[999, 1999]",1.0,67.10000000000002,00:00:05,5.898767200000066,0.001966911370456841
Zheng DBSCAN,Ostovar,Nested_ORI_output_ORI,500,100.0,"[np.float64(929.0), np.float64(1934.8)]","[999, 1999]",1.0,67.10000000000002,00:00:05,5.898767200000066,0.001966911370456841
Zheng DBSCAN,Ostovar,Nested_ORI_output_ORI,500,150.0,"[np.float64(929.0), np.float64(1934.8)]","[999, 1999]",1.0,67.10000000000002,00:00:05,5.898767200000066,0.001966911370456841
Zheng DBSCAN,Ostovar,Nested_ORI_output_ORI,500,200.0,"[np.float64(929.0), np.float64(1934.8)]","[999, 1999]",1.0,67.10000000000002,00:00:05,5.898767200000066,0.001966911370456841
Zheng DBSCAN,Ostovar,Nested_ORI_output_ORI,500,250.0,"[np.float64(929.0), np.float64(1934.8)]","[999, 1999]",1.0,67.10000000000002,00:00:05,5.898767200000066,0.001966911370456841
Zheng DBSCAN,Ostovar,Atomic_ConditionalToSequence_output_ConditionalToSequence_5,800,80.0,[np.float64(1514.0061776061775)],"[999, 1999]",,,00:00:05,5.827224699999988,0.0019430559186395424
Zheng DBSCAN,Ostovar,Atomic_ConditionalToSequence_output_ConditionalToSequence_5,800,160.0,[np.float64(1514.0061776061775)],"[999, 1999]",,,00:00:05,5.827224699999988,0.0019430559186395424
Zheng DBSCAN,Ostovar,Atomic_ConditionalToSequence_output_ConditionalToSequence_5,800,240.0,[np.float64(1514.0061776061775)],"[999, 1999]",,,00:00:05,5.827224699999988,0.0019430559186395424
Zheng DBSCAN,Ostovar,Atomic_ConditionalToSequence_output_ConditionalToSequence_5,800,320.0,[np.float64(1514.0061776061775)],"[999, 1999]",,,00:00:05,5.827224699999988,0.0019430559186395424
Zheng DBSCAN,Ostovar,Atomic_ConditionalToSequence_output_ConditionalToSequence_5,800,400.0,[np.float64(1514.0061776061775)],"[999, 1999]",,,00:00:05,5.827224699999988,0.0019430559186395424
Zheng DBSCAN,Ceravolo,sudden_trace_noise5_1000_cp,400,40.0,[np.float64(449.6666666666667)],[499],1.0,49.333333333333314,00:00:00,0.18966299999999592,0.00018966299999999592
Zheng DBSCAN,Ceravolo,sudden_trace_noise5_1000_cp,400,80.0,[np.float64(449.6666666666667)],[499],1.0,49.333333333333314,00:00:00,0.18966299999999592,0.00018966299999999592
Zheng DBSCAN,Ceravolo,sudden_trace_noise5_1000_cp,400,120.0,[np.float64(449.6666666666667)],[499],1.0,49.333333333333314,00:00:00,0.18966299999999592,0.00018966299999999592
Zheng DBSCAN,Ceravolo,sudden_trace_noise5_1000_cp,400,160.0,[np.float64(449.6666666666667)],[499],1.0,49.333333333333314,00:00:00,0.18966299999999592,0.00018966299999999592
Zheng DBSCAN,Ceravolo,sudden_trace_noise5_1000_cp,400,200.0,[np.float64(449.6666666666667)],[499],1.0,49.333333333333314,00:00:00,0.18966299999999592,0.00018966299999999592
Zheng DBSCAN,Ceravolo,sudden_trace_noise5_1000_pl,600,60.0,[],[499],,,00:00:00,0.20601969999995617,0.0002060196999999562
Zheng DBSCAN,Ceravolo,sudden_trace_noise5_1000_pl,600,120.0,[],[499],,,00:00:00,0.20601969999995617,0.0002060196999999562
Zheng DBSCAN,Ceravolo,sudden_trace_noise5_1000_pl,600,180.0,[],[499],,,00:00:00,0.20601969999995617,0.0002060196999999562
Zheng DBSCAN,Ceravolo,sudden_trace_noise5_1000_pl,600,240.0,[],[499],,,00:00:00,0.20601969999995617,0.0002060196999999562
Zheng DBSCAN,Ceravolo,sudden_trace_noise5_1000_pl,600,300.0,[],[499],,,00:00:00,0.20601969999995617,0.0002060196999999562
Zheng DBSCAN,Ceravolo,sudden_trace_noise0_1000_cf,400,40.0,[np.float64(447.0)],[499],1.0,52.0,00:00:00,0.19063129999995,0.00019063129999994998
Zheng DBSCAN,Ceravolo,sudden_trace_noise0_1000_cf,400,80.0,[np.float64(447.0)],[499],1.0,52.0,00:00:00,0.19063129999995,0.00019063129999994998
Zheng DBSCAN,Ceravolo,sudden_trace_noise0_1000_cf,400,120.0,[np.float64(447.0)],[499],1.0,52.0,00:00:00,0.19063129999995,0.00019063129999994998
Zheng DBSCAN,Ceravolo,sudden_trace_noise0_1000_cf,400,160.0,[np.float64(447.0)],[499],1.0,52.0,00:00:00,0.19063129999995,0.00019063129999994998
Zheng DBSCAN,Ceravolo,sudden_trace_noise0_1000_cf,400,200.0,[np.float64(447.0)],[499],1.0,52.0,00:00:00,0.19063129999995,0.00019063129999994998
Zheng DBSCAN,Ceravolo,sudden_trace_noise0_1000_cp,300,30.0,[np.float64(449.0)],[499],1.0,50.0,00:00:00,0.1968854999998939,0.00019688549999989391
Zheng DBSCAN,Ceravolo,sudden_trace_noise0_1000_cp,300,60.0,[np.float64(449.0)],[499],1.0,50.0,00:00:00,0.1968854999998939,0.00019688549999989391
Zheng DBSCAN,Ceravolo,sudden_trace_noise0_1000_cp,300,90.0,[np.float64(449.0)],[499],1.0,50.0,00:00:00,0.1968854999998939,0.00019688549999989391
Zheng DBSCAN,Ceravolo,sudden_trace_noise0_1000_cp,300,120.0,[np.float64(449.0)],[499],1.0,50.0,00:00:00,0.1968854999998939,0.00019688549999989391
Zheng DBSCAN,Ceravolo,sudden_trace_noise0_1000_cp,300,150.0,[np.float64(449.0)],[499],1.0,50.0,00:00:00,0.1968854999998939,0.00019688549999989391
Zheng DBSCAN,Ceravolo,sudden_trace_noise10_1000_re,700,70.0,[],[499],,,00:00:00,0.19243089999997665,0.00019243089999997664
Zheng DBSCAN,Ceravolo,sudden_trace_noise10_1000_re,700,140.0,[],[499],,,00:00:00,0.19243089999997665,0.00019243089999997664
Zheng DBSCAN,Ceravolo,sudden_trace_noise10_1000_re,700,210.0,[],[499],,,00:00:00,0.19243089999997665,0.00019243089999997664
Zheng DBSCAN,Ceravolo,sudden_trace_noise10_1000_re,700,280.0,[],[499],,,00:00:00,0.19243089999997665,0.00019243089999997664
Zheng DBSCAN,Ceravolo,sudden_trace_noise10_1000_re,700,350.0,[],[499],,,00:00:00,0.19243089999997665,0.00019243089999997664
Zheng DBSCAN,Ceravolo,sudden_trace_noise10_1000_sw,600,60.0,[],[499],,,00:00:00,0.1890225999999302,0.0001890225999999302
Zheng DBSCAN,Ceravolo,sudden_trace_noise10_1000_sw,600,120.0,[],[499],,,00:00:00,0.1890225999999302,0.0001890225999999302
Zheng DBSCAN,Ceravolo,sudden_trace_noise10_1000_sw,600,180.0,[],[499],,,00:00:00,0.1890225999999302,0.0001890225999999302
Zheng DBSCAN,Ceravolo,sudden_trace_noise10_1000_sw,600,240.0,[],[499],,,00:00:00,0.1890225999999302,0.0001890225999999302
Zheng DBSCAN,Ceravolo,sudden_trace_noise10_1000_sw,600,300.0,[],[499],,,00:00:00,0.1890225999999302,0.0001890225999999302
Zheng DBSCAN,Ceravolo,sudden_trace_noise0_1000_rp,400,40.0,[np.float64(449.0)],[499],1.0,50.0,00:00:00,0.220558199999914,0.000220558199999914
Zheng DBSCAN,Ceravolo,sudden_trace_noise0_1000_rp,400,80.0,[np.float64(449.0)],[499],1.0,50.0,00:00:00,0.220558199999914,0.000220558199999914
Zheng DBSCAN,Ceravolo,sudden_trace_noise0_1000_rp,400,120.0,[np.float64(449.0)],[499],1.0,50.0,00:00:00,0.220558199999914,0.000220558199999914
Zheng DBSCAN,Ceravolo,sudden_trace_noise0_1000_rp,400,160.0,[np.float64(449.0)],[499],1.0,50.0,00:00:00,0.220558199999914,0.000220558199999914
Zheng DBSCAN,Ceravolo,sudden_trace_noise0_1000_rp,400,200.0,[np.float64(449.0)],[499],1.0,50.0,00:00:00,0.220558199999914,0.000220558199999914
Zheng DBSCAN,Ceravolo,sudden_trace_noise10_1000_pl,800,80.0,[],[499],,,00:00:00,0.18059779999998682,0.0001805977999999868
Zheng DBSCAN,Ceravolo,sudden_trace_noise10_1000_pl,800,160.0,[],[499],,,00:00:00,0.18059779999998682,0.0001805977999999868
Zheng DBSCAN,Ceravolo,sudden_trace_noise10_1000_pl,800,240.0,[],[499],,,00:00:00,0.18059779999998682,0.0001805977999999868
Zheng DBSCAN,Ceravolo,sudden_trace_noise10_1000_pl,800,320.0,[],[499],,,00:00:00,0.18059779999998682,0.0001805977999999868
Zheng DBSCAN,Ceravolo,sudden_trace_noise10_1000_pl,800,400.0,[],[499],,,00:00:00,0.18059779999998682,0.0001805977999999868
Zheng DBSCAN,Ceravolo,sudden_trace_noise20_1000_ROI,700,70.0,[],[499],,,00:00:00,0.2206009000000222,0.0002206009000000222
Zheng DBSCAN,Ceravolo,sudden_trace_noise20_1000_ROI,700,140.0,[],[499],,,00:00:00,0.2206009000000222,0.0002206009000000222
Zheng DBSCAN,Ceravolo,sudden_trace_noise20_1000_ROI,700,210.0,[],[499],,,00:00:00,0.2206009000000222,0.0002206009000000222
Zheng DBSCAN,Ceravolo,sudden_trace_noise20_1000_ROI,700,280.0,[],[499],,,00:00:00,0.2206009000000222,0.0002206009000000222
Zheng DBSCAN,Ceravolo,sudden_trace_noise20_1000_ROI,700,350.0,[],[499],,,00:00:00,0.2206009000000222,0.0002206009000000222
Zheng DBSCAN,Ostovar,Composite_ROI_output_ROI_5,300,30.0,[np.float64(1503.9326203208557)],"[999, 1999]",,,00:00:06,6.98133990000008,0.0023278892630877227
Zheng DBSCAN,Ostovar,Composite_ROI_output_ROI_5,300,60.0,[np.float64(1503.9326203208557)],"[999, 1999]",,,00:00:06,6.98133990000008,0.0023278892630877227
Zheng DBSCAN,Ostovar,Composite_ROI_output_ROI_5,300,90.0,[np.float64(1503.9326203208557)],"[999, 1999]",,,00:00:06,6.98133990000008,0.0023278892630877227
Zheng DBSCAN,Ostovar,Composite_ROI_output_ROI_5,300,120.0,[np.float64(1503.9326203208557)],"[999, 1999]",,,00:00:06,6.98133990000008,0.0023278892630877227
Zheng DBSCAN,Ostovar,Composite_ROI_output_ROI_5,300,150.0,[np.float64(1503.9326203208557)],"[999, 1999]",,,00:00:06,6.98133990000008,0.0023278892630877227
Zheng DBSCAN,Ostovar,Atomic_Substitute_output_Substitute,700,70.0,"[np.float64(928.375), np.float64(1937.7142857142858)]","[999, 1999]",1.0,65.95535714285711,00:00:05,5.379267700000014,0.001793687129043019
Zheng DBSCAN,Ostovar,Atomic_Substitute_output_Substitute,700,140.0,"[np.float64(928.375), np.float64(1937.7142857142858)]","[999, 1999]",1.0,65.95535714285711,00:00:05,5.379267700000014,0.001793687129043019
Zheng DBSCAN,Ostovar,Atomic_Substitute_output_Substitute,700,210.0,"[np.float64(928.375), np.float64(1937.7142857142858)]","[999, 1999]",1.0,65.95535714285711,00:00:05,5.379267700000014,0.001793687129043019
Zheng DBSCAN,Ostovar,Atomic_Substitute_output_Substitute,700,280.0,"[np.float64(928.375), np.float64(1937.7142857142858)]","[999, 1999]",1.0,65.95535714285711,00:00:05,5.379267700000014,0.001793687129043019
Zheng DBSCAN,Ostovar,Atomic_Substitute_output_Substitute,700,350.0,"[np.float64(928.375), np.float64(1937.7142857142858)]","[999, 1999]",1.0,65.95535714285711,00:00:05,5.379267700000014,0.001793687129043019
Zheng DBSCAN,Ceravolo,sudden_trace_noise5_1000_cd,300,30.0,[],[499],,,00:00:00,0.19742900000005648,0.00019742900000005648
Zheng DBSCAN,Ceravolo,sudden_trace_noise5_1000_cd,300,60.0,[],[499],,,00:00:00,0.19742900000005648,0.00019742900000005648
Zheng DBSCAN,Ceravolo,sudden_trace_noise5_1000_cd,300,90.0,[],[499],,,00:00:00,0.19742900000005648,0.00019742900000005648
Zheng DBSCAN,Ceravolo,sudden_trace_noise5_1000_cd,300,120.0,[],[499],,,00:00:00,0.19742900000005648,0.00019742900000005648
Zheng DBSCAN,Ceravolo,sudden_trace_noise5_1000_cd,300,150.0,[],[499],,,00:00:00,0.19742900000005648,0.00019742900000005648
Zheng DBSCAN,Ostovar,Nested_ORI_output_ORI,700,70.0,"[np.float64(929.0), np.float64(1934.8)]","[999, 1999]",1.0,67.10000000000002,00:00:05,5.760705299999927,0.0019208753917972414
Zheng DBSCAN,Ostovar,Nested_ORI_output_ORI,700,140.0,"[np.float64(929.0), np.float64(1934.8)]","[999, 1999]",1.0,67.10000000000002,00:00:05,5.760705299999927,0.0019208753917972414
Zheng DBSCAN,Ostovar,Nested_ORI_output_ORI,700,210.0,"[np.float64(929.0), np.float64(1934.8)]","[999, 1999]",1.0,67.10000000000002,00:00:05,5.760705299999927,0.0019208753917972414
Zheng DBSCAN,Ostovar,Nested_ORI_output_ORI,700,280.0,"[np.float64(929.0), np.float64(1934.8)]","[999, 1999]",1.0,67.10000000000002,00:00:05,5.760705299999927,0.0019208753917972414
Zheng DBSCAN,Ostovar,Nested_ORI_output_ORI,700,350.0,"[np.float64(929.0), np.float64(1934.8)]","[999, 1999]",1.0,67.10000000000002,00:00:05,5.760705299999927,0.0019208753917972414
Zheng DBSCAN,Ostovar,Atomic_Loop_output_Loop_2,800,80.0,[np.float64(1491.6816283924843)],"[999, 1999]",,,00:00:05,5.370823500000029,0.0017908714571523937
Zheng DBSCAN,Ostovar,Atomic_Loop_output_Loop_2,800,160.0,[np.float64(1491.6816283924843)],"[999, 1999]",,,00:00:05,5.370823500000029,0.0017908714571523937
Zheng DBSCAN,Ostovar,Atomic_Loop_output_Loop_2,800,240.0,[np.float64(1491.6816283924843)],"[999, 1999]",,,00:00:05,5.370823500000029,0.0017908714571523937
Zheng DBSCAN,Ostovar,Atomic_Loop_output_Loop_2,800,320.0,[np.float64(1491.6816283924843)],"[999, 1999]",,,00:00:05,5.370823500000029,0.0017908714571523937
Zheng DBSCAN,Ostovar,Atomic_Loop_output_Loop_2,800,400.0,[np.float64(1491.6816283924843)],"[999, 1999]",,,00:00:05,5.370823500000029,0.0017908714571523937
Zheng DBSCAN,Ceravolo,sudden_trace_noise0_1000_rp,500,50.0,[],[499],,,00:00:00,0.20722009999997226,0.00020722009999997226
Zheng DBSCAN,Ceravolo,sudden_trace_noise0_1000_rp,500,100.0,[],[499],,,00:00:00,0.20722009999997226,0.00020722009999997226
Zheng DBSCAN,Ceravolo,sudden_trace_noise0_1000_rp,500,150.0,[],[499],,,00:00:00,0.20722009999997226,0.00020722009999997226
Zheng DBSCAN,Ceravolo,sudden_trace_noise0_1000_rp,500,200.0,[],[499],,,00:00:00,0.20722009999997226,0.00020722009999997226
Zheng DBSCAN,Ceravolo,sudden_trace_noise0_1000_rp,500,250.0,[],[499],,,00:00:00,0.20722009999997226,0.00020722009999997226
Zheng DBSCAN,Ostovar,Atomic_ConditionalToSequence_output_ConditionalToSequence_2,700,70.0,[np.float64(1501.3223140495868)],"[999, 1999]",,,00:00:05,5.850385500000016,0.001950778759586534
Zheng DBSCAN,Ostovar,Atomic_ConditionalToSequence_output_ConditionalToSequence_2,700,140.0,[np.float64(1501.3223140495868)],"[999, 1999]",,,00:00:05,5.850385500000016,0.001950778759586534
Zheng DBSCAN,Ostovar,Atomic_ConditionalToSequence_output_ConditionalToSequence_2,700,210.0,[np.float64(1501.3223140495868)],"[999, 1999]",,,00:00:05,5.850385500000016,0.001950778759586534
Zheng DBSCAN,Ostovar,Atomic_ConditionalToSequence_output_ConditionalToSequence_2,700,280.0,[np.float64(1501.3223140495868)],"[999, 1999]",,,00:00:05,5.850385500000016,0.001950778759586534
Zheng DBSCAN,Ostovar,Atomic_ConditionalToSequence_output_ConditionalToSequence_2,700,350.0,[np.float64(1501.3223140495868)],"[999, 1999]",,,00:00:05,5.850385500000016,0.001950778759586534
Zheng DBSCAN,Ostovar,Composite_IOR_output_IOR_2,300,30.0,[np.float64(1491.0486526946108)],"[999, 1999]",,,00:00:04,4.787227400000006,0.0015962745581860642
Zheng DBSCAN,Ostovar,Composite_IOR_output_IOR_2,300,60.0,[np.float64(1491.0486526946108)],"[999, 1999]",,,00:00:04,4.787227400000006,0.0015962745581860642
Zheng DBSCAN,Ostovar,Composite_IOR_output_IOR_2,300,90.0,[np.float64(1491.0486526946108)],"[999, 1999]",,,00:00:04,4.787227400000006,0.0015962745581860642
Zheng DBSCAN,Ostovar,Composite_IOR_output_IOR_2,300,120.0,[np.float64(1491.0486526946108)],"[999, 1999]",,,00:00:04,4.787227400000006,0.0015962745581860642
Zheng DBSCAN,Ostovar,Composite_IOR_output_IOR_2,300,150.0,[np.float64(1491.0486526946108)],"[999, 1999]",,,00:00:04,4.787227400000006,0.0015962745581860642
Zheng DBSCAN,Ceravolo,sudden_trace_noise10_1000_cb,800,80.0,[],[499],,,00:00:00,0.1769173000000137,0.00017691730000001372
Zheng DBSCAN,Ceravolo,sudden_trace_noise10_1000_cb,800,160.0,[],[499],,,00:00:00,0.1769173000000137,0.00017691730000001372
Zheng DBSCAN,Ceravolo,sudden_trace_noise10_1000_cb,800,240.0,[],[499],,,00:00:00,0.1769173000000137,0.00017691730000001372
Zheng DBSCAN,Ceravolo,sudden_trace_noise10_1000_cb,800,320.0,[],[499],,,00:00:00,0.1769173000000137,0.00017691730000001372
Zheng DBSCAN,Ceravolo,sudden_trace_noise10_1000_cb,800,400.0,[],[499],,,00:00:00,0.1769173000000137,0.00017691730000001372
Zheng DBSCAN,Ceravolo,sudden_trace_noise0_1000_OIR,500,50.0,[],[499],,,00:00:00,0.22384340000007796,0.00022384340000007797
Zheng DBSCAN,Ceravolo,sudden_trace_noise0_1000_OIR,500,100.0,[],[499],,,00:00:00,0.22384340000007796,0.00022384340000007797
Zheng DBSCAN,Ceravolo,sudden_trace_noise0_1000_OIR,500,150.0,[],[499],,,00:00:00,0.22384340000007796,0.00022384340000007797
Zheng DBSCAN,Ceravolo,sudden_trace_noise0_1000_OIR,500,200.0,[],[499],,,00:00:00,0.22384340000007796,0.00022384340000007797
Zheng DBSCAN,Ceravolo,sudden_trace_noise0_1000_OIR,500,250.0,[],[499],,,00:00:00,0.22384340000007796,0.00022384340000007797
Zheng DBSCAN,Ostovar,Atomic_ConditionalRemoval_output_ConditionalRemoval_2,500,50.0,[np.float64(1506.1808873720136)],"[999, 1999]",,,00:00:05,5.591793099999904,0.0018645525508502515
Zheng DBSCAN,Ostovar,Atomic_ConditionalRemoval_output_ConditionalRemoval_2,500,100.0,[np.float64(1506.1808873720136)],"[999, 1999]",,,00:00:05,5.591793099999904,0.0018645525508502515
Zheng DBSCAN,Ostovar,Atomic_ConditionalRemoval_output_ConditionalRemoval_2,500,150.0,[np.float64(1506.1808873720136)],"[999, 1999]",,,00:00:05,5.591793099999904,0.0018645525508502515
Zheng DBSCAN,Ostovar,Atomic_ConditionalRemoval_output_ConditionalRemoval_2,500,200.0,[np.float64(1506.1808873720136)],"[999, 1999]",,,00:00:05,5.591793099999904,0.0018645525508502515
Zheng DBSCAN,Ostovar,Atomic_ConditionalRemoval_output_ConditionalRemoval_2,500,250.0,[np.float64(1506.1808873720136)],"[999, 1999]",,,00:00:05,5.591793099999904,0.0018645525508502515
Zheng DBSCAN,Ostovar,Atomic_ConditionalRemoval_output_ConditionalRemoval_2,300,30.0,[np.float64(1502.1735598227474)],"[999, 1999]",,,00:00:05,5.714514799999961,0.0019054734244748118
Zheng DBSCAN,Ostovar,Atomic_ConditionalRemoval_output_ConditionalRemoval_2,300,60.0,[np.float64(1502.1735598227474)],"[999, 1999]",,,00:00:05,5.714514799999961,0.0019054734244748118
Zheng DBSCAN,Ostovar,Atomic_ConditionalRemoval_output_ConditionalRemoval_2,300,90.0,[np.float64(1502.1735598227474)],"[999, 1999]",,,00:00:05,5.714514799999961,0.0019054734244748118
Zheng DBSCAN,Ostovar,Atomic_ConditionalRemoval_output_ConditionalRemoval_2,300,120.0,[np.float64(1502.1735598227474)],"[999, 1999]",,,00:00:05,5.714514799999961,0.0019054734244748118
Zheng DBSCAN,Ostovar,Atomic_ConditionalRemoval_output_ConditionalRemoval_2,300,150.0,[np.float64(1502.1735598227474)],"[999, 1999]",,,00:00:05,5.714514799999961,0.0019054734244748118
Zheng DBSCAN,Ceravolo,sudden_trace_noise0_1000_RIO,400,40.0,[np.float64(447.0)],[499],1.0,52.0,00:00:00,0.20045179999999618,0.0002004517999999962
Zheng DBSCAN,Ceravolo,sudden_trace_noise0_1000_RIO,400,80.0,[np.float64(447.0)],[499],1.0,52.0,00:00:00,0.20045179999999618,0.0002004517999999962
Zheng DBSCAN,Ceravolo,sudden_trace_noise0_1000_RIO,400,120.0,[np.float64(447.0)],[499],1.0,52.0,00:00:00,0.20045179999999618,0.0002004517999999962
Zheng DBSCAN,Ceravolo,sudden_trace_noise0_1000_RIO,400,160.0,[np.float64(447.0)],[499],1.0,52.0,00:00:00,0.20045179999999618,0.0002004517999999962
Zheng DBSCAN,Ceravolo,sudden_trace_noise0_1000_RIO,400,200.0,[np.float64(447.0)],[499],1.0,52.0,00:00:00,0.20045179999999618,0.0002004517999999962
Zheng DBSCAN,Ceravolo,sudden_trace_noise0_1000_ROI,400,40.0,[np.float64(448.5)],[499],1.0,50.5,00:00:00,0.22586279999995895,0.00022586279999995895
Zheng DBSCAN,Ceravolo,sudden_trace_noise0_1000_ROI,400,80.0,[np.float64(448.5)],[499],1.0,50.5,00:00:00,0.22586279999995895,0.00022586279999995895
Zheng DBSCAN,Ceravolo,sudden_trace_noise0_1000_ROI,400,120.0,[np.float64(448.5)],[499],1.0,50.5,00:00:00,0.22586279999995895,0.00022586279999995895
Zheng DBSCAN,Ceravolo,sudden_trace_noise0_1000_ROI,400,160.0,[np.float64(448.5)],[499],1.0,50.5,00:00:00,0.22586279999995895,0.00022586279999995895
Zheng DBSCAN,Ceravolo,sudden_trace_noise0_1000_ROI,400,200.0,[np.float64(448.5)],[499],1.0,50.5,00:00:00,0.22586279999995895,0.00022586279999995895
Zheng DBSCAN,Ostovar,Atomic_SerialMove_output_SerialMove,500,50.0,"[np.float64(933.5), np.float64(1939.375)]","[999, 1999]",1.0,62.5625,00:00:05,5.182987300000036,0.0017282385128376246
Zheng DBSCAN,Ostovar,Atomic_SerialMove_output_SerialMove,500,100.0,"[np.float64(933.5), np.float64(1939.375)]","[999, 1999]",1.0,62.5625,00:00:05,5.182987300000036,0.0017282385128376246
Zheng DBSCAN,Ostovar,Atomic_SerialMove_output_SerialMove,500,150.0,"[np.float64(933.5), np.float64(1939.375)]","[999, 1999]",1.0,62.5625,00:00:05,5.182987300000036,0.0017282385128376246
Zheng DBSCAN,Ostovar,Atomic_SerialMove_output_SerialMove,500,200.0,"[np.float64(933.5), np.float64(1939.375)]","[999, 1999]",1.0,62.5625,00:00:05,5.182987300000036,0.0017282385128376246
Zheng DBSCAN,Ostovar,Atomic_SerialMove_output_SerialMove,500,250.0,"[np.float64(933.5), np.float64(1939.375)]","[999, 1999]",1.0,62.5625,00:00:05,5.182987300000036,0.0017282385128376246
Zheng DBSCAN,Ostovar,Nested_IRO_output_IRO_2,600,60.0,[np.float64(1498.8805159538358)],"[999, 1999]",,,00:00:08,8.182921799999917,0.002728550116705541
Zheng DBSCAN,Ostovar,Nested_IRO_output_IRO_2,600,120.0,[np.float64(1498.8805159538358)],"[999, 1999]",,,00:00:08,8.182921799999917,0.002728550116705541
Zheng DBSCAN,Ostovar,Nested_IRO_output_IRO_2,600,180.0,[np.float64(1498.8805159538358)],"[999, 1999]",,,00:00:08,8.182921799999917,0.002728550116705541
Zheng DBSCAN,Ostovar,Nested_IRO_output_IRO_2,600,240.0,[np.float64(1498.8805159538358)],"[999, 1999]",,,00:00:08,8.182921799999917,0.002728550116705541
Zheng DBSCAN,Ostovar,Nested_IRO_output_IRO_2,600,300.0,[np.float64(1498.8805159538358)],"[999, 1999]",,,00:00:08,8.182921799999917,0.002728550116705541
Zheng DBSCAN,Ostovar,Nested_RIO_output_RIO,600,60.0,"[np.float64(968.5555555555555), np.float64(1773.0), np.float64(1910.2608695652175)]","[999, 1999]",0.8,59.59178743961348,00:00:06,6.3330113999999185,0.0021117077025674955
Zheng DBSCAN,Ostovar,Nested_RIO_output_RIO,600,120.0,"[np.float64(968.5555555555555), np.float64(1904.5416666666667)]","[999, 1999]",1.0,62.45138888888886,00:00:06,6.3330113999999185,0.0021117077025674955
Zheng DBSCAN,Ostovar,Nested_RIO_output_RIO,600,180.0,"[np.float64(968.5555555555555), np.float64(1904.5416666666667)]","[999, 1999]",1.0,62.45138888888886,00:00:06,6.3330113999999185,0.0021117077025674955
Zheng DBSCAN,Ostovar,Nested_RIO_output_RIO,600,240.0,"[np.float64(968.5555555555555), np.float64(1904.5416666666667)]","[999, 1999]",1.0,62.45138888888886,00:00:06,6.3330113999999185,0.0021117077025674955
Zheng DBSCAN,Ostovar,Nested_RIO_output_RIO,600,300.0,"[np.float64(968.5555555555555), np.float64(1904.5416666666667)]","[999, 1999]",1.0,62.45138888888886,00:00:06,6.3330113999999185,0.0021117077025674955
Zheng DBSCAN,Ostovar,Atomic_ConditionalToSequence_output_ConditionalToSequence_2,600,60.0,[np.float64(1491.256779661017)],"[999, 1999]",,,00:00:05,5.8337653999999475,0.0019452368789596357
Zheng DBSCAN,Ostovar,Atomic_ConditionalToSequence_output_ConditionalToSequence_2,600,120.0,[np.float64(1491.256779661017)],"[999, 1999]",,,00:00:05,5.8337653999999475,0.0019452368789596357
Zheng DBSCAN,Ostovar,Atomic_ConditionalToSequence_output_ConditionalToSequence_2,600,180.0,[np.float64(1491.256779661017)],"[999, 1999]",,,00:00:05,5.8337653999999475,0.0019452368789596357
Zheng DBSCAN,Ostovar,Atomic_ConditionalToSequence_output_ConditionalToSequence_2,600,240.0,[np.float64(1491.256779661017)],"[999, 1999]",,,00:00:05,5.8337653999999475,0.0019452368789596357
Zheng DBSCAN,Ostovar,Atomic_ConditionalToSequence_output_ConditionalToSequence_2,600,300.0,[np.float64(1491.256779661017)],"[999, 1999]",,,00:00:05,5.8337653999999475,0.0019452368789596357
Zheng DBSCAN,Ceravolo,sudden_trace_noise20_1000_IOR,400,40.0,[np.float64(449.5)],[499],1.0,49.5,00:00:00,0.20205329999998867,0.00020205329999998866
Zheng DBSCAN,Ceravolo,sudden_trace_noise20_1000_IOR,400,80.0,[np.float64(449.5)],[499],1.0,49.5,00:00:00,0.20205329999998867,0.00020205329999998866
Zheng DBSCAN,Ceravolo,sudden_trace_noise20_1000_IOR,400,120.0,[np.float64(449.5)],[499],1.0,49.5,00:00:00,0.20205329999998867,0.00020205329999998866
Zheng DBSCAN,Ceravolo,sudden_trace_noise20_1000_IOR,400,160.0,[np.float64(449.5)],[499],1.0,49.5,00:00:00,0.20205329999998867,0.00020205329999998866
Zheng DBSCAN,Ceravolo,sudden_trace_noise20_1000_IOR,400,200.0,[np.float64(449.5)],[499],1.0,49.5,00:00:00,0.20205329999998867,0.00020205329999998866
Zheng DBSCAN,Ostovar,Composite_OIR_output_OIR_5,800,80.0,[np.float64(1495.7805071315372)],"[999, 1999]",,,00:00:06,6.541888200000017,0.0021813565188396186
Zheng DBSCAN,Ostovar,Composite_OIR_output_OIR_5,800,160.0,[np.float64(1495.7805071315372)],"[999, 1999]",,,00:00:06,6.541888200000017,0.0021813565188396186
Zheng DBSCAN,Ostovar,Composite_OIR_output_OIR_5,800,240.0,[np.float64(1495.7805071315372)],"[999, 1999]",,,00:00:06,6.541888200000017,0.0021813565188396186
Zheng DBSCAN,Ostovar,Composite_OIR_output_OIR_5,800,320.0,[np.float64(1495.7805071315372)],"[999, 1999]",,,00:00:06,6.541888200000017,0.0021813565188396186
Zheng DBSCAN,Ostovar,Composite_OIR_output_OIR_5,800,400.0,[np.float64(1495.7805071315372)],"[999, 1999]",,,00:00:06,6.541888200000017,0.0021813565188396186
Zheng DBSCAN,Ceravolo,sudden_trace_noise5_1000_cd,400,40.0,[],[499],,,00:00:00,0.19683379999992212,0.00019683379999992212
Zheng DBSCAN,Ceravolo,sudden_trace_noise5_1000_cd,400,80.0,[],[499],,,00:00:00,0.19683379999992212,0.00019683379999992212
Zheng DBSCAN,Ceravolo,sudden_trace_noise5_1000_cd,400,120.0,[],[499],,,00:00:00,0.19683379999992212,0.00019683379999992212
Zheng DBSCAN,Ceravolo,sudden_trace_noise5_1000_cd,400,160.0,[],[499],,,00:00:00,0.19683379999992212,0.00019683379999992212
Zheng DBSCAN,Ceravolo,sudden_trace_noise5_1000_cd,400,200.0,[],[499],,,00:00:00,0.19683379999992212,0.00019683379999992212
Zheng DBSCAN,Ostovar,Atomic_SerialRemoval_output_SerialRemoval_2,800,80.0,[np.float64(1489.6223849372384)],"[999, 1999]",,,00:00:05,5.735222099999987,0.001912378159386458
Zheng DBSCAN,Ostovar,Atomic_SerialRemoval_output_SerialRemoval_2,800,160.0,[np.float64(1489.6223849372384)],"[999, 1999]",,,00:00:05,5.735222099999987,0.001912378159386458
Zheng DBSCAN,Ostovar,Atomic_SerialRemoval_output_SerialRemoval_2,800,240.0,[np.float64(1489.6223849372384)],"[999, 1999]",,,00:00:05,5.735222099999987,0.001912378159386458
Zheng DBSCAN,Ostovar,Atomic_SerialRemoval_output_SerialRemoval_2,800,320.0,[np.float64(1489.6223849372384)],"[999, 1999]",,,00:00:05,5.735222099999987,0.001912378159386458
Zheng DBSCAN,Ostovar,Atomic_SerialRemoval_output_SerialRemoval_2,800,400.0,[np.float64(1489.6223849372384)],"[999, 1999]",,,00:00:05,5.735222099999987,0.001912378159386458
Zheng DBSCAN,Ostovar,Atomic_Swap_output_Swap_2,600,60.0,[np.float64(1485.8433734939758)],"[999, 1999]",,,00:00:05,5.45772779999993,0.0018198492164054451
Zheng DBSCAN,Ostovar,Atomic_Swap_output_Swap_2,600,120.0,[np.float64(1485.8433734939758)],"[999, 1999]",,,00:00:05,5.45772779999993,0.0018198492164054451
Zheng DBSCAN,Ostovar,Atomic_Swap_output_Swap_2,600,180.0,[np.float64(1485.8433734939758)],"[999, 1999]",,,00:00:05,5.45772779999993,0.0018198492164054451
Zheng DBSCAN,Ostovar,Atomic_Swap_output_Swap_2,600,240.0,[np.float64(1485.8433734939758)],"[999, 1999]",,,00:00:05,5.45772779999993,0.0018198492164054451
Zheng DBSCAN,Ostovar,Atomic_Swap_output_Swap_2,600,300.0,[np.float64(1485.8433734939758)],"[999, 1999]",,,00:00:05,5.45772779999993,0.0018198492164054451
Zheng DBSCAN,Ostovar,Composite_RIO_output_RIO_2,600,60.0,[np.float64(1497.4435146443514)],"[999, 1999]",,,00:00:06,6.427425599999992,0.002143189596532175
Zheng DBSCAN,Ostovar,Composite_RIO_output_RIO_2,600,120.0,[np.float64(1497.4435146443514)],"[999, 1999]",,,00:00:06,6.427425599999992,0.002143189596532175
Zheng DBSCAN,Ostovar,Composite_RIO_output_RIO_2,600,180.0,[np.float64(1497.4435146443514)],"[999, 1999]",,,00:00:06,6.427425599999992,0.002143189596532175
Zheng DBSCAN,Ostovar,Composite_RIO_output_RIO_2,600,240.0,[np.float64(1497.4435146443514)],"[999, 1999]",,,00:00:06,6.427425599999992,0.002143189596532175
Zheng DBSCAN,Ostovar,Composite_RIO_output_RIO_2,600,300.0,[np.float64(1497.4435146443514)],"[999, 1999]",,,00:00:06,6.427425599999992,0.002143189596532175
Zheng DBSCAN,Ceravolo,sudden_trace_noise20_1000_OIR,600,60.0,[],[499],,,00:00:00,0.20776060000002872,0.00020776060000002872
Zheng DBSCAN,Ceravolo,sudden_trace_noise20_1000_OIR,600,120.0,[],[499],,,00:00:00,0.20776060000002872,0.00020776060000002872
Zheng DBSCAN,Ceravolo,sudden_trace_noise20_1000_OIR,600,180.0,[],[499],,,00:00:00,0.20776060000002872,0.00020776060000002872
Zheng DBSCAN,Ceravolo,sudden_trace_noise20_1000_OIR,600,240.0,[],[499],,,00:00:00,0.20776060000002872,0.00020776060000002872
Zheng DBSCAN,Ceravolo,sudden_trace_noise20_1000_OIR,600,300.0,[],[499],,,00:00:00,0.20776060000002872,0.00020776060000002872
Zheng DBSCAN,Ceravolo,sudden_trace_noise5_1000_cf,500,50.0,[],[499],,,00:00:00,0.20132860000001074,0.00020132860000001074
Zheng DBSCAN,Ceravolo,sudden_trace_noise5_1000_cf,500,100.0,[],[499],,,00:00:00,0.20132860000001074,0.00020132860000001074
Zheng DBSCAN,Ceravolo,sudden_trace_noise5_1000_cf,500,150.0,[],[499],,,00:00:00,0.20132860000001074,0.00020132860000001074
Zheng DBSCAN,Ceravolo,sudden_trace_noise5_1000_cf,500,200.0,[],[499],,,00:00:00,0.20132860000001074,0.00020132860000001074
Zheng DBSCAN,Ceravolo,sudden_trace_noise5_1000_cf,500,250.0,[],[499],,,00:00:00,0.20132860000001074,0.00020132860000001074
Zheng DBSCAN,Ceravolo,sudden_trace_noise5_1000_RIO,500,50.0,[],[499],,,00:00:00,0.19635649999997895,0.00019635649999997896
Zheng DBSCAN,Ceravolo,sudden_trace_noise5_1000_RIO,500,100.0,[],[499],,,00:00:00,0.19635649999997895,0.00019635649999997896
Zheng DBSCAN,Ceravolo,sudden_trace_noise5_1000_RIO,500,150.0,[],[499],,,00:00:00,0.19635649999997895,0.00019635649999997896
Zheng DBSCAN,Ceravolo,sudden_trace_noise5_1000_RIO,500,200.0,[],[499],,,00:00:00,0.19635649999997895,0.00019635649999997896
Zheng DBSCAN,Ceravolo,sudden_trace_noise5_1000_RIO,500,250.0,[],[499],,,00:00:00,0.19635649999997895,0.00019635649999997896
Zheng DBSCAN,Ceravolo,sudden_trace_noise0_1000_cd,600,60.0,[],[499],,,00:00:00,0.1959514999999783,0.0001959514999999783
Zheng DBSCAN,Ceravolo,sudden_trace_noise0_1000_cd,600,120.0,[],[499],,,00:00:00,0.1959514999999783,0.0001959514999999783
Zheng DBSCAN,Ceravolo,sudden_trace_noise0_1000_cd,600,180.0,[],[499],,,00:00:00,0.1959514999999783,0.0001959514999999783
Zheng DBSCAN,Ceravolo,sudden_trace_noise0_1000_cd,600,240.0,[],[499],,,00:00:00,0.1959514999999783,0.0001959514999999783
Zheng DBSCAN,Ceravolo,sudden_trace_noise0_1000_cd,600,300.0,[],[499],,,00:00:00,0.1959514999999783,0.0001959514999999783
Zheng DBSCAN,Ostovar,Atomic_SerialRemoval_output_SerialRemoval_2,700,70.0,[np.float64(1496.2054527750731)],"[999, 1999]",,,00:00:05,5.532533199999989,0.0018447926642214034
Zheng DBSCAN,Ostovar,Atomic_SerialRemoval_output_SerialRemoval_2,700,140.0,[np.float64(1496.2054527750731)],"[999, 1999]",,,00:00:05,5.532533199999989,0.0018447926642214034
Zheng DBSCAN,Ostovar,Atomic_SerialRemoval_output_SerialRemoval_2,700,210.0,[np.float64(1496.2054527750731)],"[999, 1999]",,,00:00:05,5.532533199999989,0.0018447926642214034
Zheng DBSCAN,Ostovar,Atomic_SerialRemoval_output_SerialRemoval_2,700,280.0,[np.float64(1496.2054527750731)],"[999, 1999]",,,00:00:05,5.532533199999989,0.0018447926642214034
Zheng DBSCAN,Ostovar,Atomic_SerialRemoval_output_SerialRemoval_2,700,350.0,[np.float64(1496.2054527750731)],"[999, 1999]",,,00:00:05,5.532533199999989,0.0018447926642214034
Zheng DBSCAN,Ostovar,Atomic_Swap_output_Swap_5,400,40.0,[np.float64(1490.448748510131)],"[999, 1999]",,,00:00:05,5.596348600000056,0.0018660715571857472
Zheng DBSCAN,Ostovar,Atomic_Swap_output_Swap_5,400,80.0,[np.float64(1490.448748510131)],"[999, 1999]",,,00:00:05,5.596348600000056,0.0018660715571857472
Zheng DBSCAN,Ostovar,Atomic_Swap_output_Swap_5,400,120.0,[np.float64(1490.448748510131)],"[999, 1999]",,,00:00:05,5.596348600000056,0.0018660715571857472
Zheng DBSCAN,Ostovar,Atomic_Swap_output_Swap_5,400,160.0,[np.float64(1490.448748510131)],"[999, 1999]",,,00:00:05,5.596348600000056,0.0018660715571857472
Zheng DBSCAN,Ostovar,Atomic_Swap_output_Swap_5,400,200.0,[np.float64(1490.448748510131)],"[999, 1999]",,,00:00:05,5.596348600000056,0.0018660715571857472
Zheng DBSCAN,Ostovar,Atomic_Substitute_output_Substitute,600,60.0,"[np.float64(928.375), np.float64(1937.7142857142858)]","[999, 1999]",1.0,65.95535714285711,00:00:05,5.102622600000018,0.0017014413471157111
Zheng DBSCAN,Ostovar,Atomic_Substitute_output_Substitute,600,120.0,"[np.float64(928.375), np.float64(1937.7142857142858)]","[999, 1999]",1.0,65.95535714285711,00:00:05,5.102622600000018,0.0017014413471157111
Zheng DBSCAN,Ostovar,Atomic_Substitute_output_Substitute,600,180.0,"[np.float64(928.375), np.float64(1937.7142857142858)]","[999, 1999]",1.0,65.95535714285711,00:00:05,5.102622600000018,0.0017014413471157111
Zheng DBSCAN,Ostovar,Atomic_Substitute_output_Substitute,600,240.0,"[np.float64(928.375), np.float64(1937.7142857142858)]","[999, 1999]",1.0,65.95535714285711,00:00:05,5.102622600000018,0.0017014413471157111
Zheng DBSCAN,Ostovar,Atomic_Substitute_output_Substitute,600,300.0,"[np.float64(928.375), np.float64(1937.7142857142858)]","[999, 1999]",1.0,65.95535714285711,00:00:05,5.102622600000018,0.0017014413471157111
Zheng DBSCAN,Ostovar,Atomic_ParallelToSequence_output_ParallelToSequence_5,700,70.0,[np.float64(1480.6997742663657)],"[999, 1999]",,,00:00:06,6.017050700000027,0.0020063523507836034
Zheng DBSCAN,Ostovar,Atomic_ParallelToSequence_output_ParallelToSequence_5,700,140.0,[np.float64(1480.6997742663657)],"[999, 1999]",,,00:00:06,6.017050700000027,0.0020063523507836034
Zheng DBSCAN,Ostovar,Atomic_ParallelToSequence_output_ParallelToSequence_5,700,210.0,[np.float64(1480.6997742663657)],"[999, 1999]",,,00:00:06,6.017050700000027,0.0020063523507836034
Zheng DBSCAN,Ostovar,Atomic_ParallelToSequence_output_ParallelToSequence_5,700,280.0,[np.float64(1480.6997742663657)],"[999, 1999]",,,00:00:06,6.017050700000027,0.0020063523507836034
Zheng DBSCAN,Ostovar,Atomic_ParallelToSequence_output_ParallelToSequence_5,700,350.0,[np.float64(1480.6997742663657)],"[999, 1999]",,,00:00:06,6.017050700000027,0.0020063523507836034
Zheng DBSCAN,Ostovar,Nested_ROI_output_ROI_5,700,70.0,[np.float64(1485.3493353028066)],"[999, 1999]",,,00:00:05,5.971254899999963,0.001991081993997987
Zheng DBSCAN,Ostovar,Nested_ROI_output_ROI_5,700,140.0,[np.float64(1485.3493353028066)],"[999, 1999]",,,00:00:05,5.971254899999963,0.001991081993997987
Zheng DBSCAN,Ostovar,Nested_ROI_output_ROI_5,700,210.0,[np.float64(1485.3493353028066)],"[999, 1999]",,,00:00:05,5.971254899999963,0.001991081993997987
Zheng DBSCAN,Ostovar,Nested_ROI_output_ROI_5,700,280.0,[np.float64(1485.3493353028066)],"[999, 1999]",,,00:00:05,5.971254899999963,0.001991081993997987
Zheng DBSCAN,Ostovar,Nested_ROI_output_ROI_5,700,350.0,[np.float64(1485.3493353028066)],"[999, 1999]",,,00:00:05,5.971254899999963,0.001991081993997987
Zheng DBSCAN,Ceravolo,sudden_trace_noise10_1000_sw,800,80.0,[],[499],,,00:00:00,0.1907523999999512,0.0001907523999999512
Zheng DBSCAN,Ceravolo,sudden_trace_noise10_1000_sw,800,160.0,[],[499],,,00:00:00,0.1907523999999512,0.0001907523999999512
Zheng DBSCAN,Ceravolo,sudden_trace_noise10_1000_sw,800,240.0,[],[499],,,00:00:00,0.1907523999999512,0.0001907523999999512
Zheng DBSCAN,Ceravolo,sudden_trace_noise10_1000_sw,800,320.0,[],[499],,,00:00:00,0.1907523999999512,0.0001907523999999512
Zheng DBSCAN,Ceravolo,sudden_trace_noise10_1000_sw,800,400.0,[],[499],,,00:00:00,0.1907523999999512,0.0001907523999999512
Zheng DBSCAN,Ceravolo,sudden_trace_noise15_1000_OIR,800,80.0,[],[499],,,00:00:00,0.21092779999992217,0.00021092779999992218
Zheng DBSCAN,Ceravolo,sudden_trace_noise15_1000_OIR,800,160.0,[],[499],,,00:00:00,0.21092779999992217,0.00021092779999992218
Zheng DBSCAN,Ceravolo,sudden_trace_noise15_1000_OIR,800,240.0,[],[499],,,00:00:00,0.21092779999992217,0.00021092779999992218
Zheng DBSCAN,Ceravolo,sudden_trace_noise15_1000_OIR,800,320.0,[],[499],,,00:00:00,0.21092779999992217,0.00021092779999992218
Zheng DBSCAN,Ceravolo,sudden_trace_noise15_1000_OIR,800,400.0,[],[499],,,00:00:00,0.21092779999992217,0.00021092779999992218
Zheng DBSCAN,Ostovar,Atomic_ConditionalMove_output_ConditionalMove_5,600,60.0,[np.float64(1501.9568106312292)],"[999, 1999]",,,00:00:06,6.646130299999982,0.0022161154718239352
Zheng DBSCAN,Ostovar,Atomic_ConditionalMove_output_ConditionalMove_5,600,120.0,[np.float64(1501.9568106312292)],"[999, 1999]",,,00:00:06,6.646130299999982,0.0022161154718239352
Zheng DBSCAN,Ostovar,Atomic_ConditionalMove_output_ConditionalMove_5,600,180.0,[np.float64(1501.9568106312292)],"[999, 1999]",,,00:00:06,6.646130299999982,0.0022161154718239352
Zheng DBSCAN,Ostovar,Atomic_ConditionalMove_output_ConditionalMove_5,600,240.0,[np.float64(1501.9568106312292)],"[999, 1999]",,,00:00:06,6.646130299999982,0.0022161154718239352
Zheng DBSCAN,Ostovar,Atomic_ConditionalMove_output_ConditionalMove_5,600,300.0,[np.float64(1501.9568106312292)],"[999, 1999]",,,00:00:06,6.646130299999982,0.0022161154718239352
Zheng DBSCAN,Ostovar,Atomic_Skip_output_Skip,300,30.0,"[np.float64(919.0), np.float64(1952.0)]","[999, 1999]",1.0,63.5,00:00:04,4.61833450000006,0.0015399581527175926
Zheng DBSCAN,Ostovar,Atomic_Skip_output_Skip,300,60.0,"[np.float64(919.0), np.float64(1952.0)]","[999, 1999]",1.0,63.5,00:00:04,4.61833450000006,0.0015399581527175926
Zheng DBSCAN,Ostovar,Atomic_Skip_output_Skip,300,90.0,"[np.float64(919.0), np.float64(1952.0)]","[999, 1999]",1.0,63.5,00:00:04,4.61833450000006,0.0015399581527175926
Zheng DBSCAN,Ostovar,Atomic_Skip_output_Skip,300,120.0,"[np.float64(919.0), np.float64(1952.0)]","[999, 1999]",1.0,63.5,00:00:04,4.61833450000006,0.0015399581527175926
Zheng DBSCAN,Ostovar,Atomic_Skip_output_Skip,300,150.0,"[np.float64(919.0), np.float64(1952.0)]","[999, 1999]",1.0,63.5,00:00:04,4.61833450000006,0.0015399581527175926
Zheng DBSCAN,Ceravolo,sudden_trace_noise0_1000_IOR,500,50.0,[],[499],,,00:00:00,0.2099319999999807,0.0002099319999999807
Zheng DBSCAN,Ceravolo,sudden_trace_noise0_1000_IOR,500,100.0,[],[499],,,00:00:00,0.2099319999999807,0.0002099319999999807
Zheng DBSCAN,Ceravolo,sudden_trace_noise0_1000_IOR,500,150.0,[],[499],,,00:00:00,0.2099319999999807,0.0002099319999999807
Zheng DBSCAN,Ceravolo,sudden_trace_noise0_1000_IOR,500,200.0,[],[499],,,00:00:00,0.2099319999999807,0.0002099319999999807
Zheng DBSCAN,Ceravolo,sudden_trace_noise0_1000_IOR,500,250.0,[],[499],,,00:00:00,0.2099319999999807,0.0002099319999999807
Zheng DBSCAN,Ceravolo,sudden_trace_noise20_1000_pm,300,30.0,[np.float64(449.0)],[499],1.0,50.0,00:00:00,0.1781353000000081,0.0001781353000000081
Zheng DBSCAN,Ceravolo,sudden_trace_noise20_1000_pm,300,60.0,[np.float64(449.0)],[499],1.0,50.0,00:00:00,0.1781353000000081,0.0001781353000000081
Zheng DBSCAN,Ceravolo,sudden_trace_noise20_1000_pm,300,90.0,[np.float64(449.0)],[499],1.0,50.0,00:00:00,0.1781353000000081,0.0001781353000000081
Zheng DBSCAN,Ceravolo,sudden_trace_noise20_1000_pm,300,120.0,[np.float64(449.0)],[499],1.0,50.0,00:00:00,0.1781353000000081,0.0001781353000000081
Zheng DBSCAN,Ceravolo,sudden_trace_noise20_1000_pm,300,150.0,[np.float64(449.0)],[499],1.0,50.0,00:00:00,0.1781353000000081,0.0001781353000000081
Zheng DBSCAN,Ostovar,Atomic_ConditionalMove_output_ConditionalMove_5,400,40.0,[np.float64(1486.294185377087)],"[999, 1999]",,,00:00:06,6.692936700000018,0.00223172280760254
Zheng DBSCAN,Ostovar,Atomic_ConditionalMove_output_ConditionalMove_5,400,80.0,[np.float64(1486.294185377087)],"[999, 1999]",,,00:00:06,6.692936700000018,0.00223172280760254
Zheng DBSCAN,Ostovar,Atomic_ConditionalMove_output_ConditionalMove_5,400,120.0,[np.float64(1486.294185377087)],"[999, 1999]",,,00:00:06,6.692936700000018,0.00223172280760254
Zheng DBSCAN,Ostovar,Atomic_ConditionalMove_output_ConditionalMove_5,400,160.0,[np.float64(1486.294185377087)],"[999, 1999]",,,00:00:06,6.692936700000018,0.00223172280760254
Zheng DBSCAN,Ostovar,Atomic_ConditionalMove_output_ConditionalMove_5,400,200.0,[np.float64(1486.294185377087)],"[999, 1999]",,,00:00:06,6.692936700000018,0.00223172280760254
Zheng DBSCAN,Ostovar,Composite_OIR_output_OIR,500,50.0,"[np.float64(943.2380952380952), np.float64(1930.1176470588234)]","[999, 1999]",1.0,62.3221288515407,00:00:05,5.115991200000053,0.0017058990330110213
Zheng DBSCAN,Ostovar,Composite_OIR_output_OIR,500,100.0,"[np.float64(943.2380952380952), np.float64(1930.1176470588234)]","[999, 1999]",1.0,62.3221288515407,00:00:05,5.115991200000053,0.0017058990330110213
Zheng DBSCAN,Ostovar,Composite_OIR_output_OIR,500,150.0,"[np.float64(943.2380952380952), np.float64(1930.1176470588234)]","[999, 1999]",1.0,62.3221288515407,00:00:05,5.115991200000053,0.0017058990330110213
Zheng DBSCAN,Ostovar,Composite_OIR_output_OIR,500,200.0,"[np.float64(943.2380952380952), np.float64(1930.1176470588234)]","[999, 1999]",1.0,62.3221288515407,00:00:05,5.115991200000053,0.0017058990330110213
Zheng DBSCAN,Ostovar,Composite_OIR_output_OIR,500,250.0,"[np.float64(943.2380952380952), np.float64(1930.1176470588234)]","[999, 1999]",1.0,62.3221288515407,00:00:05,5.115991200000053,0.0017058990330110213
Zheng DBSCAN,Ostovar,Nested_IOR_output_IOR_5,300,30.0,[np.float64(1510.518251681076)],"[999, 1999]",,,00:00:07,7.267896000000064,0.002423439813271112
Zheng DBSCAN,Ostovar,Nested_IOR_output_IOR_5,300,60.0,[np.float64(1510.518251681076)],"[999, 1999]",,,00:00:07,7.267896000000064,0.002423439813271112
Zheng DBSCAN,Ostovar,Nested_IOR_output_IOR_5,300,90.0,[np.float64(1510.518251681076)],"[999, 1999]",,,00:00:07,7.267896000000064,0.002423439813271112
Zheng DBSCAN,Ostovar,Nested_IOR_output_IOR_5,300,120.0,[np.float64(1510.518251681076)],"[999, 1999]",,,00:00:07,7.267896000000064,0.002423439813271112
Zheng DBSCAN,Ostovar,Nested_IOR_output_IOR_5,300,150.0,[np.float64(1510.518251681076)],"[999, 1999]",,,00:00:07,7.267896000000064,0.002423439813271112
Zheng DBSCAN,Ceravolo,sudden_trace_noise5_1000_RIO,700,70.0,[],[499],,,00:00:00,0.20702280000000428,0.00020702280000000427
Zheng DBSCAN,Ceravolo,sudden_trace_noise5_1000_RIO,700,140.0,[],[499],,,00:00:00,0.20702280000000428,0.00020702280000000427
Zheng DBSCAN,Ceravolo,sudden_trace_noise5_1000_RIO,700,210.0,[],[499],,,00:00:00,0.20702280000000428,0.00020702280000000427
Zheng DBSCAN,Ceravolo,sudden_trace_noise5_1000_RIO,700,280.0,[],[499],,,00:00:00,0.20702280000000428,0.00020702280000000427
Zheng DBSCAN,Ceravolo,sudden_trace_noise5_1000_RIO,700,350.0,[],[499],,,00:00:00,0.20702280000000428,0.00020702280000000427
Zheng DBSCAN,Ostovar,Nested_IRO_output_IRO_5,400,40.0,[np.float64(1507.7917917917919)],"[999, 1999]",,,00:00:08,8.546074999999973,0.0028496415471823853
Zheng DBSCAN,Ostovar,Nested_IRO_output_IRO_5,400,80.0,[np.float64(1507.7917917917919)],"[999, 1999]",,,00:00:08,8.546074999999973,0.0028496415471823853
Zheng DBSCAN,Ostovar,Nested_IRO_output_IRO_5,400,120.0,[np.float64(1507.7917917917919)],"[999, 1999]",,,00:00:08,8.546074999999973,0.0028496415471823853
Zheng DBSCAN,Ostovar,Nested_IRO_output_IRO_5,400,160.0,[np.float64(1507.7917917917919)],"[999, 1999]",,,00:00:08,8.546074999999973,0.0028496415471823853
Zheng DBSCAN,Ostovar,Nested_IRO_output_IRO_5,400,200.0,[np.float64(1507.7917917917919)],"[999, 1999]",,,00:00:08,8.546074999999973,0.0028496415471823853
Zheng DBSCAN,Ceravolo,sudden_trace_noise0_1000_cp,500,50.0,[],[499],,,00:00:00,0.1711389000000736,0.00017113890000007359
Zheng DBSCAN,Ceravolo,sudden_trace_noise0_1000_cp,500,100.0,[],[499],,,00:00:00,0.1711389000000736,0.00017113890000007359
Zheng DBSCAN,Ceravolo,sudden_trace_noise0_1000_cp,500,150.0,[],[499],,,00:00:00,0.1711389000000736,0.00017113890000007359
Zheng DBSCAN,Ceravolo,sudden_trace_noise0_1000_cp,500,200.0,[],[499],,,00:00:00,0.1711389000000736,0.00017113890000007359
Zheng DBSCAN,Ceravolo,sudden_trace_noise0_1000_cp,500,250.0,[],[499],,,00:00:00,0.1711389000000736,0.00017113890000007359
Zheng DBSCAN,Ostovar,Atomic_SerialRemoval_output_SerialRemoval_2,400,40.0,[np.float64(1492.0251419302515)],"[999, 1999]",,,00:00:05,5.69701729999997,0.0018996389796598768
Zheng DBSCAN,Ostovar,Atomic_SerialRemoval_output_SerialRemoval_2,400,80.0,[np.float64(1492.0251419302515)],"[999, 1999]",,,00:00:05,5.69701729999997,0.0018996389796598768
Zheng DBSCAN,Ostovar,Atomic_SerialRemoval_output_SerialRemoval_2,400,120.0,[np.float64(1492.0251419302515)],"[999, 1999]",,,00:00:05,5.69701729999997,0.0018996389796598768
Zheng DBSCAN,Ostovar,Atomic_SerialRemoval_output_SerialRemoval_2,400,160.0,[np.float64(1492.0251419302515)],"[999, 1999]",,,00:00:05,5.69701729999997,0.0018996389796598768
Zheng DBSCAN,Ostovar,Atomic_SerialRemoval_output_SerialRemoval_2,400,200.0,[np.float64(1492.0251419302515)],"[999, 1999]",,,00:00:05,5.69701729999997,0.0018996389796598768
Zheng DBSCAN,Ostovar,Nested_OIR_output_OIR_2,300,30.0,[np.float64(1481.7707454289732)],"[999, 1999]",,,00:00:06,6.724975699999959,0.0022424060353451016
Zheng DBSCAN,Ostovar,Nested_OIR_output_OIR_2,300,60.0,[np.float64(1481.7707454289732)],"[999, 1999]",,,00:00:06,6.724975699999959,0.0022424060353451016
Zheng DBSCAN,Ostovar,Nested_OIR_output_OIR_2,300,90.0,[np.float64(1481.7707454289732)],"[999, 1999]",,,00:00:06,6.724975699999959,0.0022424060353451016
Zheng DBSCAN,Ostovar,Nested_OIR_output_OIR_2,300,120.0,[np.float64(1481.7707454289732)],"[999, 1999]",,,00:00:06,6.724975699999959,0.0022424060353451016
Zheng DBSCAN,Ostovar,Nested_OIR_output_OIR_2,300,150.0,[np.float64(1481.7707454289732)],"[999, 1999]",,,00:00:06,6.724975699999959,0.0022424060353451016
Zheng DBSCAN,Ostovar,Nested_IOR_output_IOR_5,700,70.0,[np.float64(1509.059872611465)],"[999, 1999]",,,00:00:07,7.499670100000003,0.0025007236078692908
Zheng DBSCAN,Ostovar,Nested_IOR_output_IOR_5,700,140.0,[np.float64(1509.059872611465)],"[999, 1999]",,,00:00:07,7.499670100000003,0.0025007236078692908
Zheng DBSCAN,Ostovar,Nested_IOR_output_IOR_5,700,210.0,[np.float64(1509.059872611465)],"[999, 1999]",,,00:00:07,7.499670100000003,0.0025007236078692908
Zheng DBSCAN,Ostovar,Nested_IOR_output_IOR_5,700,280.0,[np.float64(1509.059872611465)],"[999, 1999]",,,00:00:07,7.499670100000003,0.0025007236078692908
Zheng DBSCAN,Ostovar,Nested_IOR_output_IOR_5,700,350.0,[np.float64(1509.059872611465)],"[999, 1999]",,,00:00:07,7.499670100000003,0.0025007236078692908
Zheng DBSCAN,Ceravolo,sudden_trace_noise5_1000_sw,400,40.0,[np.float64(451.3333333333333)],[499],1.0,47.666666666666686,00:00:00,0.18439109999997072,0.0001843910999999707
Zheng DBSCAN,Ceravolo,sudden_trace_noise5_1000_sw,400,80.0,[np.float64(451.3333333333333)],[499],1.0,47.666666666666686,00:00:00,0.18439109999997072,0.0001843910999999707
Zheng DBSCAN,Ceravolo,sudden_trace_noise5_1000_sw,400,120.0,[np.float64(451.3333333333333)],[499],1.0,47.666666666666686,00:00:00,0.18439109999997072,0.0001843910999999707
Zheng DBSCAN,Ceravolo,sudden_trace_noise5_1000_sw,400,160.0,[np.float64(451.3333333333333)],[499],1.0,47.666666666666686,00:00:00,0.18439109999997072,0.0001843910999999707
Zheng DBSCAN,Ceravolo,sudden_trace_noise5_1000_sw,400,200.0,[np.float64(451.3333333333333)],[499],1.0,47.666666666666686,00:00:00,0.18439109999997072,0.0001843910999999707
Zheng DBSCAN,Ostovar,Atomic_Frequency_output_Frequency_5,500,50.0,[np.float64(1518.606392694064)],"[999, 1999]",,,00:00:03,3.1526932000000443,0.0010512481493831424
Zheng DBSCAN,Ostovar,Atomic_Frequency_output_Frequency_5,500,100.0,[np.float64(1518.606392694064)],"[999, 1999]",,,00:00:03,3.1526932000000443,0.0010512481493831424
Zheng DBSCAN,Ostovar,Atomic_Frequency_output_Frequency_5,500,150.0,[np.float64(1518.606392694064)],"[999, 1999]",,,00:00:03,3.1526932000000443,0.0010512481493831424
Zheng DBSCAN,Ostovar,Atomic_Frequency_output_Frequency_5,500,200.0,[np.float64(1518.606392694064)],"[999, 1999]",,,00:00:03,3.1526932000000443,0.0010512481493831424
Zheng DBSCAN,Ostovar,Atomic_Frequency_output_Frequency_5,500,250.0,[np.float64(1518.606392694064)],"[999, 1999]",,,00:00:03,3.1526932000000443,0.0010512481493831424
Zheng DBSCAN,Ostovar,Nested_IRO_output_IRO_2,300,30.0,[np.float64(1487.0268264840183)],"[999, 1999]",,,00:00:08,8.520088900000019,0.0028409766255418534
Zheng DBSCAN,Ostovar,Nested_IRO_output_IRO_2,300,60.0,[np.float64(1487.0268264840183)],"[999, 1999]",,,00:00:08,8.520088900000019,0.0028409766255418534
Zheng DBSCAN,Ostovar,Nested_IRO_output_IRO_2,300,90.0,[np.float64(1487.0268264840183)],"[999, 1999]",,,00:00:08,8.520088900000019,0.0028409766255418534
Zheng DBSCAN,Ostovar,Nested_IRO_output_IRO_2,300,120.0,[np.float64(1487.0268264840183)],"[999, 1999]",,,00:00:08,8.520088900000019,0.0028409766255418534
Zheng DBSCAN,Ostovar,Nested_IRO_output_IRO_2,300,150.0,[np.float64(1487.0268264840183)],"[999, 1999]",,,00:00:08,8.520088900000019,0.0028409766255418534
Zheng DBSCAN,Ceravolo,sudden_trace_noise10_1000_pl,300,30.0,[],[499],,,00:00:00,0.2013892999999598,0.0002013892999999598
Zheng DBSCAN,Ceravolo,sudden_trace_noise10_1000_pl,300,60.0,[],[499],,,00:00:00,0.2013892999999598,0.0002013892999999598
Zheng DBSCAN,Ceravolo,sudden_trace_noise10_1000_pl,300,90.0,[],[499],,,00:00:00,0.2013892999999598,0.0002013892999999598
Zheng DBSCAN,Ceravolo,sudden_trace_noise10_1000_pl,300,120.0,[],[499],,,00:00:00,0.2013892999999598,0.0002013892999999598
Zheng DBSCAN,Ceravolo,sudden_trace_noise10_1000_pl,300,150.0,[],[499],,,00:00:00,0.2013892999999598,0.0002013892999999598
Zheng DBSCAN,Ostovar,Composite_OIR_output_OIR,300,30.0,"[np.float64(943.2380952380952), np.float64(1930.1176470588234)]","[999, 1999]",1.0,62.3221288515407,00:00:05,5.160424899999953,0.0017207152050683404
Zheng DBSCAN,Ostovar,Composite_OIR_output_OIR,300,60.0,"[np.float64(943.2380952380952), np.float64(1930.1176470588234)]","[999, 1999]",1.0,62.3221288515407,00:00:05,5.160424899999953,0.0017207152050683404
Zheng DBSCAN,Ostovar,Composite_OIR_output_OIR,300,90.0,"[np.float64(943.2380952380952), np.float64(1930.1176470588234)]","[999, 1999]",1.0,62.3221288515407,00:00:05,5.160424899999953,0.0017207152050683404
Zheng DBSCAN,Ostovar,Composite_OIR_output_OIR,300,120.0,"[np.float64(943.2380952380952), np.float64(1930.1176470588234)]","[999, 1999]",1.0,62.3221288515407,00:00:05,5.160424899999953,0.0017207152050683404
Zheng DBSCAN,Ostovar,Composite_OIR_output_OIR,300,150.0,"[np.float64(943.2380952380952), np.float64(1930.1176470588234)]","[999, 1999]",1.0,62.3221288515407,00:00:05,5.160424899999953,0.0017207152050683404
Zheng DBSCAN,Ostovar,Atomic_SerialMove_output_SerialMove,600,60.0,"[np.float64(933.5), np.float64(1939.375)]","[999, 1999]",1.0,62.5625,00:00:05,5.563033700000005,0.0018549628876292116
Zheng DBSCAN,Ostovar,Atomic_SerialMove_output_SerialMove,600,120.0,"[np.float64(933.5), np.float64(1939.375)]","[999, 1999]",1.0,62.5625,00:00:05,5.563033700000005,0.0018549628876292116
Zheng DBSCAN,Ostovar,Atomic_SerialMove_output_SerialMove,600,180.0,"[np.float64(933.5), np.float64(1939.375)]","[999, 1999]",1.0,62.5625,00:00:05,5.563033700000005,0.0018549628876292116
Zheng DBSCAN,Ostovar,Atomic_SerialMove_output_SerialMove,600,240.0,"[np.float64(933.5), np.float64(1939.375)]","[999, 1999]",1.0,62.5625,00:00:05,5.563033700000005,0.0018549628876292116
Zheng DBSCAN,Ostovar,Atomic_SerialMove_output_SerialMove,600,300.0,"[np.float64(933.5), np.float64(1939.375)]","[999, 1999]",1.0,62.5625,00:00:05,5.563033700000005,0.0018549628876292116
Zheng DBSCAN,Ostovar,Nested_IRO_output_IRO,700,70.0,"[np.float64(873.0625), np.float64(1891.3684210526317)]","[999, 1999]",1.0,116.78453947368416,00:00:06,6.7925365999999485,0.0022649338446148544
Zheng DBSCAN,Ostovar,Nested_IRO_output_IRO,700,140.0,"[np.float64(873.0625), np.float64(1891.3684210526317)]","[999, 1999]",1.0,116.78453947368416,00:00:06,6.7925365999999485,0.0022649338446148544
Zheng DBSCAN,Ostovar,Nested_IRO_output_IRO,700,210.0,"[np.float64(873.0625), np.float64(1891.3684210526317)]","[999, 1999]",1.0,116.78453947368416,00:00:06,6.7925365999999485,0.0022649338446148544
Zheng DBSCAN,Ostovar,Nested_IRO_output_IRO,700,280.0,"[np.float64(873.0625), np.float64(1891.3684210526317)]","[999, 1999]",1.0,116.78453947368416,00:00:06,6.7925365999999485,0.0022649338446148544
Zheng DBSCAN,Ostovar,Nested_IRO_output_IRO,700,350.0,"[np.float64(873.0625), np.float64(1891.3684210526317)]","[999, 1999]",1.0,116.78453947368416,00:00:06,6.7925365999999485,0.0022649338446148544
Zheng DBSCAN,Ostovar,Atomic_ParallelRemoval_output_ParallelRemoval,600,60.0,"[np.float64(933.5), np.float64(1940.3333333333333)]","[999, 1999]",1.0,62.08333333333337,00:00:04,4.7101281999999856,0.001570566255418468
Zheng DBSCAN,Ostovar,Atomic_ParallelRemoval_output_ParallelRemoval,600,120.0,"[np.float64(933.5), np.float64(1940.3333333333333)]","[999, 1999]",1.0,62.08333333333337,00:00:04,4.7101281999999856,0.001570566255418468
Zheng DBSCAN,Ostovar,Atomic_ParallelRemoval_output_ParallelRemoval,600,180.0,"[np.float64(933.5), np.float64(1940.3333333333333)]","[999, 1999]",1.0,62.08333333333337,00:00:04,4.7101281999999856,0.001570566255418468
Zheng DBSCAN,Ostovar,Atomic_ParallelRemoval_output_ParallelRemoval,600,240.0,"[np.float64(933.5), np.float64(1940.3333333333333)]","[999, 1999]",1.0,62.08333333333337,00:00:04,4.7101281999999856,0.001570566255418468
Zheng DBSCAN,Ostovar,Atomic_ParallelRemoval_output_ParallelRemoval,600,300.0,"[np.float64(933.5), np.float64(1940.3333333333333)]","[999, 1999]",1.0,62.08333333333337,00:00:04,4.7101281999999856,0.001570566255418468
Zheng DBSCAN,Ostovar,Composite_RIO_output_RIO,800,80.0,"[np.float64(937.1428571428571), np.float64(1939.5)]","[999, 1999]",1.0,60.678571428571445,00:00:05,5.337399000000005,0.0017797262420806953
Zheng DBSCAN,Ostovar,Composite_RIO_output_RIO,800,160.0,"[np.float64(937.1428571428571), np.float64(1939.5)]","[999, 1999]",1.0,60.678571428571445,00:00:05,5.337399000000005,0.0017797262420806953
Zheng DBSCAN,Ostovar,Composite_RIO_output_RIO,800,240.0,"[np.float64(937.1428571428571), np.float64(1939.5)]","[999, 1999]",1.0,60.678571428571445,00:00:05,5.337399000000005,0.0017797262420806953
Zheng DBSCAN,Ostovar,Composite_RIO_output_RIO,800,320.0,"[np.float64(937.1428571428571), np.float64(1939.5)]","[999, 1999]",1.0,60.678571428571445,00:00:05,5.337399000000005,0.0017797262420806953
Zheng DBSCAN,Ostovar,Composite_RIO_output_RIO,800,400.0,"[np.float64(937.1428571428571), np.float64(1939.5)]","[999, 1999]",1.0,60.678571428571445,00:00:05,5.337399000000005,0.0017797262420806953
Zheng DBSCAN,Ostovar,Atomic_ParallelMove_output_ParallelMove_2,800,80.0,[np.float64(1522.9259259259259)],"[999, 1999]",,,00:00:06,6.615479100000016,0.002205894998332783
Zheng DBSCAN,Ostovar,Atomic_ParallelMove_output_ParallelMove_2,800,160.0,[np.float64(1522.9259259259259)],"[999, 1999]",,,00:00:06,6.615479100000016,0.002205894998332783
Zheng DBSCAN,Ostovar,Atomic_ParallelMove_output_ParallelMove_2,800,240.0,[np.float64(1522.9259259259259)],"[999, 1999]",,,00:00:06,6.615479100000016,0.002205894998332783
Zheng DBSCAN,Ostovar,Atomic_ParallelMove_output_ParallelMove_2,800,320.0,[np.float64(1522.9259259259259)],"[999, 1999]",,,00:00:06,6.615479100000016,0.002205894998332783
Zheng DBSCAN,Ostovar,Atomic_ParallelMove_output_ParallelMove_2,800,400.0,[np.float64(1522.9259259259259)],"[999, 1999]",,,00:00:06,6.615479100000016,0.002205894998332783
Zheng DBSCAN,Ceravolo,sudden_trace_noise20_1000_sw,400,40.0,[np.float64(451.3333333333333)],[499],1.0,47.666666666666686,00:00:00,0.16024720000007164,0.00016024720000007165
Zheng DBSCAN,Ceravolo,sudden_trace_noise20_1000_sw,400,80.0,[np.float64(451.3333333333333)],[499],1.0,47.666666666666686,00:00:00,0.16024720000007164,0.00016024720000007165
Zheng DBSCAN,Ceravolo,sudden_trace_noise20_1000_sw,400,120.0,[np.float64(451.3333333333333)],[499],1.0,47.666666666666686,00:00:00,0.16024720000007164,0.00016024720000007165
Zheng DBSCAN,Ceravolo,sudden_trace_noise20_1000_sw,400,160.0,[np.float64(451.3333333333333)],[499],1.0,47.666666666666686,00:00:00,0.16024720000007164,0.00016024720000007165
Zheng DBSCAN,Ceravolo,sudden_trace_noise20_1000_sw,400,200.0,[np.float64(451.3333333333333)],[499],1.0,47.666666666666686,00:00:00,0.16024720000007164,0.00016024720000007165
Zheng DBSCAN,Ceravolo,sudden_trace_noise0_1000_lp,400,40.0,[np.float64(448.0)],[499],1.0,51.0,00:00:00,0.20167830000002596,0.00020167830000002596
Zheng DBSCAN,Ceravolo,sudden_trace_noise0_1000_lp,400,80.0,[np.float64(448.0)],[499],1.0,51.0,00:00:00,0.20167830000002596,0.00020167830000002596
Zheng DBSCAN,Ceravolo,sudden_trace_noise0_1000_lp,400,120.0,[np.float64(448.0)],[499],1.0,51.0,00:00:00,0.20167830000002596,0.00020167830000002596
Zheng DBSCAN,Ceravolo,sudden_trace_noise0_1000_lp,400,160.0,[np.float64(448.0)],[499],1.0,51.0,00:00:00,0.20167830000002596,0.00020167830000002596
Zheng DBSCAN,Ceravolo,sudden_trace_noise0_1000_lp,400,200.0,[np.float64(448.0)],[499],1.0,51.0,00:00:00,0.20167830000002596,0.00020167830000002596
Zheng DBSCAN,Ceravolo,sudden_trace_noise5_1000_OIR,700,70.0,[],[499],,,00:00:00,0.2168891999999687,0.00021688919999996868
Zheng DBSCAN,Ceravolo,sudden_trace_noise5_1000_OIR,700,140.0,[],[499],,,00:00:00,0.2168891999999687,0.00021688919999996868
Zheng DBSCAN,Ceravolo,sudden_trace_noise5_1000_OIR,700,210.0,[],[499],,,00:00:00,0.2168891999999687,0.00021688919999996868
Zheng DBSCAN,Ceravolo,sudden_trace_noise5_1000_OIR,700,280.0,[],[499],,,00:00:00,0.2168891999999687,0.00021688919999996868
Zheng DBSCAN,Ceravolo,sudden_trace_noise5_1000_OIR,700,350.0,[],[499],,,00:00:00,0.2168891999999687,0.00021688919999996868
Zheng DBSCAN,Ceravolo,sudden_trace_noise0_1000_cp,400,40.0,[np.float64(449.0)],[499],1.0,50.0,00:00:00,0.19061610000005658,0.00019061610000005658
Zheng DBSCAN,Ceravolo,sudden_trace_noise0_1000_cp,400,80.0,[np.float64(449.0)],[499],1.0,50.0,00:00:00,0.19061610000005658,0.00019061610000005658
Zheng DBSCAN,Ceravolo,sudden_trace_noise0_1000_cp,400,120.0,[np.float64(449.0)],[499],1.0,50.0,00:00:00,0.19061610000005658,0.00019061610000005658
Zheng DBSCAN,Ceravolo,sudden_trace_noise0_1000_cp,400,160.0,[np.float64(449.0)],[499],1.0,50.0,00:00:00,0.19061610000005658,0.00019061610000005658
Zheng DBSCAN,Ceravolo,sudden_trace_noise0_1000_cp,400,200.0,[np.float64(449.0)],[499],1.0,50.0,00:00:00,0.19061610000005658,0.00019061610000005658
Zheng DBSCAN,Ostovar,Atomic_Swap_output_Swap_5,800,80.0,[np.float64(1481.8329278183294)],"[999, 1999]",,,00:00:05,5.573918499999991,0.0018585923641213707
Zheng DBSCAN,Ostovar,Atomic_Swap_output_Swap_5,800,160.0,[np.float64(1481.8329278183294)],"[999, 1999]",,,00:00:05,5.573918499999991,0.0018585923641213707
Zheng DBSCAN,Ostovar,Atomic_Swap_output_Swap_5,800,240.0,[np.float64(1481.8329278183294)],"[999, 1999]",,,00:00:05,5.573918499999991,0.0018585923641213707
Zheng DBSCAN,Ostovar,Atomic_Swap_output_Swap_5,800,320.0,[np.float64(1481.8329278183294)],"[999, 1999]",,,00:00:05,5.573918499999991,0.0018585923641213707
Zheng DBSCAN,Ostovar,Atomic_Swap_output_Swap_5,800,400.0,[np.float64(1481.8329278183294)],"[999, 1999]",,,00:00:05,5.573918499999991,0.0018585923641213707
Zheng DBSCAN,Ceravolo,sudden_trace_noise5_1000_re,600,60.0,[],[499],,,00:00:00,0.1671076999999741,0.0001671076999999741
Zheng DBSCAN,Ceravolo,sudden_trace_noise5_1000_re,600,120.0,[],[499],,,00:00:00,0.1671076999999741,0.0001671076999999741
Zheng DBSCAN,Ceravolo,sudden_trace_noise5_1000_re,600,180.0,[],[499],,,00:00:00,0.1671076999999741,0.0001671076999999741
Zheng DBSCAN,Ceravolo,sudden_trace_noise5_1000_re,600,240.0,[],[499],,,00:00:00,0.1671076999999741,0.0001671076999999741
Zheng DBSCAN,Ceravolo,sudden_trace_noise5_1000_re,600,300.0,[],[499],,,00:00:00,0.1671076999999741,0.0001671076999999741
Zheng DBSCAN,Ostovar,Nested_RIO_output_RIO,800,80.0,"[np.float64(968.5555555555555), np.float64(1773.0), np.float64(1910.2608695652175)]","[999, 1999]",0.8,59.59178743961348,00:00:06,6.416124100000047,0.0021394211737245906
Zheng DBSCAN,Ostovar,Nested_RIO_output_RIO,800,160.0,"[np.float64(968.5555555555555), np.float64(1904.5416666666667)]","[999, 1999]",1.0,62.45138888888886,00:00:06,6.416124100000047,0.0021394211737245906
Zheng DBSCAN,Ostovar,Nested_RIO_output_RIO,800,240.0,"[np.float64(968.5555555555555), np.float64(1904.5416666666667)]","[999, 1999]",1.0,62.45138888888886,00:00:06,6.416124100000047,0.0021394211737245906
Zheng DBSCAN,Ostovar,Nested_RIO_output_RIO,800,320.0,"[np.float64(968.5555555555555), np.float64(1904.5416666666667)]","[999, 1999]",1.0,62.45138888888886,00:00:06,6.416124100000047,0.0021394211737245906
Zheng DBSCAN,Ostovar,Nested_RIO_output_RIO,800,400.0,"[np.float64(968.5555555555555), np.float64(1904.5416666666667)]","[999, 1999]",1.0,62.45138888888886,00:00:06,6.416124100000047,0.0021394211737245906
Zheng DBSCAN,Ostovar,Atomic_ParallelMove_output_ParallelMove_5,400,40.0,[np.float64(1476.8104723961299)],"[999, 1999]",,,00:00:06,6.969922800000063,0.0023240822940980535
Zheng DBSCAN,Ostovar,Atomic_ParallelMove_output_ParallelMove_5,400,80.0,[np.float64(1476.8104723961299)],"[999, 1999]",,,00:00:06,6.969922800000063,0.0023240822940980535
Zheng DBSCAN,Ostovar,Atomic_ParallelMove_output_ParallelMove_5,400,120.0,[np.float64(1476.8104723961299)],"[999, 1999]",,,00:00:06,6.969922800000063,0.0023240822940980535
Zheng DBSCAN,Ostovar,Atomic_ParallelMove_output_ParallelMove_5,400,160.0,[np.float64(1476.8104723961299)],"[999, 1999]",,,00:00:06,6.969922800000063,0.0023240822940980535
Zheng DBSCAN,Ostovar,Atomic_ParallelMove_output_ParallelMove_5,400,200.0,[np.float64(1476.8104723961299)],"[999, 1999]",,,00:00:06,6.969922800000063,0.0023240822940980535
Zheng DBSCAN,Ceravolo,sudden_trace_noise5_1000_rp,300,30.0,[np.float64(449.0)],[499],1.0,50.0,00:00:00,0.21930780000002414,0.00021930780000002414
Zheng DBSCAN,Ceravolo,sudden_trace_noise5_1000_rp,300,60.0,[np.float64(449.0)],[499],1.0,50.0,00:00:00,0.21930780000002414,0.00021930780000002414
Zheng DBSCAN,Ceravolo,sudden_trace_noise5_1000_rp,300,90.0,[np.float64(449.0)],[499],1.0,50.0,00:00:00,0.21930780000002414,0.00021930780000002414
Zheng DBSCAN,Ceravolo,sudden_trace_noise5_1000_rp,300,120.0,[np.float64(449.0)],[499],1.0,50.0,00:00:00,0.21930780000002414,0.00021930780000002414
Zheng DBSCAN,Ceravolo,sudden_trace_noise5_1000_rp,300,150.0,[np.float64(449.0)],[499],1.0,50.0,00:00:00,0.21930780000002414,0.00021930780000002414
Zheng DBSCAN,Ceravolo,sudden_trace_noise10_1000_cd,800,80.0,[],[499],,,00:00:00,0.19349260000001323,0.00019349260000001324
Zheng DBSCAN,Ceravolo,sudden_trace_noise10_1000_cd,800,160.0,[],[499],,,00:00:00,0.19349260000001323,0.00019349260000001324
Zheng DBSCAN,Ceravolo,sudden_trace_noise10_1000_cd,800,240.0,[],[499],,,00:00:00,0.19349260000001323,0.00019349260000001324
Zheng DBSCAN,Ceravolo,sudden_trace_noise10_1000_cd,800,320.0,[],[499],,,00:00:00,0.19349260000001323,0.00019349260000001324
Zheng DBSCAN,Ceravolo,sudden_trace_noise10_1000_cd,800,400.0,[],[499],,,00:00:00,0.19349260000001323,0.00019349260000001324
Zheng DBSCAN,Ceravolo,sudden_trace_noise20_1000_ROI,400,40.0,[np.float64(448.5)],[499],1.0,50.5,00:00:00,0.2230367000000797,0.00022303670000007968
Zheng DBSCAN,Ceravolo,sudden_trace_noise20_1000_ROI,400,80.0,[np.float64(448.5)],[499],1.0,50.5,00:00:00,0.2230367000000797,0.00022303670000007968
Zheng DBSCAN,Ceravolo,sudden_trace_noise20_1000_ROI,400,120.0,[np.float64(448.5)],[499],1.0,50.5,00:00:00,0.2230367000000797,0.00022303670000007968
Zheng DBSCAN,Ceravolo,sudden_trace_noise20_1000_ROI,400,160.0,[np.float64(448.5)],[499],1.0,50.5,00:00:00,0.2230367000000797,0.00022303670000007968
Zheng DBSCAN,Ceravolo,sudden_trace_noise20_1000_ROI,400,200.0,[np.float64(448.5)],[499],1.0,50.5,00:00:00,0.2230367000000797,0.00022303670000007968
Zheng DBSCAN,Ostovar,Nested_RIO_output_RIO_2,300,30.0,[np.float64(1505.460625)],"[999, 1999]",,,00:00:07,7.686974400000054,0.0025631791930643727
Zheng DBSCAN,Ostovar,Nested_RIO_output_RIO_2,300,60.0,[np.float64(1505.460625)],"[999, 1999]",,,00:00:07,7.686974400000054,0.0025631791930643727
Zheng DBSCAN,Ostovar,Nested_RIO_output_RIO_2,300,90.0,[np.float64(1505.460625)],"[999, 1999]",,,00:00:07,7.686974400000054,0.0025631791930643727
Zheng DBSCAN,Ostovar,Nested_RIO_output_RIO_2,300,120.0,[np.float64(1505.460625)],"[999, 1999]",,,00:00:07,7.686974400000054,0.0025631791930643727
Zheng DBSCAN,Ostovar,Nested_RIO_output_RIO_2,300,150.0,[np.float64(1505.460625)],"[999, 1999]",,,00:00:07,7.686974400000054,0.0025631791930643727
Zheng DBSCAN,Ceravolo,sudden_trace_noise15_1000_RIO,400,40.0,[np.float64(447.0)],[499],1.0,52.0,00:00:00,0.1858039999999619,0.0001858039999999619
Zheng DBSCAN,Ceravolo,sudden_trace_noise15_1000_RIO,400,80.0,[np.float64(447.0)],[499],1.0,52.0,00:00:00,0.1858039999999619,0.0001858039999999619
Zheng DBSCAN,Ceravolo,sudden_trace_noise15_1000_RIO,400,120.0,[np.float64(447.0)],[499],1.0,52.0,00:00:00,0.1858039999999619,0.0001858039999999619
Zheng DBSCAN,Ceravolo,sudden_trace_noise15_1000_RIO,400,160.0,[np.float64(447.0)],[499],1.0,52.0,00:00:00,0.1858039999999619,0.0001858039999999619
Zheng DBSCAN,Ceravolo,sudden_trace_noise15_1000_RIO,400,200.0,[np.float64(447.0)],[499],1.0,52.0,00:00:00,0.1858039999999619,0.0001858039999999619
Zheng DBSCAN,Ostovar,Composite_ROI_output_ROI_2,700,70.0,[np.float64(1488.203237410072)],"[999, 1999]",,,00:00:06,6.6818528000000015,0.0022280269423141054
Zheng DBSCAN,Ostovar,Composite_ROI_output_ROI_2,700,140.0,[np.float64(1488.203237410072)],"[999, 1999]",,,00:00:06,6.6818528000000015,0.0022280269423141054
Zheng DBSCAN,Ostovar,Composite_ROI_output_ROI_2,700,210.0,[np.float64(1488.203237410072)],"[999, 1999]",,,00:00:06,6.6818528000000015,0.0022280269423141054
Zheng DBSCAN,Ostovar,Composite_ROI_output_ROI_2,700,280.0,[np.float64(1488.203237410072)],"[999, 1999]",,,00:00:06,6.6818528000000015,0.0022280269423141054
Zheng DBSCAN,Ostovar,Composite_ROI_output_ROI_2,700,350.0,[np.float64(1488.203237410072)],"[999, 1999]",,,00:00:06,6.6818528000000015,0.0022280269423141054
Zheng DBSCAN,Ostovar,Atomic_Loop_output_Loop_5,300,30.0,[np.float64(1505.554926387316)],"[999, 1999]",,,00:00:05,5.322560899999985,0.0017747785595198348
Zheng DBSCAN,Ostovar,Atomic_Loop_output_Loop_5,300,60.0,[np.float64(1505.554926387316)],"[999, 1999]",,,00:00:05,5.322560899999985,0.0017747785595198348
Zheng DBSCAN,Ostovar,Atomic_Loop_output_Loop_5,300,90.0,[np.float64(1505.554926387316)],"[999, 1999]",,,00:00:05,5.322560899999985,0.0017747785595198348
Zheng DBSCAN,Ostovar,Atomic_Loop_output_Loop_5,300,120.0,[np.float64(1505.554926387316)],"[999, 1999]",,,00:00:05,5.322560899999985,0.0017747785595198348
Zheng DBSCAN,Ostovar,Atomic_Loop_output_Loop_5,300,150.0,[np.float64(1505.554926387316)],"[999, 1999]",,,00:00:05,5.322560899999985,0.0017747785595198348
Zheng DBSCAN,Ostovar,Atomic_SerialRemoval_output_SerialRemoval,600,60.0,"[np.float64(938.25), np.float64(1935.5)]","[999, 1999]",1.0,62.125,00:00:04,4.5151928000000225,0.0015055661220406877
Zheng DBSCAN,Ostovar,Atomic_SerialRemoval_output_SerialRemoval,600,120.0,"[np.float64(938.25), np.float64(1935.5)]","[999, 1999]",1.0,62.125,00:00:04,4.5151928000000225,0.0015055661220406877
Zheng DBSCAN,Ostovar,Atomic_SerialRemoval_output_SerialRemoval,600,180.0,"[np.float64(938.25), np.float64(1935.5)]","[999, 1999]",1.0,62.125,00:00:04,4.5151928000000225,0.0015055661220406877
Zheng DBSCAN,Ostovar,Atomic_SerialRemoval_output_SerialRemoval,600,240.0,"[np.float64(938.25), np.float64(1935.5)]","[999, 1999]",1.0,62.125,00:00:04,4.5151928000000225,0.0015055661220406877
Zheng DBSCAN,Ostovar,Atomic_SerialRemoval_output_SerialRemoval,600,300.0,"[np.float64(938.25), np.float64(1935.5)]","[999, 1999]",1.0,62.125,00:00:04,4.5151928000000225,0.0015055661220406877
Zheng DBSCAN,Ceravolo,sudden_trace_noise20_1000_IRO,400,40.0,[np.float64(449.0)],[499],1.0,50.0,00:00:00,0.22759150000001682,0.0002275915000000168
Zheng DBSCAN,Ceravolo,sudden_trace_noise20_1000_IRO,400,80.0,[np.float64(449.0)],[499],1.0,50.0,00:00:00,0.22759150000001682,0.0002275915000000168
Zheng DBSCAN,Ceravolo,sudden_trace_noise20_1000_IRO,400,120.0,[np.float64(449.0)],[499],1.0,50.0,00:00:00,0.22759150000001682,0.0002275915000000168
Zheng DBSCAN,Ceravolo,sudden_trace_noise20_1000_IRO,400,160.0,[np.float64(449.0)],[499],1.0,50.0,00:00:00,0.22759150000001682,0.0002275915000000168
Zheng DBSCAN,Ceravolo,sudden_trace_noise20_1000_IRO,400,200.0,[np.float64(449.0)],[499],1.0,50.0,00:00:00,0.22759150000001682,0.0002275915000000168
Zheng DBSCAN,Ostovar,Composite_ROI_output_ROI_2,800,80.0,[np.float64(1481.9715639810427)],"[999, 1999]",,,00:00:06,6.57474030000003,0.0021923108702901067
Zheng DBSCAN,Ostovar,Composite_ROI_output_ROI_2,800,160.0,[np.float64(1481.9715639810427)],"[999, 1999]",,,00:00:06,6.57474030000003,0.0021923108702901067
Zheng DBSCAN,Ostovar,Composite_ROI_output_ROI_2,800,240.0,[np.float64(1481.9715639810427)],"[999, 1999]",,,00:00:06,6.57474030000003,0.0021923108702901067
Zheng DBSCAN,Ostovar,Composite_ROI_output_ROI_2,800,320.0,[np.float64(1481.9715639810427)],"[999, 1999]",,,00:00:06,6.57474030000003,0.0021923108702901067
Zheng DBSCAN,Ostovar,Composite_ROI_output_ROI_2,800,400.0,[np.float64(1481.9715639810427)],"[999, 1999]",,,00:00:06,6.57474030000003,0.0021923108702901067
Zheng DBSCAN,Ceravolo,sudden_trace_noise5_1000_cb,600,60.0,[],[499],,,00:00:00,0.18665440000006583,0.00018665440000006583
Zheng DBSCAN,Ceravolo,sudden_trace_noise5_1000_cb,600,120.0,[],[499],,,00:00:00,0.18665440000006583,0.00018665440000006583
Zheng DBSCAN,Ceravolo,sudden_trace_noise5_1000_cb,600,180.0,[],[499],,,00:00:00,0.18665440000006583,0.00018665440000006583
Zheng DBSCAN,Ceravolo,sudden_trace_noise5_1000_cb,600,240.0,[],[499],,,00:00:00,0.18665440000006583,0.00018665440000006583
Zheng DBSCAN,Ceravolo,sudden_trace_noise5_1000_cb,600,300.0,[],[499],,,00:00:00,0.18665440000006583,0.00018665440000006583
Zheng DBSCAN,Ostovar,Atomic_ConditionalMove_output_ConditionalMove_2,700,70.0,[np.float64(1505.9709251101322)],"[999, 1999]",,,00:00:06,6.778092300000026,0.002260117472490839
Zheng DBSCAN,Ostovar,Atomic_ConditionalMove_output_ConditionalMove_2,700,140.0,[np.float64(1505.9709251101322)],"[999, 1999]",,,00:00:06,6.778092300000026,0.002260117472490839
Zheng DBSCAN,Ostovar,Atomic_ConditionalMove_output_ConditionalMove_2,700,210.0,[np.float64(1505.9709251101322)],"[999, 1999]",,,00:00:06,6.778092300000026,0.002260117472490839
Zheng DBSCAN,Ostovar,Atomic_ConditionalMove_output_ConditionalMove_2,700,280.0,[np.float64(1505.9709251101322)],"[999, 1999]",,,00:00:06,6.778092300000026,0.002260117472490839
Zheng DBSCAN,Ostovar,Atomic_ConditionalMove_output_ConditionalMove_2,700,350.0,[np.float64(1505.9709251101322)],"[999, 1999]",,,00:00:06,6.778092300000026,0.002260117472490839
Zheng DBSCAN,Ceravolo,sudden_trace_noise0_1000_cf,800,80.0,[],[499],,,00:00:00,0.18154279999998835,0.00018154279999998835
Zheng DBSCAN,Ceravolo,sudden_trace_noise0_1000_cf,800,160.0,[],[499],,,00:00:00,0.18154279999998835,0.00018154279999998835
Zheng DBSCAN,Ceravolo,sudden_trace_noise0_1000_cf,800,240.0,[],[499],,,00:00:00,0.18154279999998835,0.00018154279999998835
Zheng DBSCAN,Ceravolo,sudden_trace_noise0_1000_cf,800,320.0,[],[499],,,00:00:00,0.18154279999998835,0.00018154279999998835
Zheng DBSCAN,Ceravolo,sudden_trace_noise0_1000_cf,800,400.0,[],[499],,,00:00:00,0.18154279999998835,0.00018154279999998835
Zheng DBSCAN,Ceravolo,sudden_trace_noise10_1000_ROI,500,50.0,[],[499],,,00:00:00,0.21074540000006436,0.00021074540000006438
Zheng DBSCAN,Ceravolo,sudden_trace_noise10_1000_ROI,500,100.0,[],[499],,,00:00:00,0.21074540000006436,0.00021074540000006438
Zheng DBSCAN,Ceravolo,sudden_trace_noise10_1000_ROI,500,150.0,[],[499],,,00:00:00,0.21074540000006436,0.00021074540000006438
Zheng DBSCAN,Ceravolo,sudden_trace_noise10_1000_ROI,500,200.0,[],[499],,,00:00:00,0.21074540000006436,0.00021074540000006438
Zheng DBSCAN,Ceravolo,sudden_trace_noise10_1000_ROI,500,250.0,[],[499],,,00:00:00,0.21074540000006436,0.00021074540000006438
Zheng DBSCAN,Ostovar,Atomic_Skip_output_Skip_2,500,50.0,[np.float64(1498.8360522022838)],"[999, 1999]",,,00:00:05,5.9054270000000315,0.0019691320440146823
Zheng DBSCAN,Ostovar,Atomic_Skip_output_Skip_2,500,100.0,[np.float64(1498.8360522022838)],"[999, 1999]",,,00:00:05,5.9054270000000315,0.0019691320440146823
Zheng DBSCAN,Ostovar,Atomic_Skip_output_Skip_2,500,150.0,[np.float64(1498.8360522022838)],"[999, 1999]",,,00:00:05,5.9054270000000315,0.0019691320440146823
Zheng DBSCAN,Ostovar,Atomic_Skip_output_Skip_2,500,200.0,[np.float64(1498.8360522022838)],"[999, 1999]",,,00:00:05,5.9054270000000315,0.0019691320440146823
Zheng DBSCAN,Ostovar,Atomic_Skip_output_Skip_2,500,250.0,[np.float64(1498.8360522022838)],"[999, 1999]",,,00:00:05,5.9054270000000315,0.0019691320440146823
Zheng DBSCAN,Ceravolo,sudden_trace_noise10_1000_pm,400,40.0,[np.float64(449.0)],[499],1.0,50.0,00:00:00,0.19469020000008186,0.00019469020000008187
Zheng DBSCAN,Ceravolo,sudden_trace_noise10_1000_pm,400,80.0,[np.float64(449.0)],[499],1.0,50.0,00:00:00,0.19469020000008186,0.00019469020000008187
Zheng DBSCAN,Ceravolo,sudden_trace_noise10_1000_pm,400,120.0,[np.float64(449.0)],[499],1.0,50.0,00:00:00,0.19469020000008186,0.00019469020000008187
Zheng DBSCAN,Ceravolo,sudden_trace_noise10_1000_pm,400,160.0,[np.float64(449.0)],[499],1.0,50.0,00:00:00,0.19469020000008186,0.00019469020000008187
Zheng DBSCAN,Ceravolo,sudden_trace_noise10_1000_pm,400,200.0,[np.float64(449.0)],[499],1.0,50.0,00:00:00,0.19469020000008186,0.00019469020000008187
Zheng DBSCAN,Ceravolo,sudden_trace_noise15_1000_lp,500,50.0,[],[499],,,00:00:00,0.18782980000003136,0.00018782980000003134
Zheng DBSCAN,Ceravolo,sudden_trace_noise15_1000_lp,500,100.0,[],[499],,,00:00:00,0.18782980000003136,0.00018782980000003134
Zheng DBSCAN,Ceravolo,sudden_trace_noise15_1000_lp,500,150.0,[],[499],,,00:00:00,0.18782980000003136,0.00018782980000003134
Zheng DBSCAN,Ceravolo,sudden_trace_noise15_1000_lp,500,200.0,[],[499],,,00:00:00,0.18782980000003136,0.00018782980000003134
Zheng DBSCAN,Ceravolo,sudden_trace_noise15_1000_lp,500,250.0,[],[499],,,00:00:00,0.18782980000003136,0.00018782980000003134
Zheng DBSCAN,Ceravolo,sudden_trace_noise5_1000_re,400,40.0,[np.float64(447.5)],[499],1.0,51.5,00:00:00,0.20344499999998789,0.0002034449999999879
Zheng DBSCAN,Ceravolo,sudden_trace_noise5_1000_re,400,80.0,[np.float64(447.5)],[499],1.0,51.5,00:00:00,0.20344499999998789,0.0002034449999999879
Zheng DBSCAN,Ceravolo,sudden_trace_noise5_1000_re,400,120.0,[np.float64(447.5)],[499],1.0,51.5,00:00:00,0.20344499999998789,0.0002034449999999879
Zheng DBSCAN,Ceravolo,sudden_trace_noise5_1000_re,400,160.0,[np.float64(447.5)],[499],1.0,51.5,00:00:00,0.20344499999998789,0.0002034449999999879
Zheng DBSCAN,Ceravolo,sudden_trace_noise5_1000_re,400,200.0,[np.float64(447.5)],[499],1.0,51.5,00:00:00,0.20344499999998789,0.0002034449999999879
Zheng DBSCAN,Ostovar,Nested_OIR_output_OIR_5,700,70.0,[np.float64(1497.73709902371)],"[999, 1999]",,,00:00:06,6.906899899999985,0.00230306765588529
Zheng DBSCAN,Ostovar,Nested_OIR_output_OIR_5,700,140.0,[np.float64(1497.73709902371)],"[999, 1999]",,,00:00:06,6.906899899999985,0.00230306765588529
Zheng DBSCAN,Ostovar,Nested_OIR_output_OIR_5,700,210.0,[np.float64(1497.73709902371)],"[999, 1999]",,,00:00:06,6.906899899999985,0.00230306765588529
Zheng DBSCAN,Ostovar,Nested_OIR_output_OIR_5,700,280.0,[np.float64(1497.73709902371)],"[999, 1999]",,,00:00:06,6.906899899999985,0.00230306765588529
Zheng DBSCAN,Ostovar,Nested_OIR_output_OIR_5,700,350.0,[np.float64(1497.73709902371)],"[999, 1999]",,,00:00:06,6.906899899999985,0.00230306765588529
Zheng DBSCAN,Ostovar,Atomic_Loop_output_Loop_2,300,30.0,[np.float64(1475.7805575411007)],"[999, 1999]",,,00:00:05,5.374131499999976,0.0017919744914971576
Zheng DBSCAN,Ostovar,Atomic_Loop_output_Loop_2,300,60.0,[np.float64(1475.7805575411007)],"[999, 1999]",,,00:00:05,5.374131499999976,0.0017919744914971576
Zheng DBSCAN,Ostovar,Atomic_Loop_output_Loop_2,300,90.0,[np.float64(1475.7805575411007)],"[999, 1999]",,,00:00:05,5.374131499999976,0.0017919744914971576
Zheng DBSCAN,Ostovar,Atomic_Loop_output_Loop_2,300,120.0,[np.float64(1475.7805575411007)],"[999, 1999]",,,00:00:05,5.374131499999976,0.0017919744914971576
Zheng DBSCAN,Ostovar,Atomic_Loop_output_Loop_2,300,150.0,[np.float64(1475.7805575411007)],"[999, 1999]",,,00:00:05,5.374131499999976,0.0017919744914971576
Zheng DBSCAN,Ostovar,Nested_IOR_output_IOR,400,40.0,"[np.float64(781.0), np.float64(901.2857142857143), np.float64(1699.0), np.float64(1783.0), np.float64(1903.6)]","[999, 1999]",0.5714285714285715,96.55714285714288,00:00:06,6.023138599999925,0.002008382327442456
Zheng DBSCAN,Ostovar,Nested_IOR_output_IOR,400,80.0,"[np.float64(880.0588235294117), np.float64(1699.0), np.float64(1896.0625)]","[999, 1999]",0.8,110.93933823529414,00:00:06,6.023138599999925,0.002008382327442456
Zheng DBSCAN,Ostovar,Nested_IOR_output_IOR,400,120.0,"[np.float64(880.0588235294117), np.float64(1884.4705882352941)]","[999, 1999]",1.0,116.73529411764707,00:00:06,6.023138599999925,0.002008382327442456
Zheng DBSCAN,Ostovar,Nested_IOR_output_IOR,400,160.0,"[np.float64(880.0588235294117), np.float64(1884.4705882352941)]","[999, 1999]",1.0,116.73529411764707,00:00:06,6.023138599999925,0.002008382327442456
Zheng DBSCAN,Ostovar,Nested_IOR_output_IOR,400,200.0,"[np.float64(880.0588235294117), np.float64(1884.4705882352941)]","[999, 1999]",1.0,116.73529411764707,00:00:06,6.023138599999925,0.002008382327442456
Zheng DBSCAN,Ceravolo,sudden_trace_noise0_1000_lp,500,50.0,[],[499],,,00:00:00,0.19197570000005726,0.00019197570000005726
Zheng DBSCAN,Ceravolo,sudden_trace_noise0_1000_lp,500,100.0,[],[499],,,00:00:00,0.19197570000005726,0.00019197570000005726
Zheng DBSCAN,Ceravolo,sudden_trace_noise0_1000_lp,500,150.0,[],[499],,,00:00:00,0.19197570000005726,0.00019197570000005726
Zheng DBSCAN,Ceravolo,sudden_trace_noise0_1000_lp,500,200.0,[],[499],,,00:00:00,0.19197570000005726,0.00019197570000005726
Zheng DBSCAN,Ceravolo,sudden_trace_noise0_1000_lp,500,250.0,[],[499],,,00:00:00,0.19197570000005726,0.00019197570000005726
Zheng DBSCAN,Ostovar,Nested_IRO_output_IRO_5,700,70.0,[np.float64(1501.8606507059546)],"[999, 1999]",,,00:00:08,8.720509499999935,0.002907805768589508
Zheng DBSCAN,Ostovar,Nested_IRO_output_IRO_5,700,140.0,[np.float64(1501.8606507059546)],"[999, 1999]",,,00:00:08,8.720509499999935,0.002907805768589508
Zheng DBSCAN,Ostovar,Nested_IRO_output_IRO_5,700,210.0,[np.float64(1501.8606507059546)],"[999, 1999]",,,00:00:08,8.720509499999935,0.002907805768589508
Zheng DBSCAN,Ostovar,Nested_IRO_output_IRO_5,700,280.0,[np.float64(1501.8606507059546)],"[999, 1999]",,,00:00:08,8.720509499999935,0.002907805768589508
Zheng DBSCAN,Ostovar,Nested_IRO_output_IRO_5,700,350.0,[np.float64(1501.8606507059546)],"[999, 1999]",,,00:00:08,8.720509499999935,0.002907805768589508
Zheng DBSCAN,Ostovar,Atomic_SerialMove_output_SerialMove,800,80.0,"[np.float64(933.5), np.float64(1939.375)]","[999, 1999]",1.0,62.5625,00:00:05,5.406626500000016,0.001802809769923313
Zheng DBSCAN,Ostovar,Atomic_SerialMove_output_SerialMove,800,160.0,"[np.float64(933.5), np.float64(1939.375)]","[999, 1999]",1.0,62.5625,00:00:05,5.406626500000016,0.001802809769923313
Zheng DBSCAN,Ostovar,Atomic_SerialMove_output_SerialMove,800,240.0,"[np.float64(933.5), np.float64(1939.375)]","[999, 1999]",1.0,62.5625,00:00:05,5.406626500000016,0.001802809769923313
Zheng DBSCAN,Ostovar,Atomic_SerialMove_output_SerialMove,800,320.0,"[np.float64(933.5), np.float64(1939.375)]","[999, 1999]",1.0,62.5625,00:00:05,5.406626500000016,0.001802809769923313
Zheng DBSCAN,Ostovar,Atomic_SerialMove_output_SerialMove,800,400.0,"[np.float64(933.5), np.float64(1939.375)]","[999, 1999]",1.0,62.5625,00:00:05,5.406626500000016,0.001802809769923313
Zheng DBSCAN,Ostovar,Composite_IOR_output_IOR,500,50.0,"[np.float64(938.7692307692307), np.float64(1939.3846153846155)]","[999, 1999]",1.0,59.923076923076906,00:00:03,3.94976429999997,0.0013170271090363354
Zheng DBSCAN,Ostovar,Composite_IOR_output_IOR,500,100.0,"[np.float64(938.7692307692307), np.float64(1939.3846153846155)]","[999, 1999]",1.0,59.923076923076906,00:00:03,3.94976429999997,0.0013170271090363354
Zheng DBSCAN,Ostovar,Composite_IOR_output_IOR,500,150.0,"[np.float64(938.7692307692307), np.float64(1939.3846153846155)]","[999, 1999]",1.0,59.923076923076906,00:00:03,3.94976429999997,0.0013170271090363354
Zheng DBSCAN,Ostovar,Composite_IOR_output_IOR,500,200.0,"[np.float64(938.7692307692307), np.float64(1939.3846153846155)]","[999, 1999]",1.0,59.923076923076906,00:00:03,3.94976429999997,0.0013170271090363354
Zheng DBSCAN,Ostovar,Composite_IOR_output_IOR,500,250.0,"[np.float64(938.7692307692307), np.float64(1939.3846153846155)]","[999, 1999]",1.0,59.923076923076906,00:00:03,3.94976429999997,0.0013170271090363354
Zheng DBSCAN,Ceravolo,sudden_trace_noise5_1000_pl,300,30.0,[],[499],,,00:00:00,0.18614289999993616,0.00018614289999993616
Zheng DBSCAN,Ceravolo,sudden_trace_noise5_1000_pl,300,60.0,[],[499],,,00:00:00,0.18614289999993616,0.00018614289999993616
Zheng DBSCAN,Ceravolo,sudden_trace_noise5_1000_pl,300,90.0,[],[499],,,00:00:00,0.18614289999993616,0.00018614289999993616
Zheng DBSCAN,Ceravolo,sudden_trace_noise5_1000_pl,300,120.0,[],[499],,,00:00:00,0.18614289999993616,0.00018614289999993616
Zheng DBSCAN,Ceravolo,sudden_trace_noise5_1000_pl,300,150.0,[],[499],,,00:00:00,0.18614289999993616,0.00018614289999993616
Zheng DBSCAN,Ostovar,Nested_OIR_output_OIR,800,80.0,"[np.float64(935.5), np.float64(1935.25)]","[999, 1999]",1.0,63.625,00:00:05,5.814474399999995,0.001938804401467154
Zheng DBSCAN,Ostovar,Nested_OIR_output_OIR,800,160.0,"[np.float64(935.5), np.float64(1935.25)]","[999, 1999]",1.0,63.625,00:00:05,5.814474399999995,0.001938804401467154
Zheng DBSCAN,Ostovar,Nested_OIR_output_OIR,800,240.0,"[np.float64(935.5), np.float64(1935.25)]","[999, 1999]",1.0,63.625,00:00:05,5.814474399999995,0.001938804401467154
Zheng DBSCAN,Ostovar,Nested_OIR_output_OIR,800,320.0,"[np.float64(935.5), np.float64(1935.25)]","[999, 1999]",1.0,63.625,00:00:05,5.814474399999995,0.001938804401467154
Zheng DBSCAN,Ostovar,Nested_OIR_output_OIR,800,400.0,"[np.float64(935.5), np.float64(1935.25)]","[999, 1999]",1.0,63.625,00:00:05,5.814474399999995,0.001938804401467154
Zheng DBSCAN,Ostovar,Atomic_ParallelToSequence_output_ParallelToSequence,500,50.0,"[np.float64(940.5), np.float64(1941.909090909091)]","[999, 1999]",1.0,57.795454545454504,00:00:04,4.905963700000029,0.0016358665221740678
Zheng DBSCAN,Ostovar,Atomic_ParallelToSequence_output_ParallelToSequence,500,100.0,"[np.float64(940.5), np.float64(1941.909090909091)]","[999, 1999]",1.0,57.795454545454504,00:00:04,4.905963700000029,0.0016358665221740678
Zheng DBSCAN,Ostovar,Atomic_ParallelToSequence_output_ParallelToSequence,500,150.0,"[np.float64(940.5), np.float64(1941.909090909091)]","[999, 1999]",1.0,57.795454545454504,00:00:04,4.905963700000029,0.0016358665221740678
Zheng DBSCAN,Ostovar,Atomic_ParallelToSequence_output_ParallelToSequence,500,200.0,"[np.float64(940.5), np.float64(1941.909090909091)]","[999, 1999]",1.0,57.795454545454504,00:00:04,4.905963700000029,0.0016358665221740678
Zheng DBSCAN,Ostovar,Atomic_ParallelToSequence_output_ParallelToSequence,500,250.0,"[np.float64(940.5), np.float64(1941.909090909091)]","[999, 1999]",1.0,57.795454545454504,00:00:04,4.905963700000029,0.0016358665221740678
Zheng DBSCAN,Ostovar,Composite_IOR_output_IOR_5,600,60.0,[np.float64(1510.9412191582003)],"[999, 1999]",,,00:00:05,5.160850600000003,0.001720857152384129
Zheng DBSCAN,Ostovar,Composite_IOR_output_IOR_5,600,120.0,[np.float64(1510.9412191582003)],"[999, 1999]",,,00:00:05,5.160850600000003,0.001720857152384129
Zheng DBSCAN,Ostovar,Composite_IOR_output_IOR_5,600,180.0,[np.float64(1510.9412191582003)],"[999, 1999]",,,00:00:05,5.160850600000003,0.001720857152384129
Zheng DBSCAN,Ostovar,Composite_IOR_output_IOR_5,600,240.0,[np.float64(1510.9412191582003)],"[999, 1999]",,,00:00:05,5.160850600000003,0.001720857152384129
Zheng DBSCAN,Ostovar,Composite_IOR_output_IOR_5,600,300.0,[np.float64(1510.9412191582003)],"[999, 1999]",,,00:00:05,5.160850600000003,0.001720857152384129
Zheng DBSCAN,Ostovar,Atomic_ParallelMove_output_ParallelMove_5,600,60.0,[np.float64(1480.7627118644068)],"[999, 1999]",,,00:00:07,7.063737199999991,0.0023553641880626848
Zheng DBSCAN,Ostovar,Atomic_ParallelMove_output_ParallelMove_5,600,120.0,[np.float64(1480.7627118644068)],"[999, 1999]",,,00:00:07,7.063737199999991,0.0023553641880626848
Zheng DBSCAN,Ostovar,Atomic_ParallelMove_output_ParallelMove_5,600,180.0,[np.float64(1480.7627118644068)],"[999, 1999]",,,00:00:07,7.063737199999991,0.0023553641880626848
Zheng DBSCAN,Ostovar,Atomic_ParallelMove_output_ParallelMove_5,600,240.0,[np.float64(1480.7627118644068)],"[999, 1999]",,,00:00:07,7.063737199999991,0.0023553641880626848
Zheng DBSCAN,Ostovar,Atomic_ParallelMove_output_ParallelMove_5,600,300.0,[np.float64(1480.7627118644068)],"[999, 1999]",,,00:00:07,7.063737199999991,0.0023553641880626848
Zheng DBSCAN,Ceravolo,sudden_trace_noise20_1000_lp,600,60.0,[],[499],,,00:00:00,0.19547719999991386,0.00019547719999991387
Zheng DBSCAN,Ceravolo,sudden_trace_noise20_1000_lp,600,120.0,[],[499],,,00:00:00,0.19547719999991386,0.00019547719999991387
Zheng DBSCAN,Ceravolo,sudden_trace_noise20_1000_lp,600,180.0,[],[499],,,00:00:00,0.19547719999991386,0.00019547719999991387
Zheng DBSCAN,Ceravolo,sudden_trace_noise20_1000_lp,600,240.0,[],[499],,,00:00:00,0.19547719999991386,0.00019547719999991387
Zheng DBSCAN,Ceravolo,sudden_trace_noise20_1000_lp,600,300.0,[],[499],,,00:00:00,0.19547719999991386,0.00019547719999991387
Zheng DBSCAN,Ceravolo,sudden_trace_noise20_1000_lp,800,80.0,[],[499],,,00:00:00,0.20005160000005162,0.00020005160000005162
Zheng DBSCAN,Ceravolo,sudden_trace_noise20_1000_lp,800,160.0,[],[499],,,00:00:00,0.20005160000005162,0.00020005160000005162
Zheng DBSCAN,Ceravolo,sudden_trace_noise20_1000_lp,800,240.0,[],[499],,,00:00:00,0.20005160000005162,0.00020005160000005162
Zheng DBSCAN,Ceravolo,sudden_trace_noise20_1000_lp,800,320.0,[],[499],,,00:00:00,0.20005160000005162,0.00020005160000005162
Zheng DBSCAN,Ceravolo,sudden_trace_noise20_1000_lp,800,400.0,[],[499],,,00:00:00,0.20005160000005162,0.00020005160000005162
Zheng DBSCAN,Ceravolo,sudden_trace_noise5_1000_re,800,80.0,[],[499],,,00:00:00,0.19536919999995916,0.00019536919999995917
Zheng DBSCAN,Ceravolo,sudden_trace_noise5_1000_re,800,160.0,[],[499],,,00:00:00,0.19536919999995916,0.00019536919999995917
Zheng DBSCAN,Ceravolo,sudden_trace_noise5_1000_re,800,240.0,[],[499],,,00:00:00,0.19536919999995916,0.00019536919999995917
Zheng DBSCAN,Ceravolo,sudden_trace_noise5_1000_re,800,320.0,[],[499],,,00:00:00,0.19536919999995916,0.00019536919999995917
Zheng DBSCAN,Ceravolo,sudden_trace_noise5_1000_re,800,400.0,[],[499],,,00:00:00,0.19536919999995916,0.00019536919999995917
Zheng DBSCAN,Ceravolo,sudden_trace_noise15_1000_cf,500,50.0,[],[499],,,00:00:00,0.19693870000003244,0.00019693870000003243
Zheng DBSCAN,Ceravolo,sudden_trace_noise15_1000_cf,500,100.0,[],[499],,,00:00:00,0.19693870000003244,0.00019693870000003243
Zheng DBSCAN,Ceravolo,sudden_trace_noise15_1000_cf,500,150.0,[],[499],,,00:00:00,0.19693870000003244,0.00019693870000003243
Zheng DBSCAN,Ceravolo,sudden_trace_noise15_1000_cf,500,200.0,[],[499],,,00:00:00,0.19693870000003244,0.00019693870000003243
Zheng DBSCAN,Ceravolo,sudden_trace_noise15_1000_cf,500,250.0,[],[499],,,00:00:00,0.19693870000003244,0.00019693870000003243
Zheng DBSCAN,Ostovar,Atomic_ParallelMove_output_ParallelMove,400,40.0,"[np.float64(933.0), np.float64(1919.111111111111)]","[999, 1999]",1.0,72.94444444444446,00:00:05,5.8912019000000555,0.001964388762920992
Zheng DBSCAN,Ostovar,Atomic_ParallelMove_output_ParallelMove,400,80.0,"[np.float64(933.0), np.float64(1919.111111111111)]","[999, 1999]",1.0,72.94444444444446,00:00:05,5.8912019000000555,0.001964388762920992
Zheng DBSCAN,Ostovar,Atomic_ParallelMove_output_ParallelMove,400,120.0,"[np.float64(933.0), np.float64(1919.111111111111)]","[999, 1999]",1.0,72.94444444444446,00:00:05,5.8912019000000555,0.001964388762920992
Zheng DBSCAN,Ostovar,Atomic_ParallelMove_output_ParallelMove,400,160.0,"[np.float64(933.0), np.float64(1919.111111111111)]","[999, 1999]",1.0,72.94444444444446,00:00:05,5.8912019000000555,0.001964388762920992
Zheng DBSCAN,Ostovar,Atomic_ParallelMove_output_ParallelMove,400,200.0,"[np.float64(933.0), np.float64(1919.111111111111)]","[999, 1999]",1.0,72.94444444444446,00:00:05,5.8912019000000555,0.001964388762920992
Zheng DBSCAN,Ostovar,Composite_ROI_output_ROI_5,700,70.0,[np.float64(1504.5535590877678)],"[999, 1999]",,,00:00:06,6.962711899999931,0.0023216778592864058
Zheng DBSCAN,Ostovar,Composite_ROI_output_ROI_5,700,140.0,[np.float64(1504.5535590877678)],"[999, 1999]",,,00:00:06,6.962711899999931,0.0023216778592864058
Zheng DBSCAN,Ostovar,Composite_ROI_output_ROI_5,700,210.0,[np.float64(1504.5535590877678)],"[999, 1999]",,,00:00:06,6.962711899999931,0.0023216778592864058
Zheng DBSCAN,Ostovar,Composite_ROI_output_ROI_5,700,280.0,[np.float64(1504.5535590877678)],"[999, 1999]",,,00:00:06,6.962711899999931,0.0023216778592864058
Zheng DBSCAN,Ostovar,Composite_ROI_output_ROI_5,700,350.0,[np.float64(1504.5535590877678)],"[999, 1999]",,,00:00:06,6.962711899999931,0.0023216778592864058
Zheng DBSCAN,Ostovar,Composite_ORI_output_ORI,500,50.0,"[np.float64(743.0), np.float64(909.7272727272727), np.float64(1886.0833333333333)]","[999, 1999]",0.8,101.094696969697,00:00:05,5.884589699999992,0.0019621839613204375
Zheng DBSCAN,Ostovar,Composite_ORI_output_ORI,500,100.0,"[np.float64(895.8333333333334), np.float64(1886.0833333333333)]","[999, 1999]",1.0,108.04166666666669,00:00:05,5.884589699999992,0.0019621839613204375
Zheng DBSCAN,Ostovar,Composite_ORI_output_ORI,500,150.0,"[np.float64(895.8333333333334), np.float64(1886.0833333333333)]","[999, 1999]",1.0,108.04166666666669,00:00:05,5.884589699999992,0.0019621839613204375
Zheng DBSCAN,Ostovar,Composite_ORI_output_ORI,500,200.0,"[np.float64(895.8333333333334), np.float64(1886.0833333333333)]","[999, 1999]",1.0,108.04166666666669,00:00:05,5.884589699999992,0.0019621839613204375
Zheng DBSCAN,Ostovar,Composite_ORI_output_ORI,500,250.0,"[np.float64(895.8333333333334), np.float64(1886.0833333333333)]","[999, 1999]",1.0,108.04166666666669,00:00:05,5.884589699999992,0.0019621839613204375
Zheng DBSCAN,Ceravolo,sudden_trace_noise15_1000_cp,800,80.0,[],[499],,,00:00:00,0.18563289999997323,0.00018563289999997323
Zheng DBSCAN,Ceravolo,sudden_trace_noise15_1000_cp,800,160.0,[],[499],,,00:00:00,0.18563289999997323,0.00018563289999997323
Zheng DBSCAN,Ceravolo,sudden_trace_noise15_1000_cp,800,240.0,[],[499],,,00:00:00,0.18563289999997323,0.00018563289999997323
Zheng DBSCAN,Ceravolo,sudden_trace_noise15_1000_cp,800,320.0,[],[499],,,00:00:00,0.18563289999997323,0.00018563289999997323
Zheng DBSCAN,Ceravolo,sudden_trace_noise15_1000_cp,800,400.0,[],[499],,,00:00:00,0.18563289999997323,0.00018563289999997323
Zheng DBSCAN,Ostovar,Atomic_ConditionalMove_output_ConditionalMove_5,500,50.0,[np.float64(1497.9618696186963)],"[999, 1999]",,,00:00:07,7.1734116000000085,0.0023919345115038376
Zheng DBSCAN,Ostovar,Atomic_ConditionalMove_output_ConditionalMove_5,500,100.0,[np.float64(1497.9618696186963)],"[999, 1999]",,,00:00:07,7.1734116000000085,0.0023919345115038376
Zheng DBSCAN,Ostovar,Atomic_ConditionalMove_output_ConditionalMove_5,500,150.0,[np.float64(1497.9618696186963)],"[999, 1999]",,,00:00:07,7.1734116000000085,0.0023919345115038376
Zheng DBSCAN,Ostovar,Atomic_ConditionalMove_output_ConditionalMove_5,500,200.0,[np.float64(1497.9618696186963)],"[999, 1999]",,,00:00:07,7.1734116000000085,0.0023919345115038376
Zheng DBSCAN,Ostovar,Atomic_ConditionalMove_output_ConditionalMove_5,500,250.0,[np.float64(1497.9618696186963)],"[999, 1999]",,,00:00:07,7.1734116000000085,0.0023919345115038376
Zheng DBSCAN,Ceravolo,sudden_trace_noise5_1000_IRO,800,80.0,[],[499],,,00:00:00,0.22162070000001677,0.00022162070000001675
Zheng DBSCAN,Ceravolo,sudden_trace_noise5_1000_IRO,800,160.0,[],[499],,,00:00:00,0.22162070000001677,0.00022162070000001675
Zheng DBSCAN,Ceravolo,sudden_trace_noise5_1000_IRO,800,240.0,[],[499],,,00:00:00,0.22162070000001677,0.00022162070000001675
Zheng DBSCAN,Ceravolo,sudden_trace_noise5_1000_IRO,800,320.0,[],[499],,,00:00:00,0.22162070000001677,0.00022162070000001675
Zheng DBSCAN,Ceravolo,sudden_trace_noise5_1000_IRO,800,400.0,[],[499],,,00:00:00,0.22162070000001677,0.00022162070000001675
Zheng DBSCAN,Ostovar,Atomic_Substitute_output_Substitute,400,40.0,"[np.float64(928.375), np.float64(1937.7142857142858)]","[999, 1999]",1.0,65.95535714285711,00:00:05,5.539148999999952,0.001846998666222058
Zheng DBSCAN,Ostovar,Atomic_Substitute_output_Substitute,400,80.0,"[np.float64(928.375), np.float64(1937.7142857142858)]","[999, 1999]",1.0,65.95535714285711,00:00:05,5.539148999999952,0.001846998666222058
Zheng DBSCAN,Ostovar,Atomic_Substitute_output_Substitute,400,120.0,"[np.float64(928.375), np.float64(1937.7142857142858)]","[999, 1999]",1.0,65.95535714285711,00:00:05,5.539148999999952,0.001846998666222058
Zheng DBSCAN,Ostovar,Atomic_Substitute_output_Substitute,400,160.0,"[np.float64(928.375), np.float64(1937.7142857142858)]","[999, 1999]",1.0,65.95535714285711,00:00:05,5.539148999999952,0.001846998666222058
Zheng DBSCAN,Ostovar,Atomic_Substitute_output_Substitute,400,200.0,"[np.float64(928.375), np.float64(1937.7142857142858)]","[999, 1999]",1.0,65.95535714285711,00:00:05,5.539148999999952,0.001846998666222058
Zheng DBSCAN,Ceravolo,sudden_trace_noise10_1000_rp,300,30.0,[np.float64(449.0)],[499],1.0,50.0,00:00:00,0.2180711999999403,0.0002180711999999403
Zheng DBSCAN,Ceravolo,sudden_trace_noise10_1000_rp,300,60.0,[np.float64(449.0)],[499],1.0,50.0,00:00:00,0.2180711999999403,0.0002180711999999403
Zheng DBSCAN,Ceravolo,sudden_trace_noise10_1000_rp,300,90.0,[np.float64(449.0)],[499],1.0,50.0,00:00:00,0.2180711999999403,0.0002180711999999403
Zheng DBSCAN,Ceravolo,sudden_trace_noise10_1000_rp,300,120.0,[np.float64(449.0)],[499],1.0,50.0,00:00:00,0.2180711999999403,0.0002180711999999403
Zheng DBSCAN,Ceravolo,sudden_trace_noise10_1000_rp,300,150.0,[np.float64(449.0)],[499],1.0,50.0,00:00:00,0.2180711999999403,0.0002180711999999403
Zheng DBSCAN,Ceravolo,sudden_trace_noise0_1000_pl,800,80.0,[],[499],,,00:00:00,0.22165800000004765,0.00022165800000004766
Zheng DBSCAN,Ceravolo,sudden_trace_noise0_1000_pl,800,160.0,[],[499],,,00:00:00,0.22165800000004765,0.00022165800000004766
Zheng DBSCAN,Ceravolo,sudden_trace_noise0_1000_pl,800,240.0,[],[499],,,00:00:00,0.22165800000004765,0.00022165800000004766
Zheng DBSCAN,Ceravolo,sudden_trace_noise0_1000_pl,800,320.0,[],[499],,,00:00:00,0.22165800000004765,0.00022165800000004766
Zheng DBSCAN,Ceravolo,sudden_trace_noise0_1000_pl,800,400.0,[],[499],,,00:00:00,0.22165800000004765,0.00022165800000004766
Zheng DBSCAN,Ceravolo,sudden_trace_noise10_1000_IRO,400,40.0,[np.float64(448.6666666666667)],[499],1.0,50.333333333333314,00:00:00,0.23656080000000657,0.00023656080000000656
Zheng DBSCAN,Ceravolo,sudden_trace_noise10_1000_IRO,400,80.0,[np.float64(448.6666666666667)],[499],1.0,50.333333333333314,00:00:00,0.23656080000000657,0.00023656080000000656
Zheng DBSCAN,Ceravolo,sudden_trace_noise10_1000_IRO,400,120.0,[np.float64(448.6666666666667)],[499],1.0,50.333333333333314,00:00:00,0.23656080000000657,0.00023656080000000656
Zheng DBSCAN,Ceravolo,sudden_trace_noise10_1000_IRO,400,160.0,[np.float64(448.6666666666667)],[499],1.0,50.333333333333314,00:00:00,0.23656080000000657,0.00023656080000000656
Zheng DBSCAN,Ceravolo,sudden_trace_noise10_1000_IRO,400,200.0,[np.float64(448.6666666666667)],[499],1.0,50.333333333333314,00:00:00,0.23656080000000657,0.00023656080000000656
Zheng DBSCAN,Ostovar,Atomic_SerialMove_output_SerialMove_5,400,40.0,[np.float64(1507.837528604119)],"[999, 1999]",,,00:00:06,6.744650400000069,0.0022489664554851845
Zheng DBSCAN,Ostovar,Atomic_SerialMove_output_SerialMove_5,400,80.0,[np.float64(1507.837528604119)],"[999, 1999]",,,00:00:06,6.744650400000069,0.0022489664554851845
Zheng DBSCAN,Ostovar,Atomic_SerialMove_output_SerialMove_5,400,120.0,[np.float64(1507.837528604119)],"[999, 1999]",,,00:00:06,6.744650400000069,0.0022489664554851845
Zheng DBSCAN,Ostovar,Atomic_SerialMove_output_SerialMove_5,400,160.0,[np.float64(1507.837528604119)],"[999, 1999]",,,00:00:06,6.744650400000069,0.0022489664554851845
Zheng DBSCAN,Ostovar,Atomic_SerialMove_output_SerialMove_5,400,200.0,[np.float64(1507.837528604119)],"[999, 1999]",,,00:00:06,6.744650400000069,0.0022489664554851845
Zheng DBSCAN,Ostovar,Atomic_Loop_output_Loop,500,50.0,"[np.float64(915.0), np.float64(1954.0)]","[999, 1999]",1.0,64.5,00:00:04,4.606904699999973,0.0015361469489829852
Zheng DBSCAN,Ostovar,Atomic_Loop_output_Loop,500,100.0,"[np.float64(915.0), np.float64(1954.0)]","[999, 1999]",1.0,64.5,00:00:04,4.606904699999973,0.0015361469489829852
Zheng DBSCAN,Ostovar,Atomic_Loop_output_Loop,500,150.0,"[np.float64(915.0), np.float64(1954.0)]","[999, 1999]",1.0,64.5,00:00:04,4.606904699999973,0.0015361469489829852
Zheng DBSCAN,Ostovar,Atomic_Loop_output_Loop,500,200.0,"[np.float64(915.0), np.float64(1954.0)]","[999, 1999]",1.0,64.5,00:00:04,4.606904699999973,0.0015361469489829852
Zheng DBSCAN,Ostovar,Atomic_Loop_output_Loop,500,250.0,"[np.float64(915.0), np.float64(1954.0)]","[999, 1999]",1.0,64.5,00:00:04,4.606904699999973,0.0015361469489829852
Zheng DBSCAN,Ceravolo,sudden_trace_noise20_1000_RIO,400,40.0,[np.float64(447.0)],[499],1.0,52.0,00:00:00,0.20780539999998382,0.00020780539999998383
Zheng DBSCAN,Ceravolo,sudden_trace_noise20_1000_RIO,400,80.0,[np.float64(447.0)],[499],1.0,52.0,00:00:00,0.20780539999998382,0.00020780539999998383
Zheng DBSCAN,Ceravolo,sudden_trace_noise20_1000_RIO,400,120.0,[np.float64(447.0)],[499],1.0,52.0,00:00:00,0.20780539999998382,0.00020780539999998383
Zheng DBSCAN,Ceravolo,sudden_trace_noise20_1000_RIO,400,160.0,[np.float64(447.0)],[499],1.0,52.0,00:00:00,0.20780539999998382,0.00020780539999998383
Zheng DBSCAN,Ceravolo,sudden_trace_noise20_1000_RIO,400,200.0,[np.float64(447.0)],[499],1.0,52.0,00:00:00,0.20780539999998382,0.00020780539999998383
Zheng DBSCAN,Ceravolo,sudden_trace_noise10_1000_IRO,800,80.0,[],[499],,,00:00:00,0.2300328000000036,0.0002300328000000036
Zheng DBSCAN,Ceravolo,sudden_trace_noise10_1000_IRO,800,160.0,[],[499],,,00:00:00,0.2300328000000036,0.0002300328000000036
Zheng DBSCAN,Ceravolo,sudden_trace_noise10_1000_IRO,800,240.0,[],[499],,,00:00:00,0.2300328000000036,0.0002300328000000036
Zheng DBSCAN,Ceravolo,sudden_trace_noise10_1000_IRO,800,320.0,[],[499],,,00:00:00,0.2300328000000036,0.0002300328000000036
Zheng DBSCAN,Ceravolo,sudden_trace_noise10_1000_IRO,800,400.0,[],[499],,,00:00:00,0.2300328000000036,0.0002300328000000036
Zheng DBSCAN,Ostovar,Composite_IOR_output_IOR_2,800,80.0,[np.float64(1490.5421166306696)],"[999, 1999]",,,00:00:05,5.266588799999909,0.0017561149716571885
Zheng DBSCAN,Ostovar,Composite_IOR_output_IOR_2,800,160.0,[np.float64(1490.5421166306696)],"[999, 1999]",,,00:00:05,5.266588799999909,0.0017561149716571885
Zheng DBSCAN,Ostovar,Composite_IOR_output_IOR_2,800,240.0,[np.float64(1490.5421166306696)],"[999, 1999]",,,00:00:05,5.266588799999909,0.0017561149716571885
Zheng DBSCAN,Ostovar,Composite_IOR_output_IOR_2,800,320.0,[np.float64(1490.5421166306696)],"[999, 1999]",,,00:00:05,5.266588799999909,0.0017561149716571885
Zheng DBSCAN,Ostovar,Composite_IOR_output_IOR_2,800,400.0,[np.float64(1490.5421166306696)],"[999, 1999]",,,00:00:05,5.266588799999909,0.0017561149716571885
Zheng DBSCAN,Ceravolo,sudden_trace_noise5_1000_sw,500,50.0,[],[499],,,00:00:00,0.20488179999995282,0.00020488179999995283
Zheng DBSCAN,Ceravolo,sudden_trace_noise5_1000_sw,500,100.0,[],[499],,,00:00:00,0.20488179999995282,0.00020488179999995283
Zheng DBSCAN,Ceravolo,sudden_trace_noise5_1000_sw,500,150.0,[],[499],,,00:00:00,0.20488179999995282,0.00020488179999995283
Zheng DBSCAN,Ceravolo,sudden_trace_noise5_1000_sw,500,200.0,[],[499],,,00:00:00,0.20488179999995282,0.00020488179999995283
Zheng DBSCAN,Ceravolo,sudden_trace_noise5_1000_sw,500,250.0,[],[499],,,00:00:00,0.20488179999995282,0.00020488179999995283
Zheng DBSCAN,Ceravolo,sudden_trace_noise0_1000_pl,400,40.0,[],[499],,,00:00:00,0.19561300000009396,0.00019561300000009397
Zheng DBSCAN,Ceravolo,sudden_trace_noise0_1000_pl,400,80.0,[],[499],,,00:00:00,0.19561300000009396,0.00019561300000009397
Zheng DBSCAN,Ceravolo,sudden_trace_noise0_1000_pl,400,120.0,[],[499],,,00:00:00,0.19561300000009396,0.00019561300000009397
Zheng DBSCAN,Ceravolo,sudden_trace_noise0_1000_pl,400,160.0,[],[499],,,00:00:00,0.19561300000009396,0.00019561300000009397
Zheng DBSCAN,Ceravolo,sudden_trace_noise0_1000_pl,400,200.0,[],[499],,,00:00:00,0.19561300000009396,0.00019561300000009397
Zheng DBSCAN,Ostovar,Atomic_Swap_output_Swap_5,700,70.0,[np.float64(1500.042284866469)],"[999, 1999]",,,00:00:05,5.625449099999969,0.0018757749583194294
Zheng DBSCAN,Ostovar,Atomic_Swap_output_Swap_5,700,140.0,[np.float64(1500.042284866469)],"[999, 1999]",,,00:00:05,5.625449099999969,0.0018757749583194294
Zheng DBSCAN,Ostovar,Atomic_Swap_output_Swap_5,700,210.0,[np.float64(1500.042284866469)],"[999, 1999]",,,00:00:05,5.625449099999969,0.0018757749583194294
Zheng DBSCAN,Ostovar,Atomic_Swap_output_Swap_5,700,280.0,[np.float64(1500.042284866469)],"[999, 1999]",,,00:00:05,5.625449099999969,0.0018757749583194294
Zheng DBSCAN,Ostovar,Atomic_Swap_output_Swap_5,700,350.0,[np.float64(1500.042284866469)],"[999, 1999]",,,00:00:05,5.625449099999969,0.0018757749583194294
Zheng DBSCAN,Ceravolo,sudden_trace_noise0_1000_pl,300,30.0,[],[499],,,00:00:00,0.20105290000003606,0.00020105290000003607
Zheng DBSCAN,Ceravolo,sudden_trace_noise0_1000_pl,300,60.0,[],[499],,,00:00:00,0.20105290000003606,0.00020105290000003607
Zheng DBSCAN,Ceravolo,sudden_trace_noise0_1000_pl,300,90.0,[],[499],,,00:00:00,0.20105290000003606,0.00020105290000003607
Zheng DBSCAN,Ceravolo,sudden_trace_noise0_1000_pl,300,120.0,[],[499],,,00:00:00,0.20105290000003606,0.00020105290000003607
Zheng DBSCAN,Ceravolo,sudden_trace_noise0_1000_pl,300,150.0,[],[499],,,00:00:00,0.20105290000003606,0.00020105290000003607
Zheng DBSCAN,Ostovar,Atomic_ParallelMove_output_ParallelMove,700,70.0,"[np.float64(933.0), np.float64(1919.111111111111)]","[999, 1999]",1.0,72.94444444444446,00:00:05,5.560979999999972,0.0018542780926975567
Zheng DBSCAN,Ostovar,Atomic_ParallelMove_output_ParallelMove,700,140.0,"[np.float64(933.0), np.float64(1919.111111111111)]","[999, 1999]",1.0,72.94444444444446,00:00:05,5.560979999999972,0.0018542780926975567
Zheng DBSCAN,Ostovar,Atomic_ParallelMove_output_ParallelMove,700,210.0,"[np.float64(933.0), np.float64(1919.111111111111)]","[999, 1999]",1.0,72.94444444444446,00:00:05,5.560979999999972,0.0018542780926975567
Zheng DBSCAN,Ostovar,Atomic_ParallelMove_output_ParallelMove,700,280.0,"[np.float64(933.0), np.float64(1919.111111111111)]","[999, 1999]",1.0,72.94444444444446,00:00:05,5.560979999999972,0.0018542780926975567
Zheng DBSCAN,Ostovar,Atomic_ParallelMove_output_ParallelMove,700,350.0,"[np.float64(933.0), np.float64(1919.111111111111)]","[999, 1999]",1.0,72.94444444444446,00:00:05,5.560979999999972,0.0018542780926975567
Zheng DBSCAN,Ostovar,Atomic_Frequency_output_Frequency_2,500,50.0,[np.float64(1511.9976553341148)],"[999, 1999]",,,00:00:03,3.3192149999999856,0.0011067739246415423
Zheng DBSCAN,Ostovar,Atomic_Frequency_output_Frequency_2,500,100.0,[np.float64(1511.9976553341148)],"[999, 1999]",,,00:00:03,3.3192149999999856,0.0011067739246415423
Zheng DBSCAN,Ostovar,Atomic_Frequency_output_Frequency_2,500,150.0,[np.float64(1511.9976553341148)],"[999, 1999]",,,00:00:03,3.3192149999999856,0.0011067739246415423
Zheng DBSCAN,Ostovar,Atomic_Frequency_output_Frequency_2,500,200.0,[np.float64(1511.9976553341148)],"[999, 1999]",,,00:00:03,3.3192149999999856,0.0011067739246415423
Zheng DBSCAN,Ostovar,Atomic_Frequency_output_Frequency_2,500,250.0,[np.float64(1511.9976553341148)],"[999, 1999]",,,00:00:03,3.3192149999999856,0.0011067739246415423
Zheng DBSCAN,Ceravolo,sudden_trace_noise20_1000_rp,300,30.0,[np.float64(449.0)],[499],1.0,50.0,00:00:00,0.19337469999993573,0.00019337469999993574
Zheng DBSCAN,Ceravolo,sudden_trace_noise20_1000_rp,300,60.0,[np.float64(449.0)],[499],1.0,50.0,00:00:00,0.19337469999993573,0.00019337469999993574
Zheng DBSCAN,Ceravolo,sudden_trace_noise20_1000_rp,300,90.0,[np.float64(449.0)],[499],1.0,50.0,00:00:00,0.19337469999993573,0.00019337469999993574
Zheng DBSCAN,Ceravolo,sudden_trace_noise20_1000_rp,300,120.0,[np.float64(449.0)],[499],1.0,50.0,00:00:00,0.19337469999993573,0.00019337469999993574
Zheng DBSCAN,Ceravolo,sudden_trace_noise20_1000_rp,300,150.0,[np.float64(449.0)],[499],1.0,50.0,00:00:00,0.19337469999993573,0.00019337469999993574
Zheng DBSCAN,Ostovar,Nested_ROI_output_ROI_2,400,40.0,[np.float64(1513.7122641509434)],"[999, 1999]",,,00:00:05,5.973214699999971,0.0019917354784928214
Zheng DBSCAN,Ostovar,Nested_ROI_output_ROI_2,400,80.0,[np.float64(1513.7122641509434)],"[999, 1999]",,,00:00:05,5.973214699999971,0.0019917354784928214
Zheng DBSCAN,Ostovar,Nested_ROI_output_ROI_2,400,120.0,[np.float64(1513.7122641509434)],"[999, 1999]",,,00:00:05,5.973214699999971,0.0019917354784928214
Zheng DBSCAN,Ostovar,Nested_ROI_output_ROI_2,400,160.0,[np.float64(1513.7122641509434)],"[999, 1999]",,,00:00:05,5.973214699999971,0.0019917354784928214
Zheng DBSCAN,Ostovar,Nested_ROI_output_ROI_2,400,200.0,[np.float64(1513.7122641509434)],"[999, 1999]",,,00:00:05,5.973214699999971,0.0019917354784928214
Zheng DBSCAN,Ostovar,Nested_RIO_output_RIO_2,700,70.0,[np.float64(1508.625488663018)],"[999, 1999]",,,00:00:07,7.584791399999972,0.002529106835611861
Zheng DBSCAN,Ostovar,Nested_RIO_output_RIO_2,700,140.0,[np.float64(1508.625488663018)],"[999, 1999]",,,00:00:07,7.584791399999972,0.002529106835611861
Zheng DBSCAN,Ostovar,Nested_RIO_output_RIO_2,700,210.0,[np.float64(1508.625488663018)],"[999, 1999]",,,00:00:07,7.584791399999972,0.002529106835611861
Zheng DBSCAN,Ostovar,Nested_RIO_output_RIO_2,700,280.0,[np.float64(1508.625488663018)],"[999, 1999]",,,00:00:07,7.584791399999972,0.002529106835611861
Zheng DBSCAN,Ostovar,Nested_RIO_output_RIO_2,700,350.0,[np.float64(1508.625488663018)],"[999, 1999]",,,00:00:07,7.584791399999972,0.002529106835611861
Zheng DBSCAN,Ceravolo,sudden_trace_noise5_1000_cf,400,40.0,[np.float64(447.0)],[499],1.0,52.0,00:00:00,0.18012450000003355,0.00018012450000003355
Zheng DBSCAN,Ceravolo,sudden_trace_noise5_1000_cf,400,80.0,[np.float64(447.0)],[499],1.0,52.0,00:00:00,0.18012450000003355,0.00018012450000003355
Zheng DBSCAN,Ceravolo,sudden_trace_noise5_1000_cf,400,120.0,[np.float64(447.0)],[499],1.0,52.0,00:00:00,0.18012450000003355,0.00018012450000003355
Zheng DBSCAN,Ceravolo,sudden_trace_noise5_1000_cf,400,160.0,[np.float64(447.0)],[499],1.0,52.0,00:00:00,0.18012450000003355,0.00018012450000003355
Zheng DBSCAN,Ceravolo,sudden_trace_noise5_1000_cf,400,200.0,[np.float64(447.0)],[499],1.0,52.0,00:00:00,0.18012450000003355,0.00018012450000003355
Zheng DBSCAN,Ostovar,Atomic_Substitute_output_Substitute_2,500,50.0,[np.float64(1509.545673076923)],"[999, 1999]",,,00:00:06,6.54240870000001,0.0021815300766922343
Zheng DBSCAN,Ostovar,Atomic_Substitute_output_Substitute_2,500,100.0,[np.float64(1509.545673076923)],"[999, 1999]",,,00:00:06,6.54240870000001,0.0021815300766922343
Zheng DBSCAN,Ostovar,Atomic_Substitute_output_Substitute_2,500,150.0,[np.float64(1509.545673076923)],"[999, 1999]",,,00:00:06,6.54240870000001,0.0021815300766922343
Zheng DBSCAN,Ostovar,Atomic_Substitute_output_Substitute_2,500,200.0,[np.float64(1509.545673076923)],"[999, 1999]",,,00:00:06,6.54240870000001,0.0021815300766922343
Zheng DBSCAN,Ostovar,Atomic_Substitute_output_Substitute_2,500,250.0,[np.float64(1509.545673076923)],"[999, 1999]",,,00:00:06,6.54240870000001,0.0021815300766922343
Zheng DBSCAN,Ostovar,Composite_ORI_output_ORI_2,400,40.0,[np.float64(1499.7998652291105)],"[999, 1999]",,,00:00:06,6.803767300000004,0.0022686786595531856
Zheng DBSCAN,Ostovar,Composite_ORI_output_ORI_2,400,80.0,[np.float64(1499.7998652291105)],"[999, 1999]",,,00:00:06,6.803767300000004,0.0022686786595531856
Zheng DBSCAN,Ostovar,Composite_ORI_output_ORI_2,400,120.0,[np.float64(1499.7998652291105)],"[999, 1999]",,,00:00:06,6.803767300000004,0.0022686786595531856
Zheng DBSCAN,Ostovar,Composite_ORI_output_ORI_2,400,160.0,[np.float64(1499.7998652291105)],"[999, 1999]",,,00:00:06,6.803767300000004,0.0022686786595531856
Zheng DBSCAN,Ostovar,Composite_ORI_output_ORI_2,400,200.0,[np.float64(1499.7998652291105)],"[999, 1999]",,,00:00:06,6.803767300000004,0.0022686786595531856
Zheng DBSCAN,Ostovar,Atomic_ConditionalMove_output_ConditionalMove_2,800,80.0,[np.float64(1503.2072490706319)],"[999, 1999]",,,00:00:06,6.701267400000006,0.0022345006335445167
Zheng DBSCAN,Ostovar,Atomic_ConditionalMove_output_ConditionalMove_2,800,160.0,[np.float64(1503.2072490706319)],"[999, 1999]",,,00:00:06,6.701267400000006,0.0022345006335445167
Zheng DBSCAN,Ostovar,Atomic_ConditionalMove_output_ConditionalMove_2,800,240.0,[np.float64(1503.2072490706319)],"[999, 1999]",,,00:00:06,6.701267400000006,0.0022345006335445167
Zheng DBSCAN,Ostovar,Atomic_ConditionalMove_output_ConditionalMove_2,800,320.0,[np.float64(1503.2072490706319)],"[999, 1999]",,,00:00:06,6.701267400000006,0.0022345006335445167
Zheng DBSCAN,Ostovar,Atomic_ConditionalMove_output_ConditionalMove_2,800,400.0,[np.float64(1503.2072490706319)],"[999, 1999]",,,00:00:06,6.701267400000006,0.0022345006335445167
Zheng DBSCAN,Ceravolo,sudden_trace_noise10_1000_pl,700,70.0,[],[499],,,00:00:00,0.19025599999997667,0.00019025599999997667
Zheng DBSCAN,Ceravolo,sudden_trace_noise10_1000_pl,700,140.0,[],[499],,,00:00:00,0.19025599999997667,0.00019025599999997667
Zheng DBSCAN,Ceravolo,sudden_trace_noise10_1000_pl,700,210.0,[],[499],,,00:00:00,0.19025599999997667,0.00019025599999997667
Zheng DBSCAN,Ceravolo,sudden_trace_noise10_1000_pl,700,280.0,[],[499],,,00:00:00,0.19025599999997667,0.00019025599999997667
Zheng DBSCAN,Ceravolo,sudden_trace_noise10_1000_pl,700,350.0,[],[499],,,00:00:00,0.19025599999997667,0.00019025599999997667
Zheng DBSCAN,Ceravolo,sudden_trace_noise5_1000_IOR,300,30.0,[np.float64(449.5)],[499],1.0,49.5,00:00:00,0.21936390000007577,0.00021936390000007577
Zheng DBSCAN,Ceravolo,sudden_trace_noise5_1000_IOR,300,60.0,[np.float64(449.5)],[499],1.0,49.5,00:00:00,0.21936390000007577,0.00021936390000007577
Zheng DBSCAN,Ceravolo,sudden_trace_noise5_1000_IOR,300,90.0,[np.float64(449.5)],[499],1.0,49.5,00:00:00,0.21936390000007577,0.00021936390000007577
Zheng DBSCAN,Ceravolo,sudden_trace_noise5_1000_IOR,300,120.0,[np.float64(449.5)],[499],1.0,49.5,00:00:00,0.21936390000007577,0.00021936390000007577
Zheng DBSCAN,Ceravolo,sudden_trace_noise5_1000_IOR,300,150.0,[np.float64(449.5)],[499],1.0,49.5,00:00:00,0.21936390000007577,0.00021936390000007577
Zheng DBSCAN,Ceravolo,sudden_trace_noise0_1000_IOR,400,40.0,[np.float64(449.5)],[499],1.0,49.5,00:00:00,0.21422340000003715,0.00021422340000003715
Zheng DBSCAN,Ceravolo,sudden_trace_noise0_1000_IOR,400,80.0,[np.float64(449.5)],[499],1.0,49.5,00:00:00,0.21422340000003715,0.00021422340000003715
Zheng DBSCAN,Ceravolo,sudden_trace_noise0_1000_IOR,400,120.0,[np.float64(449.5)],[499],1.0,49.5,00:00:00,0.21422340000003715,0.00021422340000003715
Zheng DBSCAN,Ceravolo,sudden_trace_noise0_1000_IOR,400,160.0,[np.float64(449.5)],[499],1.0,49.5,00:00:00,0.21422340000003715,0.00021422340000003715
Zheng DBSCAN,Ceravolo,sudden_trace_noise0_1000_IOR,400,200.0,[np.float64(449.5)],[499],1.0,49.5,00:00:00,0.21422340000003715,0.00021422340000003715
Zheng DBSCAN,Ostovar,Nested_OIR_output_OIR_2,800,80.0,[np.float64(1485.803451581975)],"[999, 1999]",,,00:00:07,7.18034810000006,0.0023942474491497365
Zheng DBSCAN,Ostovar,Nested_OIR_output_OIR_2,800,160.0,[np.float64(1485.803451581975)],"[999, 1999]",,,00:00:07,7.18034810000006,0.0023942474491497365
Zheng DBSCAN,Ostovar,Nested_OIR_output_OIR_2,800,240.0,[np.float64(1485.803451581975)],"[999, 1999]",,,00:00:07,7.18034810000006,0.0023942474491497365
Zheng DBSCAN,Ostovar,Nested_OIR_output_OIR_2,800,320.0,[np.float64(1485.803451581975)],"[999, 1999]",,,00:00:07,7.18034810000006,0.0023942474491497365
Zheng DBSCAN,Ostovar,Nested_OIR_output_OIR_2,800,400.0,[np.float64(1485.803451581975)],"[999, 1999]",,,00:00:07,7.18034810000006,0.0023942474491497365
Zheng DBSCAN,Ostovar,Nested_ROI_output_ROI_5,300,30.0,[np.float64(1477.9794871794873)],"[999, 1999]",,,00:00:06,6.171898400000032,0.0020579854618206174
Zheng DBSCAN,Ostovar,Nested_ROI_output_ROI_5,300,60.0,[np.float64(1477.9794871794873)],"[999, 1999]",,,00:00:06,6.171898400000032,0.0020579854618206174
Zheng DBSCAN,Ostovar,Nested_ROI_output_ROI_5,300,90.0,[np.float64(1477.9794871794873)],"[999, 1999]",,,00:00:06,6.171898400000032,0.0020579854618206174
Zheng DBSCAN,Ostovar,Nested_ROI_output_ROI_5,300,120.0,[np.float64(1477.9794871794873)],"[999, 1999]",,,00:00:06,6.171898400000032,0.0020579854618206174
Zheng DBSCAN,Ostovar,Nested_ROI_output_ROI_5,300,150.0,[np.float64(1477.9794871794873)],"[999, 1999]",,,00:00:06,6.171898400000032,0.0020579854618206174
Zheng DBSCAN,Ceravolo,sudden_trace_noise0_1000_IOR,600,60.0,[],[499],,,00:00:00,0.21608059999994111,0.00021608059999994112
Zheng DBSCAN,Ceravolo,sudden_trace_noise0_1000_IOR,600,120.0,[],[499],,,00:00:00,0.21608059999994111,0.00021608059999994112
Zheng DBSCAN,Ceravolo,sudden_trace_noise0_1000_IOR,600,180.0,[],[499],,,00:00:00,0.21608059999994111,0.00021608059999994112
Zheng DBSCAN,Ceravolo,sudden_trace_noise0_1000_IOR,600,240.0,[],[499],,,00:00:00,0.21608059999994111,0.00021608059999994112
Zheng DBSCAN,Ceravolo,sudden_trace_noise0_1000_IOR,600,300.0,[],[499],,,00:00:00,0.21608059999994111,0.00021608059999994112
Zheng DBSCAN,Ceravolo,sudden_trace_noise20_1000_ROI,800,80.0,[],[499],,,00:00:00,0.22358029999998053,0.00022358029999998053
Zheng DBSCAN,Ceravolo,sudden_trace_noise20_1000_ROI,800,160.0,[],[499],,,00:00:00,0.22358029999998053,0.00022358029999998053
Zheng DBSCAN,Ceravolo,sudden_trace_noise20_1000_ROI,800,240.0,[],[499],,,00:00:00,0.22358029999998053,0.00022358029999998053
Zheng DBSCAN,Ceravolo,sudden_trace_noise20_1000_ROI,800,320.0,[],[499],,,00:00:00,0.22358029999998053,0.00022358029999998053
Zheng DBSCAN,Ceravolo,sudden_trace_noise20_1000_ROI,800,400.0,[],[499],,,00:00:00,0.22358029999998053,0.00022358029999998053
Zheng DBSCAN,Ceravolo,sudden_trace_noise15_1000_pl,300,30.0,[],[499],,,00:00:00,0.1828965000000835,0.0001828965000000835
Zheng DBSCAN,Ceravolo,sudden_trace_noise15_1000_pl,300,60.0,[],[499],,,00:00:00,0.1828965000000835,0.0001828965000000835
Zheng DBSCAN,Ceravolo,sudden_trace_noise15_1000_pl,300,90.0,[],[499],,,00:00:00,0.1828965000000835,0.0001828965000000835
Zheng DBSCAN,Ceravolo,sudden_trace_noise15_1000_pl,300,120.0,[],[499],,,00:00:00,0.1828965000000835,0.0001828965000000835
Zheng DBSCAN,Ceravolo,sudden_trace_noise15_1000_pl,300,150.0,[],[499],,,00:00:00,0.1828965000000835,0.0001828965000000835
Zheng DBSCAN,Ceravolo,sudden_trace_noise20_1000_pm,400,40.0,[np.float64(449.0)],[499],1.0,50.0,00:00:00,0.19421910000005482,0.00019421910000005482
Zheng DBSCAN,Ceravolo,sudden_trace_noise20_1000_pm,400,80.0,[np.float64(449.0)],[499],1.0,50.0,00:00:00,0.19421910000005482,0.00019421910000005482
Zheng DBSCAN,Ceravolo,sudden_trace_noise20_1000_pm,400,120.0,[np.float64(449.0)],[499],1.0,50.0,00:00:00,0.19421910000005482,0.00019421910000005482
Zheng DBSCAN,Ceravolo,sudden_trace_noise20_1000_pm,400,160.0,[np.float64(449.0)],[499],1.0,50.0,00:00:00,0.19421910000005482,0.00019421910000005482
Zheng DBSCAN,Ceravolo,sudden_trace_noise20_1000_pm,400,200.0,[np.float64(449.0)],[499],1.0,50.0,00:00:00,0.19421910000005482,0.00019421910000005482
Zheng DBSCAN,Ostovar,Nested_RIO_output_RIO_2,800,80.0,[np.float64(1510.4003350083751)],"[999, 1999]",,,00:00:07,7.689264099999946,0.0025639426808936132
Zheng DBSCAN,Ostovar,Nested_RIO_output_RIO_2,800,160.0,[np.float64(1510.4003350083751)],"[999, 1999]",,,00:00:07,7.689264099999946,0.0025639426808936132
Zheng DBSCAN,Ostovar,Nested_RIO_output_RIO_2,800,240.0,[np.float64(1510.4003350083751)],"[999, 1999]",,,00:00:07,7.689264099999946,0.0025639426808936132
Zheng DBSCAN,Ostovar,Nested_RIO_output_RIO_2,800,320.0,[np.float64(1510.4003350083751)],"[999, 1999]",,,00:00:07,7.689264099999946,0.0025639426808936132
Zheng DBSCAN,Ostovar,Nested_RIO_output_RIO_2,800,400.0,[np.float64(1510.4003350083751)],"[999, 1999]",,,00:00:07,7.689264099999946,0.0025639426808936132
Zheng DBSCAN,Ceravolo,sudden_trace_noise0_1000_pm,500,50.0,[],[499],,,00:00:00,0.1786923999999317,0.00017869239999993169
Zheng DBSCAN,Ceravolo,sudden_trace_noise0_1000_pm,500,100.0,[],[499],,,00:00:00,0.1786923999999317,0.00017869239999993169
Zheng DBSCAN,Ceravolo,sudden_trace_noise0_1000_pm,500,150.0,[],[499],,,00:00:00,0.1786923999999317,0.00017869239999993169
Zheng DBSCAN,Ceravolo,sudden_trace_noise0_1000_pm,500,200.0,[],[499],,,00:00:00,0.1786923999999317,0.00017869239999993169
Zheng DBSCAN,Ceravolo,sudden_trace_noise0_1000_pm,500,250.0,[],[499],,,00:00:00,0.1786923999999317,0.00017869239999993169
Zheng DBSCAN,Ceravolo,sudden_trace_noise15_1000_pm,700,70.0,[],[499],,,00:00:00,0.19826439999997092,0.00019826439999997091
Zheng DBSCAN,Ceravolo,sudden_trace_noise15_1000_pm,700,140.0,[],[499],,,00:00:00,0.19826439999997092,0.00019826439999997091
Zheng DBSCAN,Ceravolo,sudden_trace_noise15_1000_pm,700,210.0,[],[499],,,00:00:00,0.19826439999997092,0.00019826439999997091
Zheng DBSCAN,Ceravolo,sudden_trace_noise15_1000_pm,700,280.0,[],[499],,,00:00:00,0.19826439999997092,0.00019826439999997091
Zheng DBSCAN,Ceravolo,sudden_trace_noise15_1000_pm,700,350.0,[],[499],,,00:00:00,0.19826439999997092,0.00019826439999997091
Zheng DBSCAN,Ostovar,Atomic_Frequency_output_Frequency_5,400,40.0,[np.float64(1516.9802143446002)],"[999, 1999]",,,00:00:03,3.1638756999999487,0.0010549768922974154
Zheng DBSCAN,Ostovar,Atomic_Frequency_output_Frequency_5,400,80.0,[np.float64(1516.9802143446002)],"[999, 1999]",,,00:00:03,3.1638756999999487,0.0010549768922974154
Zheng DBSCAN,Ostovar,Atomic_Frequency_output_Frequency_5,400,120.0,[np.float64(1516.9802143446002)],"[999, 1999]",,,00:00:03,3.1638756999999487,0.0010549768922974154
Zheng DBSCAN,Ostovar,Atomic_Frequency_output_Frequency_5,400,160.0,[np.float64(1516.9802143446002)],"[999, 1999]",,,00:00:03,3.1638756999999487,0.0010549768922974154
Zheng DBSCAN,Ostovar,Atomic_Frequency_output_Frequency_5,400,200.0,[np.float64(1516.9802143446002)],"[999, 1999]",,,00:00:03,3.1638756999999487,0.0010549768922974154
Zheng DBSCAN,Ceravolo,sudden_trace_noise10_1000_ROI,700,70.0,[],[499],,,00:00:00,0.21032470000000103,0.00021032470000000104
Zheng DBSCAN,Ceravolo,sudden_trace_noise10_1000_ROI,700,140.0,[],[499],,,00:00:00,0.21032470000000103,0.00021032470000000104
Zheng DBSCAN,Ceravolo,sudden_trace_noise10_1000_ROI,700,210.0,[],[499],,,00:00:00,0.21032470000000103,0.00021032470000000104
Zheng DBSCAN,Ceravolo,sudden_trace_noise10_1000_ROI,700,280.0,[],[499],,,00:00:00,0.21032470000000103,0.00021032470000000104
Zheng DBSCAN,Ceravolo,sudden_trace_noise10_1000_ROI,700,350.0,[],[499],,,00:00:00,0.21032470000000103,0.00021032470000000104
Zheng DBSCAN,Ceravolo,sudden_trace_noise20_1000_OIR,500,50.0,[],[499],,,00:00:00,0.2164972000000489,0.0002164972000000489
Zheng DBSCAN,Ceravolo,sudden_trace_noise20_1000_OIR,500,100.0,[],[499],,,00:00:00,0.2164972000000489,0.0002164972000000489
Zheng DBSCAN,Ceravolo,sudden_trace_noise20_1000_OIR,500,150.0,[],[499],,,00:00:00,0.2164972000000489,0.0002164972000000489
Zheng DBSCAN,Ceravolo,sudden_trace_noise20_1000_OIR,500,200.0,[],[499],,,00:00:00,0.2164972000000489,0.0002164972000000489
Zheng DBSCAN,Ceravolo,sudden_trace_noise20_1000_OIR,500,250.0,[],[499],,,00:00:00,0.2164972000000489,0.0002164972000000489
Zheng DBSCAN,Ceravolo,sudden_trace_noise10_1000_OIR,700,70.0,[],[499],,,00:00:00,0.22930230000008578,0.00022930230000008578
Zheng DBSCAN,Ceravolo,sudden_trace_noise10_1000_OIR,700,140.0,[],[499],,,00:00:00,0.22930230000008578,0.00022930230000008578
Zheng DBSCAN,Ceravolo,sudden_trace_noise10_1000_OIR,700,210.0,[],[499],,,00:00:00,0.22930230000008578,0.00022930230000008578
Zheng DBSCAN,Ceravolo,sudden_trace_noise10_1000_OIR,700,280.0,[],[499],,,00:00:00,0.22930230000008578,0.00022930230000008578
Zheng DBSCAN,Ceravolo,sudden_trace_noise10_1000_OIR,700,350.0,[],[499],,,00:00:00,0.22930230000008578,0.00022930230000008578
Zheng DBSCAN,Ostovar,Composite_IOR_output_IOR_5,300,30.0,[np.float64(1494.4416184971099)],"[999, 1999]",,,00:00:05,5.216561299999967,0.0017394335778592753
Zheng DBSCAN,Ostovar,Composite_IOR_output_IOR_5,300,60.0,[np.float64(1494.4416184971099)],"[999, 1999]",,,00:00:05,5.216561299999967,0.0017394335778592753
Zheng DBSCAN,Ostovar,Composite_IOR_output_IOR_5,300,90.0,[np.float64(1494.4416184971099)],"[999, 1999]",,,00:00:05,5.216561299999967,0.0017394335778592753
Zheng DBSCAN,Ostovar,Composite_IOR_output_IOR_5,300,120.0,[np.float64(1494.4416184971099)],"[999, 1999]",,,00:00:05,5.216561299999967,0.0017394335778592753
Zheng DBSCAN,Ostovar,Composite_IOR_output_IOR_5,300,150.0,[np.float64(1494.4416184971099)],"[999, 1999]",,,00:00:05,5.216561299999967,0.0017394335778592753
Zheng DBSCAN,Ostovar,Nested_RIO_output_RIO_2,500,50.0,[np.float64(1513.3272599859845)],"[999, 1999]",,,00:00:07,7.714482900000007,0.0025723517505835303
Zheng DBSCAN,Ostovar,Nested_RIO_output_RIO_2,500,100.0,[np.float64(1513.3272599859845)],"[999, 1999]",,,00:00:07,7.714482900000007,0.0025723517505835303
Zheng DBSCAN,Ostovar,Nested_RIO_output_RIO_2,500,150.0,[np.float64(1513.3272599859845)],"[999, 1999]",,,00:00:07,7.714482900000007,0.0025723517505835303
Zheng DBSCAN,Ostovar,Nested_RIO_output_RIO_2,500,200.0,[np.float64(1513.3272599859845)],"[999, 1999]",,,00:00:07,7.714482900000007,0.0025723517505835303
Zheng DBSCAN,Ostovar,Nested_RIO_output_RIO_2,500,250.0,[np.float64(1513.3272599859845)],"[999, 1999]",,,00:00:07,7.714482900000007,0.0025723517505835303
Zheng DBSCAN,Ceravolo,sudden_trace_noise20_1000_cd,500,50.0,[],[499],,,00:00:00,0.19702410000002146,0.00019702410000002146
Zheng DBSCAN,Ceravolo,sudden_trace_noise20_1000_cd,500,100.0,[],[499],,,00:00:00,0.19702410000002146,0.00019702410000002146
Zheng DBSCAN,Ceravolo,sudden_trace_noise20_1000_cd,500,150.0,[],[499],,,00:00:00,0.19702410000002146,0.00019702410000002146
Zheng DBSCAN,Ceravolo,sudden_trace_noise20_1000_cd,500,200.0,[],[499],,,00:00:00,0.19702410000002146,0.00019702410000002146
Zheng DBSCAN,Ceravolo,sudden_trace_noise20_1000_cd,500,250.0,[],[499],,,00:00:00,0.19702410000002146,0.00019702410000002146
Zheng DBSCAN,Ceravolo,sudden_trace_noise20_1000_cb,500,50.0,[],[499],,,00:00:00,0.19218750000004547,0.00019218750000004548
Zheng DBSCAN,Ceravolo,sudden_trace_noise20_1000_cb,500,100.0,[],[499],,,00:00:00,0.19218750000004547,0.00019218750000004548
Zheng DBSCAN,Ceravolo,sudden_trace_noise20_1000_cb,500,150.0,[],[499],,,00:00:00,0.19218750000004547,0.00019218750000004548
Zheng DBSCAN,Ceravolo,sudden_trace_noise20_1000_cb,500,200.0,[],[499],,,00:00:00,0.19218750000004547,0.00019218750000004548
Zheng DBSCAN,Ceravolo,sudden_trace_noise20_1000_cb,500,250.0,[],[499],,,00:00:00,0.19218750000004547,0.00019218750000004548
Zheng DBSCAN,Ostovar,Nested_OIR_output_OIR_2,500,50.0,[np.float64(1481.2676727561557)],"[999, 1999]",,,00:00:06,6.832129499999951,0.0022781358786261923
Zheng DBSCAN,Ostovar,Nested_OIR_output_OIR_2,500,100.0,[np.float64(1481.2676727561557)],"[999, 1999]",,,00:00:06,6.832129499999951,0.0022781358786261923
Zheng DBSCAN,Ostovar,Nested_OIR_output_OIR_2,500,150.0,[np.float64(1481.2676727561557)],"[999, 1999]",,,00:00:06,6.832129499999951,0.0022781358786261923
Zheng DBSCAN,Ostovar,Nested_OIR_output_OIR_2,500,200.0,[np.float64(1481.2676727561557)],"[999, 1999]",,,00:00:06,6.832129499999951,0.0022781358786261923
Zheng DBSCAN,Ostovar,Nested_OIR_output_OIR_2,500,250.0,[np.float64(1481.2676727561557)],"[999, 1999]",,,00:00:06,6.832129499999951,0.0022781358786261923
Zheng DBSCAN,Ceravolo,sudden_trace_noise0_1000_cd,700,70.0,[],[499],,,00:00:00,0.1769633999999769,0.00017696339999997691
Zheng DBSCAN,Ceravolo,sudden_trace_noise0_1000_cd,700,140.0,[],[499],,,00:00:00,0.1769633999999769,0.00017696339999997691
Zheng DBSCAN,Ceravolo,sudden_trace_noise0_1000_cd,700,210.0,[],[499],,,00:00:00,0.1769633999999769,0.00017696339999997691
Zheng DBSCAN,Ceravolo,sudden_trace_noise0_1000_cd,700,280.0,[],[499],,,00:00:00,0.1769633999999769,0.00017696339999997691
Zheng DBSCAN,Ceravolo,sudden_trace_noise0_1000_cd,700,350.0,[],[499],,,00:00:00,0.1769633999999769,0.00017696339999997691
Zheng DBSCAN,Ostovar,Nested_ORI_output_ORI_2,800,80.0,[np.float64(1497.9204545454545)],"[999, 1999]",,,00:00:07,7.013257299999964,0.002338531943981315
Zheng DBSCAN,Ostovar,Nested_ORI_output_ORI_2,800,160.0,[np.float64(1497.9204545454545)],"[999, 1999]",,,00:00:07,7.013257299999964,0.002338531943981315
Zheng DBSCAN,Ostovar,Nested_ORI_output_ORI_2,800,240.0,[np.float64(1497.9204545454545)],"[999, 1999]",,,00:00:07,7.013257299999964,0.002338531943981315
Zheng DBSCAN,Ostovar,Nested_ORI_output_ORI_2,800,320.0,[np.float64(1497.9204545454545)],"[999, 1999]",,,00:00:07,7.013257299999964,0.002338531943981315
Zheng DBSCAN,Ostovar,Nested_ORI_output_ORI_2,800,400.0,[np.float64(1497.9204545454545)],"[999, 1999]",,,00:00:07,7.013257299999964,0.002338531943981315
Zheng DBSCAN,Ceravolo,sudden_trace_noise5_1000_OIR,400,40.0,[np.float64(448.0)],[499],1.0,51.0,00:00:00,0.18013340000004519,0.00018013340000004518
Zheng DBSCAN,Ceravolo,sudden_trace_noise5_1000_OIR,400,80.0,[np.float64(448.0)],[499],1.0,51.0,00:00:00,0.18013340000004519,0.00018013340000004518
Zheng DBSCAN,Ceravolo,sudden_trace_noise5_1000_OIR,400,120.0,[np.float64(448.0)],[499],1.0,51.0,00:00:00,0.18013340000004519,0.00018013340000004518
Zheng DBSCAN,Ceravolo,sudden_trace_noise5_1000_OIR,400,160.0,[np.float64(448.0)],[499],1.0,51.0,00:00:00,0.18013340000004519,0.00018013340000004518
Zheng DBSCAN,Ceravolo,sudden_trace_noise5_1000_OIR,400,200.0,[np.float64(448.0)],[499],1.0,51.0,00:00:00,0.18013340000004519,0.00018013340000004518
Zheng DBSCAN,Ceravolo,sudden_trace_noise5_1000_IRO,600,60.0,[],[499],,,00:00:00,0.19315369999992527,0.00019315369999992526
Zheng DBSCAN,Ceravolo,sudden_trace_noise5_1000_IRO,600,120.0,[],[499],,,00:00:00,0.19315369999992527,0.00019315369999992526
Zheng DBSCAN,Ceravolo,sudden_trace_noise5_1000_IRO,600,180.0,[],[499],,,00:00:00,0.19315369999992527,0.00019315369999992526
Zheng DBSCAN,Ceravolo,sudden_trace_noise5_1000_IRO,600,240.0,[],[499],,,00:00:00,0.19315369999992527,0.00019315369999992526
Zheng DBSCAN,Ceravolo,sudden_trace_noise5_1000_IRO,600,300.0,[],[499],,,00:00:00,0.19315369999992527,0.00019315369999992526
Zheng DBSCAN,Ceravolo,sudden_trace_noise5_1000_lp,600,60.0,[],[499],,,00:00:00,0.19797170000003916,0.00019797170000003915
Zheng DBSCAN,Ceravolo,sudden_trace_noise5_1000_lp,600,120.0,[],[499],,,00:00:00,0.19797170000003916,0.00019797170000003915
Zheng DBSCAN,Ceravolo,sudden_trace_noise5_1000_lp,600,180.0,[],[499],,,00:00:00,0.19797170000003916,0.00019797170000003915
Zheng DBSCAN,Ceravolo,sudden_trace_noise5_1000_lp,600,240.0,[],[499],,,00:00:00,0.19797170000003916,0.00019797170000003915
Zheng DBSCAN,Ceravolo,sudden_trace_noise5_1000_lp,600,300.0,[],[499],,,00:00:00,0.19797170000003916,0.00019797170000003915
Zheng DBSCAN,Ostovar,Composite_OIR_output_OIR,700,70.0,"[np.float64(943.2380952380952), np.float64(1930.1176470588234)]","[999, 1999]",1.0,62.3221288515407,00:00:05,5.162060800000063,0.0017212606868956528
Zheng DBSCAN,Ostovar,Composite_OIR_output_OIR,700,140.0,"[np.float64(943.2380952380952), np.float64(1930.1176470588234)]","[999, 1999]",1.0,62.3221288515407,00:00:05,5.162060800000063,0.0017212606868956528
Zheng DBSCAN,Ostovar,Composite_OIR_output_OIR,700,210.0,"[np.float64(943.2380952380952), np.float64(1930.1176470588234)]","[999, 1999]",1.0,62.3221288515407,00:00:05,5.162060800000063,0.0017212606868956528
Zheng DBSCAN,Ostovar,Composite_OIR_output_OIR,700,280.0,"[np.float64(943.2380952380952), np.float64(1930.1176470588234)]","[999, 1999]",1.0,62.3221288515407,00:00:05,5.162060800000063,0.0017212606868956528
Zheng DBSCAN,Ostovar,Composite_OIR_output_OIR,700,350.0,"[np.float64(943.2380952380952), np.float64(1930.1176470588234)]","[999, 1999]",1.0,62.3221288515407,00:00:05,5.162060800000063,0.0017212606868956528
Zheng DBSCAN,Ceravolo,sudden_trace_noise5_1000_sw,600,60.0,[],[499],,,00:00:00,0.20565460000000257,0.00020565460000000258
Zheng DBSCAN,Ceravolo,sudden_trace_noise5_1000_sw,600,120.0,[],[499],,,00:00:00,0.20565460000000257,0.00020565460000000258
Zheng DBSCAN,Ceravolo,sudden_trace_noise5_1000_sw,600,180.0,[],[499],,,00:00:00,0.20565460000000257,0.00020565460000000258
Zheng DBSCAN,Ceravolo,sudden_trace_noise5_1000_sw,600,240.0,[],[499],,,00:00:00,0.20565460000000257,0.00020565460000000258
Zheng DBSCAN,Ceravolo,sudden_trace_noise5_1000_sw,600,300.0,[],[499],,,00:00:00,0.20565460000000257,0.00020565460000000258
Zheng DBSCAN,Ceravolo,sudden_trace_noise0_1000_pm,800,80.0,[],[499],,,00:00:00,0.19754650000004403,0.00019754650000004402
Zheng DBSCAN,Ceravolo,sudden_trace_noise0_1000_pm,800,160.0,[],[499],,,00:00:00,0.19754650000004403,0.00019754650000004402
Zheng DBSCAN,Ceravolo,sudden_trace_noise0_1000_pm,800,240.0,[],[499],,,00:00:00,0.19754650000004403,0.00019754650000004402
Zheng DBSCAN,Ceravolo,sudden_trace_noise0_1000_pm,800,320.0,[],[499],,,00:00:00,0.19754650000004403,0.00019754650000004402
Zheng DBSCAN,Ceravolo,sudden_trace_noise0_1000_pm,800,400.0,[],[499],,,00:00:00,0.19754650000004403,0.00019754650000004402
Zheng DBSCAN,Ostovar,Atomic_Loop_output_Loop_2,500,50.0,[np.float64(1478.5391084945331)],"[999, 1999]",,,00:00:05,5.297444199999973,0.0017664035345114947
Zheng DBSCAN,Ostovar,Atomic_Loop_output_Loop_2,500,100.0,[np.float64(1478.5391084945331)],"[999, 1999]",,,00:00:05,5.297444199999973,0.0017664035345114947
Zheng DBSCAN,Ostovar,Atomic_Loop_output_Loop_2,500,150.0,[np.float64(1478.5391084945331)],"[999, 1999]",,,00:00:05,5.297444199999973,0.0017664035345114947
Zheng DBSCAN,Ostovar,Atomic_Loop_output_Loop_2,500,200.0,[np.float64(1478.5391084945331)],"[999, 1999]",,,00:00:05,5.297444199999973,0.0017664035345114947
Zheng DBSCAN,Ostovar,Atomic_Loop_output_Loop_2,500,250.0,[np.float64(1478.5391084945331)],"[999, 1999]",,,00:00:05,5.297444199999973,0.0017664035345114947
Zheng DBSCAN,Ceravolo,sudden_trace_noise0_1000_sw,400,40.0,[np.float64(451.3333333333333)],[499],1.0,47.666666666666686,00:00:00,0.20874650000007478,0.0002087465000000748
Zheng DBSCAN,Ceravolo,sudden_trace_noise0_1000_sw,400,80.0,[np.float64(451.3333333333333)],[499],1.0,47.666666666666686,00:00:00,0.20874650000007478,0.0002087465000000748
Zheng DBSCAN,Ceravolo,sudden_trace_noise0_1000_sw,400,120.0,[np.float64(451.3333333333333)],[499],1.0,47.666666666666686,00:00:00,0.20874650000007478,0.0002087465000000748
Zheng DBSCAN,Ceravolo,sudden_trace_noise0_1000_sw,400,160.0,[np.float64(451.3333333333333)],[499],1.0,47.666666666666686,00:00:00,0.20874650000007478,0.0002087465000000748
Zheng DBSCAN,Ceravolo,sudden_trace_noise0_1000_sw,400,200.0,[np.float64(451.3333333333333)],[499],1.0,47.666666666666686,00:00:00,0.20874650000007478,0.0002087465000000748
Zheng DBSCAN,Ceravolo,sudden_trace_noise20_1000_sw,300,30.0,[np.float64(451.3333333333333)],[499],1.0,47.666666666666686,00:00:00,0.23517900000001646,0.00023517900000001645
Zheng DBSCAN,Ceravolo,sudden_trace_noise20_1000_sw,300,60.0,[np.float64(451.3333333333333)],[499],1.0,47.666666666666686,00:00:00,0.23517900000001646,0.00023517900000001645
Zheng DBSCAN,Ceravolo,sudden_trace_noise20_1000_sw,300,90.0,[np.float64(451.3333333333333)],[499],1.0,47.666666666666686,00:00:00,0.23517900000001646,0.00023517900000001645
Zheng DBSCAN,Ceravolo,sudden_trace_noise20_1000_sw,300,120.0,[np.float64(451.3333333333333)],[499],1.0,47.666666666666686,00:00:00,0.23517900000001646,0.00023517900000001645
Zheng DBSCAN,Ceravolo,sudden_trace_noise20_1000_sw,300,150.0,[np.float64(451.3333333333333)],[499],1.0,47.666666666666686,00:00:00,0.23517900000001646,0.00023517900000001645
Zheng DBSCAN,Ostovar,Nested_IOR_output_IOR,800,80.0,"[np.float64(894.6666666666666), np.float64(1699.0), np.float64(1896.0625)]","[999, 1999]",0.8,103.63541666666669,00:00:06,6.165565099999981,0.0020558736578859555
Zheng DBSCAN,Ostovar,Nested_IOR_output_IOR,800,160.0,"[np.float64(894.6666666666666), np.float64(1884.4705882352941)]","[999, 1999]",1.0,109.43137254901961,00:00:06,6.165565099999981,0.0020558736578859555
Zheng DBSCAN,Ostovar,Nested_IOR_output_IOR,800,240.0,"[np.float64(894.6666666666666), np.float64(1884.4705882352941)]","[999, 1999]",1.0,109.43137254901961,00:00:06,6.165565099999981,0.0020558736578859555
Zheng DBSCAN,Ostovar,Nested_IOR_output_IOR,800,320.0,"[np.float64(894.6666666666666), np.float64(1884.4705882352941)]","[999, 1999]",1.0,109.43137254901961,00:00:06,6.165565099999981,0.0020558736578859555
Zheng DBSCAN,Ostovar,Nested_IOR_output_IOR,800,400.0,"[np.float64(894.6666666666666), np.float64(1884.4705882352941)]","[999, 1999]",1.0,109.43137254901961,00:00:06,6.165565099999981,0.0020558736578859555
Zheng DBSCAN,Ostovar,Nested_IOR_output_IOR_2,800,80.0,[np.float64(1501.3801652892562)],"[999, 1999]",,,00:00:07,7.633442000000059,0.002545329109703254
Zheng DBSCAN,Ostovar,Nested_IOR_output_IOR_2,800,160.0,[np.float64(1501.3801652892562)],"[999, 1999]",,,00:00:07,7.633442000000059,0.002545329109703254
Zheng DBSCAN,Ostovar,Nested_IOR_output_IOR_2,800,240.0,[np.float64(1501.3801652892562)],"[999, 1999]",,,00:00:07,7.633442000000059,0.002545329109703254
Zheng DBSCAN,Ostovar,Nested_IOR_output_IOR_2,800,320.0,[np.float64(1501.3801652892562)],"[999, 1999]",,,00:00:07,7.633442000000059,0.002545329109703254
Zheng DBSCAN,Ostovar,Nested_IOR_output_IOR_2,800,400.0,[np.float64(1501.3801652892562)],"[999, 1999]",,,00:00:07,7.633442000000059,0.002545329109703254
Zheng DBSCAN,Ostovar,Atomic_ConditionalMove_output_ConditionalMove,500,50.0,"[np.float64(941.4285714285714), np.float64(1934.7777777777778)]","[999, 1999]",1.0,60.89682539682536,00:00:05,5.607148000000052,0.0018696725575191905
Zheng DBSCAN,Ostovar,Atomic_ConditionalMove_output_ConditionalMove,500,100.0,"[np.float64(941.4285714285714), np.float64(1934.7777777777778)]","[999, 1999]",1.0,60.89682539682536,00:00:05,5.607148000000052,0.0018696725575191905
Zheng DBSCAN,Ostovar,Atomic_ConditionalMove_output_ConditionalMove,500,150.0,"[np.float64(941.4285714285714), np.float64(1934.7777777777778)]","[999, 1999]",1.0,60.89682539682536,00:00:05,5.607148000000052,0.0018696725575191905
Zheng DBSCAN,Ostovar,Atomic_ConditionalMove_output_ConditionalMove,500,200.0,"[np.float64(941.4285714285714), np.float64(1934.7777777777778)]","[999, 1999]",1.0,60.89682539682536,00:00:05,5.607148000000052,0.0018696725575191905
Zheng DBSCAN,Ostovar,Atomic_ConditionalMove_output_ConditionalMove,500,250.0,"[np.float64(941.4285714285714), np.float64(1934.7777777777778)]","[999, 1999]",1.0,60.89682539682536,00:00:05,5.607148000000052,0.0018696725575191905
Zheng DBSCAN,Ceravolo,sudden_trace_noise20_1000_IRO,500,50.0,[],[499],,,00:00:00,0.1911060999999563,0.0001911060999999563
Zheng DBSCAN,Ceravolo,sudden_trace_noise20_1000_IRO,500,100.0,[],[499],,,00:00:00,0.1911060999999563,0.0001911060999999563
Zheng DBSCAN,Ceravolo,sudden_trace_noise20_1000_IRO,500,150.0,[],[499],,,00:00:00,0.1911060999999563,0.0001911060999999563
Zheng DBSCAN,Ceravolo,sudden_trace_noise20_1000_IRO,500,200.0,[],[499],,,00:00:00,0.1911060999999563,0.0001911060999999563
Zheng DBSCAN,Ceravolo,sudden_trace_noise20_1000_IRO,500,250.0,[],[499],,,00:00:00,0.1911060999999563,0.0001911060999999563
Zheng DBSCAN,Ostovar,Nested_IRO_output_IRO,600,60.0,"[np.float64(873.0625), np.float64(1891.3684210526317)]","[999, 1999]",1.0,116.78453947368416,00:00:07,7.234381600000006,0.0024122646215405156
Zheng DBSCAN,Ostovar,Nested_IRO_output_IRO,600,120.0,"[np.float64(873.0625), np.float64(1891.3684210526317)]","[999, 1999]",1.0,116.78453947368416,00:00:07,7.234381600000006,0.0024122646215405156
Zheng DBSCAN,Ostovar,Nested_IRO_output_IRO,600,180.0,"[np.float64(873.0625), np.float64(1891.3684210526317)]","[999, 1999]",1.0,116.78453947368416,00:00:07,7.234381600000006,0.0024122646215405156
Zheng DBSCAN,Ostovar,Nested_IRO_output_IRO,600,240.0,"[np.float64(873.0625), np.float64(1891.3684210526317)]","[999, 1999]",1.0,116.78453947368416,00:00:07,7.234381600000006,0.0024122646215405156
Zheng DBSCAN,Ostovar,Nested_IRO_output_IRO,600,300.0,"[np.float64(873.0625), np.float64(1891.3684210526317)]","[999, 1999]",1.0,116.78453947368416,00:00:07,7.234381600000006,0.0024122646215405156
Zheng DBSCAN,Ceravolo,sudden_trace_noise10_1000_ROI,300,30.0,[np.float64(448.5)],[499],1.0,50.5,00:00:00,0.20358620000001793,0.00020358620000001792
Zheng DBSCAN,Ceravolo,sudden_trace_noise10_1000_ROI,300,60.0,[np.float64(448.5)],[499],1.0,50.5,00:00:00,0.20358620000001793,0.00020358620000001792
Zheng DBSCAN,Ceravolo,sudden_trace_noise10_1000_ROI,300,90.0,[np.float64(448.5)],[499],1.0,50.5,00:00:00,0.20358620000001793,0.00020358620000001792
Zheng DBSCAN,Ceravolo,sudden_trace_noise10_1000_ROI,300,120.0,[np.float64(448.5)],[499],1.0,50.5,00:00:00,0.20358620000001793,0.00020358620000001792
Zheng DBSCAN,Ceravolo,sudden_trace_noise10_1000_ROI,300,150.0,[np.float64(448.5)],[499],1.0,50.5,00:00:00,0.20358620000001793,0.00020358620000001792
Zheng DBSCAN,Ostovar,Atomic_ParallelRemoval_output_ParallelRemoval,300,30.0,"[np.float64(933.5), np.float64(1940.3333333333333)]","[999, 1999]",1.0,62.08333333333337,00:00:04,4.7680464999999685,0.0015898787929309664
Zheng DBSCAN,Ostovar,Atomic_ParallelRemoval_output_ParallelRemoval,300,60.0,"[np.float64(933.5), np.float64(1940.3333333333333)]","[999, 1999]",1.0,62.08333333333337,00:00:04,4.7680464999999685,0.0015898787929309664
Zheng DBSCAN,Ostovar,Atomic_ParallelRemoval_output_ParallelRemoval,300,90.0,"[np.float64(933.5), np.float64(1940.3333333333333)]","[999, 1999]",1.0,62.08333333333337,00:00:04,4.7680464999999685,0.0015898787929309664
Zheng DBSCAN,Ostovar,Atomic_ParallelRemoval_output_ParallelRemoval,300,120.0,"[np.float64(933.5), np.float64(1940.3333333333333)]","[999, 1999]",1.0,62.08333333333337,00:00:04,4.7680464999999685,0.0015898787929309664
Zheng DBSCAN,Ostovar,Atomic_ParallelRemoval_output_ParallelRemoval,300,150.0,"[np.float64(933.5), np.float64(1940.3333333333333)]","[999, 1999]",1.0,62.08333333333337,00:00:04,4.7680464999999685,0.0015898787929309664
Zheng DBSCAN,Ostovar,Nested_ROI_output_ROI_5,400,40.0,[np.float64(1477.3597819503332)],"[999, 1999]",,,00:00:06,6.163946499999952,0.0020553339446482
Zheng DBSCAN,Ostovar,Nested_ROI_output_ROI_5,400,80.0,[np.float64(1477.3597819503332)],"[999, 1999]",,,00:00:06,6.163946499999952,0.0020553339446482
Zheng DBSCAN,Ostovar,Nested_ROI_output_ROI_5,400,120.0,[np.float64(1477.3597819503332)],"[999, 1999]",,,00:00:06,6.163946499999952,0.0020553339446482
Zheng DBSCAN,Ostovar,Nested_ROI_output_ROI_5,400,160.0,[np.float64(1477.3597819503332)],"[999, 1999]",,,00:00:06,6.163946499999952,0.0020553339446482
Zheng DBSCAN,Ostovar,Nested_ROI_output_ROI_5,400,200.0,[np.float64(1477.3597819503332)],"[999, 1999]",,,00:00:06,6.163946499999952,0.0020553339446482
Zheng DBSCAN,Ostovar,Nested_ROI_output_ROI_2,800,80.0,[np.float64(1506.5577492596249)],"[999, 1999]",,,00:00:06,6.140475299999935,0.0020475076025341563
Zheng DBSCAN,Ostovar,Nested_ROI_output_ROI_2,800,160.0,[np.float64(1506.5577492596249)],"[999, 1999]",,,00:00:06,6.140475299999935,0.0020475076025341563
Zheng DBSCAN,Ostovar,Nested_ROI_output_ROI_2,800,240.0,[np.float64(1506.5577492596249)],"[999, 1999]",,,00:00:06,6.140475299999935,0.0020475076025341563
Zheng DBSCAN,Ostovar,Nested_ROI_output_ROI_2,800,320.0,[np.float64(1506.5577492596249)],"[999, 1999]",,,00:00:06,6.140475299999935,0.0020475076025341563
Zheng DBSCAN,Ostovar,Nested_ROI_output_ROI_2,800,400.0,[np.float64(1506.5577492596249)],"[999, 1999]",,,00:00:06,6.140475299999935,0.0020475076025341563
Zheng DBSCAN,Ceravolo,sudden_trace_noise15_1000_cb,800,80.0,[],[499],,,00:00:00,0.15859490000002552,0.0001585949000000255
Zheng DBSCAN,Ceravolo,sudden_trace_noise15_1000_cb,800,160.0,[],[499],,,00:00:00,0.15859490000002552,0.0001585949000000255
Zheng DBSCAN,Ceravolo,sudden_trace_noise15_1000_cb,800,240.0,[],[499],,,00:00:00,0.15859490000002552,0.0001585949000000255
Zheng DBSCAN,Ceravolo,sudden_trace_noise15_1000_cb,800,320.0,[],[499],,,00:00:00,0.15859490000002552,0.0001585949000000255
Zheng DBSCAN,Ceravolo,sudden_trace_noise15_1000_cb,800,400.0,[],[499],,,00:00:00,0.15859490000002552,0.0001585949000000255
Zheng DBSCAN,Ceravolo,sudden_trace_noise5_1000_cd,600,60.0,[],[499],,,00:00:00,0.20115840000005392,0.00020115840000005391
Zheng DBSCAN,Ceravolo,sudden_trace_noise5_1000_cd,600,120.0,[],[499],,,00:00:00,0.20115840000005392,0.00020115840000005391
Zheng DBSCAN,Ceravolo,sudden_trace_noise5_1000_cd,600,180.0,[],[499],,,00:00:00,0.20115840000005392,0.00020115840000005391
Zheng DBSCAN,Ceravolo,sudden_trace_noise5_1000_cd,600,240.0,[],[499],,,00:00:00,0.20115840000005392,0.00020115840000005391
Zheng DBSCAN,Ceravolo,sudden_trace_noise5_1000_cd,600,300.0,[],[499],,,00:00:00,0.20115840000005392,0.00020115840000005391
Zheng DBSCAN,Ceravolo,sudden_trace_noise20_1000_pl,400,40.0,[],[499],,,00:00:00,0.1924563999999691,0.0001924563999999691
Zheng DBSCAN,Ceravolo,sudden_trace_noise20_1000_pl,400,80.0,[],[499],,,00:00:00,0.1924563999999691,0.0001924563999999691
Zheng DBSCAN,Ceravolo,sudden_trace_noise20_1000_pl,400,120.0,[],[499],,,00:00:00,0.1924563999999691,0.0001924563999999691
Zheng DBSCAN,Ceravolo,sudden_trace_noise20_1000_pl,400,160.0,[],[499],,,00:00:00,0.1924563999999691,0.0001924563999999691
Zheng DBSCAN,Ceravolo,sudden_trace_noise20_1000_pl,400,200.0,[],[499],,,00:00:00,0.1924563999999691,0.0001924563999999691
Zheng DBSCAN,Ostovar,Nested_ROI_output_ROI,800,80.0,"[np.float64(959.4545454545455), np.float64(1927.3)]","[999, 1999]",1.0,55.622727272727275,00:00:04,4.900346599999921,0.0016339935311770325
Zheng DBSCAN,Ostovar,Nested_ROI_output_ROI,800,160.0,"[np.float64(959.4545454545455), np.float64(1927.3)]","[999, 1999]",1.0,55.622727272727275,00:00:04,4.900346599999921,0.0016339935311770325
Zheng DBSCAN,Ostovar,Nested_ROI_output_ROI,800,240.0,"[np.float64(959.4545454545455), np.float64(1927.3)]","[999, 1999]",1.0,55.622727272727275,00:00:04,4.900346599999921,0.0016339935311770325
Zheng DBSCAN,Ostovar,Nested_ROI_output_ROI,800,320.0,"[np.float64(959.4545454545455), np.float64(1927.3)]","[999, 1999]",1.0,55.622727272727275,00:00:04,4.900346599999921,0.0016339935311770325
Zheng DBSCAN,Ostovar,Nested_ROI_output_ROI,800,400.0,"[np.float64(959.4545454545455), np.float64(1927.3)]","[999, 1999]",1.0,55.622727272727275,00:00:04,4.900346599999921,0.0016339935311770325
Zheng DBSCAN,Ostovar,Nested_OIR_output_OIR,300,30.0,"[np.float64(928.1428571428571), np.float64(987.0), np.float64(1935.25)]","[999, 1999]",0.8,37.875,00:00:05,5.810603599999922,0.0019375137045681634
Zheng DBSCAN,Ostovar,Nested_OIR_output_OIR,300,60.0,"[np.float64(935.5), np.float64(1935.25)]","[999, 1999]",1.0,63.625,00:00:05,5.810603599999922,0.0019375137045681634
Zheng DBSCAN,Ostovar,Nested_OIR_output_OIR,300,90.0,"[np.float64(935.5), np.float64(1935.25)]","[999, 1999]",1.0,63.625,00:00:05,5.810603599999922,0.0019375137045681634
Zheng DBSCAN,Ostovar,Nested_OIR_output_OIR,300,120.0,"[np.float64(935.5), np.float64(1935.25)]","[999, 1999]",1.0,63.625,00:00:05,5.810603599999922,0.0019375137045681634
Zheng DBSCAN,Ostovar,Nested_OIR_output_OIR,300,150.0,"[np.float64(935.5), np.float64(1935.25)]","[999, 1999]",1.0,63.625,00:00:05,5.810603599999922,0.0019375137045681634
Zheng DBSCAN,Ostovar,Atomic_ConditionalRemoval_output_ConditionalRemoval_2,800,80.0,[np.float64(1501.0497925311204)],"[999, 1999]",,,00:00:05,5.849802299999965,0.00195058429476491
Zheng DBSCAN,Ostovar,Atomic_ConditionalRemoval_output_ConditionalRemoval_2,800,160.0,[np.float64(1501.0497925311204)],"[999, 1999]",,,00:00:05,5.849802299999965,0.00195058429476491
Zheng DBSCAN,Ostovar,Atomic_ConditionalRemoval_output_ConditionalRemoval_2,800,240.0,[np.float64(1501.0497925311204)],"[999, 1999]",,,00:00:05,5.849802299999965,0.00195058429476491
Zheng DBSCAN,Ostovar,Atomic_ConditionalRemoval_output_ConditionalRemoval_2,800,320.0,[np.float64(1501.0497925311204)],"[999, 1999]",,,00:00:05,5.849802299999965,0.00195058429476491
Zheng DBSCAN,Ostovar,Atomic_ConditionalRemoval_output_ConditionalRemoval_2,800,400.0,[np.float64(1501.0497925311204)],"[999, 1999]",,,00:00:05,5.849802299999965,0.00195058429476491
Zheng DBSCAN,Ceravolo,sudden_trace_noise0_1000_pm,400,40.0,[np.float64(449.0)],[499],1.0,50.0,00:00:00,0.19113800000002357,0.00019113800000002357
Zheng DBSCAN,Ceravolo,sudden_trace_noise0_1000_pm,400,80.0,[np.float64(449.0)],[499],1.0,50.0,00:00:00,0.19113800000002357,0.00019113800000002357
Zheng DBSCAN,Ceravolo,sudden_trace_noise0_1000_pm,400,120.0,[np.float64(449.0)],[499],1.0,50.0,00:00:00,0.19113800000002357,0.00019113800000002357
Zheng DBSCAN,Ceravolo,sudden_trace_noise0_1000_pm,400,160.0,[np.float64(449.0)],[499],1.0,50.0,00:00:00,0.19113800000002357,0.00019113800000002357
Zheng DBSCAN,Ceravolo,sudden_trace_noise0_1000_pm,400,200.0,[np.float64(449.0)],[499],1.0,50.0,00:00:00,0.19113800000002357,0.00019113800000002357
Zheng DBSCAN,Ceravolo,sudden_trace_noise0_1000_cb,800,80.0,[],[499],,,00:00:00,0.18567819999998392,0.0001856781999999839
Zheng DBSCAN,Ceravolo,sudden_trace_noise0_1000_cb,800,160.0,[],[499],,,00:00:00,0.18567819999998392,0.0001856781999999839
Zheng DBSCAN,Ceravolo,sudden_trace_noise0_1000_cb,800,240.0,[],[499],,,00:00:00,0.18567819999998392,0.0001856781999999839
Zheng DBSCAN,Ceravolo,sudden_trace_noise0_1000_cb,800,320.0,[],[499],,,00:00:00,0.18567819999998392,0.0001856781999999839
Zheng DBSCAN,Ceravolo,sudden_trace_noise0_1000_cb,800,400.0,[],[499],,,00:00:00,0.18567819999998392,0.0001856781999999839
Zheng DBSCAN,Bose,bose_log,600,60.0,"[np.float64(1220.888888888889), np.float64(1406.25), np.float64(1781.0), np.float64(1882.0), np.float64(2071.75), np.float64(2231.0), np.float64(2979.0), np.float64(3112.6), np.float64(3395.0), np.float64(3607.714285714286), np.float64(3733.0), np.float64(3799.0), np.float64(3999.1666666666665), np.float64(4129.0), np.float64(4245.5), np.float64(4488.0), np.float64(4808.5), np.float64(5036.0), np.float64(5098.0), np.float64(5286.1), np.float64(5459.0), np.float64(5634.0)]","[1199, 2399, 3599, 4799]",0.3076923076923077,52.02579365079367,00:00:01,1.2261657000000241,0.000204360950000004
Zheng DBSCAN,Bose,bose_log,600,120.0,"[np.float64(1277.923076923077), np.float64(1971.4444444444443), np.float64(3090.3333333333335), np.float64(3395.0), np.float64(3642.8888888888887), np.float64(4083.5), np.float64(4488.0), np.float64(4808.5), np.float64(5067.0), np.float64(5314.916666666667), np.float64(5634.0)]","[1199, 2399, 3599, 4799]",0.39999999999999997,44.10398860398853,00:00:01,1.2261657000000241,0.000204360950000004
Zheng DBSCAN,Bose,bose_log,600,180.0,"[np.float64(1277.923076923077), np.float64(1971.4444444444443), np.float64(3090.3333333333335), np.float64(3871.9545454545455), np.float64(4488.0), np.float64(4808.5), np.float64(5303.133333333333)]","[1199, 2399, 3599, 4799]",0.36363636363636365,44.21153846153845,00:00:01,1.2261657000000241,0.000204360950000004
Zheng DBSCAN,Bose,bose_log,600,240.0,"[np.float64(1277.923076923077), np.float64(1971.4444444444443), np.float64(3731.4827586206898), np.float64(5199.0)]","[1199, 2399, 3599, 4799]",0.5,105.70291777188334,00:00:01,1.2261657000000241,0.000204360950000004
Zheng DBSCAN,Bose,bose_log,600,300.0,"[np.float64(1277.923076923077), np.float64(1971.4444444444443), np.float64(3731.4827586206898), np.float64(5199.0)]","[1199, 2399, 3599, 4799]",0.5,105.70291777188334,00:00:01,1.2261657000000241,0.000204360950000004
Zheng DBSCAN,Ostovar,Composite_IOR_output_IOR_5,400,40.0,[np.float64(1500.6169278996865)],"[999, 1999]",,,00:00:05,5.189506999999935,0.0017304124708235862
Zheng DBSCAN,Ostovar,Composite_IOR_output_IOR_5,400,80.0,[np.float64(1500.6169278996865)],"[999, 1999]",,,00:00:05,5.189506999999935,0.0017304124708235862
Zheng DBSCAN,Ostovar,Composite_IOR_output_IOR_5,400,120.0,[np.float64(1500.6169278996865)],"[999, 1999]",,,00:00:05,5.189506999999935,0.0017304124708235862
Zheng DBSCAN,Ostovar,Composite_IOR_output_IOR_5,400,160.0,[np.float64(1500.6169278996865)],"[999, 1999]",,,00:00:05,5.189506999999935,0.0017304124708235862
Zheng DBSCAN,Ostovar,Composite_IOR_output_IOR_5,400,200.0,[np.float64(1500.6169278996865)],"[999, 1999]",,,00:00:05,5.189506999999935,0.0017304124708235862
Zheng DBSCAN,Ceravolo,sudden_trace_noise10_1000_sw,500,50.0,[],[499],,,00:00:00,0.20554170000002614,0.00020554170000002613
Zheng DBSCAN,Ceravolo,sudden_trace_noise10_1000_sw,500,100.0,[],[499],,,00:00:00,0.20554170000002614,0.00020554170000002613
Zheng DBSCAN,Ceravolo,sudden_trace_noise10_1000_sw,500,150.0,[],[499],,,00:00:00,0.20554170000002614,0.00020554170000002613
Zheng DBSCAN,Ceravolo,sudden_trace_noise10_1000_sw,500,200.0,[],[499],,,00:00:00,0.20554170000002614,0.00020554170000002613
Zheng DBSCAN,Ceravolo,sudden_trace_noise10_1000_sw,500,250.0,[],[499],,,00:00:00,0.20554170000002614,0.00020554170000002613
Zheng DBSCAN,Ceravolo,sudden_trace_noise15_1000_cb,300,30.0,[np.float64(451.0)],[499],1.0,48.0,00:00:00,0.18538200000000415,0.00018538200000000414
Zheng DBSCAN,Ceravolo,sudden_trace_noise15_1000_cb,300,60.0,[np.float64(451.0)],[499],1.0,48.0,00:00:00,0.18538200000000415,0.00018538200000000414
Zheng DBSCAN,Ceravolo,sudden_trace_noise15_1000_cb,300,90.0,[np.float64(451.0)],[499],1.0,48.0,00:00:00,0.18538200000000415,0.00018538200000000414
Zheng DBSCAN,Ceravolo,sudden_trace_noise15_1000_cb,300,120.0,[np.float64(451.0)],[499],1.0,48.0,00:00:00,0.18538200000000415,0.00018538200000000414
Zheng DBSCAN,Ceravolo,sudden_trace_noise15_1000_cb,300,150.0,[np.float64(451.0)],[499],1.0,48.0,00:00:00,0.18538200000000415,0.00018538200000000414
Zheng DBSCAN,Ostovar,Atomic_ConditionalRemoval_output_ConditionalRemoval_2,700,70.0,[np.float64(1501.358925143954)],"[999, 1999]",,,00:00:05,5.987544000000071,0.001996513504501524
Zheng DBSCAN,Ostovar,Atomic_ConditionalRemoval_output_ConditionalRemoval_2,700,140.0,[np.float64(1501.358925143954)],"[999, 1999]",,,00:00:05,5.987544000000071,0.001996513504501524
Zheng DBSCAN,Ostovar,Atomic_ConditionalRemoval_output_ConditionalRemoval_2,700,210.0,[np.float64(1501.358925143954)],"[999, 1999]",,,00:00:05,5.987544000000071,0.001996513504501524
Zheng DBSCAN,Ostovar,Atomic_ConditionalRemoval_output_ConditionalRemoval_2,700,280.0,[np.float64(1501.358925143954)],"[999, 1999]",,,00:00:05,5.987544000000071,0.001996513504501524
Zheng DBSCAN,Ostovar,Atomic_ConditionalRemoval_output_ConditionalRemoval_2,700,350.0,[np.float64(1501.358925143954)],"[999, 1999]",,,00:00:05,5.987544000000071,0.001996513504501524
Zheng DBSCAN,Ceravolo,sudden_trace_noise10_1000_cd,300,30.0,[],[499],,,00:00:00,0.19958370000006198,0.000199583700000062
Zheng DBSCAN,Ceravolo,sudden_trace_noise10_1000_cd,300,60.0,[],[499],,,00:00:00,0.19958370000006198,0.000199583700000062
Zheng DBSCAN,Ceravolo,sudden_trace_noise10_1000_cd,300,90.0,[],[499],,,00:00:00,0.19958370000006198,0.000199583700000062
Zheng DBSCAN,Ceravolo,sudden_trace_noise10_1000_cd,300,120.0,[],[499],,,00:00:00,0.19958370000006198,0.000199583700000062
Zheng DBSCAN,Ceravolo,sudden_trace_noise10_1000_cd,300,150.0,[],[499],,,00:00:00,0.19958370000006198,0.000199583700000062
Zheng DBSCAN,Ostovar,Atomic_Skip_output_Skip,700,70.0,"[np.float64(919.0), np.float64(1952.0)]","[999, 1999]",1.0,63.5,00:00:04,4.846556299999975,0.001616057452484153
Zheng DBSCAN,Ostovar,Atomic_Skip_output_Skip,700,140.0,"[np.float64(919.0), np.float64(1952.0)]","[999, 1999]",1.0,63.5,00:00:04,4.846556299999975,0.001616057452484153
Zheng DBSCAN,Ostovar,Atomic_Skip_output_Skip,700,210.0,"[np.float64(919.0), np.float64(1952.0)]","[999, 1999]",1.0,63.5,00:00:04,4.846556299999975,0.001616057452484153
Zheng DBSCAN,Ostovar,Atomic_Skip_output_Skip,700,280.0,"[np.float64(919.0), np.float64(1952.0)]","[999, 1999]",1.0,63.5,00:00:04,4.846556299999975,0.001616057452484153
Zheng DBSCAN,Ostovar,Atomic_Skip_output_Skip,700,350.0,"[np.float64(919.0), np.float64(1952.0)]","[999, 1999]",1.0,63.5,00:00:04,4.846556299999975,0.001616057452484153
Zheng DBSCAN,Ostovar,Atomic_ParallelRemoval_output_ParallelRemoval,400,40.0,"[np.float64(933.5), np.float64(1940.3333333333333)]","[999, 1999]",1.0,62.08333333333337,00:00:04,4.819470199999955,0.0016070257419139565
Zheng DBSCAN,Ostovar,Atomic_ParallelRemoval_output_ParallelRemoval,400,80.0,"[np.float64(933.5), np.float64(1940.3333333333333)]","[999, 1999]",1.0,62.08333333333337,00:00:04,4.819470199999955,0.0016070257419139565
Zheng DBSCAN,Ostovar,Atomic_ParallelRemoval_output_ParallelRemoval,400,120.0,"[np.float64(933.5), np.float64(1940.3333333333333)]","[999, 1999]",1.0,62.08333333333337,00:00:04,4.819470199999955,0.0016070257419139565
Zheng DBSCAN,Ostovar,Atomic_ParallelRemoval_output_ParallelRemoval,400,160.0,"[np.float64(933.5), np.float64(1940.3333333333333)]","[999, 1999]",1.0,62.08333333333337,00:00:04,4.819470199999955,0.0016070257419139565
Zheng DBSCAN,Ostovar,Atomic_ParallelRemoval_output_ParallelRemoval,400,200.0,"[np.float64(933.5), np.float64(1940.3333333333333)]","[999, 1999]",1.0,62.08333333333337,00:00:04,4.819470199999955,0.0016070257419139565
Zheng DBSCAN,Ostovar,Atomic_Swap_output_Swap_2,500,50.0,[np.float64(1493.3056664006385)],"[999, 1999]",,,00:00:06,6.076559100000054,0.00202619509836614
Zheng DBSCAN,Ostovar,Atomic_Swap_output_Swap_2,500,100.0,[np.float64(1493.3056664006385)],"[999, 1999]",,,00:00:06,6.076559100000054,0.00202619509836614
Zheng DBSCAN,Ostovar,Atomic_Swap_output_Swap_2,500,150.0,[np.float64(1493.3056664006385)],"[999, 1999]",,,00:00:06,6.076559100000054,0.00202619509836614
Zheng DBSCAN,Ostovar,Atomic_Swap_output_Swap_2,500,200.0,[np.float64(1493.3056664006385)],"[999, 1999]",,,00:00:06,6.076559100000054,0.00202619509836614
Zheng DBSCAN,Ostovar,Atomic_Swap_output_Swap_2,500,250.0,[np.float64(1493.3056664006385)],"[999, 1999]",,,00:00:06,6.076559100000054,0.00202619509836614
Zheng DBSCAN,Ostovar,Atomic_Swap_output_Swap_2,800,80.0,[np.float64(1490.9712586719525)],"[999, 1999]",,,00:00:05,5.841167200000086,0.001947704968322803
Zheng DBSCAN,Ostovar,Atomic_Swap_output_Swap_2,800,160.0,[np.float64(1490.9712586719525)],"[999, 1999]",,,00:00:05,5.841167200000086,0.001947704968322803
Zheng DBSCAN,Ostovar,Atomic_Swap_output_Swap_2,800,240.0,[np.float64(1490.9712586719525)],"[999, 1999]",,,00:00:05,5.841167200000086,0.001947704968322803
Zheng DBSCAN,Ostovar,Atomic_Swap_output_Swap_2,800,320.0,[np.float64(1490.9712586719525)],"[999, 1999]",,,00:00:05,5.841167200000086,0.001947704968322803
Zheng DBSCAN,Ostovar,Atomic_Swap_output_Swap_2,800,400.0,[np.float64(1490.9712586719525)],"[999, 1999]",,,00:00:05,5.841167200000086,0.001947704968322803
Zheng DBSCAN,Ostovar,Atomic_SerialRemoval_output_SerialRemoval_5,700,70.0,[np.float64(1505.6935483870968)],"[999, 1999]",,,00:00:06,6.313931099999991,0.0021053454818272727
Zheng DBSCAN,Ostovar,Atomic_SerialRemoval_output_SerialRemoval_5,700,140.0,[np.float64(1505.6935483870968)],"[999, 1999]",,,00:00:06,6.313931099999991,0.0021053454818272727
Zheng DBSCAN,Ostovar,Atomic_SerialRemoval_output_SerialRemoval_5,700,210.0,[np.float64(1505.6935483870968)],"[999, 1999]",,,00:00:06,6.313931099999991,0.0021053454818272727
Zheng DBSCAN,Ostovar,Atomic_SerialRemoval_output_SerialRemoval_5,700,280.0,[np.float64(1505.6935483870968)],"[999, 1999]",,,00:00:06,6.313931099999991,0.0021053454818272727
Zheng DBSCAN,Ostovar,Atomic_SerialRemoval_output_SerialRemoval_5,700,350.0,[np.float64(1505.6935483870968)],"[999, 1999]",,,00:00:06,6.313931099999991,0.0021053454818272727
Zheng DBSCAN,Ceravolo,sudden_trace_noise0_1000_cb,400,40.0,[np.float64(451.0)],[499],1.0,48.0,00:00:00,0.1961493999999675,0.0001961493999999675
Zheng DBSCAN,Ceravolo,sudden_trace_noise0_1000_cb,400,80.0,[np.float64(451.0)],[499],1.0,48.0,00:00:00,0.1961493999999675,0.0001961493999999675
Zheng DBSCAN,Ceravolo,sudden_trace_noise0_1000_cb,400,120.0,[np.float64(451.0)],[499],1.0,48.0,00:00:00,0.1961493999999675,0.0001961493999999675
Zheng DBSCAN,Ceravolo,sudden_trace_noise0_1000_cb,400,160.0,[np.float64(451.0)],[499],1.0,48.0,00:00:00,0.1961493999999675,0.0001961493999999675
Zheng DBSCAN,Ceravolo,sudden_trace_noise0_1000_cb,400,200.0,[np.float64(451.0)],[499],1.0,48.0,00:00:00,0.1961493999999675,0.0001961493999999675
Zheng DBSCAN,Ceravolo,sudden_trace_noise20_1000_cf,400,40.0,[np.float64(447.0)],[499],1.0,52.0,00:00:00,0.21056450000003224,0.00021056450000003223
Zheng DBSCAN,Ceravolo,sudden_trace_noise20_1000_cf,400,80.0,[np.float64(447.0)],[499],1.0,52.0,00:00:00,0.21056450000003224,0.00021056450000003223
Zheng DBSCAN,Ceravolo,sudden_trace_noise20_1000_cf,400,120.0,[np.float64(447.0)],[499],1.0,52.0,00:00:00,0.21056450000003224,0.00021056450000003223
Zheng DBSCAN,Ceravolo,sudden_trace_noise20_1000_cf,400,160.0,[np.float64(447.0)],[499],1.0,52.0,00:00:00,0.21056450000003224,0.00021056450000003223
Zheng DBSCAN,Ceravolo,sudden_trace_noise20_1000_cf,400,200.0,[np.float64(447.0)],[499],1.0,52.0,00:00:00,0.21056450000003224,0.00021056450000003223
Zheng DBSCAN,Ostovar,Atomic_Skip_output_Skip_2,700,70.0,[np.float64(1489.0151658767772)],"[999, 1999]",,,00:00:06,6.168696600000089,0.00205691783927979
Zheng DBSCAN,Ostovar,Atomic_Skip_output_Skip_2,700,140.0,[np.float64(1489.0151658767772)],"[999, 1999]",,,00:00:06,6.168696600000089,0.00205691783927979
Zheng DBSCAN,Ostovar,Atomic_Skip_output_Skip_2,700,210.0,[np.float64(1489.0151658767772)],"[999, 1999]",,,00:00:06,6.168696600000089,0.00205691783927979
Zheng DBSCAN,Ostovar,Atomic_Skip_output_Skip_2,700,280.0,[np.float64(1489.0151658767772)],"[999, 1999]",,,00:00:06,6.168696600000089,0.00205691783927979
Zheng DBSCAN,Ostovar,Atomic_Skip_output_Skip_2,700,350.0,[np.float64(1489.0151658767772)],"[999, 1999]",,,00:00:06,6.168696600000089,0.00205691783927979
Zheng DBSCAN,Ostovar,Atomic_Loop_output_Loop,700,70.0,"[np.float64(915.0), np.float64(1954.0)]","[999, 1999]",1.0,64.5,00:00:04,4.581928400000038,0.0015278187395798726
Zheng DBSCAN,Ostovar,Atomic_Loop_output_Loop,700,140.0,"[np.float64(915.0), np.float64(1954.0)]","[999, 1999]",1.0,64.5,00:00:04,4.581928400000038,0.0015278187395798726
Zheng DBSCAN,Ostovar,Atomic_Loop_output_Loop,700,210.0,"[np.float64(915.0), np.float64(1954.0)]","[999, 1999]",1.0,64.5,00:00:04,4.581928400000038,0.0015278187395798726
Zheng DBSCAN,Ostovar,Atomic_Loop_output_Loop,700,280.0,"[np.float64(915.0), np.float64(1954.0)]","[999, 1999]",1.0,64.5,00:00:04,4.581928400000038,0.0015278187395798726
Zheng DBSCAN,Ostovar,Atomic_Loop_output_Loop,700,350.0,"[np.float64(915.0), np.float64(1954.0)]","[999, 1999]",1.0,64.5,00:00:04,4.581928400000038,0.0015278187395798726
Zheng DBSCAN,Ceravolo,sudden_trace_noise20_1000_rp,600,60.0,[],[499],,,00:00:00,0.21679419999998117,0.00021679419999998117
Zheng DBSCAN,Ceravolo,sudden_trace_noise20_1000_rp,600,120.0,[],[499],,,00:00:00,0.21679419999998117,0.00021679419999998117
Zheng DBSCAN,Ceravolo,sudden_trace_noise20_1000_rp,600,180.0,[],[499],,,00:00:00,0.21679419999998117,0.00021679419999998117
Zheng DBSCAN,Ceravolo,sudden_trace_noise20_1000_rp,600,240.0,[],[499],,,00:00:00,0.21679419999998117,0.00021679419999998117
Zheng DBSCAN,Ceravolo,sudden_trace_noise20_1000_rp,600,300.0,[],[499],,,00:00:00,0.21679419999998117,0.00021679419999998117
Zheng DBSCAN,Ostovar,Atomic_ConditionalToSequence_output_ConditionalToSequence,700,70.0,"[np.float64(939.6428571428571), np.float64(1944.357142857143)]","[999, 1999]",1.0,57.0,00:00:05,5.038842700000032,0.0016801742914304876
Zheng DBSCAN,Ostovar,Atomic_ConditionalToSequence_output_ConditionalToSequence,700,140.0,"[np.float64(939.6428571428571), np.float64(1944.357142857143)]","[999, 1999]",1.0,57.0,00:00:05,5.038842700000032,0.0016801742914304876
Zheng DBSCAN,Ostovar,Atomic_ConditionalToSequence_output_ConditionalToSequence,700,210.0,"[np.float64(939.6428571428571), np.float64(1944.357142857143)]","[999, 1999]",1.0,57.0,00:00:05,5.038842700000032,0.0016801742914304876
Zheng DBSCAN,Ostovar,Atomic_ConditionalToSequence_output_ConditionalToSequence,700,280.0,"[np.float64(939.6428571428571), np.float64(1944.357142857143)]","[999, 1999]",1.0,57.0,00:00:05,5.038842700000032,0.0016801742914304876
Zheng DBSCAN,Ostovar,Atomic_ConditionalToSequence_output_ConditionalToSequence,700,350.0,"[np.float64(939.6428571428571), np.float64(1944.357142857143)]","[999, 1999]",1.0,57.0,00:00:05,5.038842700000032,0.0016801742914304876
Zheng DBSCAN,Ceravolo,sudden_trace_noise10_1000_OIR,500,50.0,[],[499],,,00:00:00,0.2275124999999889,0.0002275124999999889
Zheng DBSCAN,Ceravolo,sudden_trace_noise10_1000_OIR,500,100.0,[],[499],,,00:00:00,0.2275124999999889,0.0002275124999999889
Zheng DBSCAN,Ceravolo,sudden_trace_noise10_1000_OIR,500,150.0,[],[499],,,00:00:00,0.2275124999999889,0.0002275124999999889
Zheng DBSCAN,Ceravolo,sudden_trace_noise10_1000_OIR,500,200.0,[],[499],,,00:00:00,0.2275124999999889,0.0002275124999999889
Zheng DBSCAN,Ceravolo,sudden_trace_noise10_1000_OIR,500,250.0,[],[499],,,00:00:00,0.2275124999999889,0.0002275124999999889
Zheng DBSCAN,Ceravolo,sudden_trace_noise15_1000_cb,600,60.0,[],[499],,,00:00:00,0.21052869999994073,0.00021052869999994072
Zheng DBSCAN,Ceravolo,sudden_trace_noise15_1000_cb,600,120.0,[],[499],,,00:00:00,0.21052869999994073,0.00021052869999994072
Zheng DBSCAN,Ceravolo,sudden_trace_noise15_1000_cb,600,180.0,[],[499],,,00:00:00,0.21052869999994073,0.00021052869999994072
Zheng DBSCAN,Ceravolo,sudden_trace_noise15_1000_cb,600,240.0,[],[499],,,00:00:00,0.21052869999994073,0.00021052869999994072
Zheng DBSCAN,Ceravolo,sudden_trace_noise15_1000_cb,600,300.0,[],[499],,,00:00:00,0.21052869999994073,0.00021052869999994072
Zheng DBSCAN,Ceravolo,sudden_trace_noise5_1000_re,300,30.0,[np.float64(447.5)],[499],1.0,51.5,00:00:00,0.21394409999993513,0.00021394409999993513
Zheng DBSCAN,Ceravolo,sudden_trace_noise5_1000_re,300,60.0,[np.float64(447.5)],[499],1.0,51.5,00:00:00,0.21394409999993513,0.00021394409999993513
Zheng DBSCAN,Ceravolo,sudden_trace_noise5_1000_re,300,90.0,[np.float64(447.5)],[499],1.0,51.5,00:00:00,0.21394409999993513,0.00021394409999993513
Zheng DBSCAN,Ceravolo,sudden_trace_noise5_1000_re,300,120.0,[np.float64(447.5)],[499],1.0,51.5,00:00:00,0.21394409999993513,0.00021394409999993513
Zheng DBSCAN,Ceravolo,sudden_trace_noise5_1000_re,300,150.0,[np.float64(447.5)],[499],1.0,51.5,00:00:00,0.21394409999993513,0.00021394409999993513
Zheng DBSCAN,Ostovar,Atomic_Loop_output_Loop_2,600,60.0,[np.float64(1468.5672727272727)],"[999, 1999]",,,00:00:05,5.701379599999996,0.0019010935645215057
Zheng DBSCAN,Ostovar,Atomic_Loop_output_Loop_2,600,120.0,[np.float64(1468.5672727272727)],"[999, 1999]",,,00:00:05,5.701379599999996,0.0019010935645215057
Zheng DBSCAN,Ostovar,Atomic_Loop_output_Loop_2,600,180.0,[np.float64(1468.5672727272727)],"[999, 1999]",,,00:00:05,5.701379599999996,0.0019010935645215057
Zheng DBSCAN,Ostovar,Atomic_Loop_output_Loop_2,600,240.0,[np.float64(1468.5672727272727)],"[999, 1999]",,,00:00:05,5.701379599999996,0.0019010935645215057
Zheng DBSCAN,Ostovar,Atomic_Loop_output_Loop_2,600,300.0,[np.float64(1468.5672727272727)],"[999, 1999]",,,00:00:05,5.701379599999996,0.0019010935645215057
Zheng DBSCAN,Ceravolo,sudden_trace_noise15_1000_IOR,800,80.0,[],[499],,,00:00:00,0.24685779999992974,0.00024685779999992976
Zheng DBSCAN,Ceravolo,sudden_trace_noise15_1000_IOR,800,160.0,[],[499],,,00:00:00,0.24685779999992974,0.00024685779999992976
Zheng DBSCAN,Ceravolo,sudden_trace_noise15_1000_IOR,800,240.0,[],[499],,,00:00:00,0.24685779999992974,0.00024685779999992976
Zheng DBSCAN,Ceravolo,sudden_trace_noise15_1000_IOR,800,320.0,[],[499],,,00:00:00,0.24685779999992974,0.00024685779999992976
Zheng DBSCAN,Ceravolo,sudden_trace_noise15_1000_IOR,800,400.0,[],[499],,,00:00:00,0.24685779999992974,0.00024685779999992976
Zheng DBSCAN,Ostovar,Atomic_Loop_output_Loop,600,60.0,"[np.float64(915.0), np.float64(1954.0)]","[999, 1999]",1.0,64.5,00:00:04,4.529702000000043,0.001510404134711585
Zheng DBSCAN,Ostovar,Atomic_Loop_output_Loop,600,120.0,"[np.float64(915.0), np.float64(1954.0)]","[999, 1999]",1.0,64.5,00:00:04,4.529702000000043,0.001510404134711585
Zheng DBSCAN,Ostovar,Atomic_Loop_output_Loop,600,180.0,"[np.float64(915.0), np.float64(1954.0)]","[999, 1999]",1.0,64.5,00:00:04,4.529702000000043,0.001510404134711585
Zheng DBSCAN,Ostovar,Atomic_Loop_output_Loop,600,240.0,"[np.float64(915.0), np.float64(1954.0)]","[999, 1999]",1.0,64.5,00:00:04,4.529702000000043,0.001510404134711585
Zheng DBSCAN,Ostovar,Atomic_Loop_output_Loop,600,300.0,"[np.float64(915.0), np.float64(1954.0)]","[999, 1999]",1.0,64.5,00:00:04,4.529702000000043,0.001510404134711585
Zheng DBSCAN,Ceravolo,sudden_trace_noise20_1000_IOR,300,30.0,[np.float64(449.5)],[499],1.0,49.5,00:00:00,0.2331909000000678,0.0002331909000000678
Zheng DBSCAN,Ceravolo,sudden_trace_noise20_1000_IOR,300,60.0,[np.float64(449.5)],[499],1.0,49.5,00:00:00,0.2331909000000678,0.0002331909000000678
Zheng DBSCAN,Ceravolo,sudden_trace_noise20_1000_IOR,300,90.0,[np.float64(449.5)],[499],1.0,49.5,00:00:00,0.2331909000000678,0.0002331909000000678
Zheng DBSCAN,Ceravolo,sudden_trace_noise20_1000_IOR,300,120.0,[np.float64(449.5)],[499],1.0,49.5,00:00:00,0.2331909000000678,0.0002331909000000678
Zheng DBSCAN,Ceravolo,sudden_trace_noise20_1000_IOR,300,150.0,[np.float64(449.5)],[499],1.0,49.5,00:00:00,0.2331909000000678,0.0002331909000000678
Zheng DBSCAN,Ostovar,Atomic_ConditionalMove_output_ConditionalMove,800,80.0,"[np.float64(941.4285714285714), np.float64(1934.7777777777778)]","[999, 1999]",1.0,60.89682539682536,00:00:05,5.952167500000087,0.0019847174058019628
Zheng DBSCAN,Ostovar,Atomic_ConditionalMove_output_ConditionalMove,800,160.0,"[np.float64(941.4285714285714), np.float64(1934.7777777777778)]","[999, 1999]",1.0,60.89682539682536,00:00:05,5.952167500000087,0.0019847174058019628
Zheng DBSCAN,Ostovar,Atomic_ConditionalMove_output_ConditionalMove,800,240.0,"[np.float64(941.4285714285714), np.float64(1934.7777777777778)]","[999, 1999]",1.0,60.89682539682536,00:00:05,5.952167500000087,0.0019847174058019628
Zheng DBSCAN,Ostovar,Atomic_ConditionalMove_output_ConditionalMove,800,320.0,"[np.float64(941.4285714285714), np.float64(1934.7777777777778)]","[999, 1999]",1.0,60.89682539682536,00:00:05,5.952167500000087,0.0019847174058019628
Zheng DBSCAN,Ostovar,Atomic_ConditionalMove_output_ConditionalMove,800,400.0,"[np.float64(941.4285714285714), np.float64(1934.7777777777778)]","[999, 1999]",1.0,60.89682539682536,00:00:05,5.952167500000087,0.0019847174058019628
Zheng DBSCAN,Ceravolo,sudden_trace_noise10_1000_IOR,800,80.0,[],[499],,,00:00:00,0.22109920000002603,0.00022109920000002603
Zheng DBSCAN,Ceravolo,sudden_trace_noise10_1000_IOR,800,160.0,[],[499],,,00:00:00,0.22109920000002603,0.00022109920000002603
Zheng DBSCAN,Ceravolo,sudden_trace_noise10_1000_IOR,800,240.0,[],[499],,,00:00:00,0.22109920000002603,0.00022109920000002603
Zheng DBSCAN,Ceravolo,sudden_trace_noise10_1000_IOR,800,320.0,[],[499],,,00:00:00,0.22109920000002603,0.00022109920000002603
Zheng DBSCAN,Ceravolo,sudden_trace_noise10_1000_IOR,800,400.0,[],[499],,,00:00:00,0.22109920000002603,0.00022109920000002603
Zheng DBSCAN,Ostovar,Composite_IRO_output_IRO,800,80.0,"[np.float64(948.0666666666667), np.float64(1943.5714285714287)]","[999, 1999]",1.0,53.180952380952306,00:00:06,6.07120980000002,0.0020244114038012735
Zheng DBSCAN,Ostovar,Composite_IRO_output_IRO,800,160.0,"[np.float64(948.0666666666667), np.float64(1943.5714285714287)]","[999, 1999]",1.0,53.180952380952306,00:00:06,6.07120980000002,0.0020244114038012735
Zheng DBSCAN,Ostovar,Composite_IRO_output_IRO,800,240.0,"[np.float64(948.0666666666667), np.float64(1943.5714285714287)]","[999, 1999]",1.0,53.180952380952306,00:00:06,6.07120980000002,0.0020244114038012735
Zheng DBSCAN,Ostovar,Composite_IRO_output_IRO,800,320.0,"[np.float64(948.0666666666667), np.float64(1943.5714285714287)]","[999, 1999]",1.0,53.180952380952306,00:00:06,6.07120980000002,0.0020244114038012735
Zheng DBSCAN,Ostovar,Composite_IRO_output_IRO,800,400.0,"[np.float64(948.0666666666667), np.float64(1943.5714285714287)]","[999, 1999]",1.0,53.180952380952306,00:00:06,6.07120980000002,0.0020244114038012735
Zheng DBSCAN,Ostovar,Nested_OIR_output_OIR,600,60.0,"[np.float64(935.5), np.float64(1935.25)]","[999, 1999]",1.0,63.625,00:00:05,5.887423500000068,0.00196312887629212
Zheng DBSCAN,Ostovar,Nested_OIR_output_OIR,600,120.0,"[np.float64(935.5), np.float64(1935.25)]","[999, 1999]",1.0,63.625,00:00:05,5.887423500000068,0.00196312887629212
Zheng DBSCAN,Ostovar,Nested_OIR_output_OIR,600,180.0,"[np.float64(935.5), np.float64(1935.25)]","[999, 1999]",1.0,63.625,00:00:05,5.887423500000068,0.00196312887629212
Zheng DBSCAN,Ostovar,Nested_OIR_output_OIR,600,240.0,"[np.float64(935.5), np.float64(1935.25)]","[999, 1999]",1.0,63.625,00:00:05,5.887423500000068,0.00196312887629212
Zheng DBSCAN,Ostovar,Nested_OIR_output_OIR,600,300.0,"[np.float64(935.5), np.float64(1935.25)]","[999, 1999]",1.0,63.625,00:00:05,5.887423500000068,0.00196312887629212
Zheng DBSCAN,Ceravolo,sudden_trace_noise10_1000_OIR,800,80.0,[],[499],,,00:00:00,0.22784890000002633,0.00022784890000002633
Zheng DBSCAN,Ceravolo,sudden_trace_noise10_1000_OIR,800,160.0,[],[499],,,00:00:00,0.22784890000002633,0.00022784890000002633
Zheng DBSCAN,Ceravolo,sudden_trace_noise10_1000_OIR,800,240.0,[],[499],,,00:00:00,0.22784890000002633,0.00022784890000002633
Zheng DBSCAN,Ceravolo,sudden_trace_noise10_1000_OIR,800,320.0,[],[499],,,00:00:00,0.22784890000002633,0.00022784890000002633
Zheng DBSCAN,Ceravolo,sudden_trace_noise10_1000_OIR,800,400.0,[],[499],,,00:00:00,0.22784890000002633,0.00022784890000002633
Zheng DBSCAN,Ostovar,Composite_IOR_output_IOR,400,40.0,"[np.float64(938.7692307692307), np.float64(1939.3846153846155)]","[999, 1999]",1.0,59.923076923076906,00:00:04,4.265935900000045,0.0014224527842614356
Zheng DBSCAN,Ostovar,Composite_IOR_output_IOR,400,80.0,"[np.float64(938.7692307692307), np.float64(1939.3846153846155)]","[999, 1999]",1.0,59.923076923076906,00:00:04,4.265935900000045,0.0014224527842614356
Zheng DBSCAN,Ostovar,Composite_IOR_output_IOR,400,120.0,"[np.float64(938.7692307692307), np.float64(1939.3846153846155)]","[999, 1999]",1.0,59.923076923076906,00:00:04,4.265935900000045,0.0014224527842614356
Zheng DBSCAN,Ostovar,Composite_IOR_output_IOR,400,160.0,"[np.float64(938.7692307692307), np.float64(1939.3846153846155)]","[999, 1999]",1.0,59.923076923076906,00:00:04,4.265935900000045,0.0014224527842614356
Zheng DBSCAN,Ostovar,Composite_IOR_output_IOR,400,200.0,"[np.float64(938.7692307692307), np.float64(1939.3846153846155)]","[999, 1999]",1.0,59.923076923076906,00:00:04,4.265935900000045,0.0014224527842614356
Zheng DBSCAN,Ostovar,Composite_ROI_output_ROI,300,30.0,"[np.float64(940.25), np.float64(1936.6923076923076)]","[999, 1999]",1.0,60.52884615384619,00:00:05,5.670310499999914,0.0018907337445814986
Zheng DBSCAN,Ostovar,Composite_ROI_output_ROI,300,60.0,"[np.float64(940.25), np.float64(1936.6923076923076)]","[999, 1999]",1.0,60.52884615384619,00:00:05,5.670310499999914,0.0018907337445814986
Zheng DBSCAN,Ostovar,Composite_ROI_output_ROI,300,90.0,"[np.float64(940.25), np.float64(1936.6923076923076)]","[999, 1999]",1.0,60.52884615384619,00:00:05,5.670310499999914,0.0018907337445814986
Zheng DBSCAN,Ostovar,Composite_ROI_output_ROI,300,120.0,"[np.float64(940.25), np.float64(1936.6923076923076)]","[999, 1999]",1.0,60.52884615384619,00:00:05,5.670310499999914,0.0018907337445814986
Zheng DBSCAN,Ostovar,Composite_ROI_output_ROI,300,150.0,"[np.float64(940.25), np.float64(1936.6923076923076)]","[999, 1999]",1.0,60.52884615384619,00:00:05,5.670310499999914,0.0018907337445814986
Zheng DBSCAN,Ceravolo,sudden_trace_noise5_1000_lp,800,80.0,[],[499],,,00:00:00,0.2185705000000553,0.0002185705000000553
Zheng DBSCAN,Ceravolo,sudden_trace_noise5_1000_lp,800,160.0,[],[499],,,00:00:00,0.2185705000000553,0.0002185705000000553
Zheng DBSCAN,Ceravolo,sudden_trace_noise5_1000_lp,800,240.0,[],[499],,,00:00:00,0.2185705000000553,0.0002185705000000553
Zheng DBSCAN,Ceravolo,sudden_trace_noise5_1000_lp,800,320.0,[],[499],,,00:00:00,0.2185705000000553,0.0002185705000000553
Zheng DBSCAN,Ceravolo,sudden_trace_noise5_1000_lp,800,400.0,[],[499],,,00:00:00,0.2185705000000553,0.0002185705000000553
Zheng DBSCAN,Ostovar,Composite_ORI_output_ORI_5,400,40.0,[np.float64(1516.9032602886157)],"[999, 1999]",,,00:00:07,7.092212899999936,0.00236485925308434
Zheng DBSCAN,Ostovar,Composite_ORI_output_ORI_5,400,80.0,[np.float64(1516.9032602886157)],"[999, 1999]",,,00:00:07,7.092212899999936,0.00236485925308434
Zheng DBSCAN,Ostovar,Composite_ORI_output_ORI_5,400,120.0,[np.float64(1516.9032602886157)],"[999, 1999]",,,00:00:07,7.092212899999936,0.00236485925308434
Zheng DBSCAN,Ostovar,Composite_ORI_output_ORI_5,400,160.0,[np.float64(1516.9032602886157)],"[999, 1999]",,,00:00:07,7.092212899999936,0.00236485925308434
Zheng DBSCAN,Ostovar,Composite_ORI_output_ORI_5,400,200.0,[np.float64(1516.9032602886157)],"[999, 1999]",,,00:00:07,7.092212899999936,0.00236485925308434
Zheng DBSCAN,Ceravolo,sudden_trace_noise0_1000_cd,400,40.0,[],[499],,,00:00:00,0.20435799999995652,0.00020435799999995652
Zheng DBSCAN,Ceravolo,sudden_trace_noise0_1000_cd,400,80.0,[],[499],,,00:00:00,0.20435799999995652,0.00020435799999995652
Zheng DBSCAN,Ceravolo,sudden_trace_noise0_1000_cd,400,120.0,[],[499],,,00:00:00,0.20435799999995652,0.00020435799999995652
Zheng DBSCAN,Ceravolo,sudden_trace_noise0_1000_cd,400,160.0,[],[499],,,00:00:00,0.20435799999995652,0.00020435799999995652
Zheng DBSCAN,Ceravolo,sudden_trace_noise0_1000_cd,400,200.0,[],[499],,,00:00:00,0.20435799999995652,0.00020435799999995652
Zheng DBSCAN,Ostovar,Atomic_Substitute_output_Substitute,300,30.0,"[np.float64(928.375), np.float64(1937.7142857142858)]","[999, 1999]",1.0,65.95535714285711,00:00:05,5.44356700000003,0.0018151273757919407
Zheng DBSCAN,Ostovar,Atomic_Substitute_output_Substitute,300,60.0,"[np.float64(928.375), np.float64(1937.7142857142858)]","[999, 1999]",1.0,65.95535714285711,00:00:05,5.44356700000003,0.0018151273757919407
Zheng DBSCAN,Ostovar,Atomic_Substitute_output_Substitute,300,90.0,"[np.float64(928.375), np.float64(1937.7142857142858)]","[999, 1999]",1.0,65.95535714285711,00:00:05,5.44356700000003,0.0018151273757919407
Zheng DBSCAN,Ostovar,Atomic_Substitute_output_Substitute,300,120.0,"[np.float64(928.375), np.float64(1937.7142857142858)]","[999, 1999]",1.0,65.95535714285711,00:00:05,5.44356700000003,0.0018151273757919407
Zheng DBSCAN,Ostovar,Atomic_Substitute_output_Substitute,300,150.0,"[np.float64(928.375), np.float64(1937.7142857142858)]","[999, 1999]",1.0,65.95535714285711,00:00:05,5.44356700000003,0.0018151273757919407
Zheng DBSCAN,Ostovar,Atomic_ParallelRemoval_output_ParallelRemoval_2,400,40.0,[np.float64(1503.0618971061094)],"[999, 1999]",,,00:00:05,5.82409830000006,0.001942013437812624
Zheng DBSCAN,Ostovar,Atomic_ParallelRemoval_output_ParallelRemoval_2,400,80.0,[np.float64(1503.0618971061094)],"[999, 1999]",,,00:00:05,5.82409830000006,0.001942013437812624
Zheng DBSCAN,Ostovar,Atomic_ParallelRemoval_output_ParallelRemoval_2,400,120.0,[np.float64(1503.0618971061094)],"[999, 1999]",,,00:00:05,5.82409830000006,0.001942013437812624
Zheng DBSCAN,Ostovar,Atomic_ParallelRemoval_output_ParallelRemoval_2,400,160.0,[np.float64(1503.0618971061094)],"[999, 1999]",,,00:00:05,5.82409830000006,0.001942013437812624
Zheng DBSCAN,Ostovar,Atomic_ParallelRemoval_output_ParallelRemoval_2,400,200.0,[np.float64(1503.0618971061094)],"[999, 1999]",,,00:00:05,5.82409830000006,0.001942013437812624
Zheng DBSCAN,Ceravolo,sudden_trace_noise10_1000_cb,600,60.0,[],[499],,,00:00:00,0.19736760000000686,0.00019736760000000687
Zheng DBSCAN,Ceravolo,sudden_trace_noise10_1000_cb,600,120.0,[],[499],,,00:00:00,0.19736760000000686,0.00019736760000000687
Zheng DBSCAN,Ceravolo,sudden_trace_noise10_1000_cb,600,180.0,[],[499],,,00:00:00,0.19736760000000686,0.00019736760000000687
Zheng DBSCAN,Ceravolo,sudden_trace_noise10_1000_cb,600,240.0,[],[499],,,00:00:00,0.19736760000000686,0.00019736760000000687
Zheng DBSCAN,Ceravolo,sudden_trace_noise10_1000_cb,600,300.0,[],[499],,,00:00:00,0.19736760000000686,0.00019736760000000687
Zheng DBSCAN,Ostovar,Atomic_Skip_output_Skip_2,400,40.0,[np.float64(1503.9476479514415)],"[999, 1999]",,,00:00:05,5.960572700000057,0.001987520073357805
Zheng DBSCAN,Ostovar,Atomic_Skip_output_Skip_2,400,80.0,[np.float64(1503.9476479514415)],"[999, 1999]",,,00:00:05,5.960572700000057,0.001987520073357805
Zheng DBSCAN,Ostovar,Atomic_Skip_output_Skip_2,400,120.0,[np.float64(1503.9476479514415)],"[999, 1999]",,,00:00:05,5.960572700000057,0.001987520073357805
Zheng DBSCAN,Ostovar,Atomic_Skip_output_Skip_2,400,160.0,[np.float64(1503.9476479514415)],"[999, 1999]",,,00:00:05,5.960572700000057,0.001987520073357805
Zheng DBSCAN,Ostovar,Atomic_Skip_output_Skip_2,400,200.0,[np.float64(1503.9476479514415)],"[999, 1999]",,,00:00:05,5.960572700000057,0.001987520073357805
Zheng DBSCAN,Ceravolo,sudden_trace_noise20_1000_RIO,700,70.0,[],[499],,,00:00:00,0.18994770000006156,0.00018994770000006157
Zheng DBSCAN,Ceravolo,sudden_trace_noise20_1000_RIO,700,140.0,[],[499],,,00:00:00,0.18994770000006156,0.00018994770000006157
Zheng DBSCAN,Ceravolo,sudden_trace_noise20_1000_RIO,700,210.0,[],[499],,,00:00:00,0.18994770000006156,0.00018994770000006157
Zheng DBSCAN,Ceravolo,sudden_trace_noise20_1000_RIO,700,280.0,[],[499],,,00:00:00,0.18994770000006156,0.00018994770000006157
Zheng DBSCAN,Ceravolo,sudden_trace_noise20_1000_RIO,700,350.0,[],[499],,,00:00:00,0.18994770000006156,0.00018994770000006157
Zheng DBSCAN,Ostovar,Atomic_Substitute_output_Substitute_2,800,80.0,[np.float64(1516.3107177974434)],"[999, 1999]",,,00:00:06,6.611832899999968,0.0022046791930643438
Zheng DBSCAN,Ostovar,Atomic_Substitute_output_Substitute_2,800,160.0,[np.float64(1516.3107177974434)],"[999, 1999]",,,00:00:06,6.611832899999968,0.0022046791930643438
Zheng DBSCAN,Ostovar,Atomic_Substitute_output_Substitute_2,800,240.0,[np.float64(1516.3107177974434)],"[999, 1999]",,,00:00:06,6.611832899999968,0.0022046791930643438
Zheng DBSCAN,Ostovar,Atomic_Substitute_output_Substitute_2,800,320.0,[np.float64(1516.3107177974434)],"[999, 1999]",,,00:00:06,6.611832899999968,0.0022046791930643438
Zheng DBSCAN,Ostovar,Atomic_Substitute_output_Substitute_2,800,400.0,[np.float64(1516.3107177974434)],"[999, 1999]",,,00:00:06,6.611832899999968,0.0022046791930643438
Zheng DBSCAN,Ceravolo,sudden_trace_noise0_1000_cd,300,30.0,[],[499],,,00:00:00,0.19215489999999136,0.00019215489999999135
Zheng DBSCAN,Ceravolo,sudden_trace_noise0_1000_cd,300,60.0,[],[499],,,00:00:00,0.19215489999999136,0.00019215489999999135
Zheng DBSCAN,Ceravolo,sudden_trace_noise0_1000_cd,300,90.0,[],[499],,,00:00:00,0.19215489999999136,0.00019215489999999135
Zheng DBSCAN,Ceravolo,sudden_trace_noise0_1000_cd,300,120.0,[],[499],,,00:00:00,0.19215489999999136,0.00019215489999999135
Zheng DBSCAN,Ceravolo,sudden_trace_noise0_1000_cd,300,150.0,[],[499],,,00:00:00,0.19215489999999136,0.00019215489999999135
Zheng DBSCAN,Ceravolo,sudden_trace_noise10_1000_lp,300,30.0,[np.float64(448.0)],[499],1.0,51.0,00:00:00,0.2110802000000831,0.00021108020000008308
Zheng DBSCAN,Ceravolo,sudden_trace_noise10_1000_lp,300,60.0,[np.float64(448.0)],[499],1.0,51.0,00:00:00,0.2110802000000831,0.00021108020000008308
Zheng DBSCAN,Ceravolo,sudden_trace_noise10_1000_lp,300,90.0,[np.float64(448.0)],[499],1.0,51.0,00:00:00,0.2110802000000831,0.00021108020000008308
Zheng DBSCAN,Ceravolo,sudden_trace_noise10_1000_lp,300,120.0,[np.float64(448.0)],[499],1.0,51.0,00:00:00,0.2110802000000831,0.00021108020000008308
Zheng DBSCAN,Ceravolo,sudden_trace_noise10_1000_lp,300,150.0,[np.float64(448.0)],[499],1.0,51.0,00:00:00,0.2110802000000831,0.00021108020000008308
Zheng DBSCAN,Ceravolo,sudden_trace_noise20_1000_cb,400,40.0,[np.float64(451.0)],[499],1.0,48.0,00:00:00,0.18400289999999586,0.00018400289999999587
Zheng DBSCAN,Ceravolo,sudden_trace_noise20_1000_cb,400,80.0,[np.float64(451.0)],[499],1.0,48.0,00:00:00,0.18400289999999586,0.00018400289999999587
Zheng DBSCAN,Ceravolo,sudden_trace_noise20_1000_cb,400,120.0,[np.float64(451.0)],[499],1.0,48.0,00:00:00,0.18400289999999586,0.00018400289999999587
Zheng DBSCAN,Ceravolo,sudden_trace_noise20_1000_cb,400,160.0,[np.float64(451.0)],[499],1.0,48.0,00:00:00,0.18400289999999586,0.00018400289999999587
Zheng DBSCAN,Ceravolo,sudden_trace_noise20_1000_cb,400,200.0,[np.float64(451.0)],[499],1.0,48.0,00:00:00,0.18400289999999586,0.00018400289999999587
Zheng DBSCAN,Ceravolo,sudden_trace_noise0_1000_rp,300,30.0,[np.float64(449.0)],[499],1.0,50.0,00:00:00,0.24978070000008756,0.0002497807000000876
Zheng DBSCAN,Ceravolo,sudden_trace_noise0_1000_rp,300,60.0,[np.float64(449.0)],[499],1.0,50.0,00:00:00,0.24978070000008756,0.0002497807000000876
Zheng DBSCAN,Ceravolo,sudden_trace_noise0_1000_rp,300,90.0,[np.float64(449.0)],[499],1.0,50.0,00:00:00,0.24978070000008756,0.0002497807000000876
Zheng DBSCAN,Ceravolo,sudden_trace_noise0_1000_rp,300,120.0,[np.float64(449.0)],[499],1.0,50.0,00:00:00,0.24978070000008756,0.0002497807000000876
Zheng DBSCAN,Ceravolo,sudden_trace_noise0_1000_rp,300,150.0,[np.float64(449.0)],[499],1.0,50.0,00:00:00,0.24978070000008756,0.0002497807000000876
Zheng DBSCAN,Ostovar,Atomic_ParallelRemoval_output_ParallelRemoval_2,800,80.0,[np.float64(1496.56050955414)],"[999, 1999]",,,00:00:05,5.771240999999918,0.001924388462820913
Zheng DBSCAN,Ostovar,Atomic_ParallelRemoval_output_ParallelRemoval_2,800,160.0,[np.float64(1496.56050955414)],"[999, 1999]",,,00:00:05,5.771240999999918,0.001924388462820913
Zheng DBSCAN,Ostovar,Atomic_ParallelRemoval_output_ParallelRemoval_2,800,240.0,[np.float64(1496.56050955414)],"[999, 1999]",,,00:00:05,5.771240999999918,0.001924388462820913
Zheng DBSCAN,Ostovar,Atomic_ParallelRemoval_output_ParallelRemoval_2,800,320.0,[np.float64(1496.56050955414)],"[999, 1999]",,,00:00:05,5.771240999999918,0.001924388462820913
Zheng DBSCAN,Ostovar,Atomic_ParallelRemoval_output_ParallelRemoval_2,800,400.0,[np.float64(1496.56050955414)],"[999, 1999]",,,00:00:05,5.771240999999918,0.001924388462820913
Zheng DBSCAN,Ceravolo,sudden_trace_noise5_1000_RIO,600,60.0,[],[499],,,00:00:00,0.1938539000000219,0.0001938539000000219
Zheng DBSCAN,Ceravolo,sudden_trace_noise5_1000_RIO,600,120.0,[],[499],,,00:00:00,0.1938539000000219,0.0001938539000000219
Zheng DBSCAN,Ceravolo,sudden_trace_noise5_1000_RIO,600,180.0,[],[499],,,00:00:00,0.1938539000000219,0.0001938539000000219
Zheng DBSCAN,Ceravolo,sudden_trace_noise5_1000_RIO,600,240.0,[],[499],,,00:00:00,0.1938539000000219,0.0001938539000000219
Zheng DBSCAN,Ceravolo,sudden_trace_noise5_1000_RIO,600,300.0,[],[499],,,00:00:00,0.1938539000000219,0.0001938539000000219
Zheng DBSCAN,Ostovar,Atomic_Swap_output_Swap_5,500,50.0,[np.float64(1490.8227040816328)],"[999, 1999]",,,00:00:05,5.735816200000045,0.0019125762587529325
Zheng DBSCAN,Ostovar,Atomic_Swap_output_Swap_5,500,100.0,[np.float64(1490.8227040816328)],"[999, 1999]",,,00:00:05,5.735816200000045,0.0019125762587529325
Zheng DBSCAN,Ostovar,Atomic_Swap_output_Swap_5,500,150.0,[np.float64(1490.8227040816328)],"[999, 1999]",,,00:00:05,5.735816200000045,0.0019125762587529325
Zheng DBSCAN,Ostovar,Atomic_Swap_output_Swap_5,500,200.0,[np.float64(1490.8227040816328)],"[999, 1999]",,,00:00:05,5.735816200000045,0.0019125762587529325
Zheng DBSCAN,Ostovar,Atomic_Swap_output_Swap_5,500,250.0,[np.float64(1490.8227040816328)],"[999, 1999]",,,00:00:05,5.735816200000045,0.0019125762587529325
Zheng DBSCAN,Ceravolo,sudden_trace_noise20_1000_IRO,700,70.0,[],[499],,,00:00:00,0.23967260000006263,0.00023967260000006262
Zheng DBSCAN,Ceravolo,sudden_trace_noise20_1000_IRO,700,140.0,[],[499],,,00:00:00,0.23967260000006263,0.00023967260000006262
Zheng DBSCAN,Ceravolo,sudden_trace_noise20_1000_IRO,700,210.0,[],[499],,,00:00:00,0.23967260000006263,0.00023967260000006262
Zheng DBSCAN,Ceravolo,sudden_trace_noise20_1000_IRO,700,280.0,[],[499],,,00:00:00,0.23967260000006263,0.00023967260000006262
Zheng DBSCAN,Ceravolo,sudden_trace_noise20_1000_IRO,700,350.0,[],[499],,,00:00:00,0.23967260000006263,0.00023967260000006262
Zheng DBSCAN,Ostovar,Atomic_SerialMove_output_SerialMove_5,300,30.0,[np.float64(1508.4524324324325)],"[999, 1999]",,,00:00:06,6.733319499999993,0.002245188229409801
Zheng DBSCAN,Ostovar,Atomic_SerialMove_output_SerialMove_5,300,60.0,[np.float64(1508.4524324324325)],"[999, 1999]",,,00:00:06,6.733319499999993,0.002245188229409801
Zheng DBSCAN,Ostovar,Atomic_SerialMove_output_SerialMove_5,300,90.0,[np.float64(1508.4524324324325)],"[999, 1999]",,,00:00:06,6.733319499999993,0.002245188229409801
Zheng DBSCAN,Ostovar,Atomic_SerialMove_output_SerialMove_5,300,120.0,[np.float64(1508.4524324324325)],"[999, 1999]",,,00:00:06,6.733319499999993,0.002245188229409801
Zheng DBSCAN,Ostovar,Atomic_SerialMove_output_SerialMove_5,300,150.0,[np.float64(1508.4524324324325)],"[999, 1999]",,,00:00:06,6.733319499999993,0.002245188229409801
Zheng DBSCAN,Ceravolo,sudden_trace_noise15_1000_rp,600,60.0,[],[499],,,00:00:00,0.21616160000007767,0.00021616160000007768
Zheng DBSCAN,Ceravolo,sudden_trace_noise15_1000_rp,600,120.0,[],[499],,,00:00:00,0.21616160000007767,0.00021616160000007768
Zheng DBSCAN,Ceravolo,sudden_trace_noise15_1000_rp,600,180.0,[],[499],,,00:00:00,0.21616160000007767,0.00021616160000007768
Zheng DBSCAN,Ceravolo,sudden_trace_noise15_1000_rp,600,240.0,[],[499],,,00:00:00,0.21616160000007767,0.00021616160000007768
Zheng DBSCAN,Ceravolo,sudden_trace_noise15_1000_rp,600,300.0,[],[499],,,00:00:00,0.21616160000007767,0.00021616160000007768
Zheng DBSCAN,Ceravolo,sudden_trace_noise0_1000_pl,700,70.0,[],[499],,,00:00:00,0.21109200000000783,0.00021109200000000782
Zheng DBSCAN,Ceravolo,sudden_trace_noise0_1000_pl,700,140.0,[],[499],,,00:00:00,0.21109200000000783,0.00021109200000000782
Zheng DBSCAN,Ceravolo,sudden_trace_noise0_1000_pl,700,210.0,[],[499],,,00:00:00,0.21109200000000783,0.00021109200000000782
Zheng DBSCAN,Ceravolo,sudden_trace_noise0_1000_pl,700,280.0,[],[499],,,00:00:00,0.21109200000000783,0.00021109200000000782
Zheng DBSCAN,Ceravolo,sudden_trace_noise0_1000_pl,700,350.0,[],[499],,,00:00:00,0.21109200000000783,0.00021109200000000782
Zheng DBSCAN,Ostovar,Composite_IRO_output_IRO,700,70.0,"[np.float64(948.0666666666667), np.float64(1943.5714285714287)]","[999, 1999]",1.0,53.180952380952306,00:00:05,5.817547099999956,0.0019398289763254272
Zheng DBSCAN,Ostovar,Composite_IRO_output_IRO,700,140.0,"[np.float64(948.0666666666667), np.float64(1943.5714285714287)]","[999, 1999]",1.0,53.180952380952306,00:00:05,5.817547099999956,0.0019398289763254272
Zheng DBSCAN,Ostovar,Composite_IRO_output_IRO,700,210.0,"[np.float64(948.0666666666667), np.float64(1943.5714285714287)]","[999, 1999]",1.0,53.180952380952306,00:00:05,5.817547099999956,0.0019398289763254272
Zheng DBSCAN,Ostovar,Composite_IRO_output_IRO,700,280.0,"[np.float64(948.0666666666667), np.float64(1943.5714285714287)]","[999, 1999]",1.0,53.180952380952306,00:00:05,5.817547099999956,0.0019398289763254272
Zheng DBSCAN,Ostovar,Composite_IRO_output_IRO,700,350.0,"[np.float64(948.0666666666667), np.float64(1943.5714285714287)]","[999, 1999]",1.0,53.180952380952306,00:00:05,5.817547099999956,0.0019398289763254272
Zheng DBSCAN,Ostovar,Atomic_ParallelToSequence_output_ParallelToSequence_2,400,40.0,[np.float64(1522.1122994652405)],"[999, 1999]",,,00:00:06,6.466819900000019,0.0021563254084694962
Zheng DBSCAN,Ostovar,Atomic_ParallelToSequence_output_ParallelToSequence_2,400,80.0,[np.float64(1522.1122994652405)],"[999, 1999]",,,00:00:06,6.466819900000019,0.0021563254084694962
Zheng DBSCAN,Ostovar,Atomic_ParallelToSequence_output_ParallelToSequence_2,400,120.0,[np.float64(1522.1122994652405)],"[999, 1999]",,,00:00:06,6.466819900000019,0.0021563254084694962
Zheng DBSCAN,Ostovar,Atomic_ParallelToSequence_output_ParallelToSequence_2,400,160.0,[np.float64(1522.1122994652405)],"[999, 1999]",,,00:00:06,6.466819900000019,0.0021563254084694962
Zheng DBSCAN,Ostovar,Atomic_ParallelToSequence_output_ParallelToSequence_2,400,200.0,[np.float64(1522.1122994652405)],"[999, 1999]",,,00:00:06,6.466819900000019,0.0021563254084694962
Zheng DBSCAN,Ostovar,Nested_IRO_output_IRO_2,700,70.0,[np.float64(1491.9769618430525)],"[999, 1999]",,,00:00:08,8.614503499999955,0.0028724586528842797
Zheng DBSCAN,Ostovar,Nested_IRO_output_IRO_2,700,140.0,[np.float64(1491.9769618430525)],"[999, 1999]",,,00:00:08,8.614503499999955,0.0028724586528842797
Zheng DBSCAN,Ostovar,Nested_IRO_output_IRO_2,700,210.0,[np.float64(1491.9769618430525)],"[999, 1999]",,,00:00:08,8.614503499999955,0.0028724586528842797
Zheng DBSCAN,Ostovar,Nested_IRO_output_IRO_2,700,280.0,[np.float64(1491.9769618430525)],"[999, 1999]",,,00:00:08,8.614503499999955,0.0028724586528842797
Zheng DBSCAN,Ostovar,Nested_IRO_output_IRO_2,700,350.0,[np.float64(1491.9769618430525)],"[999, 1999]",,,00:00:08,8.614503499999955,0.0028724586528842797
Zheng DBSCAN,Ceravolo,sudden_trace_noise0_1000_sw,700,70.0,[],[499],,,00:00:00,0.2017934000000423,0.0002017934000000423
Zheng DBSCAN,Ceravolo,sudden_trace_noise0_1000_sw,700,140.0,[],[499],,,00:00:00,0.2017934000000423,0.0002017934000000423
Zheng DBSCAN,Ceravolo,sudden_trace_noise0_1000_sw,700,210.0,[],[499],,,00:00:00,0.2017934000000423,0.0002017934000000423
Zheng DBSCAN,Ceravolo,sudden_trace_noise0_1000_sw,700,280.0,[],[499],,,00:00:00,0.2017934000000423,0.0002017934000000423
Zheng DBSCAN,Ceravolo,sudden_trace_noise0_1000_sw,700,350.0,[],[499],,,00:00:00,0.2017934000000423,0.0002017934000000423
Zheng DBSCAN,Ceravolo,sudden_trace_noise0_1000_pm,600,60.0,[],[499],,,00:00:00,0.20006160000002637,0.00020006160000002638
Zheng DBSCAN,Ceravolo,sudden_trace_noise0_1000_pm,600,120.0,[],[499],,,00:00:00,0.20006160000002637,0.00020006160000002638
Zheng DBSCAN,Ceravolo,sudden_trace_noise0_1000_pm,600,180.0,[],[499],,,00:00:00,0.20006160000002637,0.00020006160000002638
Zheng DBSCAN,Ceravolo,sudden_trace_noise0_1000_pm,600,240.0,[],[499],,,00:00:00,0.20006160000002637,0.00020006160000002638
Zheng DBSCAN,Ceravolo,sudden_trace_noise0_1000_pm,600,300.0,[],[499],,,00:00:00,0.20006160000002637,0.00020006160000002638
Zheng DBSCAN,Ceravolo,sudden_trace_noise10_1000_OIR,300,30.0,[np.float64(448.0)],[499],1.0,51.0,00:00:00,0.24518690000002152,0.00024518690000002155
Zheng DBSCAN,Ceravolo,sudden_trace_noise10_1000_OIR,300,60.0,[np.float64(448.0)],[499],1.0,51.0,00:00:00,0.24518690000002152,0.00024518690000002155
Zheng DBSCAN,Ceravolo,sudden_trace_noise10_1000_OIR,300,90.0,[np.float64(448.0)],[499],1.0,51.0,00:00:00,0.24518690000002152,0.00024518690000002155
Zheng DBSCAN,Ceravolo,sudden_trace_noise10_1000_OIR,300,120.0,[np.float64(448.0)],[499],1.0,51.0,00:00:00,0.24518690000002152,0.00024518690000002155
Zheng DBSCAN,Ceravolo,sudden_trace_noise10_1000_OIR,300,150.0,[np.float64(448.0)],[499],1.0,51.0,00:00:00,0.24518690000002152,0.00024518690000002155
Zheng DBSCAN,Ostovar,Nested_ORI_output_ORI,800,80.0,"[np.float64(929.0), np.float64(1934.8)]","[999, 1999]",1.0,67.10000000000002,00:00:06,6.209090700000047,0.0020703870290096856
Zheng DBSCAN,Ostovar,Nested_ORI_output_ORI,800,160.0,"[np.float64(929.0), np.float64(1934.8)]","[999, 1999]",1.0,67.10000000000002,00:00:06,6.209090700000047,0.0020703870290096856
Zheng DBSCAN,Ostovar,Nested_ORI_output_ORI,800,240.0,"[np.float64(929.0), np.float64(1934.8)]","[999, 1999]",1.0,67.10000000000002,00:00:06,6.209090700000047,0.0020703870290096856
Zheng DBSCAN,Ostovar,Nested_ORI_output_ORI,800,320.0,"[np.float64(929.0), np.float64(1934.8)]","[999, 1999]",1.0,67.10000000000002,00:00:06,6.209090700000047,0.0020703870290096856
Zheng DBSCAN,Ostovar,Nested_ORI_output_ORI,800,400.0,"[np.float64(929.0), np.float64(1934.8)]","[999, 1999]",1.0,67.10000000000002,00:00:06,6.209090700000047,0.0020703870290096856
Zheng DBSCAN,Ceravolo,sudden_trace_noise15_1000_IRO,600,60.0,[],[499],,,00:00:00,0.21539769999992586,0.00021539769999992587
Zheng DBSCAN,Ceravolo,sudden_trace_noise15_1000_IRO,600,120.0,[],[499],,,00:00:00,0.21539769999992586,0.00021539769999992587
Zheng DBSCAN,Ceravolo,sudden_trace_noise15_1000_IRO,600,180.0,[],[499],,,00:00:00,0.21539769999992586,0.00021539769999992587
Zheng DBSCAN,Ceravolo,sudden_trace_noise15_1000_IRO,600,240.0,[],[499],,,00:00:00,0.21539769999992586,0.00021539769999992587
Zheng DBSCAN,Ceravolo,sudden_trace_noise15_1000_IRO,600,300.0,[],[499],,,00:00:00,0.21539769999992586,0.00021539769999992587
Zheng DBSCAN,Ostovar,Atomic_ConditionalToSequence_output_ConditionalToSequence_2,500,50.0,[np.float64(1496.2422310756972)],"[999, 1999]",,,00:00:06,6.367712399999959,0.0021232785595198264
Zheng DBSCAN,Ostovar,Atomic_ConditionalToSequence_output_ConditionalToSequence_2,500,100.0,[np.float64(1496.2422310756972)],"[999, 1999]",,,00:00:06,6.367712399999959,0.0021232785595198264
Zheng DBSCAN,Ostovar,Atomic_ConditionalToSequence_output_ConditionalToSequence_2,500,150.0,[np.float64(1496.2422310756972)],"[999, 1999]",,,00:00:06,6.367712399999959,0.0021232785595198264
Zheng DBSCAN,Ostovar,Atomic_ConditionalToSequence_output_ConditionalToSequence_2,500,200.0,[np.float64(1496.2422310756972)],"[999, 1999]",,,00:00:06,6.367712399999959,0.0021232785595198264
Zheng DBSCAN,Ostovar,Atomic_ConditionalToSequence_output_ConditionalToSequence_2,500,250.0,[np.float64(1496.2422310756972)],"[999, 1999]",,,00:00:06,6.367712399999959,0.0021232785595198264
Zheng DBSCAN,Ceravolo,sudden_trace_noise5_1000_sw,800,80.0,[],[499],,,00:00:00,0.18724079999992682,0.00018724079999992682
Zheng DBSCAN,Ceravolo,sudden_trace_noise5_1000_sw,800,160.0,[],[499],,,00:00:00,0.18724079999992682,0.00018724079999992682
Zheng DBSCAN,Ceravolo,sudden_trace_noise5_1000_sw,800,240.0,[],[499],,,00:00:00,0.18724079999992682,0.00018724079999992682
Zheng DBSCAN,Ceravolo,sudden_trace_noise5_1000_sw,800,320.0,[],[499],,,00:00:00,0.18724079999992682,0.00018724079999992682
Zheng DBSCAN,Ceravolo,sudden_trace_noise5_1000_sw,800,400.0,[],[499],,,00:00:00,0.18724079999992682,0.00018724079999992682
Zheng DBSCAN,Ceravolo,sudden_trace_noise0_1000_pl,600,60.0,[],[499],,,00:00:00,0.19615490000001046,0.00019615490000001045
Zheng DBSCAN,Ceravolo,sudden_trace_noise0_1000_pl,600,120.0,[],[499],,,00:00:00,0.19615490000001046,0.00019615490000001045
Zheng DBSCAN,Ceravolo,sudden_trace_noise0_1000_pl,600,180.0,[],[499],,,00:00:00,0.19615490000001046,0.00019615490000001045
Zheng DBSCAN,Ceravolo,sudden_trace_noise0_1000_pl,600,240.0,[],[499],,,00:00:00,0.19615490000001046,0.00019615490000001045
Zheng DBSCAN,Ceravolo,sudden_trace_noise0_1000_pl,600,300.0,[],[499],,,00:00:00,0.19615490000001046,0.00019615490000001045
Zheng DBSCAN,Ostovar,Composite_IRO_output_IRO_5,300,30.0,[np.float64(1495.9391113549095)],"[999, 1999]",,,00:00:07,7.067272899999921,0.002356543147715879
Zheng DBSCAN,Ostovar,Composite_IRO_output_IRO_5,300,60.0,[np.float64(1495.9391113549095)],"[999, 1999]",,,00:00:07,7.067272899999921,0.002356543147715879
Zheng DBSCAN,Ostovar,Composite_IRO_output_IRO_5,300,90.0,[np.float64(1495.9391113549095)],"[999, 1999]",,,00:00:07,7.067272899999921,0.002356543147715879
Zheng DBSCAN,Ostovar,Composite_IRO_output_IRO_5,300,120.0,[np.float64(1495.9391113549095)],"[999, 1999]",,,00:00:07,7.067272899999921,0.002356543147715879
Zheng DBSCAN,Ostovar,Composite_IRO_output_IRO_5,300,150.0,[np.float64(1495.9391113549095)],"[999, 1999]",,,00:00:07,7.067272899999921,0.002356543147715879
Zheng DBSCAN,Ostovar,Composite_IOR_output_IOR,300,30.0,"[np.float64(938.7692307692307), np.float64(1939.3846153846155)]","[999, 1999]",1.0,59.923076923076906,00:00:04,4.115037400000006,0.0013721365121707255
Zheng DBSCAN,Ostovar,Composite_IOR_output_IOR,300,60.0,"[np.float64(938.7692307692307), np.float64(1939.3846153846155)]","[999, 1999]",1.0,59.923076923076906,00:00:04,4.115037400000006,0.0013721365121707255
Zheng DBSCAN,Ostovar,Composite_IOR_output_IOR,300,90.0,"[np.float64(938.7692307692307), np.float64(1939.3846153846155)]","[999, 1999]",1.0,59.923076923076906,00:00:04,4.115037400000006,0.0013721365121707255
Zheng DBSCAN,Ostovar,Composite_IOR_output_IOR,300,120.0,"[np.float64(938.7692307692307), np.float64(1939.3846153846155)]","[999, 1999]",1.0,59.923076923076906,00:00:04,4.115037400000006,0.0013721365121707255
Zheng DBSCAN,Ostovar,Composite_IOR_output_IOR,300,150.0,"[np.float64(938.7692307692307), np.float64(1939.3846153846155)]","[999, 1999]",1.0,59.923076923076906,00:00:04,4.115037400000006,0.0013721365121707255
Zheng DBSCAN,Ostovar,Atomic_Frequency_output_Frequency,500,50.0,[],"[999, 1999]",,,00:00:02,2.421927299999993,0.0008075782927642524
Zheng DBSCAN,Ostovar,Atomic_Frequency_output_Frequency,500,100.0,[],"[999, 1999]",,,00:00:02,2.421927299999993,0.0008075782927642524
Zheng DBSCAN,Ostovar,Atomic_Frequency_output_Frequency,500,150.0,[],"[999, 1999]",,,00:00:02,2.421927299999993,0.0008075782927642524
Zheng DBSCAN,Ostovar,Atomic_Frequency_output_Frequency,500,200.0,[],"[999, 1999]",,,00:00:02,2.421927299999993,0.0008075782927642524
Zheng DBSCAN,Ostovar,Atomic_Frequency_output_Frequency,500,250.0,[],"[999, 1999]",,,00:00:02,2.421927299999993,0.0008075782927642524
Zheng DBSCAN,Ceravolo,sudden_trace_noise5_1000_lp,500,50.0,[],[499],,,00:00:00,0.16539720000002944,0.00016539720000002944
Zheng DBSCAN,Ceravolo,sudden_trace_noise5_1000_lp,500,100.0,[],[499],,,00:00:00,0.16539720000002944,0.00016539720000002944
Zheng DBSCAN,Ceravolo,sudden_trace_noise5_1000_lp,500,150.0,[],[499],,,00:00:00,0.16539720000002944,0.00016539720000002944
Zheng DBSCAN,Ceravolo,sudden_trace_noise5_1000_lp,500,200.0,[],[499],,,00:00:00,0.16539720000002944,0.00016539720000002944
Zheng DBSCAN,Ceravolo,sudden_trace_noise5_1000_lp,500,250.0,[],[499],,,00:00:00,0.16539720000002944,0.00016539720000002944
Zheng DBSCAN,Ceravolo,sudden_trace_noise0_1000_ROI,500,50.0,[],[499],,,00:00:00,0.21557909999989988,0.00021557909999989988
Zheng DBSCAN,Ceravolo,sudden_trace_noise0_1000_ROI,500,100.0,[],[499],,,00:00:00,0.21557909999989988,0.00021557909999989988
Zheng DBSCAN,Ceravolo,sudden_trace_noise0_1000_ROI,500,150.0,[],[499],,,00:00:00,0.21557909999989988,0.00021557909999989988
Zheng DBSCAN,Ceravolo,sudden_trace_noise0_1000_ROI,500,200.0,[],[499],,,00:00:00,0.21557909999989988,0.00021557909999989988
Zheng DBSCAN,Ceravolo,sudden_trace_noise0_1000_ROI,500,250.0,[],[499],,,00:00:00,0.21557909999989988,0.00021557909999989988
Zheng DBSCAN,Ceravolo,sudden_trace_noise5_1000_RIO,800,80.0,[],[499],,,00:00:00,0.18911130000003595,0.00018911130000003596
Zheng DBSCAN,Ceravolo,sudden_trace_noise5_1000_RIO,800,160.0,[],[499],,,00:00:00,0.18911130000003595,0.00018911130000003596
Zheng DBSCAN,Ceravolo,sudden_trace_noise5_1000_RIO,800,240.0,[],[499],,,00:00:00,0.18911130000003595,0.00018911130000003596
Zheng DBSCAN,Ceravolo,sudden_trace_noise5_1000_RIO,800,320.0,[],[499],,,00:00:00,0.18911130000003595,0.00018911130000003596
Zheng DBSCAN,Ceravolo,sudden_trace_noise5_1000_RIO,800,400.0,[],[499],,,00:00:00,0.18911130000003595,0.00018911130000003596
Zheng DBSCAN,Ceravolo,sudden_trace_noise10_1000_pm,800,80.0,[],[499],,,00:00:00,0.19575490000011087,0.00019575490000011086
Zheng DBSCAN,Ceravolo,sudden_trace_noise10_1000_pm,800,160.0,[],[499],,,00:00:00,0.19575490000011087,0.00019575490000011086
Zheng DBSCAN,Ceravolo,sudden_trace_noise10_1000_pm,800,240.0,[],[499],,,00:00:00,0.19575490000011087,0.00019575490000011086
Zheng DBSCAN,Ceravolo,sudden_trace_noise10_1000_pm,800,320.0,[],[499],,,00:00:00,0.19575490000011087,0.00019575490000011086
Zheng DBSCAN,Ceravolo,sudden_trace_noise10_1000_pm,800,400.0,[],[499],,,00:00:00,0.19575490000011087,0.00019575490000011086
Zheng DBSCAN,Ceravolo,sudden_trace_noise15_1000_re,300,30.0,[np.float64(447.5)],[499],1.0,51.5,00:00:00,0.22161260000007132,0.00022161260000007132
Zheng DBSCAN,Ceravolo,sudden_trace_noise15_1000_re,300,60.0,[np.float64(447.5)],[499],1.0,51.5,00:00:00,0.22161260000007132,0.00022161260000007132
Zheng DBSCAN,Ceravolo,sudden_trace_noise15_1000_re,300,90.0,[np.float64(447.5)],[499],1.0,51.5,00:00:00,0.22161260000007132,0.00022161260000007132
Zheng DBSCAN,Ceravolo,sudden_trace_noise15_1000_re,300,120.0,[np.float64(447.5)],[499],1.0,51.5,00:00:00,0.22161260000007132,0.00022161260000007132
Zheng DBSCAN,Ceravolo,sudden_trace_noise15_1000_re,300,150.0,[np.float64(447.5)],[499],1.0,51.5,00:00:00,0.22161260000007132,0.00022161260000007132
Zheng DBSCAN,Ostovar,Atomic_SerialMove_output_SerialMove,700,70.0,"[np.float64(933.5), np.float64(1939.375)]","[999, 1999]",1.0,62.5625,00:00:05,5.555004900000085,0.0018522857285762206
Zheng DBSCAN,Ostovar,Atomic_SerialMove_output_SerialMove,700,140.0,"[np.float64(933.5), np.float64(1939.375)]","[999, 1999]",1.0,62.5625,00:00:05,5.555004900000085,0.0018522857285762206
Zheng DBSCAN,Ostovar,Atomic_SerialMove_output_SerialMove,700,210.0,"[np.float64(933.5), np.float64(1939.375)]","[999, 1999]",1.0,62.5625,00:00:05,5.555004900000085,0.0018522857285762206
Zheng DBSCAN,Ostovar,Atomic_SerialMove_output_SerialMove,700,280.0,"[np.float64(933.5), np.float64(1939.375)]","[999, 1999]",1.0,62.5625,00:00:05,5.555004900000085,0.0018522857285762206
Zheng DBSCAN,Ostovar,Atomic_SerialMove_output_SerialMove,700,350.0,"[np.float64(933.5), np.float64(1939.375)]","[999, 1999]",1.0,62.5625,00:00:05,5.555004900000085,0.0018522857285762206
Zheng DBSCAN,Ceravolo,sudden_trace_noise5_1000_ROI,700,70.0,[],[499],,,00:00:00,0.2146368999999595,0.0002146368999999595
Zheng DBSCAN,Ceravolo,sudden_trace_noise5_1000_ROI,700,140.0,[],[499],,,00:00:00,0.2146368999999595,0.0002146368999999595
Zheng DBSCAN,Ceravolo,sudden_trace_noise5_1000_ROI,700,210.0,[],[499],,,00:00:00,0.2146368999999595,0.0002146368999999595
Zheng DBSCAN,Ceravolo,sudden_trace_noise5_1000_ROI,700,280.0,[],[499],,,00:00:00,0.2146368999999595,0.0002146368999999595
Zheng DBSCAN,Ceravolo,sudden_trace_noise5_1000_ROI,700,350.0,[],[499],,,00:00:00,0.2146368999999595,0.0002146368999999595
Zheng DBSCAN,Ostovar,Nested_OIR_output_OIR_5,300,30.0,[np.float64(1493.9983836206898)],"[999, 1999]",,,00:00:07,7.212906999999973,0.002405104034678217
Zheng DBSCAN,Ostovar,Nested_OIR_output_OIR_5,300,60.0,[np.float64(1493.9983836206898)],"[999, 1999]",,,00:00:07,7.212906999999973,0.002405104034678217
Zheng DBSCAN,Ostovar,Nested_OIR_output_OIR_5,300,90.0,[np.float64(1493.9983836206898)],"[999, 1999]",,,00:00:07,7.212906999999973,0.002405104034678217
Zheng DBSCAN,Ostovar,Nested_OIR_output_OIR_5,300,120.0,[np.float64(1493.9983836206898)],"[999, 1999]",,,00:00:07,7.212906999999973,0.002405104034678217
Zheng DBSCAN,Ostovar,Nested_OIR_output_OIR_5,300,150.0,[np.float64(1493.9983836206898)],"[999, 1999]",,,00:00:07,7.212906999999973,0.002405104034678217
Zheng DBSCAN,Ostovar,Nested_IRO_output_IRO_2,800,80.0,[np.float64(1497.0441176470588)],"[999, 1999]",,,00:00:08,8.768668000000048,0.0029238639546515666
Zheng DBSCAN,Ostovar,Nested_IRO_output_IRO_2,800,160.0,[np.float64(1497.0441176470588)],"[999, 1999]",,,00:00:08,8.768668000000048,0.0029238639546515666
Zheng DBSCAN,Ostovar,Nested_IRO_output_IRO_2,800,240.0,[np.float64(1497.0441176470588)],"[999, 1999]",,,00:00:08,8.768668000000048,0.0029238639546515666
Zheng DBSCAN,Ostovar,Nested_IRO_output_IRO_2,800,320.0,[np.float64(1497.0441176470588)],"[999, 1999]",,,00:00:08,8.768668000000048,0.0029238639546515666
Zheng DBSCAN,Ostovar,Nested_IRO_output_IRO_2,800,400.0,[np.float64(1497.0441176470588)],"[999, 1999]",,,00:00:08,8.768668000000048,0.0029238639546515666
Zheng DBSCAN,Ostovar,Composite_RIO_output_RIO_5,400,40.0,[np.float64(1485.0388856645386)],"[999, 1999]",,,00:00:06,6.9888352000000395,0.0023303885295098497
Zheng DBSCAN,Ostovar,Composite_RIO_output_RIO_5,400,80.0,[np.float64(1485.0388856645386)],"[999, 1999]",,,00:00:06,6.9888352000000395,0.0023303885295098497
Zheng DBSCAN,Ostovar,Composite_RIO_output_RIO_5,400,120.0,[np.float64(1485.0388856645386)],"[999, 1999]",,,00:00:06,6.9888352000000395,0.0023303885295098497
Zheng DBSCAN,Ostovar,Composite_RIO_output_RIO_5,400,160.0,[np.float64(1485.0388856645386)],"[999, 1999]",,,00:00:06,6.9888352000000395,0.0023303885295098497
Zheng DBSCAN,Ostovar,Composite_RIO_output_RIO_5,400,200.0,[np.float64(1485.0388856645386)],"[999, 1999]",,,00:00:06,6.9888352000000395,0.0023303885295098497
Zheng DBSCAN,Ceravolo,sudden_trace_noise0_1000_rp,600,60.0,[],[499],,,00:00:00,0.2432393999999931,0.0002432393999999931
Zheng DBSCAN,Ceravolo,sudden_trace_noise0_1000_rp,600,120.0,[],[499],,,00:00:00,0.2432393999999931,0.0002432393999999931
Zheng DBSCAN,Ceravolo,sudden_trace_noise0_1000_rp,600,180.0,[],[499],,,00:00:00,0.2432393999999931,0.0002432393999999931
Zheng DBSCAN,Ceravolo,sudden_trace_noise0_1000_rp,600,240.0,[],[499],,,00:00:00,0.2432393999999931,0.0002432393999999931
Zheng DBSCAN,Ceravolo,sudden_trace_noise0_1000_rp,600,300.0,[],[499],,,00:00:00,0.2432393999999931,0.0002432393999999931
Zheng DBSCAN,Ostovar,Nested_OIR_output_OIR_5,800,80.0,[np.float64(1494.1055389221558)],"[999, 1999]",,,00:00:06,6.98214059999998,0.0023281562520840213
Zheng DBSCAN,Ostovar,Nested_OIR_output_OIR_5,800,160.0,[np.float64(1494.1055389221558)],"[999, 1999]",,,00:00:06,6.98214059999998,0.0023281562520840213
Zheng DBSCAN,Ostovar,Nested_OIR_output_OIR_5,800,240.0,[np.float64(1494.1055389221558)],"[999, 1999]",,,00:00:06,6.98214059999998,0.0023281562520840213
Zheng DBSCAN,Ostovar,Nested_OIR_output_OIR_5,800,320.0,[np.float64(1494.1055389221558)],"[999, 1999]",,,00:00:06,6.98214059999998,0.0023281562520840213
Zheng DBSCAN,Ostovar,Nested_OIR_output_OIR_5,800,400.0,[np.float64(1494.1055389221558)],"[999, 1999]",,,00:00:06,6.98214059999998,0.0023281562520840213
Zheng DBSCAN,Ceravolo,sudden_trace_noise20_1000_cd,600,60.0,[],[499],,,00:00:00,0.19620039999995242,0.00019620039999995243
Zheng DBSCAN,Ceravolo,sudden_trace_noise20_1000_cd,600,120.0,[],[499],,,00:00:00,0.19620039999995242,0.00019620039999995243
Zheng DBSCAN,Ceravolo,sudden_trace_noise20_1000_cd,600,180.0,[],[499],,,00:00:00,0.19620039999995242,0.00019620039999995243
Zheng DBSCAN,Ceravolo,sudden_trace_noise20_1000_cd,600,240.0,[],[499],,,00:00:00,0.19620039999995242,0.00019620039999995243
Zheng DBSCAN,Ceravolo,sudden_trace_noise20_1000_cd,600,300.0,[],[499],,,00:00:00,0.19620039999995242,0.00019620039999995243
Zheng DBSCAN,Ceravolo,sudden_trace_noise15_1000_cp,600,60.0,[],[499],,,00:00:00,0.18714390000002368,0.00018714390000002367
Zheng DBSCAN,Ceravolo,sudden_trace_noise15_1000_cp,600,120.0,[],[499],,,00:00:00,0.18714390000002368,0.00018714390000002367
Zheng DBSCAN,Ceravolo,sudden_trace_noise15_1000_cp,600,180.0,[],[499],,,00:00:00,0.18714390000002368,0.00018714390000002367
Zheng DBSCAN,Ceravolo,sudden_trace_noise15_1000_cp,600,240.0,[],[499],,,00:00:00,0.18714390000002368,0.00018714390000002367
Zheng DBSCAN,Ceravolo,sudden_trace_noise15_1000_cp,600,300.0,[],[499],,,00:00:00,0.18714390000002368,0.00018714390000002367
Zheng DBSCAN,Ostovar,Atomic_ConditionalToSequence_output_ConditionalToSequence,500,50.0,"[np.float64(939.6428571428571), np.float64(1944.357142857143)]","[999, 1999]",1.0,57.0,00:00:05,5.028399700000023,0.0016766921307102443
Zheng DBSCAN,Ostovar,Atomic_ConditionalToSequence_output_ConditionalToSequence,500,100.0,"[np.float64(939.6428571428571), np.float64(1944.357142857143)]","[999, 1999]",1.0,57.0,00:00:05,5.028399700000023,0.0016766921307102443
Zheng DBSCAN,Ostovar,Atomic_ConditionalToSequence_output_ConditionalToSequence,500,150.0,"[np.float64(939.6428571428571), np.float64(1944.357142857143)]","[999, 1999]",1.0,57.0,00:00:05,5.028399700000023,0.0016766921307102443
Zheng DBSCAN,Ostovar,Atomic_ConditionalToSequence_output_ConditionalToSequence,500,200.0,"[np.float64(939.6428571428571), np.float64(1944.357142857143)]","[999, 1999]",1.0,57.0,00:00:05,5.028399700000023,0.0016766921307102443
Zheng DBSCAN,Ostovar,Atomic_ConditionalToSequence_output_ConditionalToSequence,500,250.0,"[np.float64(939.6428571428571), np.float64(1944.357142857143)]","[999, 1999]",1.0,57.0,00:00:05,5.028399700000023,0.0016766921307102443
Zheng DBSCAN,Ceravolo,sudden_trace_noise20_1000_IOR,700,70.0,[],[499],,,00:00:00,0.20629539999993085,0.00020629539999993086
Zheng DBSCAN,Ceravolo,sudden_trace_noise20_1000_IOR,700,140.0,[],[499],,,00:00:00,0.20629539999993085,0.00020629539999993086
Zheng DBSCAN,Ceravolo,sudden_trace_noise20_1000_IOR,700,210.0,[],[499],,,00:00:00,0.20629539999993085,0.00020629539999993086
Zheng DBSCAN,Ceravolo,sudden_trace_noise20_1000_IOR,700,280.0,[],[499],,,00:00:00,0.20629539999993085,0.00020629539999993086
Zheng DBSCAN,Ceravolo,sudden_trace_noise20_1000_IOR,700,350.0,[],[499],,,00:00:00,0.20629539999993085,0.00020629539999993086
Zheng DBSCAN,Ostovar,Composite_OIR_output_OIR_5,700,70.0,[np.float64(1493.7815498154982)],"[999, 1999]",,,00:00:06,6.72060179999994,0.0022409475825274894
Zheng DBSCAN,Ostovar,Composite_OIR_output_OIR_5,700,140.0,[np.float64(1493.7815498154982)],"[999, 1999]",,,00:00:06,6.72060179999994,0.0022409475825274894
Zheng DBSCAN,Ostovar,Composite_OIR_output_OIR_5,700,210.0,[np.float64(1493.7815498154982)],"[999, 1999]",,,00:00:06,6.72060179999994,0.0022409475825274894
Zheng DBSCAN,Ostovar,Composite_OIR_output_OIR_5,700,280.0,[np.float64(1493.7815498154982)],"[999, 1999]",,,00:00:06,6.72060179999994,0.0022409475825274894
Zheng DBSCAN,Ostovar,Composite_OIR_output_OIR_5,700,350.0,[np.float64(1493.7815498154982)],"[999, 1999]",,,00:00:06,6.72060179999994,0.0022409475825274894
Zheng DBSCAN,Ceravolo,sudden_trace_noise5_1000_pl,800,80.0,[],[499],,,00:00:00,0.19540700000004563,0.00019540700000004563
Zheng DBSCAN,Ceravolo,sudden_trace_noise5_1000_pl,800,160.0,[],[499],,,00:00:00,0.19540700000004563,0.00019540700000004563
Zheng DBSCAN,Ceravolo,sudden_trace_noise5_1000_pl,800,240.0,[],[499],,,00:00:00,0.19540700000004563,0.00019540700000004563
Zheng DBSCAN,Ceravolo,sudden_trace_noise5_1000_pl,800,320.0,[],[499],,,00:00:00,0.19540700000004563,0.00019540700000004563
Zheng DBSCAN,Ceravolo,sudden_trace_noise5_1000_pl,800,400.0,[],[499],,,00:00:00,0.19540700000004563,0.00019540700000004563
Zheng DBSCAN,Ostovar,Atomic_ParallelMove_output_ParallelMove_5,700,70.0,[np.float64(1481.6011235955057)],"[999, 1999]",,,00:00:07,7.277720700000032,0.0024267158052684334
Zheng DBSCAN,Ostovar,Atomic_ParallelMove_output_ParallelMove_5,700,140.0,[np.float64(1481.6011235955057)],"[999, 1999]",,,00:00:07,7.277720700000032,0.0024267158052684334
Zheng DBSCAN,Ostovar,Atomic_ParallelMove_output_ParallelMove_5,700,210.0,[np.float64(1481.6011235955057)],"[999, 1999]",,,00:00:07,7.277720700000032,0.0024267158052684334
Zheng DBSCAN,Ostovar,Atomic_ParallelMove_output_ParallelMove_5,700,280.0,[np.float64(1481.6011235955057)],"[999, 1999]",,,00:00:07,7.277720700000032,0.0024267158052684334
Zheng DBSCAN,Ostovar,Atomic_ParallelMove_output_ParallelMove_5,700,350.0,[np.float64(1481.6011235955057)],"[999, 1999]",,,00:00:07,7.277720700000032,0.0024267158052684334
Zheng DBSCAN,Ceravolo,sudden_trace_noise10_1000_cb,500,50.0,[],[499],,,00:00:00,0.1803972000000158,0.0001803972000000158
Zheng DBSCAN,Ceravolo,sudden_trace_noise10_1000_cb,500,100.0,[],[499],,,00:00:00,0.1803972000000158,0.0001803972000000158
Zheng DBSCAN,Ceravolo,sudden_trace_noise10_1000_cb,500,150.0,[],[499],,,00:00:00,0.1803972000000158,0.0001803972000000158
Zheng DBSCAN,Ceravolo,sudden_trace_noise10_1000_cb,500,200.0,[],[499],,,00:00:00,0.1803972000000158,0.0001803972000000158
Zheng DBSCAN,Ceravolo,sudden_trace_noise10_1000_cb,500,250.0,[],[499],,,00:00:00,0.1803972000000158,0.0001803972000000158
Zheng DBSCAN,Ostovar,Atomic_ParallelMove_output_ParallelMove_5,300,30.0,[np.float64(1474.8381256656016)],"[999, 1999]",,,00:00:07,7.390481399999999,0.0024643152384128037
Zheng DBSCAN,Ostovar,Atomic_ParallelMove_output_ParallelMove_5,300,60.0,[np.float64(1474.8381256656016)],"[999, 1999]",,,00:00:07,7.390481399999999,0.0024643152384128037
Zheng DBSCAN,Ostovar,Atomic_ParallelMove_output_ParallelMove_5,300,90.0,[np.float64(1474.8381256656016)],"[999, 1999]",,,00:00:07,7.390481399999999,0.0024643152384128037
Zheng DBSCAN,Ostovar,Atomic_ParallelMove_output_ParallelMove_5,300,120.0,[np.float64(1474.8381256656016)],"[999, 1999]",,,00:00:07,7.390481399999999,0.0024643152384128037
Zheng DBSCAN,Ostovar,Atomic_ParallelMove_output_ParallelMove_5,300,150.0,[np.float64(1474.8381256656016)],"[999, 1999]",,,00:00:07,7.390481399999999,0.0024643152384128037
Zheng DBSCAN,Ostovar,Composite_IRO_output_IRO_5,600,60.0,[np.float64(1479.8796484110885)],"[999, 1999]",,,00:00:07,7.321495899999945,0.0024413124041346933
Zheng DBSCAN,Ostovar,Composite_IRO_output_IRO_5,600,120.0,[np.float64(1479.8796484110885)],"[999, 1999]",,,00:00:07,7.321495899999945,0.0024413124041346933
Zheng DBSCAN,Ostovar,Composite_IRO_output_IRO_5,600,180.0,[np.float64(1479.8796484110885)],"[999, 1999]",,,00:00:07,7.321495899999945,0.0024413124041346933
Zheng DBSCAN,Ostovar,Composite_IRO_output_IRO_5,600,240.0,[np.float64(1479.8796484110885)],"[999, 1999]",,,00:00:07,7.321495899999945,0.0024413124041346933
Zheng DBSCAN,Ostovar,Composite_IRO_output_IRO_5,600,300.0,[np.float64(1479.8796484110885)],"[999, 1999]",,,00:00:07,7.321495899999945,0.0024413124041346933
Zheng DBSCAN,Ceravolo,sudden_trace_noise10_1000_RIO,400,40.0,[np.float64(447.0)],[499],1.0,52.0,00:00:00,0.1922869999999648,0.0001922869999999648
Zheng DBSCAN,Ceravolo,sudden_trace_noise10_1000_RIO,400,80.0,[np.float64(447.0)],[499],1.0,52.0,00:00:00,0.1922869999999648,0.0001922869999999648
Zheng DBSCAN,Ceravolo,sudden_trace_noise10_1000_RIO,400,120.0,[np.float64(447.0)],[499],1.0,52.0,00:00:00,0.1922869999999648,0.0001922869999999648
Zheng DBSCAN,Ceravolo,sudden_trace_noise10_1000_RIO,400,160.0,[np.float64(447.0)],[499],1.0,52.0,00:00:00,0.1922869999999648,0.0001922869999999648
Zheng DBSCAN,Ceravolo,sudden_trace_noise10_1000_RIO,400,200.0,[np.float64(447.0)],[499],1.0,52.0,00:00:00,0.1922869999999648,0.0001922869999999648
Zheng DBSCAN,Ceravolo,sudden_trace_noise15_1000_cd,400,40.0,[],[499],,,00:00:00,0.19873979999999847,0.00019873979999999848
Zheng DBSCAN,Ceravolo,sudden_trace_noise15_1000_cd,400,80.0,[],[499],,,00:00:00,0.19873979999999847,0.00019873979999999848
Zheng DBSCAN,Ceravolo,sudden_trace_noise15_1000_cd,400,120.0,[],[499],,,00:00:00,0.19873979999999847,0.00019873979999999848
Zheng DBSCAN,Ceravolo,sudden_trace_noise15_1000_cd,400,160.0,[],[499],,,00:00:00,0.19873979999999847,0.00019873979999999848
Zheng DBSCAN,Ceravolo,sudden_trace_noise15_1000_cd,400,200.0,[],[499],,,00:00:00,0.19873979999999847,0.00019873979999999848
Zheng DBSCAN,Ostovar,Composite_RIO_output_RIO,300,30.0,"[np.float64(937.1428571428571), np.float64(1939.5)]","[999, 1999]",1.0,60.678571428571445,00:00:05,5.527959199999941,0.0018432674891630347
Zheng DBSCAN,Ostovar,Composite_RIO_output_RIO,300,60.0,"[np.float64(937.1428571428571), np.float64(1939.5)]","[999, 1999]",1.0,60.678571428571445,00:00:05,5.527959199999941,0.0018432674891630347
Zheng DBSCAN,Ostovar,Composite_RIO_output_RIO,300,90.0,"[np.float64(937.1428571428571), np.float64(1939.5)]","[999, 1999]",1.0,60.678571428571445,00:00:05,5.527959199999941,0.0018432674891630347
Zheng DBSCAN,Ostovar,Composite_RIO_output_RIO,300,120.0,"[np.float64(937.1428571428571), np.float64(1939.5)]","[999, 1999]",1.0,60.678571428571445,00:00:05,5.527959199999941,0.0018432674891630347
Zheng DBSCAN,Ostovar,Composite_RIO_output_RIO,300,150.0,"[np.float64(937.1428571428571), np.float64(1939.5)]","[999, 1999]",1.0,60.678571428571445,00:00:05,5.527959199999941,0.0018432674891630347
Zheng DBSCAN,Ostovar,Nested_ROI_output_ROI,700,70.0,"[np.float64(948.6), np.float64(1068.0), np.float64(1927.3)]","[999, 1999]",0.8,61.05000000000001,00:00:05,5.122531200000026,0.001708079759919982
Zheng DBSCAN,Ostovar,Nested_ROI_output_ROI,700,140.0,"[np.float64(959.4545454545455), np.float64(1927.3)]","[999, 1999]",1.0,55.622727272727275,00:00:05,5.122531200000026,0.001708079759919982
Zheng DBSCAN,Ostovar,Nested_ROI_output_ROI,700,210.0,"[np.float64(959.4545454545455), np.float64(1927.3)]","[999, 1999]",1.0,55.622727272727275,00:00:05,5.122531200000026,0.001708079759919982
Zheng DBSCAN,Ostovar,Nested_ROI_output_ROI,700,280.0,"[np.float64(959.4545454545455), np.float64(1927.3)]","[999, 1999]",1.0,55.622727272727275,00:00:05,5.122531200000026,0.001708079759919982
Zheng DBSCAN,Ostovar,Nested_ROI_output_ROI,700,350.0,"[np.float64(959.4545454545455), np.float64(1927.3)]","[999, 1999]",1.0,55.622727272727275,00:00:05,5.122531200000026,0.001708079759919982
Zheng DBSCAN,Ostovar,Composite_OIR_output_OIR_2,800,80.0,[np.float64(1498.870741482966)],"[999, 1999]",,,00:00:06,6.741977800000086,0.00224807529176395
Zheng DBSCAN,Ostovar,Composite_OIR_output_OIR_2,800,160.0,[np.float64(1498.870741482966)],"[999, 1999]",,,00:00:06,6.741977800000086,0.00224807529176395
Zheng DBSCAN,Ostovar,Composite_OIR_output_OIR_2,800,240.0,[np.float64(1498.870741482966)],"[999, 1999]",,,00:00:06,6.741977800000086,0.00224807529176395
Zheng DBSCAN,Ostovar,Composite_OIR_output_OIR_2,800,320.0,[np.float64(1498.870741482966)],"[999, 1999]",,,00:00:06,6.741977800000086,0.00224807529176395
Zheng DBSCAN,Ostovar,Composite_OIR_output_OIR_2,800,400.0,[np.float64(1498.870741482966)],"[999, 1999]",,,00:00:06,6.741977800000086,0.00224807529176395
Zheng DBSCAN,Ceravolo,sudden_trace_noise10_1000_IRO,700,70.0,[],[499],,,00:00:00,0.23568920000002436,0.00023568920000002435
Zheng DBSCAN,Ceravolo,sudden_trace_noise10_1000_IRO,700,140.0,[],[499],,,00:00:00,0.23568920000002436,0.00023568920000002435
Zheng DBSCAN,Ceravolo,sudden_trace_noise10_1000_IRO,700,210.0,[],[499],,,00:00:00,0.23568920000002436,0.00023568920000002435
Zheng DBSCAN,Ceravolo,sudden_trace_noise10_1000_IRO,700,280.0,[],[499],,,00:00:00,0.23568920000002436,0.00023568920000002435
Zheng DBSCAN,Ceravolo,sudden_trace_noise10_1000_IRO,700,350.0,[],[499],,,00:00:00,0.23568920000002436,0.00023568920000002435
Zheng DBSCAN,Ostovar,Atomic_ConditionalRemoval_output_ConditionalRemoval_5,500,50.0,[np.float64(1517.6282478347769)],"[999, 1999]",,,00:00:06,6.003319800000099,0.002001773857952684
Zheng DBSCAN,Ostovar,Atomic_ConditionalRemoval_output_ConditionalRemoval_5,500,100.0,[np.float64(1517.6282478347769)],"[999, 1999]",,,00:00:06,6.003319800000099,0.002001773857952684
Zheng DBSCAN,Ostovar,Atomic_ConditionalRemoval_output_ConditionalRemoval_5,500,150.0,[np.float64(1517.6282478347769)],"[999, 1999]",,,00:00:06,6.003319800000099,0.002001773857952684
Zheng DBSCAN,Ostovar,Atomic_ConditionalRemoval_output_ConditionalRemoval_5,500,200.0,[np.float64(1517.6282478347769)],"[999, 1999]",,,00:00:06,6.003319800000099,0.002001773857952684
Zheng DBSCAN,Ostovar,Atomic_ConditionalRemoval_output_ConditionalRemoval_5,500,250.0,[np.float64(1517.6282478347769)],"[999, 1999]",,,00:00:06,6.003319800000099,0.002001773857952684
Zheng DBSCAN,Ostovar,Nested_ORI_output_ORI_5,300,30.0,[np.float64(1500.255179383527)],"[999, 1999]",,,00:00:07,7.491060700000048,0.002497852850950333
Zheng DBSCAN,Ostovar,Nested_ORI_output_ORI_5,300,60.0,[np.float64(1500.255179383527)],"[999, 1999]",,,00:00:07,7.491060700000048,0.002497852850950333
Zheng DBSCAN,Ostovar,Nested_ORI_output_ORI_5,300,90.0,[np.float64(1500.255179383527)],"[999, 1999]",,,00:00:07,7.491060700000048,0.002497852850950333
Zheng DBSCAN,Ostovar,Nested_ORI_output_ORI_5,300,120.0,[np.float64(1500.255179383527)],"[999, 1999]",,,00:00:07,7.491060700000048,0.002497852850950333
Zheng DBSCAN,Ostovar,Nested_ORI_output_ORI_5,300,150.0,[np.float64(1500.255179383527)],"[999, 1999]",,,00:00:07,7.491060700000048,0.002497852850950333
Zheng DBSCAN,Ceravolo,sudden_trace_noise0_1000_IRO,600,60.0,[],[499],,,00:00:00,0.17566729999998643,0.00017566729999998642
Zheng DBSCAN,Ceravolo,sudden_trace_noise0_1000_IRO,600,120.0,[],[499],,,00:00:00,0.17566729999998643,0.00017566729999998642
Zheng DBSCAN,Ceravolo,sudden_trace_noise0_1000_IRO,600,180.0,[],[499],,,00:00:00,0.17566729999998643,0.00017566729999998642
Zheng DBSCAN,Ceravolo,sudden_trace_noise0_1000_IRO,600,240.0,[],[499],,,00:00:00,0.17566729999998643,0.00017566729999998642
Zheng DBSCAN,Ceravolo,sudden_trace_noise0_1000_IRO,600,300.0,[],[499],,,00:00:00,0.17566729999998643,0.00017566729999998642
Zheng DBSCAN,Ceravolo,sudden_trace_noise5_1000_cf,800,80.0,[],[499],,,00:00:00,0.18096109999999044,0.00018096109999999043
Zheng DBSCAN,Ceravolo,sudden_trace_noise5_1000_cf,800,160.0,[],[499],,,00:00:00,0.18096109999999044,0.00018096109999999043
Zheng DBSCAN,Ceravolo,sudden_trace_noise5_1000_cf,800,240.0,[],[499],,,00:00:00,0.18096109999999044,0.00018096109999999043
Zheng DBSCAN,Ceravolo,sudden_trace_noise5_1000_cf,800,320.0,[],[499],,,00:00:00,0.18096109999999044,0.00018096109999999043
Zheng DBSCAN,Ceravolo,sudden_trace_noise5_1000_cf,800,400.0,[],[499],,,00:00:00,0.18096109999999044,0.00018096109999999043
Zheng DBSCAN,Ostovar,Atomic_Frequency_output_Frequency_2,600,60.0,[np.float64(1501.3514211886304)],"[999, 1999]",,,00:00:03,3.3986231999999745,0.001133252150716897
Zheng DBSCAN,Ostovar,Atomic_Frequency_output_Frequency_2,600,120.0,[np.float64(1501.3514211886304)],"[999, 1999]",,,00:00:03,3.3986231999999745,0.001133252150716897
Zheng DBSCAN,Ostovar,Atomic_Frequency_output_Frequency_2,600,180.0,[np.float64(1501.3514211886304)],"[999, 1999]",,,00:00:03,3.3986231999999745,0.001133252150716897
Zheng DBSCAN,Ostovar,Atomic_Frequency_output_Frequency_2,600,240.0,[np.float64(1501.3514211886304)],"[999, 1999]",,,00:00:03,3.3986231999999745,0.001133252150716897
Zheng DBSCAN,Ostovar,Atomic_Frequency_output_Frequency_2,600,300.0,[np.float64(1501.3514211886304)],"[999, 1999]",,,00:00:03,3.3986231999999745,0.001133252150716897
Zheng DBSCAN,Ostovar,Composite_ORI_output_ORI_2,800,80.0,[np.float64(1518.4054529463501)],"[999, 1999]",,,00:00:07,7.0281843999999865,0.002343509303101029
Zheng DBSCAN,Ostovar,Composite_ORI_output_ORI_2,800,160.0,[np.float64(1518.4054529463501)],"[999, 1999]",,,00:00:07,7.0281843999999865,0.002343509303101029
Zheng DBSCAN,Ostovar,Composite_ORI_output_ORI_2,800,240.0,[np.float64(1518.4054529463501)],"[999, 1999]",,,00:00:07,7.0281843999999865,0.002343509303101029
Zheng DBSCAN,Ostovar,Composite_ORI_output_ORI_2,800,320.0,[np.float64(1518.4054529463501)],"[999, 1999]",,,00:00:07,7.0281843999999865,0.002343509303101029
Zheng DBSCAN,Ostovar,Composite_ORI_output_ORI_2,800,400.0,[np.float64(1518.4054529463501)],"[999, 1999]",,,00:00:07,7.0281843999999865,0.002343509303101029
Zheng DBSCAN,Ceravolo,sudden_trace_noise15_1000_cf,400,40.0,[np.float64(447.0)],[499],1.0,52.0,00:00:00,0.21655509999993683,0.00021655509999993683
Zheng DBSCAN,Ceravolo,sudden_trace_noise15_1000_cf,400,80.0,[np.float64(447.0)],[499],1.0,52.0,00:00:00,0.21655509999993683,0.00021655509999993683
Zheng DBSCAN,Ceravolo,sudden_trace_noise15_1000_cf,400,120.0,[np.float64(447.0)],[499],1.0,52.0,00:00:00,0.21655509999993683,0.00021655509999993683
Zheng DBSCAN,Ceravolo,sudden_trace_noise15_1000_cf,400,160.0,[np.float64(447.0)],[499],1.0,52.0,00:00:00,0.21655509999993683,0.00021655509999993683
Zheng DBSCAN,Ceravolo,sudden_trace_noise15_1000_cf,400,200.0,[np.float64(447.0)],[499],1.0,52.0,00:00:00,0.21655509999993683,0.00021655509999993683
Zheng DBSCAN,Ceravolo,sudden_trace_noise0_1000_cb,500,50.0,[],[499],,,00:00:00,0.19860879999998815,0.00019860879999998815
Zheng DBSCAN,Ceravolo,sudden_trace_noise0_1000_cb,500,100.0,[],[499],,,00:00:00,0.19860879999998815,0.00019860879999998815
Zheng DBSCAN,Ceravolo,sudden_trace_noise0_1000_cb,500,150.0,[],[499],,,00:00:00,0.19860879999998815,0.00019860879999998815
Zheng DBSCAN,Ceravolo,sudden_trace_noise0_1000_cb,500,200.0,[],[499],,,00:00:00,0.19860879999998815,0.00019860879999998815
Zheng DBSCAN,Ceravolo,sudden_trace_noise0_1000_cb,500,250.0,[],[499],,,00:00:00,0.19860879999998815,0.00019860879999998815
Zheng DBSCAN,Ceravolo,sudden_trace_noise5_1000_pm,700,70.0,[],[499],,,00:00:00,0.20913840000002892,0.0002091384000000289
Zheng DBSCAN,Ceravolo,sudden_trace_noise5_1000_pm,700,140.0,[],[499],,,00:00:00,0.20913840000002892,0.0002091384000000289
Zheng DBSCAN,Ceravolo,sudden_trace_noise5_1000_pm,700,210.0,[],[499],,,00:00:00,0.20913840000002892,0.0002091384000000289
Zheng DBSCAN,Ceravolo,sudden_trace_noise5_1000_pm,700,280.0,[],[499],,,00:00:00,0.20913840000002892,0.0002091384000000289
Zheng DBSCAN,Ceravolo,sudden_trace_noise5_1000_pm,700,350.0,[],[499],,,00:00:00,0.20913840000002892,0.0002091384000000289
Zheng DBSCAN,Ceravolo,sudden_trace_noise5_1000_cf,700,70.0,[],[499],,,00:00:00,0.21190969999997833,0.00021190969999997832
Zheng DBSCAN,Ceravolo,sudden_trace_noise5_1000_cf,700,140.0,[],[499],,,00:00:00,0.21190969999997833,0.00021190969999997832
Zheng DBSCAN,Ceravolo,sudden_trace_noise5_1000_cf,700,210.0,[],[499],,,00:00:00,0.21190969999997833,0.00021190969999997832
Zheng DBSCAN,Ceravolo,sudden_trace_noise5_1000_cf,700,280.0,[],[499],,,00:00:00,0.21190969999997833,0.00021190969999997832
Zheng DBSCAN,Ceravolo,sudden_trace_noise5_1000_cf,700,350.0,[],[499],,,00:00:00,0.21190969999997833,0.00021190969999997832
Zheng DBSCAN,Ostovar,Composite_ORI_output_ORI_2,500,50.0,[np.float64(1500.7567760342367)],"[999, 1999]",,,00:00:07,7.019804100000101,0.002340714938312805
Zheng DBSCAN,Ostovar,Composite_ORI_output_ORI_2,500,100.0,[np.float64(1500.7567760342367)],"[999, 1999]",,,00:00:07,7.019804100000101,0.002340714938312805
Zheng DBSCAN,Ostovar,Composite_ORI_output_ORI_2,500,150.0,[np.float64(1500.7567760342367)],"[999, 1999]",,,00:00:07,7.019804100000101,0.002340714938312805
Zheng DBSCAN,Ostovar,Composite_ORI_output_ORI_2,500,200.0,[np.float64(1500.7567760342367)],"[999, 1999]",,,00:00:07,7.019804100000101,0.002340714938312805
Zheng DBSCAN,Ostovar,Composite_ORI_output_ORI_2,500,250.0,[np.float64(1500.7567760342367)],"[999, 1999]",,,00:00:07,7.019804100000101,0.002340714938312805
Zheng DBSCAN,Ostovar,Atomic_ConditionalRemoval_output_ConditionalRemoval_5,600,60.0,[np.float64(1514.5327169274537)],"[999, 1999]",,,00:00:05,5.894152399999939,0.001965372590863601
Zheng DBSCAN,Ostovar,Atomic_ConditionalRemoval_output_ConditionalRemoval_5,600,120.0,[np.float64(1514.5327169274537)],"[999, 1999]",,,00:00:05,5.894152399999939,0.001965372590863601
Zheng DBSCAN,Ostovar,Atomic_ConditionalRemoval_output_ConditionalRemoval_5,600,180.0,[np.float64(1514.5327169274537)],"[999, 1999]",,,00:00:05,5.894152399999939,0.001965372590863601
Zheng DBSCAN,Ostovar,Atomic_ConditionalRemoval_output_ConditionalRemoval_5,600,240.0,[np.float64(1514.5327169274537)],"[999, 1999]",,,00:00:05,5.894152399999939,0.001965372590863601
Zheng DBSCAN,Ostovar,Atomic_ConditionalRemoval_output_ConditionalRemoval_5,600,300.0,[np.float64(1514.5327169274537)],"[999, 1999]",,,00:00:05,5.894152399999939,0.001965372590863601
Zheng DBSCAN,Ostovar,Nested_IRO_output_IRO,800,80.0,"[np.float64(891.0), np.float64(1891.3684210526317)]","[999, 1999]",1.0,107.81578947368416,00:00:07,7.098879300000021,0.002367082127375799
Zheng DBSCAN,Ostovar,Nested_IRO_output_IRO,800,160.0,"[np.float64(891.0), np.float64(1891.3684210526317)]","[999, 1999]",1.0,107.81578947368416,00:00:07,7.098879300000021,0.002367082127375799
Zheng DBSCAN,Ostovar,Nested_IRO_output_IRO,800,240.0,"[np.float64(891.0), np.float64(1891.3684210526317)]","[999, 1999]",1.0,107.81578947368416,00:00:07,7.098879300000021,0.002367082127375799
Zheng DBSCAN,Ostovar,Nested_IRO_output_IRO,800,320.0,"[np.float64(891.0), np.float64(1891.3684210526317)]","[999, 1999]",1.0,107.81578947368416,00:00:07,7.098879300000021,0.002367082127375799
Zheng DBSCAN,Ostovar,Nested_IRO_output_IRO,800,400.0,"[np.float64(891.0), np.float64(1891.3684210526317)]","[999, 1999]",1.0,107.81578947368416,00:00:07,7.098879300000021,0.002367082127375799
Zheng DBSCAN,Ceravolo,sudden_trace_noise20_1000_cp,300,30.0,[np.float64(449.0)],[499],1.0,50.0,00:00:00,0.20385750000002645,0.00020385750000002646
Zheng DBSCAN,Ceravolo,sudden_trace_noise20_1000_cp,300,60.0,[np.float64(449.0)],[499],1.0,50.0,00:00:00,0.20385750000002645,0.00020385750000002646
Zheng DBSCAN,Ceravolo,sudden_trace_noise20_1000_cp,300,90.0,[np.float64(449.0)],[499],1.0,50.0,00:00:00,0.20385750000002645,0.00020385750000002646
Zheng DBSCAN,Ceravolo,sudden_trace_noise20_1000_cp,300,120.0,[np.float64(449.0)],[499],1.0,50.0,00:00:00,0.20385750000002645,0.00020385750000002646
Zheng DBSCAN,Ceravolo,sudden_trace_noise20_1000_cp,300,150.0,[np.float64(449.0)],[499],1.0,50.0,00:00:00,0.20385750000002645,0.00020385750000002646
Zheng DBSCAN,Ceravolo,sudden_trace_noise15_1000_cp,400,40.0,[np.float64(449.0)],[499],1.0,50.0,00:00:00,0.20966010000006463,0.00020966010000006462
Zheng DBSCAN,Ceravolo,sudden_trace_noise15_1000_cp,400,80.0,[np.float64(449.0)],[499],1.0,50.0,00:00:00,0.20966010000006463,0.00020966010000006462
Zheng DBSCAN,Ceravolo,sudden_trace_noise15_1000_cp,400,120.0,[np.float64(449.0)],[499],1.0,50.0,00:00:00,0.20966010000006463,0.00020966010000006462
Zheng DBSCAN,Ceravolo,sudden_trace_noise15_1000_cp,400,160.0,[np.float64(449.0)],[499],1.0,50.0,00:00:00,0.20966010000006463,0.00020966010000006462
Zheng DBSCAN,Ceravolo,sudden_trace_noise15_1000_cp,400,200.0,[np.float64(449.0)],[499],1.0,50.0,00:00:00,0.20966010000006463,0.00020966010000006462
Zheng DBSCAN,Ostovar,Atomic_SerialRemoval_output_SerialRemoval_5,300,30.0,[np.float64(1494.573033707865)],"[999, 1999]",,,00:00:06,6.1148774000000685,0.00203897212404137
Zheng DBSCAN,Ostovar,Atomic_SerialRemoval_output_SerialRemoval_5,300,60.0,[np.float64(1494.573033707865)],"[999, 1999]",,,00:00:06,6.1148774000000685,0.00203897212404137
Zheng DBSCAN,Ostovar,Atomic_SerialRemoval_output_SerialRemoval_5,300,90.0,[np.float64(1494.573033707865)],"[999, 1999]",,,00:00:06,6.1148774000000685,0.00203897212404137
Zheng DBSCAN,Ostovar,Atomic_SerialRemoval_output_SerialRemoval_5,300,120.0,[np.float64(1494.573033707865)],"[999, 1999]",,,00:00:06,6.1148774000000685,0.00203897212404137
Zheng DBSCAN,Ostovar,Atomic_SerialRemoval_output_SerialRemoval_5,300,150.0,[np.float64(1494.573033707865)],"[999, 1999]",,,00:00:06,6.1148774000000685,0.00203897212404137
Zheng DBSCAN,Ceravolo,sudden_trace_noise10_1000_OIR,600,60.0,[],[499],,,00:00:00,0.2279336000000285,0.0002279336000000285
Zheng DBSCAN,Ceravolo,sudden_trace_noise10_1000_OIR,600,120.0,[],[499],,,00:00:00,0.2279336000000285,0.0002279336000000285
Zheng DBSCAN,Ceravolo,sudden_trace_noise10_1000_OIR,600,180.0,[],[499],,,00:00:00,0.2279336000000285,0.0002279336000000285
Zheng DBSCAN,Ceravolo,sudden_trace_noise10_1000_OIR,600,240.0,[],[499],,,00:00:00,0.2279336000000285,0.0002279336000000285
Zheng DBSCAN,Ceravolo,sudden_trace_noise10_1000_OIR,600,300.0,[],[499],,,00:00:00,0.2279336000000285,0.0002279336000000285
Zheng DBSCAN,Ostovar,Composite_IRO_output_IRO_2,300,30.0,[np.float64(1506.0541727672035)],"[999, 1999]",,,00:00:07,7.591763600000036,0.002531431677225754
Zheng DBSCAN,Ostovar,Composite_IRO_output_IRO_2,300,60.0,[np.float64(1506.0541727672035)],"[999, 1999]",,,00:00:07,7.591763600000036,0.002531431677225754
Zheng DBSCAN,Ostovar,Composite_IRO_output_IRO_2,300,90.0,[np.float64(1506.0541727672035)],"[999, 1999]",,,00:00:07,7.591763600000036,0.002531431677225754
Zheng DBSCAN,Ostovar,Composite_IRO_output_IRO_2,300,120.0,[np.float64(1506.0541727672035)],"[999, 1999]",,,00:00:07,7.591763600000036,0.002531431677225754
Zheng DBSCAN,Ostovar,Composite_IRO_output_IRO_2,300,150.0,[np.float64(1506.0541727672035)],"[999, 1999]",,,00:00:07,7.591763600000036,0.002531431677225754
Zheng DBSCAN,Ostovar,Atomic_ParallelToSequence_output_ParallelToSequence_2,500,50.0,[np.float64(1523.300163132137)],"[999, 1999]",,,00:00:06,6.189555700000028,0.0020638731910636973
Zheng DBSCAN,Ostovar,Atomic_ParallelToSequence_output_ParallelToSequence_2,500,100.0,[np.float64(1523.300163132137)],"[999, 1999]",,,00:00:06,6.189555700000028,0.0020638731910636973
Zheng DBSCAN,Ostovar,Atomic_ParallelToSequence_output_ParallelToSequence_2,500,150.0,[np.float64(1523.300163132137)],"[999, 1999]",,,00:00:06,6.189555700000028,0.0020638731910636973
Zheng DBSCAN,Ostovar,Atomic_ParallelToSequence_output_ParallelToSequence_2,500,200.0,[np.float64(1523.300163132137)],"[999, 1999]",,,00:00:06,6.189555700000028,0.0020638731910636973
Zheng DBSCAN,Ostovar,Atomic_ParallelToSequence_output_ParallelToSequence_2,500,250.0,[np.float64(1523.300163132137)],"[999, 1999]",,,00:00:06,6.189555700000028,0.0020638731910636973
Zheng DBSCAN,Ceravolo,sudden_trace_noise20_1000_lp,400,40.0,[np.float64(448.0)],[499],1.0,51.0,00:00:00,0.20488489999991089,0.00020488489999991087
Zheng DBSCAN,Ceravolo,sudden_trace_noise20_1000_lp,400,80.0,[np.float64(448.0)],[499],1.0,51.0,00:00:00,0.20488489999991089,0.00020488489999991087
Zheng DBSCAN,Ceravolo,sudden_trace_noise20_1000_lp,400,120.0,[np.float64(448.0)],[499],1.0,51.0,00:00:00,0.20488489999991089,0.00020488489999991087
Zheng DBSCAN,Ceravolo,sudden_trace_noise20_1000_lp,400,160.0,[np.float64(448.0)],[499],1.0,51.0,00:00:00,0.20488489999991089,0.00020488489999991087
Zheng DBSCAN,Ceravolo,sudden_trace_noise20_1000_lp,400,200.0,[np.float64(448.0)],[499],1.0,51.0,00:00:00,0.20488489999991089,0.00020488489999991087
Zheng DBSCAN,Ceravolo,sudden_trace_noise0_1000_cf,600,60.0,[],[499],,,00:00:00,0.19700539999996636,0.00019700539999996635
Zheng DBSCAN,Ceravolo,sudden_trace_noise0_1000_cf,600,120.0,[],[499],,,00:00:00,0.19700539999996636,0.00019700539999996635
Zheng DBSCAN,Ceravolo,sudden_trace_noise0_1000_cf,600,180.0,[],[499],,,00:00:00,0.19700539999996636,0.00019700539999996635
Zheng DBSCAN,Ceravolo,sudden_trace_noise0_1000_cf,600,240.0,[],[499],,,00:00:00,0.19700539999996636,0.00019700539999996635
Zheng DBSCAN,Ceravolo,sudden_trace_noise0_1000_cf,600,300.0,[],[499],,,00:00:00,0.19700539999996636,0.00019700539999996635
Zheng DBSCAN,Ostovar,Atomic_ParallelRemoval_output_ParallelRemoval_5,300,30.0,[np.float64(1516.8769143505388)],"[999, 1999]",,,00:00:06,6.126778299999955,0.0020429404134711423
Zheng DBSCAN,Ostovar,Atomic_ParallelRemoval_output_ParallelRemoval_5,300,60.0,[np.float64(1516.8769143505388)],"[999, 1999]",,,00:00:06,6.126778299999955,0.0020429404134711423
Zheng DBSCAN,Ostovar,Atomic_ParallelRemoval_output_ParallelRemoval_5,300,90.0,[np.float64(1516.8769143505388)],"[999, 1999]",,,00:00:06,6.126778299999955,0.0020429404134711423
Zheng DBSCAN,Ostovar,Atomic_ParallelRemoval_output_ParallelRemoval_5,300,120.0,[np.float64(1516.8769143505388)],"[999, 1999]",,,00:00:06,6.126778299999955,0.0020429404134711423
Zheng DBSCAN,Ostovar,Atomic_ParallelRemoval_output_ParallelRemoval_5,300,150.0,[np.float64(1516.8769143505388)],"[999, 1999]",,,00:00:06,6.126778299999955,0.0020429404134711423
Zheng DBSCAN,Ceravolo,sudden_trace_noise10_1000_IRO,500,50.0,[],[499],,,00:00:00,0.22166059999995014,0.00022166059999995013
Zheng DBSCAN,Ceravolo,sudden_trace_noise10_1000_IRO,500,100.0,[],[499],,,00:00:00,0.22166059999995014,0.00022166059999995013
Zheng DBSCAN,Ceravolo,sudden_trace_noise10_1000_IRO,500,150.0,[],[499],,,00:00:00,0.22166059999995014,0.00022166059999995013
Zheng DBSCAN,Ceravolo,sudden_trace_noise10_1000_IRO,500,200.0,[],[499],,,00:00:00,0.22166059999995014,0.00022166059999995013
Zheng DBSCAN,Ceravolo,sudden_trace_noise10_1000_IRO,500,250.0,[],[499],,,00:00:00,0.22166059999995014,0.00022166059999995013
Zheng DBSCAN,Ostovar,Nested_IRO_output_IRO_5,300,30.0,[np.float64(1503.8926048045219)],"[999, 1999]",,,00:00:09,9.05741779999994,0.0030201459819939776
Zheng DBSCAN,Ostovar,Nested_IRO_output_IRO_5,300,60.0,[np.float64(1503.8926048045219)],"[999, 1999]",,,00:00:09,9.05741779999994,0.0030201459819939776
Zheng DBSCAN,Ostovar,Nested_IRO_output_IRO_5,300,90.0,[np.float64(1503.8926048045219)],"[999, 1999]",,,00:00:09,9.05741779999994,0.0030201459819939776
Zheng DBSCAN,Ostovar,Nested_IRO_output_IRO_5,300,120.0,[np.float64(1503.8926048045219)],"[999, 1999]",,,00:00:09,9.05741779999994,0.0030201459819939776
Zheng DBSCAN,Ostovar,Nested_IRO_output_IRO_5,300,150.0,[np.float64(1503.8926048045219)],"[999, 1999]",,,00:00:09,9.05741779999994,0.0030201459819939776
Zheng DBSCAN,Ostovar,Composite_ROI_output_ROI_5,400,40.0,[np.float64(1504.2135922330096)],"[999, 1999]",,,00:00:07,7.194223999999963,0.0023988742914304645
Zheng DBSCAN,Ostovar,Composite_ROI_output_ROI_5,400,80.0,[np.float64(1504.2135922330096)],"[999, 1999]",,,00:00:07,7.194223999999963,0.0023988742914304645
Zheng DBSCAN,Ostovar,Composite_ROI_output_ROI_5,400,120.0,[np.float64(1504.2135922330096)],"[999, 1999]",,,00:00:07,7.194223999999963,0.0023988742914304645
Zheng DBSCAN,Ostovar,Composite_ROI_output_ROI_5,400,160.0,[np.float64(1504.2135922330096)],"[999, 1999]",,,00:00:07,7.194223999999963,0.0023988742914304645
Zheng DBSCAN,Ostovar,Composite_ROI_output_ROI_5,400,200.0,[np.float64(1504.2135922330096)],"[999, 1999]",,,00:00:07,7.194223999999963,0.0023988742914304645
Zheng DBSCAN,Ostovar,Nested_ORI_output_ORI_5,400,40.0,[np.float64(1497.091006423983)],"[999, 1999]",,,00:00:07,7.327498800000058,0.00244331403801269
Zheng DBSCAN,Ostovar,Nested_ORI_output_ORI_5,400,80.0,[np.float64(1497.091006423983)],"[999, 1999]",,,00:00:07,7.327498800000058,0.00244331403801269
Zheng DBSCAN,Ostovar,Nested_ORI_output_ORI_5,400,120.0,[np.float64(1497.091006423983)],"[999, 1999]",,,00:00:07,7.327498800000058,0.00244331403801269
Zheng DBSCAN,Ostovar,Nested_ORI_output_ORI_5,400,160.0,[np.float64(1497.091006423983)],"[999, 1999]",,,00:00:07,7.327498800000058,0.00244331403801269
Zheng DBSCAN,Ostovar,Nested_ORI_output_ORI_5,400,200.0,[np.float64(1497.091006423983)],"[999, 1999]",,,00:00:07,7.327498800000058,0.00244331403801269
Zheng DBSCAN,Ceravolo,sudden_trace_noise10_1000_OIR,400,40.0,[np.float64(448.0)],[499],1.0,51.0,00:00:00,0.23995669999999336,0.00023995669999999337
Zheng DBSCAN,Ceravolo,sudden_trace_noise10_1000_OIR,400,80.0,[np.float64(448.0)],[499],1.0,51.0,00:00:00,0.23995669999999336,0.00023995669999999337
Zheng DBSCAN,Ceravolo,sudden_trace_noise10_1000_OIR,400,120.0,[np.float64(448.0)],[499],1.0,51.0,00:00:00,0.23995669999999336,0.00023995669999999337
Zheng DBSCAN,Ceravolo,sudden_trace_noise10_1000_OIR,400,160.0,[np.float64(448.0)],[499],1.0,51.0,00:00:00,0.23995669999999336,0.00023995669999999337
Zheng DBSCAN,Ceravolo,sudden_trace_noise10_1000_OIR,400,200.0,[np.float64(448.0)],[499],1.0,51.0,00:00:00,0.23995669999999336,0.00023995669999999337
Zheng DBSCAN,Ostovar,Nested_IRO_output_IRO,500,50.0,"[np.float64(721.0), np.float64(883.2), np.float64(1891.3684210526317)]","[999, 1999]",0.8,111.71578947368414,00:00:07,7.623318499999982,0.0025419534844948258
Zheng DBSCAN,Ostovar,Nested_IRO_output_IRO,500,100.0,"[np.float64(873.0625), np.float64(1891.3684210526317)]","[999, 1999]",1.0,116.78453947368416,00:00:07,7.623318499999982,0.0025419534844948258
Zheng DBSCAN,Ostovar,Nested_IRO_output_IRO,500,150.0,"[np.float64(873.0625), np.float64(1891.3684210526317)]","[999, 1999]",1.0,116.78453947368416,00:00:07,7.623318499999982,0.0025419534844948258
Zheng DBSCAN,Ostovar,Nested_IRO_output_IRO,500,200.0,"[np.float64(873.0625), np.float64(1891.3684210526317)]","[999, 1999]",1.0,116.78453947368416,00:00:07,7.623318499999982,0.0025419534844948258
Zheng DBSCAN,Ostovar,Nested_IRO_output_IRO,500,250.0,"[np.float64(873.0625), np.float64(1891.3684210526317)]","[999, 1999]",1.0,116.78453947368416,00:00:07,7.623318499999982,0.0025419534844948258
Zheng DBSCAN,Ostovar,Nested_ORI_output_ORI_2,500,50.0,[np.float64(1490.643736422882)],"[999, 1999]",,,00:00:07,7.53749670000002,0.002513336678892971
Zheng DBSCAN,Ostovar,Nested_ORI_output_ORI_2,500,100.0,[np.float64(1490.643736422882)],"[999, 1999]",,,00:00:07,7.53749670000002,0.002513336678892971
Zheng DBSCAN,Ostovar,Nested_ORI_output_ORI_2,500,150.0,[np.float64(1490.643736422882)],"[999, 1999]",,,00:00:07,7.53749670000002,0.002513336678892971
Zheng DBSCAN,Ostovar,Nested_ORI_output_ORI_2,500,200.0,[np.float64(1490.643736422882)],"[999, 1999]",,,00:00:07,7.53749670000002,0.002513336678892971
Zheng DBSCAN,Ostovar,Nested_ORI_output_ORI_2,500,250.0,[np.float64(1490.643736422882)],"[999, 1999]",,,00:00:07,7.53749670000002,0.002513336678892971
Zheng DBSCAN,Ostovar,Composite_OIR_output_OIR_5,300,30.0,[np.float64(1491.5903409090909)],"[999, 1999]",,,00:00:06,6.981801399999995,0.0023280431477159034
Zheng DBSCAN,Ostovar,Composite_OIR_output_OIR_5,300,60.0,[np.float64(1491.5903409090909)],"[999, 1999]",,,00:00:06,6.981801399999995,0.0023280431477159034
Zheng DBSCAN,Ostovar,Composite_OIR_output_OIR_5,300,90.0,[np.float64(1491.5903409090909)],"[999, 1999]",,,00:00:06,6.981801399999995,0.0023280431477159034
Zheng DBSCAN,Ostovar,Composite_OIR_output_OIR_5,300,120.0,[np.float64(1491.5903409090909)],"[999, 1999]",,,00:00:06,6.981801399999995,0.0023280431477159034
Zheng DBSCAN,Ostovar,Composite_OIR_output_OIR_5,300,150.0,[np.float64(1491.5903409090909)],"[999, 1999]",,,00:00:06,6.981801399999995,0.0023280431477159034
Zheng DBSCAN,Ceravolo,sudden_trace_noise0_1000_RIO,800,80.0,[],[499],,,00:00:00,0.21148110000001452,0.00021148110000001453
Zheng DBSCAN,Ceravolo,sudden_trace_noise0_1000_RIO,800,160.0,[],[499],,,00:00:00,0.21148110000001452,0.00021148110000001453
Zheng DBSCAN,Ceravolo,sudden_trace_noise0_1000_RIO,800,240.0,[],[499],,,00:00:00,0.21148110000001452,0.00021148110000001453
Zheng DBSCAN,Ceravolo,sudden_trace_noise0_1000_RIO,800,320.0,[],[499],,,00:00:00,0.21148110000001452,0.00021148110000001453
Zheng DBSCAN,Ceravolo,sudden_trace_noise0_1000_RIO,800,400.0,[],[499],,,00:00:00,0.21148110000001452,0.00021148110000001453
Zheng DBSCAN,Ceravolo,sudden_trace_noise20_1000_pl,600,60.0,[],[499],,,00:00:00,0.19315849999998136,0.00019315849999998136
Zheng DBSCAN,Ceravolo,sudden_trace_noise20_1000_pl,600,120.0,[],[499],,,00:00:00,0.19315849999998136,0.00019315849999998136
Zheng DBSCAN,Ceravolo,sudden_trace_noise20_1000_pl,600,180.0,[],[499],,,00:00:00,0.19315849999998136,0.00019315849999998136
Zheng DBSCAN,Ceravolo,sudden_trace_noise20_1000_pl,600,240.0,[],[499],,,00:00:00,0.19315849999998136,0.00019315849999998136
Zheng DBSCAN,Ceravolo,sudden_trace_noise20_1000_pl,600,300.0,[],[499],,,00:00:00,0.19315849999998136,0.00019315849999998136
Zheng DBSCAN,Ceravolo,sudden_trace_noise15_1000_ROI,800,80.0,[],[499],,,00:00:00,0.21904240000003483,0.00021904240000003483
Zheng DBSCAN,Ceravolo,sudden_trace_noise15_1000_ROI,800,160.0,[],[499],,,00:00:00,0.21904240000003483,0.00021904240000003483
Zheng DBSCAN,Ceravolo,sudden_trace_noise15_1000_ROI,800,240.0,[],[499],,,00:00:00,0.21904240000003483,0.00021904240000003483
Zheng DBSCAN,Ceravolo,sudden_trace_noise15_1000_ROI,800,320.0,[],[499],,,00:00:00,0.21904240000003483,0.00021904240000003483
Zheng DBSCAN,Ceravolo,sudden_trace_noise15_1000_ROI,800,400.0,[],[499],,,00:00:00,0.21904240000003483,0.00021904240000003483
Zheng DBSCAN,Ceravolo,sudden_trace_noise5_1000_OIR,600,60.0,[],[499],,,00:00:00,0.23521369999991748,0.00023521369999991747
Zheng DBSCAN,Ceravolo,sudden_trace_noise5_1000_OIR,600,120.0,[],[499],,,00:00:00,0.23521369999991748,0.00023521369999991747
Zheng DBSCAN,Ceravolo,sudden_trace_noise5_1000_OIR,600,180.0,[],[499],,,00:00:00,0.23521369999991748,0.00023521369999991747
Zheng DBSCAN,Ceravolo,sudden_trace_noise5_1000_OIR,600,240.0,[],[499],,,00:00:00,0.23521369999991748,0.00023521369999991747
Zheng DBSCAN,Ceravolo,sudden_trace_noise5_1000_OIR,600,300.0,[],[499],,,00:00:00,0.23521369999991748,0.00023521369999991747
Zheng DBSCAN,Ceravolo,sudden_trace_noise5_1000_IRO,300,30.0,[np.float64(448.6666666666667)],[499],1.0,50.333333333333314,00:00:00,0.24994149999997717,0.0002499414999999772
Zheng DBSCAN,Ceravolo,sudden_trace_noise5_1000_IRO,300,60.0,[np.float64(448.6666666666667)],[499],1.0,50.333333333333314,00:00:00,0.24994149999997717,0.0002499414999999772
Zheng DBSCAN,Ceravolo,sudden_trace_noise5_1000_IRO,300,90.0,[np.float64(448.6666666666667)],[499],1.0,50.333333333333314,00:00:00,0.24994149999997717,0.0002499414999999772
Zheng DBSCAN,Ceravolo,sudden_trace_noise5_1000_IRO,300,120.0,[np.float64(448.6666666666667)],[499],1.0,50.333333333333314,00:00:00,0.24994149999997717,0.0002499414999999772
Zheng DBSCAN,Ceravolo,sudden_trace_noise5_1000_IRO,300,150.0,[np.float64(448.6666666666667)],[499],1.0,50.333333333333314,00:00:00,0.24994149999997717,0.0002499414999999772
Zheng DBSCAN,Ostovar,Nested_IRO_output_IRO_2,400,40.0,[np.float64(1482.6845921450151)],"[999, 1999]",,,00:00:09,9.239183600000047,0.003080754784928325
Zheng DBSCAN,Ostovar,Nested_IRO_output_IRO_2,400,80.0,[np.float64(1482.6845921450151)],"[999, 1999]",,,00:00:09,9.239183600000047,0.003080754784928325
Zheng DBSCAN,Ostovar,Nested_IRO_output_IRO_2,400,120.0,[np.float64(1482.6845921450151)],"[999, 1999]",,,00:00:09,9.239183600000047,0.003080754784928325
Zheng DBSCAN,Ostovar,Nested_IRO_output_IRO_2,400,160.0,[np.float64(1482.6845921450151)],"[999, 1999]",,,00:00:09,9.239183600000047,0.003080754784928325
Zheng DBSCAN,Ostovar,Nested_IRO_output_IRO_2,400,200.0,[np.float64(1482.6845921450151)],"[999, 1999]",,,00:00:09,9.239183600000047,0.003080754784928325
Zheng DBSCAN,Ceravolo,sudden_trace_noise10_1000_cb,400,40.0,[np.float64(451.0)],[499],1.0,48.0,00:00:00,0.20444740000004913,0.00020444740000004913
Zheng DBSCAN,Ceravolo,sudden_trace_noise10_1000_cb,400,80.0,[np.float64(451.0)],[499],1.0,48.0,00:00:00,0.20444740000004913,0.00020444740000004913
Zheng DBSCAN,Ceravolo,sudden_trace_noise10_1000_cb,400,120.0,[np.float64(451.0)],[499],1.0,48.0,00:00:00,0.20444740000004913,0.00020444740000004913
Zheng DBSCAN,Ceravolo,sudden_trace_noise10_1000_cb,400,160.0,[np.float64(451.0)],[499],1.0,48.0,00:00:00,0.20444740000004913,0.00020444740000004913
Zheng DBSCAN,Ceravolo,sudden_trace_noise10_1000_cb,400,200.0,[np.float64(451.0)],[499],1.0,48.0,00:00:00,0.20444740000004913,0.00020444740000004913
Zheng DBSCAN,Ceravolo,sudden_trace_noise5_1000_IOR,500,50.0,[],[499],,,00:00:00,0.2246783000000505,0.0002246783000000505
Zheng DBSCAN,Ceravolo,sudden_trace_noise5_1000_IOR,500,100.0,[],[499],,,00:00:00,0.2246783000000505,0.0002246783000000505
Zheng DBSCAN,Ceravolo,sudden_trace_noise5_1000_IOR,500,150.0,[],[499],,,00:00:00,0.2246783000000505,0.0002246783000000505
Zheng DBSCAN,Ceravolo,sudden_trace_noise5_1000_IOR,500,200.0,[],[499],,,00:00:00,0.2246783000000505,0.0002246783000000505
Zheng DBSCAN,Ceravolo,sudden_trace_noise5_1000_IOR,500,250.0,[],[499],,,00:00:00,0.2246783000000505,0.0002246783000000505
Zheng DBSCAN,Ceravolo,sudden_trace_noise15_1000_ROI,400,40.0,[np.float64(448.5)],[499],1.0,50.5,00:00:00,0.2358827000000474,0.0002358827000000474
Zheng DBSCAN,Ceravolo,sudden_trace_noise15_1000_ROI,400,80.0,[np.float64(448.5)],[499],1.0,50.5,00:00:00,0.2358827000000474,0.0002358827000000474
Zheng DBSCAN,Ceravolo,sudden_trace_noise15_1000_ROI,400,120.0,[np.float64(448.5)],[499],1.0,50.5,00:00:00,0.2358827000000474,0.0002358827000000474
Zheng DBSCAN,Ceravolo,sudden_trace_noise15_1000_ROI,400,160.0,[np.float64(448.5)],[499],1.0,50.5,00:00:00,0.2358827000000474,0.0002358827000000474
Zheng DBSCAN,Ceravolo,sudden_trace_noise15_1000_ROI,400,200.0,[np.float64(448.5)],[499],1.0,50.5,00:00:00,0.2358827000000474,0.0002358827000000474
Zheng DBSCAN,Ostovar,Atomic_ConditionalToSequence_output_ConditionalToSequence_5,400,40.0,[np.float64(1500.9107246376811)],"[999, 1999]",,,00:00:06,6.754499800000076,0.0022522506835612123
Zheng DBSCAN,Ostovar,Atomic_ConditionalToSequence_output_ConditionalToSequence_5,400,80.0,[np.float64(1500.9107246376811)],"[999, 1999]",,,00:00:06,6.754499800000076,0.0022522506835612123
Zheng DBSCAN,Ostovar,Atomic_ConditionalToSequence_output_ConditionalToSequence_5,400,120.0,[np.float64(1500.9107246376811)],"[999, 1999]",,,00:00:06,6.754499800000076,0.0022522506835612123
Zheng DBSCAN,Ostovar,Atomic_ConditionalToSequence_output_ConditionalToSequence_5,400,160.0,[np.float64(1500.9107246376811)],"[999, 1999]",,,00:00:06,6.754499800000076,0.0022522506835612123
Zheng DBSCAN,Ostovar,Atomic_ConditionalToSequence_output_ConditionalToSequence_5,400,200.0,[np.float64(1500.9107246376811)],"[999, 1999]",,,00:00:06,6.754499800000076,0.0022522506835612123
Zheng DBSCAN,Ceravolo,sudden_trace_noise15_1000_sw,600,60.0,[],[499],,,00:00:00,0.2033149000000094,0.0002033149000000094
Zheng DBSCAN,Ceravolo,sudden_trace_noise15_1000_sw,600,120.0,[],[499],,,00:00:00,0.2033149000000094,0.0002033149000000094
Zheng DBSCAN,Ceravolo,sudden_trace_noise15_1000_sw,600,180.0,[],[499],,,00:00:00,0.2033149000000094,0.0002033149000000094
Zheng DBSCAN,Ceravolo,sudden_trace_noise15_1000_sw,600,240.0,[],[499],,,00:00:00,0.2033149000000094,0.0002033149000000094
Zheng DBSCAN,Ceravolo,sudden_trace_noise15_1000_sw,600,300.0,[],[499],,,00:00:00,0.2033149000000094,0.0002033149000000094
Zheng DBSCAN,Ostovar,Composite_IOR_output_IOR_2,500,50.0,[np.float64(1489.6386701662293)],"[999, 1999]",,,00:00:05,5.623173800000018,0.0018750162720907028
Zheng DBSCAN,Ostovar,Composite_IOR_output_IOR_2,500,100.0,[np.float64(1489.6386701662293)],"[999, 1999]",,,00:00:05,5.623173800000018,0.0018750162720907028
Zheng DBSCAN,Ostovar,Composite_IOR_output_IOR_2,500,150.0,[np.float64(1489.6386701662293)],"[999, 1999]",,,00:00:05,5.623173800000018,0.0018750162720907028
Zheng DBSCAN,Ostovar,Composite_IOR_output_IOR_2,500,200.0,[np.float64(1489.6386701662293)],"[999, 1999]",,,00:00:05,5.623173800000018,0.0018750162720907028
Zheng DBSCAN,Ostovar,Composite_IOR_output_IOR_2,500,250.0,[np.float64(1489.6386701662293)],"[999, 1999]",,,00:00:05,5.623173800000018,0.0018750162720907028
Zheng DBSCAN,Ceravolo,sudden_trace_noise15_1000_cf,800,80.0,[],[499],,,00:00:00,0.19203849999996692,0.00019203849999996692
Zheng DBSCAN,Ceravolo,sudden_trace_noise15_1000_cf,800,160.0,[],[499],,,00:00:00,0.19203849999996692,0.00019203849999996692
Zheng DBSCAN,Ceravolo,sudden_trace_noise15_1000_cf,800,240.0,[],[499],,,00:00:00,0.19203849999996692,0.00019203849999996692
Zheng DBSCAN,Ceravolo,sudden_trace_noise15_1000_cf,800,320.0,[],[499],,,00:00:00,0.19203849999996692,0.00019203849999996692
Zheng DBSCAN,Ceravolo,sudden_trace_noise15_1000_cf,800,400.0,[],[499],,,00:00:00,0.19203849999996692,0.00019203849999996692
Zheng DBSCAN,Ceravolo,sudden_trace_noise5_1000_ROI,800,80.0,[],[499],,,00:00:00,0.22000679999996464,0.00022000679999996465
Zheng DBSCAN,Ceravolo,sudden_trace_noise5_1000_ROI,800,160.0,[],[499],,,00:00:00,0.22000679999996464,0.00022000679999996465
Zheng DBSCAN,Ceravolo,sudden_trace_noise5_1000_ROI,800,240.0,[],[499],,,00:00:00,0.22000679999996464,0.00022000679999996465
Zheng DBSCAN,Ceravolo,sudden_trace_noise5_1000_ROI,800,320.0,[],[499],,,00:00:00,0.22000679999996464,0.00022000679999996465
Zheng DBSCAN,Ceravolo,sudden_trace_noise5_1000_ROI,800,400.0,[],[499],,,00:00:00,0.22000679999996464,0.00022000679999996465
Zheng DBSCAN,Ostovar,Atomic_Substitute_output_Substitute_5,300,30.0,[np.float64(1495.7213021130783)],"[999, 1999]",,,00:00:07,7.008551699999998,0.002336962887629209
Zheng DBSCAN,Ostovar,Atomic_Substitute_output_Substitute_5,300,60.0,[np.float64(1495.7213021130783)],"[999, 1999]",,,00:00:07,7.008551699999998,0.002336962887629209
Zheng DBSCAN,Ostovar,Atomic_Substitute_output_Substitute_5,300,90.0,[np.float64(1495.7213021130783)],"[999, 1999]",,,00:00:07,7.008551699999998,0.002336962887629209
Zheng DBSCAN,Ostovar,Atomic_Substitute_output_Substitute_5,300,120.0,[np.float64(1495.7213021130783)],"[999, 1999]",,,00:00:07,7.008551699999998,0.002336962887629209
Zheng DBSCAN,Ostovar,Atomic_Substitute_output_Substitute_5,300,150.0,[np.float64(1495.7213021130783)],"[999, 1999]",,,00:00:07,7.008551699999998,0.002336962887629209
Zheng DBSCAN,Ceravolo,sudden_trace_noise20_1000_rp,800,80.0,[],[499],,,00:00:00,0.2180433000000903,0.00021804330000009032
Zheng DBSCAN,Ceravolo,sudden_trace_noise20_1000_rp,800,160.0,[],[499],,,00:00:00,0.2180433000000903,0.00021804330000009032
Zheng DBSCAN,Ceravolo,sudden_trace_noise20_1000_rp,800,240.0,[],[499],,,00:00:00,0.2180433000000903,0.00021804330000009032
Zheng DBSCAN,Ceravolo,sudden_trace_noise20_1000_rp,800,320.0,[],[499],,,00:00:00,0.2180433000000903,0.00021804330000009032
Zheng DBSCAN,Ceravolo,sudden_trace_noise20_1000_rp,800,400.0,[],[499],,,00:00:00,0.2180433000000903,0.00021804330000009032
Zheng DBSCAN,Ceravolo,sudden_trace_noise15_1000_IRO,800,80.0,[],[499],,,00:00:00,0.24222919999999704,0.00024222919999999703
Zheng DBSCAN,Ceravolo,sudden_trace_noise15_1000_IRO,800,160.0,[],[499],,,00:00:00,0.24222919999999704,0.00024222919999999703
Zheng DBSCAN,Ceravolo,sudden_trace_noise15_1000_IRO,800,240.0,[],[499],,,00:00:00,0.24222919999999704,0.00024222919999999703
Zheng DBSCAN,Ceravolo,sudden_trace_noise15_1000_IRO,800,320.0,[],[499],,,00:00:00,0.24222919999999704,0.00024222919999999703
Zheng DBSCAN,Ceravolo,sudden_trace_noise15_1000_IRO,800,400.0,[],[499],,,00:00:00,0.24222919999999704,0.00024222919999999703
Zheng DBSCAN,Ostovar,Composite_IOR_output_IOR_2,400,40.0,[np.float64(1484.7336032388664)],"[999, 1999]",,,00:00:05,5.462651899999969,0.0018214911303767818
Zheng DBSCAN,Ostovar,Composite_IOR_output_IOR_2,400,80.0,[np.float64(1484.7336032388664)],"[999, 1999]",,,00:00:05,5.462651899999969,0.0018214911303767818
Zheng DBSCAN,Ostovar,Composite_IOR_output_IOR_2,400,120.0,[np.float64(1484.7336032388664)],"[999, 1999]",,,00:00:05,5.462651899999969,0.0018214911303767818
Zheng DBSCAN,Ostovar,Composite_IOR_output_IOR_2,400,160.0,[np.float64(1484.7336032388664)],"[999, 1999]",,,00:00:05,5.462651899999969,0.0018214911303767818
Zheng DBSCAN,Ostovar,Composite_IOR_output_IOR_2,400,200.0,[np.float64(1484.7336032388664)],"[999, 1999]",,,00:00:05,5.462651899999969,0.0018214911303767818
Zheng DBSCAN,Ostovar,Composite_OIR_output_OIR_2,300,30.0,[np.float64(1499.7864357864357)],"[999, 1999]",,,00:00:06,6.968998299999953,0.002323774024674876
Zheng DBSCAN,Ostovar,Composite_OIR_output_OIR_2,300,60.0,[np.float64(1499.7864357864357)],"[999, 1999]",,,00:00:06,6.968998299999953,0.002323774024674876
Zheng DBSCAN,Ostovar,Composite_OIR_output_OIR_2,300,90.0,[np.float64(1499.7864357864357)],"[999, 1999]",,,00:00:06,6.968998299999953,0.002323774024674876
Zheng DBSCAN,Ostovar,Composite_OIR_output_OIR_2,300,120.0,[np.float64(1499.7864357864357)],"[999, 1999]",,,00:00:06,6.968998299999953,0.002323774024674876
Zheng DBSCAN,Ostovar,Composite_OIR_output_OIR_2,300,150.0,[np.float64(1499.7864357864357)],"[999, 1999]",,,00:00:06,6.968998299999953,0.002323774024674876
Zheng DBSCAN,Ceravolo,sudden_trace_noise0_1000_IRO,800,80.0,[],[499],,,00:00:00,0.23066710000000512,0.00023066710000000512
Zheng DBSCAN,Ceravolo,sudden_trace_noise0_1000_IRO,800,160.0,[],[499],,,00:00:00,0.23066710000000512,0.00023066710000000512
Zheng DBSCAN,Ceravolo,sudden_trace_noise0_1000_IRO,800,240.0,[],[499],,,00:00:00,0.23066710000000512,0.00023066710000000512
Zheng DBSCAN,Ceravolo,sudden_trace_noise0_1000_IRO,800,320.0,[],[499],,,00:00:00,0.23066710000000512,0.00023066710000000512
Zheng DBSCAN,Ceravolo,sudden_trace_noise0_1000_IRO,800,400.0,[],[499],,,00:00:00,0.23066710000000512,0.00023066710000000512
Zheng DBSCAN,Ostovar,Composite_RIO_output_RIO_2,800,80.0,[np.float64(1501.8392523364487)],"[999, 1999]",,,00:00:06,6.953337099999999,0.0023185518839613202
Zheng DBSCAN,Ostovar,Composite_RIO_output_RIO_2,800,160.0,[np.float64(1501.8392523364487)],"[999, 1999]",,,00:00:06,6.953337099999999,0.0023185518839613202
Zheng DBSCAN,Ostovar,Composite_RIO_output_RIO_2,800,240.0,[np.float64(1501.8392523364487)],"[999, 1999]",,,00:00:06,6.953337099999999,0.0023185518839613202
Zheng DBSCAN,Ostovar,Composite_RIO_output_RIO_2,800,320.0,[np.float64(1501.8392523364487)],"[999, 1999]",,,00:00:06,6.953337099999999,0.0023185518839613202
Zheng DBSCAN,Ostovar,Composite_RIO_output_RIO_2,800,400.0,[np.float64(1501.8392523364487)],"[999, 1999]",,,00:00:06,6.953337099999999,0.0023185518839613202
Zheng DBSCAN,Ostovar,Nested_IRO_output_IRO,300,30.0,"[np.float64(721.0), np.float64(774.0), np.float64(814.5), np.float64(856.0), np.float64(927.625), np.float64(1891.3684210526317)]","[999, 1999]",0.5,89.50328947368416,00:00:07,7.561642699999993,0.002521388029343112
Zheng DBSCAN,Ostovar,Nested_IRO_output_IRO,300,60.0,"[np.float64(873.0625), np.float64(1891.3684210526317)]","[999, 1999]",1.0,116.78453947368416,00:00:07,7.561642699999993,0.002521388029343112
Zheng DBSCAN,Ostovar,Nested_IRO_output_IRO,300,90.0,"[np.float64(873.0625), np.float64(1891.3684210526317)]","[999, 1999]",1.0,116.78453947368416,00:00:07,7.561642699999993,0.002521388029343112
Zheng DBSCAN,Ostovar,Nested_IRO_output_IRO,300,120.0,"[np.float64(873.0625), np.float64(1891.3684210526317)]","[999, 1999]",1.0,116.78453947368416,00:00:07,7.561642699999993,0.002521388029343112
Zheng DBSCAN,Ostovar,Nested_IRO_output_IRO,300,150.0,"[np.float64(873.0625), np.float64(1891.3684210526317)]","[999, 1999]",1.0,116.78453947368416,00:00:07,7.561642699999993,0.002521388029343112
Zheng DBSCAN,Ostovar,Atomic_Skip_output_Skip_2,600,60.0,[np.float64(1498.8665496049166)],"[999, 1999]",,,00:00:06,6.324550899999963,0.0021088865955318317
Zheng DBSCAN,Ostovar,Atomic_Skip_output_Skip_2,600,120.0,[np.float64(1498.8665496049166)],"[999, 1999]",,,00:00:06,6.324550899999963,0.0021088865955318317
Zheng DBSCAN,Ostovar,Atomic_Skip_output_Skip_2,600,180.0,[np.float64(1498.8665496049166)],"[999, 1999]",,,00:00:06,6.324550899999963,0.0021088865955318317
Zheng DBSCAN,Ostovar,Atomic_Skip_output_Skip_2,600,240.0,[np.float64(1498.8665496049166)],"[999, 1999]",,,00:00:06,6.324550899999963,0.0021088865955318317
Zheng DBSCAN,Ostovar,Atomic_Skip_output_Skip_2,600,300.0,[np.float64(1498.8665496049166)],"[999, 1999]",,,00:00:06,6.324550899999963,0.0021088865955318317
Zheng DBSCAN,Ostovar,Atomic_SerialMove_output_SerialMove_5,800,80.0,[np.float64(1517.4218867924528)],"[999, 1999]",,,00:00:07,7.040602299999932,0.0023476499833277533
Zheng DBSCAN,Ostovar,Atomic_SerialMove_output_SerialMove_5,800,160.0,[np.float64(1517.4218867924528)],"[999, 1999]",,,00:00:07,7.040602299999932,0.0023476499833277533
Zheng DBSCAN,Ostovar,Atomic_SerialMove_output_SerialMove_5,800,240.0,[np.float64(1517.4218867924528)],"[999, 1999]",,,00:00:07,7.040602299999932,0.0023476499833277533
Zheng DBSCAN,Ostovar,Atomic_SerialMove_output_SerialMove_5,800,320.0,[np.float64(1517.4218867924528)],"[999, 1999]",,,00:00:07,7.040602299999932,0.0023476499833277533
Zheng DBSCAN,Ostovar,Atomic_SerialMove_output_SerialMove_5,800,400.0,[np.float64(1517.4218867924528)],"[999, 1999]",,,00:00:07,7.040602299999932,0.0023476499833277533
Zheng DBSCAN,Ostovar,Atomic_ConditionalToSequence_output_ConditionalToSequence_2,400,40.0,[np.float64(1504.8509687034277)],"[999, 1999]",,,00:00:06,6.5388207999999395,0.002180333711237059
Zheng DBSCAN,Ostovar,Atomic_ConditionalToSequence_output_ConditionalToSequence_2,400,80.0,[np.float64(1504.8509687034277)],"[999, 1999]",,,00:00:06,6.5388207999999395,0.002180333711237059
Zheng DBSCAN,Ostovar,Atomic_ConditionalToSequence_output_ConditionalToSequence_2,400,120.0,[np.float64(1504.8509687034277)],"[999, 1999]",,,00:00:06,6.5388207999999395,0.002180333711237059
Zheng DBSCAN,Ostovar,Atomic_ConditionalToSequence_output_ConditionalToSequence_2,400,160.0,[np.float64(1504.8509687034277)],"[999, 1999]",,,00:00:06,6.5388207999999395,0.002180333711237059
Zheng DBSCAN,Ostovar,Atomic_ConditionalToSequence_output_ConditionalToSequence_2,400,200.0,[np.float64(1504.8509687034277)],"[999, 1999]",,,00:00:06,6.5388207999999395,0.002180333711237059
Zheng DBSCAN,Ostovar,Atomic_SerialRemoval_output_SerialRemoval_2,500,50.0,[np.float64(1487.7374784110536)],"[999, 1999]",,,00:00:06,6.32723390000001,0.0021097812270756953
Zheng DBSCAN,Ostovar,Atomic_SerialRemoval_output_SerialRemoval_2,500,100.0,[np.float64(1487.7374784110536)],"[999, 1999]",,,00:00:06,6.32723390000001,0.0021097812270756953
Zheng DBSCAN,Ostovar,Atomic_SerialRemoval_output_SerialRemoval_2,500,150.0,[np.float64(1487.7374784110536)],"[999, 1999]",,,00:00:06,6.32723390000001,0.0021097812270756953
Zheng DBSCAN,Ostovar,Atomic_SerialRemoval_output_SerialRemoval_2,500,200.0,[np.float64(1487.7374784110536)],"[999, 1999]",,,00:00:06,6.32723390000001,0.0021097812270756953
Zheng DBSCAN,Ostovar,Atomic_SerialRemoval_output_SerialRemoval_2,500,250.0,[np.float64(1487.7374784110536)],"[999, 1999]",,,00:00:06,6.32723390000001,0.0021097812270756953
Zheng DBSCAN,Bose,bose_log,400,40.0,"[np.float64(486.0), np.float64(577.0), np.float64(651.0), np.float64(857.0), np.float64(978.0), np.float64(1233.6666666666667), np.float64(1380.5), np.float64(1432.0), np.float64(1747.0), np.float64(1798.5), np.float64(1882.0), np.float64(1991.0), np.float64(2051.0), np.float64(2093.0), np.float64(2152.0), np.float64(2231.0), np.float64(2353.0), np.float64(2540.0), np.float64(2960.0), np.float64(3065.5), np.float64(3144.0), np.float64(3384.0), np.float64(3501.0), np.float64(3632.6666666666665), np.float64(3799.0), np.float64(3903.0), np.float64(3957.5), np.float64(4023.4), np.float64(4119.0), np.float64(4200.0), np.float64(4245.0), np.float64(4367.0), np.float64(4484.333333333333), np.float64(4558.0), np.float64(4802.2), np.float64(5035.5), np.float64(5098.0), np.float64(5235.5), np.float64(5319.833333333333), np.float64(5456.8), np.float64(5561.0), np.float64(5634.0)]","[1199, 2399, 3599, 4799]",0.17391304347826084,29.38333333333327,00:00:01,1.3622960000000148,0.00022704933333333581
Zheng DBSCAN,Bose,bose_log,400,80.0,"[np.float64(486.0), np.float64(601.6666666666666), np.float64(857.0), np.float64(978.0), np.float64(1233.6666666666667), np.float64(1406.25), np.float64(1772.75), np.float64(1882.0), np.float64(2103.6), np.float64(2353.0), np.float64(2540.0), np.float64(2960.0), np.float64(3112.6), np.float64(3384.0), np.float64(3635.818181818182), np.float64(4086.176470588235), np.float64(4367.0), np.float64(4502.75), np.float64(4802.2), np.float64(5056.333333333333), np.float64(5286.1), np.float64(5456.8), np.float64(5597.5)]","[1199, 2399, 3599, 4799]",0.29629629629629634,30.171212121212136,00:00:01,1.3622960000000148,0.00022704933333333581
Zheng DBSCAN,Bose,bose_log,400,120.0,"[np.float64(572.75), np.float64(857.0), np.float64(978.0), np.float64(1276.8125), np.float64(1949.1), np.float64(2353.0), np.float64(2540.0), np.float64(3055.375), np.float64(3960.1428571428573), np.float64(4802.2), np.float64(5056.333333333333), np.float64(5372.941176470588)]","[1199, 2399, 3599, 4799]",0.375,42.33749999999994,00:00:01,1.3622960000000148,0.00022704933333333581
Zheng DBSCAN,Bose,bose_log,400,160.0,"[np.float64(572.75), np.float64(917.5), np.float64(1276.8125), np.float64(1985.8181818181818), np.float64(2540.0), np.float64(3055.375), np.float64(3960.1428571428573), np.float64(4802.2), np.float64(5325.45)]","[1199, 2399, 3599, 4799]",0.46153846153846156,74.0041666666666,00:00:01,1.3622960000000148,0.00022704933333333581
Zheng DBSCAN,Bose,bose_log,400,200.0,"[np.float64(446.85714285714283), np.float64(1236.888888888889), np.float64(2032.0), np.float64(3055.375), np.float64(3960.1428571428573), np.float64(4802.2), np.float64(5325.45)]","[1199, 2399, 3599, 4799]",0.36363636363636365,20.544444444444366,00:00:01,1.3622960000000148,0.00022704933333333581
Zheng DBSCAN,Ceravolo,sudden_trace_noise10_1000_ROI,400,40.0,[np.float64(448.5)],[499],1.0,50.5,00:00:00,0.2244414000000461,0.00022444140000004608
Zheng DBSCAN,Ceravolo,sudden_trace_noise10_1000_ROI,400,80.0,[np.float64(448.5)],[499],1.0,50.5,00:00:00,0.2244414000000461,0.00022444140000004608
Zheng DBSCAN,Ceravolo,sudden_trace_noise10_1000_ROI,400,120.0,[np.float64(448.5)],[499],1.0,50.5,00:00:00,0.2244414000000461,0.00022444140000004608
Zheng DBSCAN,Ceravolo,sudden_trace_noise10_1000_ROI,400,160.0,[np.float64(448.5)],[499],1.0,50.5,00:00:00,0.2244414000000461,0.00022444140000004608
Zheng DBSCAN,Ceravolo,sudden_trace_noise10_1000_ROI,400,200.0,[np.float64(448.5)],[499],1.0,50.5,00:00:00,0.2244414000000461,0.00022444140000004608
Zheng DBSCAN,Ceravolo,sudden_trace_noise10_1000_rp,400,40.0,[np.float64(449.0)],[499],1.0,50.0,00:00:00,0.23245640000004641,0.0002324564000000464
Zheng DBSCAN,Ceravolo,sudden_trace_noise10_1000_rp,400,80.0,[np.float64(449.0)],[499],1.0,50.0,00:00:00,0.23245640000004641,0.0002324564000000464
Zheng DBSCAN,Ceravolo,sudden_trace_noise10_1000_rp,400,120.0,[np.float64(449.0)],[499],1.0,50.0,00:00:00,0.23245640000004641,0.0002324564000000464
Zheng DBSCAN,Ceravolo,sudden_trace_noise10_1000_rp,400,160.0,[np.float64(449.0)],[499],1.0,50.0,00:00:00,0.23245640000004641,0.0002324564000000464
Zheng DBSCAN,Ceravolo,sudden_trace_noise10_1000_rp,400,200.0,[np.float64(449.0)],[499],1.0,50.0,00:00:00,0.23245640000004641,0.0002324564000000464
Zheng DBSCAN,Ceravolo,sudden_trace_noise20_1000_RIO,600,60.0,[],[499],,,00:00:00,0.242775599999959,0.000242775599999959
Zheng DBSCAN,Ceravolo,sudden_trace_noise20_1000_RIO,600,120.0,[],[499],,,00:00:00,0.242775599999959,0.000242775599999959
Zheng DBSCAN,Ceravolo,sudden_trace_noise20_1000_RIO,600,180.0,[],[499],,,00:00:00,0.242775599999959,0.000242775599999959
Zheng DBSCAN,Ceravolo,sudden_trace_noise20_1000_RIO,600,240.0,[],[499],,,00:00:00,0.242775599999959,0.000242775599999959
Zheng DBSCAN,Ceravolo,sudden_trace_noise20_1000_RIO,600,300.0,[],[499],,,00:00:00,0.242775599999959,0.000242775599999959
Zheng DBSCAN,Ceravolo,sudden_trace_noise5_1000_re,500,50.0,[],[499],,,00:00:00,0.20605999999997948,0.00020605999999997947
Zheng DBSCAN,Ceravolo,sudden_trace_noise5_1000_re,500,100.0,[],[499],,,00:00:00,0.20605999999997948,0.00020605999999997947
Zheng DBSCAN,Ceravolo,sudden_trace_noise5_1000_re,500,150.0,[],[499],,,00:00:00,0.20605999999997948,0.00020605999999997947
Zheng DBSCAN,Ceravolo,sudden_trace_noise5_1000_re,500,200.0,[],[499],,,00:00:00,0.20605999999997948,0.00020605999999997947
Zheng DBSCAN,Ceravolo,sudden_trace_noise5_1000_re,500,250.0,[],[499],,,00:00:00,0.20605999999997948,0.00020605999999997947
Zheng DBSCAN,Ceravolo,sudden_trace_noise15_1000_sw,300,30.0,[np.float64(451.3333333333333)],[499],1.0,47.666666666666686,00:00:00,0.1794931000000588,0.0001794931000000588
Zheng DBSCAN,Ceravolo,sudden_trace_noise15_1000_sw,300,60.0,[np.float64(451.3333333333333)],[499],1.0,47.666666666666686,00:00:00,0.1794931000000588,0.0001794931000000588
Zheng DBSCAN,Ceravolo,sudden_trace_noise15_1000_sw,300,90.0,[np.float64(451.3333333333333)],[499],1.0,47.666666666666686,00:00:00,0.1794931000000588,0.0001794931000000588
Zheng DBSCAN,Ceravolo,sudden_trace_noise15_1000_sw,300,120.0,[np.float64(451.3333333333333)],[499],1.0,47.666666666666686,00:00:00,0.1794931000000588,0.0001794931000000588
Zheng DBSCAN,Ceravolo,sudden_trace_noise15_1000_sw,300,150.0,[np.float64(451.3333333333333)],[499],1.0,47.666666666666686,00:00:00,0.1794931000000588,0.0001794931000000588
Zheng DBSCAN,Ostovar,Nested_ROI_output_ROI,600,60.0,"[np.float64(948.6), np.float64(1068.0), np.float64(1927.3)]","[999, 1999]",0.8,61.05000000000001,00:00:04,4.820208999999977,0.0016072720906968913
Zheng DBSCAN,Ostovar,Nested_ROI_output_ROI,600,120.0,"[np.float64(959.4545454545455), np.float64(1927.3)]","[999, 1999]",1.0,55.622727272727275,00:00:04,4.820208999999977,0.0016072720906968913
Zheng DBSCAN,Ostovar,Nested_ROI_output_ROI,600,180.0,"[np.float64(959.4545454545455), np.float64(1927.3)]","[999, 1999]",1.0,55.622727272727275,00:00:04,4.820208999999977,0.0016072720906968913
Zheng DBSCAN,Ostovar,Nested_ROI_output_ROI,600,240.0,"[np.float64(959.4545454545455), np.float64(1927.3)]","[999, 1999]",1.0,55.622727272727275,00:00:04,4.820208999999977,0.0016072720906968913
Zheng DBSCAN,Ostovar,Nested_ROI_output_ROI,600,300.0,"[np.float64(959.4545454545455), np.float64(1927.3)]","[999, 1999]",1.0,55.622727272727275,00:00:04,4.820208999999977,0.0016072720906968913
Zheng DBSCAN,Ceravolo,sudden_trace_noise10_1000_pm,700,70.0,[],[499],,,00:00:00,0.17549990000009075,0.00017549990000009075
Zheng DBSCAN,Ceravolo,sudden_trace_noise10_1000_pm,700,140.0,[],[499],,,00:00:00,0.17549990000009075,0.00017549990000009075
Zheng DBSCAN,Ceravolo,sudden_trace_noise10_1000_pm,700,210.0,[],[499],,,00:00:00,0.17549990000009075,0.00017549990000009075
Zheng DBSCAN,Ceravolo,sudden_trace_noise10_1000_pm,700,280.0,[],[499],,,00:00:00,0.17549990000009075,0.00017549990000009075
Zheng DBSCAN,Ceravolo,sudden_trace_noise10_1000_pm,700,350.0,[],[499],,,00:00:00,0.17549990000009075,0.00017549990000009075
Zheng DBSCAN,Ostovar,Nested_IOR_output_IOR_5,400,40.0,[np.float64(1515.1982537236775)],"[999, 1999]",,,00:00:07,7.9610625000000255,0.0026545723574524925
Zheng DBSCAN,Ostovar,Nested_IOR_output_IOR_5,400,80.0,[np.float64(1515.1982537236775)],"[999, 1999]",,,00:00:07,7.9610625000000255,0.0026545723574524925
Zheng DBSCAN,Ostovar,Nested_IOR_output_IOR_5,400,120.0,[np.float64(1515.1982537236775)],"[999, 1999]",,,00:00:07,7.9610625000000255,0.0026545723574524925
Zheng DBSCAN,Ostovar,Nested_IOR_output_IOR_5,400,160.0,[np.float64(1515.1982537236775)],"[999, 1999]",,,00:00:07,7.9610625000000255,0.0026545723574524925
Zheng DBSCAN,Ostovar,Nested_IOR_output_IOR_5,400,200.0,[np.float64(1515.1982537236775)],"[999, 1999]",,,00:00:07,7.9610625000000255,0.0026545723574524925
Zheng DBSCAN,Ostovar,Atomic_ParallelToSequence_output_ParallelToSequence_5,800,80.0,[np.float64(1479.5956061838892)],"[999, 1999]",,,00:00:06,6.33986189999996,0.0021139919639879827
Zheng DBSCAN,Ostovar,Atomic_ParallelToSequence_output_ParallelToSequence_5,800,160.0,[np.float64(1479.5956061838892)],"[999, 1999]",,,00:00:06,6.33986189999996,0.0021139919639879827
Zheng DBSCAN,Ostovar,Atomic_ParallelToSequence_output_ParallelToSequence_5,800,240.0,[np.float64(1479.5956061838892)],"[999, 1999]",,,00:00:06,6.33986189999996,0.0021139919639879827
Zheng DBSCAN,Ostovar,Atomic_ParallelToSequence_output_ParallelToSequence_5,800,320.0,[np.float64(1479.5956061838892)],"[999, 1999]",,,00:00:06,6.33986189999996,0.0021139919639879827
Zheng DBSCAN,Ostovar,Atomic_ParallelToSequence_output_ParallelToSequence_5,800,400.0,[np.float64(1479.5956061838892)],"[999, 1999]",,,00:00:06,6.33986189999996,0.0021139919639879827
Zheng DBSCAN,Ostovar,Composite_ORI_output_ORI_2,700,70.0,[np.float64(1516.2681336593316)],"[999, 1999]",,,00:00:07,7.017776900000058,0.002340038979659906
Zheng DBSCAN,Ostovar,Composite_ORI_output_ORI_2,700,140.0,[np.float64(1516.2681336593316)],"[999, 1999]",,,00:00:07,7.017776900000058,0.002340038979659906
Zheng DBSCAN,Ostovar,Composite_ORI_output_ORI_2,700,210.0,[np.float64(1516.2681336593316)],"[999, 1999]",,,00:00:07,7.017776900000058,0.002340038979659906
Zheng DBSCAN,Ostovar,Composite_ORI_output_ORI_2,700,280.0,[np.float64(1516.2681336593316)],"[999, 1999]",,,00:00:07,7.017776900000058,0.002340038979659906
Zheng DBSCAN,Ostovar,Composite_ORI_output_ORI_2,700,350.0,[np.float64(1516.2681336593316)],"[999, 1999]",,,00:00:07,7.017776900000058,0.002340038979659906
Zheng DBSCAN,Ceravolo,sudden_trace_noise10_1000_IRO,300,30.0,[np.float64(448.6666666666667)],[499],1.0,50.333333333333314,00:00:00,0.2258387000000539,0.0002258387000000539
Zheng DBSCAN,Ceravolo,sudden_trace_noise10_1000_IRO,300,60.0,[np.float64(448.6666666666667)],[499],1.0,50.333333333333314,00:00:00,0.2258387000000539,0.0002258387000000539
Zheng DBSCAN,Ceravolo,sudden_trace_noise10_1000_IRO,300,90.0,[np.float64(448.6666666666667)],[499],1.0,50.333333333333314,00:00:00,0.2258387000000539,0.0002258387000000539
Zheng DBSCAN,Ceravolo,sudden_trace_noise10_1000_IRO,300,120.0,[np.float64(448.6666666666667)],[499],1.0,50.333333333333314,00:00:00,0.2258387000000539,0.0002258387000000539
Zheng DBSCAN,Ceravolo,sudden_trace_noise10_1000_IRO,300,150.0,[np.float64(448.6666666666667)],[499],1.0,50.333333333333314,00:00:00,0.2258387000000539,0.0002258387000000539
Zheng DBSCAN,Ceravolo,sudden_trace_noise15_1000_re,700,70.0,[],[499],,,00:00:00,0.18105739999998605,0.00018105739999998605
Zheng DBSCAN,Ceravolo,sudden_trace_noise15_1000_re,700,140.0,[],[499],,,00:00:00,0.18105739999998605,0.00018105739999998605
Zheng DBSCAN,Ceravolo,sudden_trace_noise15_1000_re,700,210.0,[],[499],,,00:00:00,0.18105739999998605,0.00018105739999998605
Zheng DBSCAN,Ceravolo,sudden_trace_noise15_1000_re,700,280.0,[],[499],,,00:00:00,0.18105739999998605,0.00018105739999998605
Zheng DBSCAN,Ceravolo,sudden_trace_noise15_1000_re,700,350.0,[],[499],,,00:00:00,0.18105739999998605,0.00018105739999998605
Zheng DBSCAN,Ceravolo,sudden_trace_noise5_1000_cb,500,50.0,[],[499],,,00:00:00,0.20457520000002205,0.00020457520000002205
Zheng DBSCAN,Ceravolo,sudden_trace_noise5_1000_cb,500,100.0,[],[499],,,00:00:00,0.20457520000002205,0.00020457520000002205
Zheng DBSCAN,Ceravolo,sudden_trace_noise5_1000_cb,500,150.0,[],[499],,,00:00:00,0.20457520000002205,0.00020457520000002205
Zheng DBSCAN,Ceravolo,sudden_trace_noise5_1000_cb,500,200.0,[],[499],,,00:00:00,0.20457520000002205,0.00020457520000002205
Zheng DBSCAN,Ceravolo,sudden_trace_noise5_1000_cb,500,250.0,[],[499],,,00:00:00,0.20457520000002205,0.00020457520000002205
Zheng DBSCAN,Ceravolo,sudden_trace_noise10_1000_IOR,700,70.0,[],[499],,,00:00:00,0.24481790000004366,0.00024481790000004366
Zheng DBSCAN,Ceravolo,sudden_trace_noise10_1000_IOR,700,140.0,[],[499],,,00:00:00,0.24481790000004366,0.00024481790000004366
Zheng DBSCAN,Ceravolo,sudden_trace_noise10_1000_IOR,700,210.0,[],[499],,,00:00:00,0.24481790000004366,0.00024481790000004366
Zheng DBSCAN,Ceravolo,sudden_trace_noise10_1000_IOR,700,280.0,[],[499],,,00:00:00,0.24481790000004366,0.00024481790000004366
Zheng DBSCAN,Ceravolo,sudden_trace_noise10_1000_IOR,700,350.0,[],[499],,,00:00:00,0.24481790000004366,0.00024481790000004366
Zheng DBSCAN,Ostovar,Nested_RIO_output_RIO_5,300,30.0,[np.float64(1489.237854251012)],"[999, 1999]",,,00:00:08,8.13234890000001,0.002711686862287433
Zheng DBSCAN,Ostovar,Nested_RIO_output_RIO_5,300,60.0,[np.float64(1489.237854251012)],"[999, 1999]",,,00:00:08,8.13234890000001,0.002711686862287433
Zheng DBSCAN,Ostovar,Nested_RIO_output_RIO_5,300,90.0,[np.float64(1489.237854251012)],"[999, 1999]",,,00:00:08,8.13234890000001,0.002711686862287433
Zheng DBSCAN,Ostovar,Nested_RIO_output_RIO_5,300,120.0,[np.float64(1489.237854251012)],"[999, 1999]",,,00:00:08,8.13234890000001,0.002711686862287433
Zheng DBSCAN,Ostovar,Nested_RIO_output_RIO_5,300,150.0,[np.float64(1489.237854251012)],"[999, 1999]",,,00:00:08,8.13234890000001,0.002711686862287433
Zheng DBSCAN,Ostovar,Nested_RIO_output_RIO_2,400,40.0,[np.float64(1506.9495081967214)],"[999, 1999]",,,00:00:07,7.938575199999946,0.00264707409136377
Zheng DBSCAN,Ostovar,Nested_RIO_output_RIO_2,400,80.0,[np.float64(1506.9495081967214)],"[999, 1999]",,,00:00:07,7.938575199999946,0.00264707409136377
Zheng DBSCAN,Ostovar,Nested_RIO_output_RIO_2,400,120.0,[np.float64(1506.9495081967214)],"[999, 1999]",,,00:00:07,7.938575199999946,0.00264707409136377
Zheng DBSCAN,Ostovar,Nested_RIO_output_RIO_2,400,160.0,[np.float64(1506.9495081967214)],"[999, 1999]",,,00:00:07,7.938575199999946,0.00264707409136377
Zheng DBSCAN,Ostovar,Nested_RIO_output_RIO_2,400,200.0,[np.float64(1506.9495081967214)],"[999, 1999]",,,00:00:07,7.938575199999946,0.00264707409136377
Zheng DBSCAN,Ceravolo,sudden_trace_noise20_1000_sw,700,70.0,[],[499],,,00:00:00,0.20143470000004982,0.00020143470000004982
Zheng DBSCAN,Ceravolo,sudden_trace_noise20_1000_sw,700,140.0,[],[499],,,00:00:00,0.20143470000004982,0.00020143470000004982
Zheng DBSCAN,Ceravolo,sudden_trace_noise20_1000_sw,700,210.0,[],[499],,,00:00:00,0.20143470000004982,0.00020143470000004982
Zheng DBSCAN,Ceravolo,sudden_trace_noise20_1000_sw,700,280.0,[],[499],,,00:00:00,0.20143470000004982,0.00020143470000004982
Zheng DBSCAN,Ceravolo,sudden_trace_noise20_1000_sw,700,350.0,[],[499],,,00:00:00,0.20143470000004982,0.00020143470000004982
Zheng DBSCAN,Ceravolo,sudden_trace_noise5_1000_sw,700,70.0,[],[499],,,00:00:00,0.19254379999995308,0.00019254379999995307
Zheng DBSCAN,Ceravolo,sudden_trace_noise5_1000_sw,700,140.0,[],[499],,,00:00:00,0.19254379999995308,0.00019254379999995307
Zheng DBSCAN,Ceravolo,sudden_trace_noise5_1000_sw,700,210.0,[],[499],,,00:00:00,0.19254379999995308,0.00019254379999995307
Zheng DBSCAN,Ceravolo,sudden_trace_noise5_1000_sw,700,280.0,[],[499],,,00:00:00,0.19254379999995308,0.00019254379999995307
Zheng DBSCAN,Ceravolo,sudden_trace_noise5_1000_sw,700,350.0,[],[499],,,00:00:00,0.19254379999995308,0.00019254379999995307
Zheng DBSCAN,Ostovar,Atomic_ConditionalToSequence_output_ConditionalToSequence_2,300,30.0,[np.float64(1504.5666666666666)],"[999, 1999]",,,00:00:06,6.323626500000046,0.0021085783594531663
Zheng DBSCAN,Ostovar,Atomic_ConditionalToSequence_output_ConditionalToSequence_2,300,60.0,[np.float64(1504.5666666666666)],"[999, 1999]",,,00:00:06,6.323626500000046,0.0021085783594531663
Zheng DBSCAN,Ostovar,Atomic_ConditionalToSequence_output_ConditionalToSequence_2,300,90.0,[np.float64(1504.5666666666666)],"[999, 1999]",,,00:00:06,6.323626500000046,0.0021085783594531663
Zheng DBSCAN,Ostovar,Atomic_ConditionalToSequence_output_ConditionalToSequence_2,300,120.0,[np.float64(1504.5666666666666)],"[999, 1999]",,,00:00:06,6.323626500000046,0.0021085783594531663
Zheng DBSCAN,Ostovar,Atomic_ConditionalToSequence_output_ConditionalToSequence_2,300,150.0,[np.float64(1504.5666666666666)],"[999, 1999]",,,00:00:06,6.323626500000046,0.0021085783594531663
Zheng DBSCAN,Ceravolo,sudden_trace_noise5_1000_OIR,500,50.0,[],[499],,,00:00:00,0.21480850000000373,0.00021480850000000373
Zheng DBSCAN,Ceravolo,sudden_trace_noise5_1000_OIR,500,100.0,[],[499],,,00:00:00,0.21480850000000373,0.00021480850000000373
Zheng DBSCAN,Ceravolo,sudden_trace_noise5_1000_OIR,500,150.0,[],[499],,,00:00:00,0.21480850000000373,0.00021480850000000373
Zheng DBSCAN,Ceravolo,sudden_trace_noise5_1000_OIR,500,200.0,[],[499],,,00:00:00,0.21480850000000373,0.00021480850000000373
Zheng DBSCAN,Ceravolo,sudden_trace_noise5_1000_OIR,500,250.0,[],[499],,,00:00:00,0.21480850000000373,0.00021480850000000373
Zheng DBSCAN,Ostovar,Composite_ROI_output_ROI_5,800,80.0,[np.float64(1509.8132841328413)],"[999, 1999]",,,00:00:06,6.98778829999992,0.002330039446482134
Zheng DBSCAN,Ostovar,Composite_ROI_output_ROI_5,800,160.0,[np.float64(1509.8132841328413)],"[999, 1999]",,,00:00:06,6.98778829999992,0.002330039446482134
Zheng DBSCAN,Ostovar,Composite_ROI_output_ROI_5,800,240.0,[np.float64(1509.8132841328413)],"[999, 1999]",,,00:00:06,6.98778829999992,0.002330039446482134
Zheng DBSCAN,Ostovar,Composite_ROI_output_ROI_5,800,320.0,[np.float64(1509.8132841328413)],"[999, 1999]",,,00:00:06,6.98778829999992,0.002330039446482134
Zheng DBSCAN,Ostovar,Composite_ROI_output_ROI_5,800,400.0,[np.float64(1509.8132841328413)],"[999, 1999]",,,00:00:06,6.98778829999992,0.002330039446482134
Zheng DBSCAN,Ostovar,Composite_OIR_output_OIR,400,40.0,"[np.float64(943.2380952380952), np.float64(1930.1176470588234)]","[999, 1999]",1.0,62.3221288515407,00:00:05,5.813649499999997,0.0019385293431143705
Zheng DBSCAN,Ostovar,Composite_OIR_output_OIR,400,80.0,"[np.float64(943.2380952380952), np.float64(1930.1176470588234)]","[999, 1999]",1.0,62.3221288515407,00:00:05,5.813649499999997,0.0019385293431143705
Zheng DBSCAN,Ostovar,Composite_OIR_output_OIR,400,120.0,"[np.float64(943.2380952380952), np.float64(1930.1176470588234)]","[999, 1999]",1.0,62.3221288515407,00:00:05,5.813649499999997,0.0019385293431143705
Zheng DBSCAN,Ostovar,Composite_OIR_output_OIR,400,160.0,"[np.float64(943.2380952380952), np.float64(1930.1176470588234)]","[999, 1999]",1.0,62.3221288515407,00:00:05,5.813649499999997,0.0019385293431143705
Zheng DBSCAN,Ostovar,Composite_OIR_output_OIR,400,200.0,"[np.float64(943.2380952380952), np.float64(1930.1176470588234)]","[999, 1999]",1.0,62.3221288515407,00:00:05,5.813649499999997,0.0019385293431143705
Zheng DBSCAN,Ceravolo,sudden_trace_noise15_1000_OIR,300,30.0,[np.float64(448.0)],[499],1.0,51.0,00:00:00,0.22914670000000115,0.00022914670000000114
Zheng DBSCAN,Ceravolo,sudden_trace_noise15_1000_OIR,300,60.0,[np.float64(448.0)],[499],1.0,51.0,00:00:00,0.22914670000000115,0.00022914670000000114
Zheng DBSCAN,Ceravolo,sudden_trace_noise15_1000_OIR,300,90.0,[np.float64(448.0)],[499],1.0,51.0,00:00:00,0.22914670000000115,0.00022914670000000114
Zheng DBSCAN,Ceravolo,sudden_trace_noise15_1000_OIR,300,120.0,[np.float64(448.0)],[499],1.0,51.0,00:00:00,0.22914670000000115,0.00022914670000000114
Zheng DBSCAN,Ceravolo,sudden_trace_noise15_1000_OIR,300,150.0,[np.float64(448.0)],[499],1.0,51.0,00:00:00,0.22914670000000115,0.00022914670000000114
Zheng DBSCAN,Ostovar,Atomic_ConditionalMove_output_ConditionalMove_2,300,30.0,[np.float64(1512.5533333333333)],"[999, 1999]",,,00:00:07,7.260171400000104,0.0024208640880293776
Zheng DBSCAN,Ostovar,Atomic_ConditionalMove_output_ConditionalMove_2,300,60.0,[np.float64(1512.5533333333333)],"[999, 1999]",,,00:00:07,7.260171400000104,0.0024208640880293776
Zheng DBSCAN,Ostovar,Atomic_ConditionalMove_output_ConditionalMove_2,300,90.0,[np.float64(1512.5533333333333)],"[999, 1999]",,,00:00:07,7.260171400000104,0.0024208640880293776
Zheng DBSCAN,Ostovar,Atomic_ConditionalMove_output_ConditionalMove_2,300,120.0,[np.float64(1512.5533333333333)],"[999, 1999]",,,00:00:07,7.260171400000104,0.0024208640880293776
Zheng DBSCAN,Ostovar,Atomic_ConditionalMove_output_ConditionalMove_2,300,150.0,[np.float64(1512.5533333333333)],"[999, 1999]",,,00:00:07,7.260171400000104,0.0024208640880293776
Zheng DBSCAN,Ostovar,Atomic_ParallelMove_output_ParallelMove,600,60.0,"[np.float64(933.0), np.float64(1919.111111111111)]","[999, 1999]",1.0,72.94444444444446,00:00:05,5.948171699999989,0.001983385028342777
Zheng DBSCAN,Ostovar,Atomic_ParallelMove_output_ParallelMove,600,120.0,"[np.float64(933.0), np.float64(1919.111111111111)]","[999, 1999]",1.0,72.94444444444446,00:00:05,5.948171699999989,0.001983385028342777
Zheng DBSCAN,Ostovar,Atomic_ParallelMove_output_ParallelMove,600,180.0,"[np.float64(933.0), np.float64(1919.111111111111)]","[999, 1999]",1.0,72.94444444444446,00:00:05,5.948171699999989,0.001983385028342777
Zheng DBSCAN,Ostovar,Atomic_ParallelMove_output_ParallelMove,600,240.0,"[np.float64(933.0), np.float64(1919.111111111111)]","[999, 1999]",1.0,72.94444444444446,00:00:05,5.948171699999989,0.001983385028342777
Zheng DBSCAN,Ostovar,Atomic_ParallelMove_output_ParallelMove,600,300.0,"[np.float64(933.0), np.float64(1919.111111111111)]","[999, 1999]",1.0,72.94444444444446,00:00:05,5.948171699999989,0.001983385028342777
Zheng DBSCAN,Ostovar,Atomic_Skip_output_Skip,400,40.0,"[np.float64(919.0), np.float64(1952.0)]","[999, 1999]",1.0,63.5,00:00:04,4.666970900000024,0.0015561756918973072
Zheng DBSCAN,Ostovar,Atomic_Skip_output_Skip,400,80.0,"[np.float64(919.0), np.float64(1952.0)]","[999, 1999]",1.0,63.5,00:00:04,4.666970900000024,0.0015561756918973072
Zheng DBSCAN,Ostovar,Atomic_Skip_output_Skip,400,120.0,"[np.float64(919.0), np.float64(1952.0)]","[999, 1999]",1.0,63.5,00:00:04,4.666970900000024,0.0015561756918973072
Zheng DBSCAN,Ostovar,Atomic_Skip_output_Skip,400,160.0,"[np.float64(919.0), np.float64(1952.0)]","[999, 1999]",1.0,63.5,00:00:04,4.666970900000024,0.0015561756918973072
Zheng DBSCAN,Ostovar,Atomic_Skip_output_Skip,400,200.0,"[np.float64(919.0), np.float64(1952.0)]","[999, 1999]",1.0,63.5,00:00:04,4.666970900000024,0.0015561756918973072
Zheng DBSCAN,Ostovar,Atomic_Skip_output_Skip_5,700,70.0,[np.float64(1491.0284256559767)],"[999, 1999]",,,00:00:06,6.180485900000008,0.002060848916305438
Zheng DBSCAN,Ostovar,Atomic_Skip_output_Skip_5,700,140.0,[np.float64(1491.0284256559767)],"[999, 1999]",,,00:00:06,6.180485900000008,0.002060848916305438
Zheng DBSCAN,Ostovar,Atomic_Skip_output_Skip_5,700,210.0,[np.float64(1491.0284256559767)],"[999, 1999]",,,00:00:06,6.180485900000008,0.002060848916305438
Zheng DBSCAN,Ostovar,Atomic_Skip_output_Skip_5,700,280.0,[np.float64(1491.0284256559767)],"[999, 1999]",,,00:00:06,6.180485900000008,0.002060848916305438
Zheng DBSCAN,Ostovar,Atomic_Skip_output_Skip_5,700,350.0,[np.float64(1491.0284256559767)],"[999, 1999]",,,00:00:06,6.180485900000008,0.002060848916305438
Zheng DBSCAN,Ostovar,Atomic_ConditionalToSequence_output_ConditionalToSequence_5,600,60.0,[np.float64(1501.9309887193099)],"[999, 1999]",,,00:00:06,6.421004399999902,0.0021410484828275765
Zheng DBSCAN,Ostovar,Atomic_ConditionalToSequence_output_ConditionalToSequence_5,600,120.0,[np.float64(1501.9309887193099)],"[999, 1999]",,,00:00:06,6.421004399999902,0.0021410484828275765
Zheng DBSCAN,Ostovar,Atomic_ConditionalToSequence_output_ConditionalToSequence_5,600,180.0,[np.float64(1501.9309887193099)],"[999, 1999]",,,00:00:06,6.421004399999902,0.0021410484828275765
Zheng DBSCAN,Ostovar,Atomic_ConditionalToSequence_output_ConditionalToSequence_5,600,240.0,[np.float64(1501.9309887193099)],"[999, 1999]",,,00:00:06,6.421004399999902,0.0021410484828275765
Zheng DBSCAN,Ostovar,Atomic_ConditionalToSequence_output_ConditionalToSequence_5,600,300.0,[np.float64(1501.9309887193099)],"[999, 1999]",,,00:00:06,6.421004399999902,0.0021410484828275765
Zheng DBSCAN,Ceravolo,sudden_trace_noise20_1000_pl,700,70.0,[],[499],,,00:00:00,0.2044648999999481,0.00020446489999994812
Zheng DBSCAN,Ceravolo,sudden_trace_noise20_1000_pl,700,140.0,[],[499],,,00:00:00,0.2044648999999481,0.00020446489999994812
Zheng DBSCAN,Ceravolo,sudden_trace_noise20_1000_pl,700,210.0,[],[499],,,00:00:00,0.2044648999999481,0.00020446489999994812
Zheng DBSCAN,Ceravolo,sudden_trace_noise20_1000_pl,700,280.0,[],[499],,,00:00:00,0.2044648999999481,0.00020446489999994812
Zheng DBSCAN,Ceravolo,sudden_trace_noise20_1000_pl,700,350.0,[],[499],,,00:00:00,0.2044648999999481,0.00020446489999994812
Zheng DBSCAN,Ostovar,Nested_ORI_output_ORI,400,40.0,"[np.float64(929.0), np.float64(1934.8)]","[999, 1999]",1.0,67.10000000000002,00:00:06,6.042408499999965,0.0020148077692564072
Zheng DBSCAN,Ostovar,Nested_ORI_output_ORI,400,80.0,"[np.float64(929.0), np.float64(1934.8)]","[999, 1999]",1.0,67.10000000000002,00:00:06,6.042408499999965,0.0020148077692564072
Zheng DBSCAN,Ostovar,Nested_ORI_output_ORI,400,120.0,"[np.float64(929.0), np.float64(1934.8)]","[999, 1999]",1.0,67.10000000000002,00:00:06,6.042408499999965,0.0020148077692564072
Zheng DBSCAN,Ostovar,Nested_ORI_output_ORI,400,160.0,"[np.float64(929.0), np.float64(1934.8)]","[999, 1999]",1.0,67.10000000000002,00:00:06,6.042408499999965,0.0020148077692564072
Zheng DBSCAN,Ostovar,Nested_ORI_output_ORI,400,200.0,"[np.float64(929.0), np.float64(1934.8)]","[999, 1999]",1.0,67.10000000000002,00:00:06,6.042408499999965,0.0020148077692564072
Zheng DBSCAN,Ostovar,Composite_IOR_output_IOR,700,70.0,"[np.float64(938.7692307692307), np.float64(1939.3846153846155)]","[999, 1999]",1.0,59.923076923076906,00:00:04,4.244623199999978,0.0014153461820606795
Zheng DBSCAN,Ostovar,Composite_IOR_output_IOR,700,140.0,"[np.float64(938.7692307692307), np.float64(1939.3846153846155)]","[999, 1999]",1.0,59.923076923076906,00:00:04,4.244623199999978,0.0014153461820606795
Zheng DBSCAN,Ostovar,Composite_IOR_output_IOR,700,210.0,"[np.float64(938.7692307692307), np.float64(1939.3846153846155)]","[999, 1999]",1.0,59.923076923076906,00:00:04,4.244623199999978,0.0014153461820606795
Zheng DBSCAN,Ostovar,Composite_IOR_output_IOR,700,280.0,"[np.float64(938.7692307692307), np.float64(1939.3846153846155)]","[999, 1999]",1.0,59.923076923076906,00:00:04,4.244623199999978,0.0014153461820606795
Zheng DBSCAN,Ostovar,Composite_IOR_output_IOR,700,350.0,"[np.float64(938.7692307692307), np.float64(1939.3846153846155)]","[999, 1999]",1.0,59.923076923076906,00:00:04,4.244623199999978,0.0014153461820606795
Zheng DBSCAN,Ceravolo,sudden_trace_noise15_1000_pl,800,80.0,[],[499],,,00:00:00,0.19963859999995748,0.0001996385999999575
Zheng DBSCAN,Ceravolo,sudden_trace_noise15_1000_pl,800,160.0,[],[499],,,00:00:00,0.19963859999995748,0.0001996385999999575
Zheng DBSCAN,Ceravolo,sudden_trace_noise15_1000_pl,800,240.0,[],[499],,,00:00:00,0.19963859999995748,0.0001996385999999575
Zheng DBSCAN,Ceravolo,sudden_trace_noise15_1000_pl,800,320.0,[],[499],,,00:00:00,0.19963859999995748,0.0001996385999999575
Zheng DBSCAN,Ceravolo,sudden_trace_noise15_1000_pl,800,400.0,[],[499],,,00:00:00,0.19963859999995748,0.0001996385999999575
Zheng DBSCAN,Ceravolo,sudden_trace_noise20_1000_pl,800,80.0,[],[499],,,00:00:00,0.2132268999999951,0.0002132268999999951
Zheng DBSCAN,Ceravolo,sudden_trace_noise20_1000_pl,800,160.0,[],[499],,,00:00:00,0.2132268999999951,0.0002132268999999951
Zheng DBSCAN,Ceravolo,sudden_trace_noise20_1000_pl,800,240.0,[],[499],,,00:00:00,0.2132268999999951,0.0002132268999999951
Zheng DBSCAN,Ceravolo,sudden_trace_noise20_1000_pl,800,320.0,[],[499],,,00:00:00,0.2132268999999951,0.0002132268999999951
Zheng DBSCAN,Ceravolo,sudden_trace_noise20_1000_pl,800,400.0,[],[499],,,00:00:00,0.2132268999999951,0.0002132268999999951
Zheng DBSCAN,Ostovar,Nested_ORI_output_ORI_2,300,30.0,[np.float64(1499.3955757970073)],"[999, 1999]",,,00:00:07,7.36762699999997,0.0024566945648549416
Zheng DBSCAN,Ostovar,Nested_ORI_output_ORI_2,300,60.0,[np.float64(1499.3955757970073)],"[999, 1999]",,,00:00:07,7.36762699999997,0.0024566945648549416
Zheng DBSCAN,Ostovar,Nested_ORI_output_ORI_2,300,90.0,[np.float64(1499.3955757970073)],"[999, 1999]",,,00:00:07,7.36762699999997,0.0024566945648549416
Zheng DBSCAN,Ostovar,Nested_ORI_output_ORI_2,300,120.0,[np.float64(1499.3955757970073)],"[999, 1999]",,,00:00:07,7.36762699999997,0.0024566945648549416
Zheng DBSCAN,Ostovar,Nested_ORI_output_ORI_2,300,150.0,[np.float64(1499.3955757970073)],"[999, 1999]",,,00:00:07,7.36762699999997,0.0024566945648549416
Zheng DBSCAN,Ostovar,Atomic_ParallelRemoval_output_ParallelRemoval,500,50.0,"[np.float64(933.5), np.float64(1940.3333333333333)]","[999, 1999]",1.0,62.08333333333337,00:00:04,4.716990699999997,0.001572854518172723
Zheng DBSCAN,Ostovar,Atomic_ParallelRemoval_output_ParallelRemoval,500,100.0,"[np.float64(933.5), np.float64(1940.3333333333333)]","[999, 1999]",1.0,62.08333333333337,00:00:04,4.716990699999997,0.001572854518172723
Zheng DBSCAN,Ostovar,Atomic_ParallelRemoval_output_ParallelRemoval,500,150.0,"[np.float64(933.5), np.float64(1940.3333333333333)]","[999, 1999]",1.0,62.08333333333337,00:00:04,4.716990699999997,0.001572854518172723
Zheng DBSCAN,Ostovar,Atomic_ParallelRemoval_output_ParallelRemoval,500,200.0,"[np.float64(933.5), np.float64(1940.3333333333333)]","[999, 1999]",1.0,62.08333333333337,00:00:04,4.716990699999997,0.001572854518172723
Zheng DBSCAN,Ostovar,Atomic_ParallelRemoval_output_ParallelRemoval,500,250.0,"[np.float64(933.5), np.float64(1940.3333333333333)]","[999, 1999]",1.0,62.08333333333337,00:00:04,4.716990699999997,0.001572854518172723
Zheng DBSCAN,Ostovar,Atomic_SerialRemoval_output_SerialRemoval,400,40.0,"[np.float64(938.25), np.float64(1935.5)]","[999, 1999]",1.0,62.125,00:00:04,4.666831999999999,0.0015561293764588195
Zheng DBSCAN,Ostovar,Atomic_SerialRemoval_output_SerialRemoval,400,80.0,"[np.float64(938.25), np.float64(1935.5)]","[999, 1999]",1.0,62.125,00:00:04,4.666831999999999,0.0015561293764588195
Zheng DBSCAN,Ostovar,Atomic_SerialRemoval_output_SerialRemoval,400,120.0,"[np.float64(938.25), np.float64(1935.5)]","[999, 1999]",1.0,62.125,00:00:04,4.666831999999999,0.0015561293764588195
Zheng DBSCAN,Ostovar,Atomic_SerialRemoval_output_SerialRemoval,400,160.0,"[np.float64(938.25), np.float64(1935.5)]","[999, 1999]",1.0,62.125,00:00:04,4.666831999999999,0.0015561293764588195
Zheng DBSCAN,Ostovar,Atomic_SerialRemoval_output_SerialRemoval,400,200.0,"[np.float64(938.25), np.float64(1935.5)]","[999, 1999]",1.0,62.125,00:00:04,4.666831999999999,0.0015561293764588195
Zheng DBSCAN,Ceravolo,sudden_trace_noise20_1000_cf,600,60.0,[],[499],,,00:00:00,0.18357570000000578,0.00018357570000000577
Zheng DBSCAN,Ceravolo,sudden_trace_noise20_1000_cf,600,120.0,[],[499],,,00:00:00,0.18357570000000578,0.00018357570000000577
Zheng DBSCAN,Ceravolo,sudden_trace_noise20_1000_cf,600,180.0,[],[499],,,00:00:00,0.18357570000000578,0.00018357570000000577
Zheng DBSCAN,Ceravolo,sudden_trace_noise20_1000_cf,600,240.0,[],[499],,,00:00:00,0.18357570000000578,0.00018357570000000577
Zheng DBSCAN,Ceravolo,sudden_trace_noise20_1000_cf,600,300.0,[],[499],,,00:00:00,0.18357570000000578,0.00018357570000000577
Zheng DBSCAN,Ceravolo,sudden_trace_noise20_1000_pl,500,50.0,[],[499],,,00:00:00,0.19995769999991353,0.00019995769999991354
Zheng DBSCAN,Ceravolo,sudden_trace_noise20_1000_pl,500,100.0,[],[499],,,00:00:00,0.19995769999991353,0.00019995769999991354
Zheng DBSCAN,Ceravolo,sudden_trace_noise20_1000_pl,500,150.0,[],[499],,,00:00:00,0.19995769999991353,0.00019995769999991354
Zheng DBSCAN,Ceravolo,sudden_trace_noise20_1000_pl,500,200.0,[],[499],,,00:00:00,0.19995769999991353,0.00019995769999991354
Zheng DBSCAN,Ceravolo,sudden_trace_noise20_1000_pl,500,250.0,[],[499],,,00:00:00,0.19995769999991353,0.00019995769999991354
Zheng DBSCAN,Ceravolo,sudden_trace_noise15_1000_pl,700,70.0,[],[499],,,00:00:00,0.21736729999997806,0.00021736729999997806
Zheng DBSCAN,Ceravolo,sudden_trace_noise15_1000_pl,700,140.0,[],[499],,,00:00:00,0.21736729999997806,0.00021736729999997806
Zheng DBSCAN,Ceravolo,sudden_trace_noise15_1000_pl,700,210.0,[],[499],,,00:00:00,0.21736729999997806,0.00021736729999997806
Zheng DBSCAN,Ceravolo,sudden_trace_noise15_1000_pl,700,280.0,[],[499],,,00:00:00,0.21736729999997806,0.00021736729999997806
Zheng DBSCAN,Ceravolo,sudden_trace_noise15_1000_pl,700,350.0,[],[499],,,00:00:00,0.21736729999997806,0.00021736729999997806
Zheng DBSCAN,Ceravolo,sudden_trace_noise20_1000_rp,400,40.0,[np.float64(449.0)],[499],1.0,50.0,00:00:00,0.22132430000010572,0.00022132430000010571
Zheng DBSCAN,Ceravolo,sudden_trace_noise20_1000_rp,400,80.0,[np.float64(449.0)],[499],1.0,50.0,00:00:00,0.22132430000010572,0.00022132430000010571
Zheng DBSCAN,Ceravolo,sudden_trace_noise20_1000_rp,400,120.0,[np.float64(449.0)],[499],1.0,50.0,00:00:00,0.22132430000010572,0.00022132430000010571
Zheng DBSCAN,Ceravolo,sudden_trace_noise20_1000_rp,400,160.0,[np.float64(449.0)],[499],1.0,50.0,00:00:00,0.22132430000010572,0.00022132430000010571
Zheng DBSCAN,Ceravolo,sudden_trace_noise20_1000_rp,400,200.0,[np.float64(449.0)],[499],1.0,50.0,00:00:00,0.22132430000010572,0.00022132430000010571
Zheng DBSCAN,Ceravolo,sudden_trace_noise20_1000_cp,700,70.0,[],[499],,,00:00:00,0.20432069999992564,0.00020432069999992564
Zheng DBSCAN,Ceravolo,sudden_trace_noise20_1000_cp,700,140.0,[],[499],,,00:00:00,0.20432069999992564,0.00020432069999992564
Zheng DBSCAN,Ceravolo,sudden_trace_noise20_1000_cp,700,210.0,[],[499],,,00:00:00,0.20432069999992564,0.00020432069999992564
Zheng DBSCAN,Ceravolo,sudden_trace_noise20_1000_cp,700,280.0,[],[499],,,00:00:00,0.20432069999992564,0.00020432069999992564
Zheng DBSCAN,Ceravolo,sudden_trace_noise20_1000_cp,700,350.0,[],[499],,,00:00:00,0.20432069999992564,0.00020432069999992564
Zheng DBSCAN,Ostovar,Atomic_ParallelRemoval_output_ParallelRemoval_2,700,70.0,[np.float64(1505.6709233791748)],"[999, 1999]",,,00:00:06,6.109523400000057,0.0020371868622874483
Zheng DBSCAN,Ostovar,Atomic_ParallelRemoval_output_ParallelRemoval_2,700,140.0,[np.float64(1505.6709233791748)],"[999, 1999]",,,00:00:06,6.109523400000057,0.0020371868622874483
Zheng DBSCAN,Ostovar,Atomic_ParallelRemoval_output_ParallelRemoval_2,700,210.0,[np.float64(1505.6709233791748)],"[999, 1999]",,,00:00:06,6.109523400000057,0.0020371868622874483
Zheng DBSCAN,Ostovar,Atomic_ParallelRemoval_output_ParallelRemoval_2,700,280.0,[np.float64(1505.6709233791748)],"[999, 1999]",,,00:00:06,6.109523400000057,0.0020371868622874483
Zheng DBSCAN,Ostovar,Atomic_ParallelRemoval_output_ParallelRemoval_2,700,350.0,[np.float64(1505.6709233791748)],"[999, 1999]",,,00:00:06,6.109523400000057,0.0020371868622874483
Zheng DBSCAN,Ostovar,Atomic_Frequency_output_Frequency_2,400,40.0,[np.float64(1517.1247379454926)],"[999, 1999]",,,00:00:03,3.3174794000000247,0.0011061951983994747
Zheng DBSCAN,Ostovar,Atomic_Frequency_output_Frequency_2,400,80.0,[np.float64(1517.1247379454926)],"[999, 1999]",,,00:00:03,3.3174794000000247,0.0011061951983994747
Zheng DBSCAN,Ostovar,Atomic_Frequency_output_Frequency_2,400,120.0,[np.float64(1517.1247379454926)],"[999, 1999]",,,00:00:03,3.3174794000000247,0.0011061951983994747
Zheng DBSCAN,Ostovar,Atomic_Frequency_output_Frequency_2,400,160.0,[np.float64(1517.1247379454926)],"[999, 1999]",,,00:00:03,3.3174794000000247,0.0011061951983994747
Zheng DBSCAN,Ostovar,Atomic_Frequency_output_Frequency_2,400,200.0,[np.float64(1517.1247379454926)],"[999, 1999]",,,00:00:03,3.3174794000000247,0.0011061951983994747
Zheng DBSCAN,Ostovar,Nested_OIR_output_OIR,700,70.0,"[np.float64(935.5), np.float64(1935.25)]","[999, 1999]",1.0,63.625,00:00:06,6.107217600000013,0.002036418006002005
Zheng DBSCAN,Ostovar,Nested_OIR_output_OIR,700,140.0,"[np.float64(935.5), np.float64(1935.25)]","[999, 1999]",1.0,63.625,00:00:06,6.107217600000013,0.002036418006002005
Zheng DBSCAN,Ostovar,Nested_OIR_output_OIR,700,210.0,"[np.float64(935.5), np.float64(1935.25)]","[999, 1999]",1.0,63.625,00:00:06,6.107217600000013,0.002036418006002005
Zheng DBSCAN,Ostovar,Nested_OIR_output_OIR,700,280.0,"[np.float64(935.5), np.float64(1935.25)]","[999, 1999]",1.0,63.625,00:00:06,6.107217600000013,0.002036418006002005
Zheng DBSCAN,Ostovar,Nested_OIR_output_OIR,700,350.0,"[np.float64(935.5), np.float64(1935.25)]","[999, 1999]",1.0,63.625,00:00:06,6.107217600000013,0.002036418006002005
Zheng DBSCAN,Ostovar,Nested_ORI_output_ORI,300,30.0,"[np.float64(929.0), np.float64(1884.0), np.float64(1938.4285714285713)]","[999, 1999]",0.8,65.28571428571433,00:00:06,6.232647199999974,0.0020782418139379706
Zheng DBSCAN,Ostovar,Nested_ORI_output_ORI,300,60.0,"[np.float64(929.0), np.float64(1934.8)]","[999, 1999]",1.0,67.10000000000002,00:00:06,6.232647199999974,0.0020782418139379706
Zheng DBSCAN,Ostovar,Nested_ORI_output_ORI,300,90.0,"[np.float64(929.0), np.float64(1934.8)]","[999, 1999]",1.0,67.10000000000002,00:00:06,6.232647199999974,0.0020782418139379706
Zheng DBSCAN,Ostovar,Nested_ORI_output_ORI,300,120.0,"[np.float64(929.0), np.float64(1934.8)]","[999, 1999]",1.0,67.10000000000002,00:00:06,6.232647199999974,0.0020782418139379706
Zheng DBSCAN,Ostovar,Nested_ORI_output_ORI,300,150.0,"[np.float64(929.0), np.float64(1934.8)]","[999, 1999]",1.0,67.10000000000002,00:00:06,6.232647199999974,0.0020782418139379706
Zheng DBSCAN,Ceravolo,sudden_trace_noise0_1000_cb,300,30.0,[np.float64(451.0)],[499],1.0,48.0,00:00:00,0.15987880000000132,0.00015987880000000132
Zheng DBSCAN,Ceravolo,sudden_trace_noise0_1000_cb,300,60.0,[np.float64(451.0)],[499],1.0,48.0,00:00:00,0.15987880000000132,0.00015987880000000132
Zheng DBSCAN,Ceravolo,sudden_trace_noise0_1000_cb,300,90.0,[np.float64(451.0)],[499],1.0,48.0,00:00:00,0.15987880000000132,0.00015987880000000132
Zheng DBSCAN,Ceravolo,sudden_trace_noise0_1000_cb,300,120.0,[np.float64(451.0)],[499],1.0,48.0,00:00:00,0.15987880000000132,0.00015987880000000132
Zheng DBSCAN,Ceravolo,sudden_trace_noise0_1000_cb,300,150.0,[np.float64(451.0)],[499],1.0,48.0,00:00:00,0.15987880000000132,0.00015987880000000132
Zheng DBSCAN,Ostovar,Composite_ROI_output_ROI,800,80.0,"[np.float64(940.25), np.float64(1936.6923076923076)]","[999, 1999]",1.0,60.52884615384619,00:00:05,5.574579299999982,0.001858812704234739
Zheng DBSCAN,Ostovar,Composite_ROI_output_ROI,800,160.0,"[np.float64(940.25), np.float64(1936.6923076923076)]","[999, 1999]",1.0,60.52884615384619,00:00:05,5.574579299999982,0.001858812704234739
Zheng DBSCAN,Ostovar,Composite_ROI_output_ROI,800,240.0,"[np.float64(940.25), np.float64(1936.6923076923076)]","[999, 1999]",1.0,60.52884615384619,00:00:05,5.574579299999982,0.001858812704234739
Zheng DBSCAN,Ostovar,Composite_ROI_output_ROI,800,320.0,"[np.float64(940.25), np.float64(1936.6923076923076)]","[999, 1999]",1.0,60.52884615384619,00:00:05,5.574579299999982,0.001858812704234739
Zheng DBSCAN,Ostovar,Composite_ROI_output_ROI,800,400.0,"[np.float64(940.25), np.float64(1936.6923076923076)]","[999, 1999]",1.0,60.52884615384619,00:00:05,5.574579299999982,0.001858812704234739
Zheng DBSCAN,Ceravolo,sudden_trace_noise10_1000_RIO,800,80.0,[],[499],,,00:00:00,0.19196600000009312,0.00019196600000009312
Zheng DBSCAN,Ceravolo,sudden_trace_noise10_1000_RIO,800,160.0,[],[499],,,00:00:00,0.19196600000009312,0.00019196600000009312
Zheng DBSCAN,Ceravolo,sudden_trace_noise10_1000_RIO,800,240.0,[],[499],,,00:00:00,0.19196600000009312,0.00019196600000009312
Zheng DBSCAN,Ceravolo,sudden_trace_noise10_1000_RIO,800,320.0,[],[499],,,00:00:00,0.19196600000009312,0.00019196600000009312
Zheng DBSCAN,Ceravolo,sudden_trace_noise10_1000_RIO,800,400.0,[],[499],,,00:00:00,0.19196600000009312,0.00019196600000009312
Zheng DBSCAN,Ostovar,Atomic_ConditionalMove_output_ConditionalMove,700,70.0,"[np.float64(941.4285714285714), np.float64(1934.7777777777778)]","[999, 1999]",1.0,60.89682539682536,00:00:05,5.73371689999999,0.0019118762587529143
Zheng DBSCAN,Ostovar,Atomic_ConditionalMove_output_ConditionalMove,700,140.0,"[np.float64(941.4285714285714), np.float64(1934.7777777777778)]","[999, 1999]",1.0,60.89682539682536,00:00:05,5.73371689999999,0.0019118762587529143
Zheng DBSCAN,Ostovar,Atomic_ConditionalMove_output_ConditionalMove,700,210.0,"[np.float64(941.4285714285714), np.float64(1934.7777777777778)]","[999, 1999]",1.0,60.89682539682536,00:00:05,5.73371689999999,0.0019118762587529143
Zheng DBSCAN,Ostovar,Atomic_ConditionalMove_output_ConditionalMove,700,280.0,"[np.float64(941.4285714285714), np.float64(1934.7777777777778)]","[999, 1999]",1.0,60.89682539682536,00:00:05,5.73371689999999,0.0019118762587529143
Zheng DBSCAN,Ostovar,Atomic_ConditionalMove_output_ConditionalMove,700,350.0,"[np.float64(941.4285714285714), np.float64(1934.7777777777778)]","[999, 1999]",1.0,60.89682539682536,00:00:05,5.73371689999999,0.0019118762587529143
Zheng DBSCAN,Ceravolo,sudden_trace_noise0_1000_OIR,600,60.0,[],[499],,,00:00:00,0.21219169999994847,0.00021219169999994847
Zheng DBSCAN,Ceravolo,sudden_trace_noise0_1000_OIR,600,120.0,[],[499],,,00:00:00,0.21219169999994847,0.00021219169999994847
Zheng DBSCAN,Ceravolo,sudden_trace_noise0_1000_OIR,600,180.0,[],[499],,,00:00:00,0.21219169999994847,0.00021219169999994847
Zheng DBSCAN,Ceravolo,sudden_trace_noise0_1000_OIR,600,240.0,[],[499],,,00:00:00,0.21219169999994847,0.00021219169999994847
Zheng DBSCAN,Ceravolo,sudden_trace_noise0_1000_OIR,600,300.0,[],[499],,,00:00:00,0.21219169999994847,0.00021219169999994847
Zheng DBSCAN,Ceravolo,sudden_trace_noise15_1000_IRO,500,50.0,[],[499],,,00:00:00,0.2286507999999685,0.0002286507999999685
Zheng DBSCAN,Ceravolo,sudden_trace_noise15_1000_IRO,500,100.0,[],[499],,,00:00:00,0.2286507999999685,0.0002286507999999685
Zheng DBSCAN,Ceravolo,sudden_trace_noise15_1000_IRO,500,150.0,[],[499],,,00:00:00,0.2286507999999685,0.0002286507999999685
Zheng DBSCAN,Ceravolo,sudden_trace_noise15_1000_IRO,500,200.0,[],[499],,,00:00:00,0.2286507999999685,0.0002286507999999685
Zheng DBSCAN,Ceravolo,sudden_trace_noise15_1000_IRO,500,250.0,[],[499],,,00:00:00,0.2286507999999685,0.0002286507999999685
Zheng DBSCAN,Ostovar,Atomic_ConditionalRemoval_output_ConditionalRemoval_2,400,40.0,[np.float64(1503.4579663730985)],"[999, 1999]",,,00:00:05,5.939789599999926,0.001980590063354427
Zheng DBSCAN,Ostovar,Atomic_ConditionalRemoval_output_ConditionalRemoval_2,400,80.0,[np.float64(1503.4579663730985)],"[999, 1999]",,,00:00:05,5.939789599999926,0.001980590063354427
Zheng DBSCAN,Ostovar,Atomic_ConditionalRemoval_output_ConditionalRemoval_2,400,120.0,[np.float64(1503.4579663730985)],"[999, 1999]",,,00:00:05,5.939789599999926,0.001980590063354427
Zheng DBSCAN,Ostovar,Atomic_ConditionalRemoval_output_ConditionalRemoval_2,400,160.0,[np.float64(1503.4579663730985)],"[999, 1999]",,,00:00:05,5.939789599999926,0.001980590063354427
Zheng DBSCAN,Ostovar,Atomic_ConditionalRemoval_output_ConditionalRemoval_2,400,200.0,[np.float64(1503.4579663730985)],"[999, 1999]",,,00:00:05,5.939789599999926,0.001980590063354427
Zheng DBSCAN,Ostovar,Nested_ROI_output_ROI_5,500,50.0,[np.float64(1478.4929487179488)],"[999, 1999]",,,00:00:06,6.404231299999992,0.0021354555851950626
Zheng DBSCAN,Ostovar,Nested_ROI_output_ROI_5,500,100.0,[np.float64(1478.4929487179488)],"[999, 1999]",,,00:00:06,6.404231299999992,0.0021354555851950626
Zheng DBSCAN,Ostovar,Nested_ROI_output_ROI_5,500,150.0,[np.float64(1478.4929487179488)],"[999, 1999]",,,00:00:06,6.404231299999992,0.0021354555851950626
Zheng DBSCAN,Ostovar,Nested_ROI_output_ROI_5,500,200.0,[np.float64(1478.4929487179488)],"[999, 1999]",,,00:00:06,6.404231299999992,0.0021354555851950626
Zheng DBSCAN,Ostovar,Nested_ROI_output_ROI_5,500,250.0,[np.float64(1478.4929487179488)],"[999, 1999]",,,00:00:06,6.404231299999992,0.0021354555851950626
Zheng DBSCAN,Ostovar,Atomic_Loop_output_Loop_5,800,80.0,[np.float64(1508.4178743961352)],"[999, 1999]",,,00:00:05,5.664907800000037,0.0018889322440813728
Zheng DBSCAN,Ostovar,Atomic_Loop_output_Loop_5,800,160.0,[np.float64(1508.4178743961352)],"[999, 1999]",,,00:00:05,5.664907800000037,0.0018889322440813728
Zheng DBSCAN,Ostovar,Atomic_Loop_output_Loop_5,800,240.0,[np.float64(1508.4178743961352)],"[999, 1999]",,,00:00:05,5.664907800000037,0.0018889322440813728
Zheng DBSCAN,Ostovar,Atomic_Loop_output_Loop_5,800,320.0,[np.float64(1508.4178743961352)],"[999, 1999]",,,00:00:05,5.664907800000037,0.0018889322440813728
Zheng DBSCAN,Ostovar,Atomic_Loop_output_Loop_5,800,400.0,[np.float64(1508.4178743961352)],"[999, 1999]",,,00:00:05,5.664907800000037,0.0018889322440813728
Zheng DBSCAN,Ceravolo,sudden_trace_noise10_1000_IOR,300,30.0,[np.float64(449.5)],[499],1.0,49.5,00:00:00,0.19410070000003543,0.00019410070000003542
Zheng DBSCAN,Ceravolo,sudden_trace_noise10_1000_IOR,300,60.0,[np.float64(449.5)],[499],1.0,49.5,00:00:00,0.19410070000003543,0.00019410070000003542
Zheng DBSCAN,Ceravolo,sudden_trace_noise10_1000_IOR,300,90.0,[np.float64(449.5)],[499],1.0,49.5,00:00:00,0.19410070000003543,0.00019410070000003542
Zheng DBSCAN,Ceravolo,sudden_trace_noise10_1000_IOR,300,120.0,[np.float64(449.5)],[499],1.0,49.5,00:00:00,0.19410070000003543,0.00019410070000003542
Zheng DBSCAN,Ceravolo,sudden_trace_noise10_1000_IOR,300,150.0,[np.float64(449.5)],[499],1.0,49.5,00:00:00,0.19410070000003543,0.00019410070000003542
Zheng DBSCAN,Ostovar,Nested_ROI_output_ROI,500,50.0,"[np.float64(948.6), np.float64(1068.0), np.float64(1927.3)]","[999, 1999]",0.8,61.05000000000001,00:00:05,5.298137699999984,0.0017666347782594144
Zheng DBSCAN,Ostovar,Nested_ROI_output_ROI,500,100.0,"[np.float64(959.4545454545455), np.float64(1927.3)]","[999, 1999]",1.0,55.622727272727275,00:00:05,5.298137699999984,0.0017666347782594144
Zheng DBSCAN,Ostovar,Nested_ROI_output_ROI,500,150.0,"[np.float64(959.4545454545455), np.float64(1927.3)]","[999, 1999]",1.0,55.622727272727275,00:00:05,5.298137699999984,0.0017666347782594144
Zheng DBSCAN,Ostovar,Nested_ROI_output_ROI,500,200.0,"[np.float64(959.4545454545455), np.float64(1927.3)]","[999, 1999]",1.0,55.622727272727275,00:00:05,5.298137699999984,0.0017666347782594144
Zheng DBSCAN,Ostovar,Nested_ROI_output_ROI,500,250.0,"[np.float64(959.4545454545455), np.float64(1927.3)]","[999, 1999]",1.0,55.622727272727275,00:00:05,5.298137699999984,0.0017666347782594144
Zheng DBSCAN,Ceravolo,sudden_trace_noise20_1000_cp,600,60.0,[],[499],,,00:00:00,0.20886329999996178,0.00020886329999996177
Zheng DBSCAN,Ceravolo,sudden_trace_noise20_1000_cp,600,120.0,[],[499],,,00:00:00,0.20886329999996178,0.00020886329999996177
Zheng DBSCAN,Ceravolo,sudden_trace_noise20_1000_cp,600,180.0,[],[499],,,00:00:00,0.20886329999996178,0.00020886329999996177
Zheng DBSCAN,Ceravolo,sudden_trace_noise20_1000_cp,600,240.0,[],[499],,,00:00:00,0.20886329999996178,0.00020886329999996177
Zheng DBSCAN,Ceravolo,sudden_trace_noise20_1000_cp,600,300.0,[],[499],,,00:00:00,0.20886329999996178,0.00020886329999996177
Zheng DBSCAN,Ceravolo,sudden_trace_noise15_1000_cd,800,80.0,[],[499],,,00:00:00,0.19836829999997008,0.00019836829999997008
Zheng DBSCAN,Ceravolo,sudden_trace_noise15_1000_cd,800,160.0,[],[499],,,00:00:00,0.19836829999997008,0.00019836829999997008
Zheng DBSCAN,Ceravolo,sudden_trace_noise15_1000_cd,800,240.0,[],[499],,,00:00:00,0.19836829999997008,0.00019836829999997008
Zheng DBSCAN,Ceravolo,sudden_trace_noise15_1000_cd,800,320.0,[],[499],,,00:00:00,0.19836829999997008,0.00019836829999997008
Zheng DBSCAN,Ceravolo,sudden_trace_noise15_1000_cd,800,400.0,[],[499],,,00:00:00,0.19836829999997008,0.00019836829999997008
Zheng DBSCAN,Ostovar,Atomic_ConditionalRemoval_output_ConditionalRemoval,800,80.0,"[np.float64(931.5), np.float64(1943.0)]","[999, 1999]",1.0,61.75,00:00:04,4.870916099999931,0.0016241800933644319
Zheng DBSCAN,Ostovar,Atomic_ConditionalRemoval_output_ConditionalRemoval,800,160.0,"[np.float64(931.5), np.float64(1943.0)]","[999, 1999]",1.0,61.75,00:00:04,4.870916099999931,0.0016241800933644319
Zheng DBSCAN,Ostovar,Atomic_ConditionalRemoval_output_ConditionalRemoval,800,240.0,"[np.float64(931.5), np.float64(1943.0)]","[999, 1999]",1.0,61.75,00:00:04,4.870916099999931,0.0016241800933644319
Zheng DBSCAN,Ostovar,Atomic_ConditionalRemoval_output_ConditionalRemoval,800,320.0,"[np.float64(931.5), np.float64(1943.0)]","[999, 1999]",1.0,61.75,00:00:04,4.870916099999931,0.0016241800933644319
Zheng DBSCAN,Ostovar,Atomic_ConditionalRemoval_output_ConditionalRemoval,800,400.0,"[np.float64(931.5), np.float64(1943.0)]","[999, 1999]",1.0,61.75,00:00:04,4.870916099999931,0.0016241800933644319
Zheng DBSCAN,Ostovar,Atomic_SerialRemoval_output_SerialRemoval,300,30.0,"[np.float64(938.25), np.float64(1935.5)]","[999, 1999]",1.0,62.125,00:00:04,4.663102799999933,0.0015548858952984105
Zheng DBSCAN,Ostovar,Atomic_SerialRemoval_output_SerialRemoval,300,60.0,"[np.float64(938.25), np.float64(1935.5)]","[999, 1999]",1.0,62.125,00:00:04,4.663102799999933,0.0015548858952984105
Zheng DBSCAN,Ostovar,Atomic_SerialRemoval_output_SerialRemoval,300,90.0,"[np.float64(938.25), np.float64(1935.5)]","[999, 1999]",1.0,62.125,00:00:04,4.663102799999933,0.0015548858952984105
Zheng DBSCAN,Ostovar,Atomic_SerialRemoval_output_SerialRemoval,300,120.0,"[np.float64(938.25), np.float64(1935.5)]","[999, 1999]",1.0,62.125,00:00:04,4.663102799999933,0.0015548858952984105
Zheng DBSCAN,Ostovar,Atomic_SerialRemoval_output_SerialRemoval,300,150.0,"[np.float64(938.25), np.float64(1935.5)]","[999, 1999]",1.0,62.125,00:00:04,4.663102799999933,0.0015548858952984105
Zheng DBSCAN,Ceravolo,sudden_trace_noise15_1000_pm,600,60.0,[],[499],,,00:00:00,0.2067207000000053,0.0002067207000000053
Zheng DBSCAN,Ceravolo,sudden_trace_noise15_1000_pm,600,120.0,[],[499],,,00:00:00,0.2067207000000053,0.0002067207000000053
Zheng DBSCAN,Ceravolo,sudden_trace_noise15_1000_pm,600,180.0,[],[499],,,00:00:00,0.2067207000000053,0.0002067207000000053
Zheng DBSCAN,Ceravolo,sudden_trace_noise15_1000_pm,600,240.0,[],[499],,,00:00:00,0.2067207000000053,0.0002067207000000053
Zheng DBSCAN,Ceravolo,sudden_trace_noise15_1000_pm,600,300.0,[],[499],,,00:00:00,0.2067207000000053,0.0002067207000000053
Zheng DBSCAN,Ceravolo,sudden_trace_noise0_1000_sw,500,50.0,[],[499],,,00:00:00,0.21255759999996826,0.00021255759999996827
Zheng DBSCAN,Ceravolo,sudden_trace_noise0_1000_sw,500,100.0,[],[499],,,00:00:00,0.21255759999996826,0.00021255759999996827
Zheng DBSCAN,Ceravolo,sudden_trace_noise0_1000_sw,500,150.0,[],[499],,,00:00:00,0.21255759999996826,0.00021255759999996827
Zheng DBSCAN,Ceravolo,sudden_trace_noise0_1000_sw,500,200.0,[],[499],,,00:00:00,0.21255759999996826,0.00021255759999996827
Zheng DBSCAN,Ceravolo,sudden_trace_noise0_1000_sw,500,250.0,[],[499],,,00:00:00,0.21255759999996826,0.00021255759999996827
Zheng DBSCAN,Ceravolo,sudden_trace_noise5_1000_cf,600,60.0,[],[499],,,00:00:00,0.20490719999997964,0.00020490719999997963
Zheng DBSCAN,Ceravolo,sudden_trace_noise5_1000_cf,600,120.0,[],[499],,,00:00:00,0.20490719999997964,0.00020490719999997963
Zheng DBSCAN,Ceravolo,sudden_trace_noise5_1000_cf,600,180.0,[],[499],,,00:00:00,0.20490719999997964,0.00020490719999997963
Zheng DBSCAN,Ceravolo,sudden_trace_noise5_1000_cf,600,240.0,[],[499],,,00:00:00,0.20490719999997964,0.00020490719999997963
Zheng DBSCAN,Ceravolo,sudden_trace_noise5_1000_cf,600,300.0,[],[499],,,00:00:00,0.20490719999997964,0.00020490719999997963
Zheng DBSCAN,Ceravolo,sudden_trace_noise5_1000_IRO,500,50.0,[],[499],,,00:00:00,0.24435570000002826,0.00024435570000002824
Zheng DBSCAN,Ceravolo,sudden_trace_noise5_1000_IRO,500,100.0,[],[499],,,00:00:00,0.24435570000002826,0.00024435570000002824
Zheng DBSCAN,Ceravolo,sudden_trace_noise5_1000_IRO,500,150.0,[],[499],,,00:00:00,0.24435570000002826,0.00024435570000002824
Zheng DBSCAN,Ceravolo,sudden_trace_noise5_1000_IRO,500,200.0,[],[499],,,00:00:00,0.24435570000002826,0.00024435570000002824
Zheng DBSCAN,Ceravolo,sudden_trace_noise5_1000_IRO,500,250.0,[],[499],,,00:00:00,0.24435570000002826,0.00024435570000002824
Zheng DBSCAN,Ceravolo,sudden_trace_noise0_1000_RIO,300,30.0,[np.float64(447.0)],[499],1.0,52.0,00:00:00,0.20969159999992826,0.00020969159999992826
Zheng DBSCAN,Ceravolo,sudden_trace_noise0_1000_RIO,300,60.0,[np.float64(447.0)],[499],1.0,52.0,00:00:00,0.20969159999992826,0.00020969159999992826
Zheng DBSCAN,Ceravolo,sudden_trace_noise0_1000_RIO,300,90.0,[np.float64(447.0)],[499],1.0,52.0,00:00:00,0.20969159999992826,0.00020969159999992826
Zheng DBSCAN,Ceravolo,sudden_trace_noise0_1000_RIO,300,120.0,[np.float64(447.0)],[499],1.0,52.0,00:00:00,0.20969159999992826,0.00020969159999992826
Zheng DBSCAN,Ceravolo,sudden_trace_noise0_1000_RIO,300,150.0,[np.float64(447.0)],[499],1.0,52.0,00:00:00,0.20969159999992826,0.00020969159999992826
Zheng DBSCAN,Ostovar,Atomic_ParallelMove_output_ParallelMove_5,500,50.0,[np.float64(1479.520706455542)],"[999, 1999]",,,00:00:07,7.303181699999982,0.002435205635211731
Zheng DBSCAN,Ostovar,Atomic_ParallelMove_output_ParallelMove_5,500,100.0,[np.float64(1479.520706455542)],"[999, 1999]",,,00:00:07,7.303181699999982,0.002435205635211731
Zheng DBSCAN,Ostovar,Atomic_ParallelMove_output_ParallelMove_5,500,150.0,[np.float64(1479.520706455542)],"[999, 1999]",,,00:00:07,7.303181699999982,0.002435205635211731
Zheng DBSCAN,Ostovar,Atomic_ParallelMove_output_ParallelMove_5,500,200.0,[np.float64(1479.520706455542)],"[999, 1999]",,,00:00:07,7.303181699999982,0.002435205635211731
Zheng DBSCAN,Ostovar,Atomic_ParallelMove_output_ParallelMove_5,500,250.0,[np.float64(1479.520706455542)],"[999, 1999]",,,00:00:07,7.303181699999982,0.002435205635211731
Zheng DBSCAN,Ostovar,Atomic_Swap_output_Swap,800,80.0,"[np.float64(930.4444444444445), np.float64(1930.875)]","[999, 1999]",1.0,68.34027777777777,00:00:04,4.554294200000072,0.001518604268089387
Zheng DBSCAN,Ostovar,Atomic_Swap_output_Swap,800,160.0,"[np.float64(930.4444444444445), np.float64(1930.875)]","[999, 1999]",1.0,68.34027777777777,00:00:04,4.554294200000072,0.001518604268089387
Zheng DBSCAN,Ostovar,Atomic_Swap_output_Swap,800,240.0,"[np.float64(930.4444444444445), np.float64(1930.875)]","[999, 1999]",1.0,68.34027777777777,00:00:04,4.554294200000072,0.001518604268089387
Zheng DBSCAN,Ostovar,Atomic_Swap_output_Swap,800,320.0,"[np.float64(930.4444444444445), np.float64(1930.875)]","[999, 1999]",1.0,68.34027777777777,00:00:04,4.554294200000072,0.001518604268089387
Zheng DBSCAN,Ostovar,Atomic_Swap_output_Swap,800,400.0,"[np.float64(930.4444444444445), np.float64(1930.875)]","[999, 1999]",1.0,68.34027777777777,00:00:04,4.554294200000072,0.001518604268089387
Zheng DBSCAN,Ostovar,Atomic_SerialMove_output_SerialMove_2,300,30.0,[np.float64(1513.0816464237516)],"[999, 1999]",,,00:00:06,6.956518899999992,0.002319612837612535
Zheng DBSCAN,Ostovar,Atomic_SerialMove_output_SerialMove_2,300,60.0,[np.float64(1513.0816464237516)],"[999, 1999]",,,00:00:06,6.956518899999992,0.002319612837612535
Zheng DBSCAN,Ostovar,Atomic_SerialMove_output_SerialMove_2,300,90.0,[np.float64(1513.0816464237516)],"[999, 1999]",,,00:00:06,6.956518899999992,0.002319612837612535
Zheng DBSCAN,Ostovar,Atomic_SerialMove_output_SerialMove_2,300,120.0,[np.float64(1513.0816464237516)],"[999, 1999]",,,00:00:06,6.956518899999992,0.002319612837612535
Zheng DBSCAN,Ostovar,Atomic_SerialMove_output_SerialMove_2,300,150.0,[np.float64(1513.0816464237516)],"[999, 1999]",,,00:00:06,6.956518899999992,0.002319612837612535
Zheng DBSCAN,Ostovar,Atomic_SerialMove_output_SerialMove_5,500,50.0,[np.float64(1513.5210494203782)],"[999, 1999]",,,00:00:07,7.066254100000037,0.002356203434478172
Zheng DBSCAN,Ostovar,Atomic_SerialMove_output_SerialMove_5,500,100.0,[np.float64(1513.5210494203782)],"[999, 1999]",,,00:00:07,7.066254100000037,0.002356203434478172
Zheng DBSCAN,Ostovar,Atomic_SerialMove_output_SerialMove_5,500,150.0,[np.float64(1513.5210494203782)],"[999, 1999]",,,00:00:07,7.066254100000037,0.002356203434478172
Zheng DBSCAN,Ostovar,Atomic_SerialMove_output_SerialMove_5,500,200.0,[np.float64(1513.5210494203782)],"[999, 1999]",,,00:00:07,7.066254100000037,0.002356203434478172
Zheng DBSCAN,Ostovar,Atomic_SerialMove_output_SerialMove_5,500,250.0,[np.float64(1513.5210494203782)],"[999, 1999]",,,00:00:07,7.066254100000037,0.002356203434478172
Zheng DBSCAN,Ostovar,Atomic_SerialRemoval_output_SerialRemoval_2,300,30.0,[np.float64(1490.355869242199)],"[999, 1999]",,,00:00:05,5.914198499999998,0.001972056852284094
Zheng DBSCAN,Ostovar,Atomic_SerialRemoval_output_SerialRemoval_2,300,60.0,[np.float64(1490.355869242199)],"[999, 1999]",,,00:00:05,5.914198499999998,0.001972056852284094
Zheng DBSCAN,Ostovar,Atomic_SerialRemoval_output_SerialRemoval_2,300,90.0,[np.float64(1490.355869242199)],"[999, 1999]",,,00:00:05,5.914198499999998,0.001972056852284094
Zheng DBSCAN,Ostovar,Atomic_SerialRemoval_output_SerialRemoval_2,300,120.0,[np.float64(1490.355869242199)],"[999, 1999]",,,00:00:05,5.914198499999998,0.001972056852284094
Zheng DBSCAN,Ostovar,Atomic_SerialRemoval_output_SerialRemoval_2,300,150.0,[np.float64(1490.355869242199)],"[999, 1999]",,,00:00:05,5.914198499999998,0.001972056852284094
Zheng DBSCAN,Ostovar,Atomic_ParallelToSequence_output_ParallelToSequence,600,60.0,"[np.float64(940.5), np.float64(1941.909090909091)]","[999, 1999]",1.0,57.795454545454504,00:00:05,5.267910000000029,0.0017565555185061785
Zheng DBSCAN,Ostovar,Atomic_ParallelToSequence_output_ParallelToSequence,600,120.0,"[np.float64(940.5), np.float64(1941.909090909091)]","[999, 1999]",1.0,57.795454545454504,00:00:05,5.267910000000029,0.0017565555185061785
Zheng DBSCAN,Ostovar,Atomic_ParallelToSequence_output_ParallelToSequence,600,180.0,"[np.float64(940.5), np.float64(1941.909090909091)]","[999, 1999]",1.0,57.795454545454504,00:00:05,5.267910000000029,0.0017565555185061785
Zheng DBSCAN,Ostovar,Atomic_ParallelToSequence_output_ParallelToSequence,600,240.0,"[np.float64(940.5), np.float64(1941.909090909091)]","[999, 1999]",1.0,57.795454545454504,00:00:05,5.267910000000029,0.0017565555185061785
Zheng DBSCAN,Ostovar,Atomic_ParallelToSequence_output_ParallelToSequence,600,300.0,"[np.float64(940.5), np.float64(1941.909090909091)]","[999, 1999]",1.0,57.795454545454504,00:00:05,5.267910000000029,0.0017565555185061785
Zheng DBSCAN,Ceravolo,sudden_trace_noise20_1000_ROI,300,30.0,[np.float64(448.5)],[499],1.0,50.5,00:00:00,0.2342373999999836,0.00023423739999998362
Zheng DBSCAN,Ceravolo,sudden_trace_noise20_1000_ROI,300,60.0,[np.float64(448.5)],[499],1.0,50.5,00:00:00,0.2342373999999836,0.00023423739999998362
Zheng DBSCAN,Ceravolo,sudden_trace_noise20_1000_ROI,300,90.0,[np.float64(448.5)],[499],1.0,50.5,00:00:00,0.2342373999999836,0.00023423739999998362
Zheng DBSCAN,Ceravolo,sudden_trace_noise20_1000_ROI,300,120.0,[np.float64(448.5)],[499],1.0,50.5,00:00:00,0.2342373999999836,0.00023423739999998362
Zheng DBSCAN,Ceravolo,sudden_trace_noise20_1000_ROI,300,150.0,[np.float64(448.5)],[499],1.0,50.5,00:00:00,0.2342373999999836,0.00023423739999998362
Zheng DBSCAN,Ostovar,Composite_RIO_output_RIO,500,50.0,"[np.float64(937.1428571428571), np.float64(1939.5)]","[999, 1999]",1.0,60.678571428571445,00:00:05,5.493468699999994,0.0018317668222740894
Zheng DBSCAN,Ostovar,Composite_RIO_output_RIO,500,100.0,"[np.float64(937.1428571428571), np.float64(1939.5)]","[999, 1999]",1.0,60.678571428571445,00:00:05,5.493468699999994,0.0018317668222740894
Zheng DBSCAN,Ostovar,Composite_RIO_output_RIO,500,150.0,"[np.float64(937.1428571428571), np.float64(1939.5)]","[999, 1999]",1.0,60.678571428571445,00:00:05,5.493468699999994,0.0018317668222740894
Zheng DBSCAN,Ostovar,Composite_RIO_output_RIO,500,200.0,"[np.float64(937.1428571428571), np.float64(1939.5)]","[999, 1999]",1.0,60.678571428571445,00:00:05,5.493468699999994,0.0018317668222740894
Zheng DBSCAN,Ostovar,Composite_RIO_output_RIO,500,250.0,"[np.float64(937.1428571428571), np.float64(1939.5)]","[999, 1999]",1.0,60.678571428571445,00:00:05,5.493468699999994,0.0018317668222740894
Zheng DBSCAN,Ostovar,Atomic_Swap_output_Swap,500,50.0,"[np.float64(930.4444444444445), np.float64(1930.875)]","[999, 1999]",1.0,68.34027777777777,00:00:04,4.784202499999992,0.0015952659219739887
Zheng DBSCAN,Ostovar,Atomic_Swap_output_Swap,500,100.0,"[np.float64(930.4444444444445), np.float64(1930.875)]","[999, 1999]",1.0,68.34027777777777,00:00:04,4.784202499999992,0.0015952659219739887
Zheng DBSCAN,Ostovar,Atomic_Swap_output_Swap,500,150.0,"[np.float64(930.4444444444445), np.float64(1930.875)]","[999, 1999]",1.0,68.34027777777777,00:00:04,4.784202499999992,0.0015952659219739887
Zheng DBSCAN,Ostovar,Atomic_Swap_output_Swap,500,200.0,"[np.float64(930.4444444444445), np.float64(1930.875)]","[999, 1999]",1.0,68.34027777777777,00:00:04,4.784202499999992,0.0015952659219739887
Zheng DBSCAN,Ostovar,Atomic_Swap_output_Swap,500,250.0,"[np.float64(930.4444444444445), np.float64(1930.875)]","[999, 1999]",1.0,68.34027777777777,00:00:04,4.784202499999992,0.0015952659219739887
Zheng DBSCAN,Bose,bose_log,300,30.0,"[np.float64(323.5), np.float64(486.0), np.float64(577.0), np.float64(651.0), np.float64(857.0), np.float64(978.0), np.float64(1186.4), np.float64(1239.3333333333333), np.float64(1288.5), np.float64(1380.5), np.float64(1429.6666666666667), np.float64(1569.0), np.float64(1746.3333333333333), np.float64(1798.5), np.float64(1886.5), np.float64(1956.0), np.float64(1991.0), np.float64(2051.0), np.float64(2093.0), np.float64(2152.0), np.float64(2221.3333333333335), np.float64(2349.0), np.float64(2393.0), np.float64(2549.0), np.float64(2711.5), np.float64(2934.0), np.float64(2973.0), np.float64(3065.5), np.float64(3142.0), np.float64(3276.0), np.float64(3384.0), np.float64(3454.0), np.float64(3502.0), np.float64(3590.6), np.float64(3649.0), np.float64(3720.0), np.float64(3799.0), np.float64(3903.0), np.float64(3957.5), np.float64(4023.4), np.float64(4079.0), np.float64(4110.5), np.float64(4147.5), np.float64(4200.0), np.float64(4245.0), np.float64(4367.0), np.float64(4481.25), np.float64(4558.0), np.float64(4699.0), np.float64(4804.714285714285), np.float64(5035.5), np.float64(5092.5), np.float64(5235.5), np.float64(5319.833333333333), np.float64(5456.8), np.float64(5548.0), np.float64(5634.5), np.float64(5887.0), np.float64(5929.0)]","[1199, 2399, 3599, 4799]",0.12698412698412698,8.178571428571331,00:00:01,1.2464985000000297,0.00020774975000000496
Zheng DBSCAN,Bose,bose_log,300,60.0,"[np.float64(312.0), np.float64(486.0), np.float64(577.0), np.float64(651.0), np.float64(857.0), np.float64(978.0), np.float64(1233.6666666666667), np.float64(1410.0), np.float64(1569.0), np.float64(1767.2), np.float64(1886.5), np.float64(2048.6), np.float64(2221.3333333333335), np.float64(2363.6666666666665), np.float64(2549.0), np.float64(2711.5), np.float64(2960.0), np.float64(3116.5), np.float64(3276.0), np.float64(3445.2), np.float64(3634.0), np.float64(3799.0), np.float64(4086.176470588235), np.float64(4367.0), np.float64(4481.25), np.float64(4558.0), np.float64(4699.0), np.float64(4804.714285714285), np.float64(5064.0), np.float64(5286.1), np.float64(5456.8), np.float64(5548.0), np.float64(5634.5), np.float64(5908.0)]","[1199, 2399, 3599, 4799]",0.21052631578947367,27.678571428571388,00:00:01,1.2464985000000297,0.00020774975000000496
Zheng DBSCAN,Bose,bose_log,300,90.0,"[np.float64(572.75), np.float64(857.0), np.float64(978.0), np.float64(1285.5294117647059), np.float64(1569.0), np.float64(1967.7333333333333), np.float64(2363.6666666666665), np.float64(2549.0), np.float64(2711.5), np.float64(3064.3333333333335), np.float64(3276.0), np.float64(3585.3125), np.float64(4086.176470588235), np.float64(4367.0), np.float64(4496.6), np.float64(4791.5), np.float64(5064.0), np.float64(5286.1), np.float64(5516.555555555556), np.float64(5908.0)]","[1199, 2399, 3599, 4799]",0.33333333333333337,35.762561274509835,00:00:01,1.2464985000000297,0.00020774975000000496
Zheng DBSCAN,Bose,bose_log,300,120.0,"[np.float64(572.75), np.float64(857.0), np.float64(978.0), np.float64(1285.5294117647059), np.float64(1569.0), np.float64(2033.7222222222222), np.float64(2549.0), np.float64(2711.5), np.float64(3766.0204081632655), np.float64(4791.5), np.float64(5064.0), np.float64(5395.263157894737), np.float64(5908.0)]","[1199, 2399, 3599, 4799]",0.47058823529411764,102.76245498199285,00:00:01,1.2464985000000297,0.00020774975000000496
Zheng DBSCAN,Bose,bose_log,300,150.0,"[np.float64(572.75), np.float64(917.5), np.float64(1301.2777777777778), np.float64(2142.181818181818), np.float64(3909.9473684210525), np.float64(5337.652173913043), np.float64(5908.0)]","[1199, 2399, 3599, 4799]",0.18181818181818182,102.27777777777783,00:00:01,1.2464985000000297,0.00020774975000000496
Zheng DBSCAN,Ceravolo,sudden_trace_noise10_1000_re,800,80.0,[],[499],,,00:00:00,0.19716540000001714,0.00019716540000001715
Zheng DBSCAN,Ceravolo,sudden_trace_noise10_1000_re,800,160.0,[],[499],,,00:00:00,0.19716540000001714,0.00019716540000001715
Zheng DBSCAN,Ceravolo,sudden_trace_noise10_1000_re,800,240.0,[],[499],,,00:00:00,0.19716540000001714,0.00019716540000001715
Zheng DBSCAN,Ceravolo,sudden_trace_noise10_1000_re,800,320.0,[],[499],,,00:00:00,0.19716540000001714,0.00019716540000001715
Zheng DBSCAN,Ceravolo,sudden_trace_noise10_1000_re,800,400.0,[],[499],,,00:00:00,0.19716540000001714,0.00019716540000001715
Zheng DBSCAN,Ceravolo,sudden_trace_noise20_1000_IRO,300,30.0,[np.float64(449.0)],[499],1.0,50.0,00:00:00,0.16739410000002408,0.0001673941000000241
Zheng DBSCAN,Ceravolo,sudden_trace_noise20_1000_IRO,300,60.0,[np.float64(449.0)],[499],1.0,50.0,00:00:00,0.16739410000002408,0.0001673941000000241
Zheng DBSCAN,Ceravolo,sudden_trace_noise20_1000_IRO,300,90.0,[np.float64(449.0)],[499],1.0,50.0,00:00:00,0.16739410000002408,0.0001673941000000241
Zheng DBSCAN,Ceravolo,sudden_trace_noise20_1000_IRO,300,120.0,[np.float64(449.0)],[499],1.0,50.0,00:00:00,0.16739410000002408,0.0001673941000000241
Zheng DBSCAN,Ceravolo,sudden_trace_noise20_1000_IRO,300,150.0,[np.float64(449.0)],[499],1.0,50.0,00:00:00,0.16739410000002408,0.0001673941000000241
Zheng DBSCAN,Ostovar,Nested_ORI_output_ORI,600,60.0,"[np.float64(929.0), np.float64(1934.8)]","[999, 1999]",1.0,67.10000000000002,00:00:06,6.103824099999997,0.0020352864621540506
Zheng DBSCAN,Ostovar,Nested_ORI_output_ORI,600,120.0,"[np.float64(929.0), np.float64(1934.8)]","[999, 1999]",1.0,67.10000000000002,00:00:06,6.103824099999997,0.0020352864621540506
Zheng DBSCAN,Ostovar,Nested_ORI_output_ORI,600,180.0,"[np.float64(929.0), np.float64(1934.8)]","[999, 1999]",1.0,67.10000000000002,00:00:06,6.103824099999997,0.0020352864621540506
Zheng DBSCAN,Ostovar,Nested_ORI_output_ORI,600,240.0,"[np.float64(929.0), np.float64(1934.8)]","[999, 1999]",1.0,67.10000000000002,00:00:06,6.103824099999997,0.0020352864621540506
Zheng DBSCAN,Ostovar,Nested_ORI_output_ORI,600,300.0,"[np.float64(929.0), np.float64(1934.8)]","[999, 1999]",1.0,67.10000000000002,00:00:06,6.103824099999997,0.0020352864621540506
Zheng DBSCAN,Ostovar,Atomic_ParallelRemoval_output_ParallelRemoval,700,70.0,"[np.float64(933.5), np.float64(1940.3333333333333)]","[999, 1999]",1.0,62.08333333333337,00:00:04,4.911591000000044,0.001637742914304783
Zheng DBSCAN,Ostovar,Atomic_ParallelRemoval_output_ParallelRemoval,700,140.0,"[np.float64(933.5), np.float64(1940.3333333333333)]","[999, 1999]",1.0,62.08333333333337,00:00:04,4.911591000000044,0.001637742914304783
Zheng DBSCAN,Ostovar,Atomic_ParallelRemoval_output_ParallelRemoval,700,210.0,"[np.float64(933.5), np.float64(1940.3333333333333)]","[999, 1999]",1.0,62.08333333333337,00:00:04,4.911591000000044,0.001637742914304783
Zheng DBSCAN,Ostovar,Atomic_ParallelRemoval_output_ParallelRemoval,700,280.0,"[np.float64(933.5), np.float64(1940.3333333333333)]","[999, 1999]",1.0,62.08333333333337,00:00:04,4.911591000000044,0.001637742914304783
Zheng DBSCAN,Ostovar,Atomic_ParallelRemoval_output_ParallelRemoval,700,350.0,"[np.float64(933.5), np.float64(1940.3333333333333)]","[999, 1999]",1.0,62.08333333333337,00:00:04,4.911591000000044,0.001637742914304783
Zheng DBSCAN,Ceravolo,sudden_trace_noise0_1000_sw,300,30.0,[np.float64(451.3333333333333)],[499],1.0,47.666666666666686,00:00:00,0.20960569999999734,0.00020960569999999733
Zheng DBSCAN,Ceravolo,sudden_trace_noise0_1000_sw,300,60.0,[np.float64(451.3333333333333)],[499],1.0,47.666666666666686,00:00:00,0.20960569999999734,0.00020960569999999733
Zheng DBSCAN,Ceravolo,sudden_trace_noise0_1000_sw,300,90.0,[np.float64(451.3333333333333)],[499],1.0,47.666666666666686,00:00:00,0.20960569999999734,0.00020960569999999733
Zheng DBSCAN,Ceravolo,sudden_trace_noise0_1000_sw,300,120.0,[np.float64(451.3333333333333)],[499],1.0,47.666666666666686,00:00:00,0.20960569999999734,0.00020960569999999733
Zheng DBSCAN,Ceravolo,sudden_trace_noise0_1000_sw,300,150.0,[np.float64(451.3333333333333)],[499],1.0,47.666666666666686,00:00:00,0.20960569999999734,0.00020960569999999733
Zheng DBSCAN,Ostovar,Atomic_Substitute_output_Substitute_2,600,60.0,[np.float64(1507.2536047497879)],"[999, 1999]",,,00:00:06,6.569310799999926,0.002190500433477801
Zheng DBSCAN,Ostovar,Atomic_Substitute_output_Substitute_2,600,120.0,[np.float64(1507.2536047497879)],"[999, 1999]",,,00:00:06,6.569310799999926,0.002190500433477801
Zheng DBSCAN,Ostovar,Atomic_Substitute_output_Substitute_2,600,180.0,[np.float64(1507.2536047497879)],"[999, 1999]",,,00:00:06,6.569310799999926,0.002190500433477801
Zheng DBSCAN,Ostovar,Atomic_Substitute_output_Substitute_2,600,240.0,[np.float64(1507.2536047497879)],"[999, 1999]",,,00:00:06,6.569310799999926,0.002190500433477801
Zheng DBSCAN,Ostovar,Atomic_Substitute_output_Substitute_2,600,300.0,[np.float64(1507.2536047497879)],"[999, 1999]",,,00:00:06,6.569310799999926,0.002190500433477801
Zheng DBSCAN,Ceravolo,sudden_trace_noise15_1000_re,400,40.0,[np.float64(447.5)],[499],1.0,51.5,00:00:00,0.19471650000002683,0.00019471650000002684
Zheng DBSCAN,Ceravolo,sudden_trace_noise15_1000_re,400,80.0,[np.float64(447.5)],[499],1.0,51.5,00:00:00,0.19471650000002683,0.00019471650000002684
Zheng DBSCAN,Ceravolo,sudden_trace_noise15_1000_re,400,120.0,[np.float64(447.5)],[499],1.0,51.5,00:00:00,0.19471650000002683,0.00019471650000002684
Zheng DBSCAN,Ceravolo,sudden_trace_noise15_1000_re,400,160.0,[np.float64(447.5)],[499],1.0,51.5,00:00:00,0.19471650000002683,0.00019471650000002684
Zheng DBSCAN,Ceravolo,sudden_trace_noise15_1000_re,400,200.0,[np.float64(447.5)],[499],1.0,51.5,00:00:00,0.19471650000002683,0.00019471650000002684
Zheng DBSCAN,Ostovar,Composite_ORI_output_ORI,700,70.0,"[np.float64(743.0), np.float64(909.7272727272727), np.float64(1886.0833333333333)]","[999, 1999]",0.8,101.094696969697,00:00:05,5.6334262999999964,0.0018784349116372113
Zheng DBSCAN,Ostovar,Composite_ORI_output_ORI,700,140.0,"[np.float64(895.8333333333334), np.float64(1886.0833333333333)]","[999, 1999]",1.0,108.04166666666669,00:00:05,5.6334262999999964,0.0018784349116372113
Zheng DBSCAN,Ostovar,Composite_ORI_output_ORI,700,210.0,"[np.float64(895.8333333333334), np.float64(1886.0833333333333)]","[999, 1999]",1.0,108.04166666666669,00:00:05,5.6334262999999964,0.0018784349116372113
Zheng DBSCAN,Ostovar,Composite_ORI_output_ORI,700,280.0,"[np.float64(895.8333333333334), np.float64(1886.0833333333333)]","[999, 1999]",1.0,108.04166666666669,00:00:05,5.6334262999999964,0.0018784349116372113
Zheng DBSCAN,Ostovar,Composite_ORI_output_ORI,700,350.0,"[np.float64(895.8333333333334), np.float64(1886.0833333333333)]","[999, 1999]",1.0,108.04166666666669,00:00:05,5.6334262999999964,0.0018784349116372113
Zheng DBSCAN,Ceravolo,sudden_trace_noise5_1000_IOR,600,60.0,[],[499],,,00:00:00,0.19706680000001597,0.00019706680000001597
Zheng DBSCAN,Ceravolo,sudden_trace_noise5_1000_IOR,600,120.0,[],[499],,,00:00:00,0.19706680000001597,0.00019706680000001597
Zheng DBSCAN,Ceravolo,sudden_trace_noise5_1000_IOR,600,180.0,[],[499],,,00:00:00,0.19706680000001597,0.00019706680000001597
Zheng DBSCAN,Ceravolo,sudden_trace_noise5_1000_IOR,600,240.0,[],[499],,,00:00:00,0.19706680000001597,0.00019706680000001597
Zheng DBSCAN,Ceravolo,sudden_trace_noise5_1000_IOR,600,300.0,[],[499],,,00:00:00,0.19706680000001597,0.00019706680000001597
Zheng DBSCAN,Ceravolo,sudden_trace_noise5_1000_IOR,400,40.0,[np.float64(449.5)],[499],1.0,49.5,00:00:00,0.2321210999999721,0.0002321210999999721
Zheng DBSCAN,Ceravolo,sudden_trace_noise5_1000_IOR,400,80.0,[np.float64(449.5)],[499],1.0,49.5,00:00:00,0.2321210999999721,0.0002321210999999721
Zheng DBSCAN,Ceravolo,sudden_trace_noise5_1000_IOR,400,120.0,[np.float64(449.5)],[499],1.0,49.5,00:00:00,0.2321210999999721,0.0002321210999999721
Zheng DBSCAN,Ceravolo,sudden_trace_noise5_1000_IOR,400,160.0,[np.float64(449.5)],[499],1.0,49.5,00:00:00,0.2321210999999721,0.0002321210999999721
Zheng DBSCAN,Ceravolo,sudden_trace_noise5_1000_IOR,400,200.0,[np.float64(449.5)],[499],1.0,49.5,00:00:00,0.2321210999999721,0.0002321210999999721
Zheng DBSCAN,Ceravolo,sudden_trace_noise10_1000_cb,300,30.0,[np.float64(451.0)],[499],1.0,48.0,00:00:00,0.2073104000000967,0.0002073104000000967
Zheng DBSCAN,Ceravolo,sudden_trace_noise10_1000_cb,300,60.0,[np.float64(451.0)],[499],1.0,48.0,00:00:00,0.2073104000000967,0.0002073104000000967
Zheng DBSCAN,Ceravolo,sudden_trace_noise10_1000_cb,300,90.0,[np.float64(451.0)],[499],1.0,48.0,00:00:00,0.2073104000000967,0.0002073104000000967
Zheng DBSCAN,Ceravolo,sudden_trace_noise10_1000_cb,300,120.0,[np.float64(451.0)],[499],1.0,48.0,00:00:00,0.2073104000000967,0.0002073104000000967
Zheng DBSCAN,Ceravolo,sudden_trace_noise10_1000_cb,300,150.0,[np.float64(451.0)],[499],1.0,48.0,00:00:00,0.2073104000000967,0.0002073104000000967
Zheng DBSCAN,Ostovar,Atomic_ConditionalMove_output_ConditionalMove,600,60.0,"[np.float64(941.4285714285714), np.float64(1934.7777777777778)]","[999, 1999]",1.0,60.89682539682536,00:00:05,5.821456399999988,0.0019411325108369417
Zheng DBSCAN,Ostovar,Atomic_ConditionalMove_output_ConditionalMove,600,120.0,"[np.float64(941.4285714285714), np.float64(1934.7777777777778)]","[999, 1999]",1.0,60.89682539682536,00:00:05,5.821456399999988,0.0019411325108369417
Zheng DBSCAN,Ostovar,Atomic_ConditionalMove_output_ConditionalMove,600,180.0,"[np.float64(941.4285714285714), np.float64(1934.7777777777778)]","[999, 1999]",1.0,60.89682539682536,00:00:05,5.821456399999988,0.0019411325108369417
Zheng DBSCAN,Ostovar,Atomic_ConditionalMove_output_ConditionalMove,600,240.0,"[np.float64(941.4285714285714), np.float64(1934.7777777777778)]","[999, 1999]",1.0,60.89682539682536,00:00:05,5.821456399999988,0.0019411325108369417
Zheng DBSCAN,Ostovar,Atomic_ConditionalMove_output_ConditionalMove,600,300.0,"[np.float64(941.4285714285714), np.float64(1934.7777777777778)]","[999, 1999]",1.0,60.89682539682536,00:00:05,5.821456399999988,0.0019411325108369417
Zheng DBSCAN,Ceravolo,sudden_trace_noise10_1000_cd,700,70.0,[],[499],,,00:00:00,0.20444439999994302,0.00020444439999994302
Zheng DBSCAN,Ceravolo,sudden_trace_noise10_1000_cd,700,140.0,[],[499],,,00:00:00,0.20444439999994302,0.00020444439999994302
Zheng DBSCAN,Ceravolo,sudden_trace_noise10_1000_cd,700,210.0,[],[499],,,00:00:00,0.20444439999994302,0.00020444439999994302
Zheng DBSCAN,Ceravolo,sudden_trace_noise10_1000_cd,700,280.0,[],[499],,,00:00:00,0.20444439999994302,0.00020444439999994302
Zheng DBSCAN,Ceravolo,sudden_trace_noise10_1000_cd,700,350.0,[],[499],,,00:00:00,0.20444439999994302,0.00020444439999994302
Zheng DBSCAN,Ceravolo,sudden_trace_noise20_1000_RIO,800,80.0,[],[499],,,00:00:00,0.21030680000001212,0.00021030680000001212
Zheng DBSCAN,Ceravolo,sudden_trace_noise20_1000_RIO,800,160.0,[],[499],,,00:00:00,0.21030680000001212,0.00021030680000001212
Zheng DBSCAN,Ceravolo,sudden_trace_noise20_1000_RIO,800,240.0,[],[499],,,00:00:00,0.21030680000001212,0.00021030680000001212
Zheng DBSCAN,Ceravolo,sudden_trace_noise20_1000_RIO,800,320.0,[],[499],,,00:00:00,0.21030680000001212,0.00021030680000001212
Zheng DBSCAN,Ceravolo,sudden_trace_noise20_1000_RIO,800,400.0,[],[499],,,00:00:00,0.21030680000001212,0.00021030680000001212
Zheng DBSCAN,Ceravolo,sudden_trace_noise20_1000_pm,500,50.0,[],[499],,,00:00:00,0.21070509999992737,0.00021070509999992736
Zheng DBSCAN,Ceravolo,sudden_trace_noise20_1000_pm,500,100.0,[],[499],,,00:00:00,0.21070509999992737,0.00021070509999992736
Zheng DBSCAN,Ceravolo,sudden_trace_noise20_1000_pm,500,150.0,[],[499],,,00:00:00,0.21070509999992737,0.00021070509999992736
Zheng DBSCAN,Ceravolo,sudden_trace_noise20_1000_pm,500,200.0,[],[499],,,00:00:00,0.21070509999992737,0.00021070509999992736
Zheng DBSCAN,Ceravolo,sudden_trace_noise20_1000_pm,500,250.0,[],[499],,,00:00:00,0.21070509999992737,0.00021070509999992736
Zheng DBSCAN,Ceravolo,sudden_trace_noise15_1000_IRO,700,70.0,[],[499],,,00:00:00,0.25948570000002746,0.00025948570000002745
Zheng DBSCAN,Ceravolo,sudden_trace_noise15_1000_IRO,700,140.0,[],[499],,,00:00:00,0.25948570000002746,0.00025948570000002745
Zheng DBSCAN,Ceravolo,sudden_trace_noise15_1000_IRO,700,210.0,[],[499],,,00:00:00,0.25948570000002746,0.00025948570000002745
Zheng DBSCAN,Ceravolo,sudden_trace_noise15_1000_IRO,700,280.0,[],[499],,,00:00:00,0.25948570000002746,0.00025948570000002745
Zheng DBSCAN,Ceravolo,sudden_trace_noise15_1000_IRO,700,350.0,[],[499],,,00:00:00,0.25948570000002746,0.00025948570000002745
Zheng DBSCAN,Ostovar,Atomic_Frequency_output_Frequency_2,700,70.0,[np.float64(1496.3603988603988)],"[999, 1999]",,,00:00:03,3.259346300000061,0.0010868110370123578
Zheng DBSCAN,Ostovar,Atomic_Frequency_output_Frequency_2,700,140.0,[np.float64(1496.3603988603988)],"[999, 1999]",,,00:00:03,3.259346300000061,0.0010868110370123578
Zheng DBSCAN,Ostovar,Atomic_Frequency_output_Frequency_2,700,210.0,[np.float64(1496.3603988603988)],"[999, 1999]",,,00:00:03,3.259346300000061,0.0010868110370123578
Zheng DBSCAN,Ostovar,Atomic_Frequency_output_Frequency_2,700,280.0,[np.float64(1496.3603988603988)],"[999, 1999]",,,00:00:03,3.259346300000061,0.0010868110370123578
Zheng DBSCAN,Ostovar,Atomic_Frequency_output_Frequency_2,700,350.0,[np.float64(1496.3603988603988)],"[999, 1999]",,,00:00:03,3.259346300000061,0.0010868110370123578
Zheng DBSCAN,Ceravolo,sudden_trace_noise15_1000_lp,700,70.0,[],[499],,,00:00:00,0.20093409999992673,0.00020093409999992674
Zheng DBSCAN,Ceravolo,sudden_trace_noise15_1000_lp,700,140.0,[],[499],,,00:00:00,0.20093409999992673,0.00020093409999992674
Zheng DBSCAN,Ceravolo,sudden_trace_noise15_1000_lp,700,210.0,[],[499],,,00:00:00,0.20093409999992673,0.00020093409999992674
Zheng DBSCAN,Ceravolo,sudden_trace_noise15_1000_lp,700,280.0,[],[499],,,00:00:00,0.20093409999992673,0.00020093409999992674
Zheng DBSCAN,Ceravolo,sudden_trace_noise15_1000_lp,700,350.0,[],[499],,,00:00:00,0.20093409999992673,0.00020093409999992674
Zheng DBSCAN,Ostovar,Nested_IOR_output_IOR_2,600,60.0,[np.float64(1497.9978134110788)],"[999, 1999]",,,00:00:07,7.893082199999981,0.002631904701567183
Zheng DBSCAN,Ostovar,Nested_IOR_output_IOR_2,600,120.0,[np.float64(1497.9978134110788)],"[999, 1999]",,,00:00:07,7.893082199999981,0.002631904701567183
Zheng DBSCAN,Ostovar,Nested_IOR_output_IOR_2,600,180.0,[np.float64(1497.9978134110788)],"[999, 1999]",,,00:00:07,7.893082199999981,0.002631904701567183
Zheng DBSCAN,Ostovar,Nested_IOR_output_IOR_2,600,240.0,[np.float64(1497.9978134110788)],"[999, 1999]",,,00:00:07,7.893082199999981,0.002631904701567183
Zheng DBSCAN,Ostovar,Nested_IOR_output_IOR_2,600,300.0,[np.float64(1497.9978134110788)],"[999, 1999]",,,00:00:07,7.893082199999981,0.002631904701567183
Zheng DBSCAN,Ostovar,Composite_ROI_output_ROI_5,600,60.0,[np.float64(1506.6917098445597)],"[999, 1999]",,,00:00:07,7.078130499999929,0.002360163554518149
Zheng DBSCAN,Ostovar,Composite_ROI_output_ROI_5,600,120.0,[np.float64(1506.6917098445597)],"[999, 1999]",,,00:00:07,7.078130499999929,0.002360163554518149
Zheng DBSCAN,Ostovar,Composite_ROI_output_ROI_5,600,180.0,[np.float64(1506.6917098445597)],"[999, 1999]",,,00:00:07,7.078130499999929,0.002360163554518149
Zheng DBSCAN,Ostovar,Composite_ROI_output_ROI_5,600,240.0,[np.float64(1506.6917098445597)],"[999, 1999]",,,00:00:07,7.078130499999929,0.002360163554518149
Zheng DBSCAN,Ostovar,Composite_ROI_output_ROI_5,600,300.0,[np.float64(1506.6917098445597)],"[999, 1999]",,,00:00:07,7.078130499999929,0.002360163554518149
Zheng DBSCAN,Ceravolo,sudden_trace_noise5_1000_cb,700,70.0,[],[499],,,00:00:00,0.19864689999997154,0.00019864689999997154
Zheng DBSCAN,Ceravolo,sudden_trace_noise5_1000_cb,700,140.0,[],[499],,,00:00:00,0.19864689999997154,0.00019864689999997154
Zheng DBSCAN,Ceravolo,sudden_trace_noise5_1000_cb,700,210.0,[],[499],,,00:00:00,0.19864689999997154,0.00019864689999997154
Zheng DBSCAN,Ceravolo,sudden_trace_noise5_1000_cb,700,280.0,[],[499],,,00:00:00,0.19864689999997154,0.00019864689999997154
Zheng DBSCAN,Ceravolo,sudden_trace_noise5_1000_cb,700,350.0,[],[499],,,00:00:00,0.19864689999997154,0.00019864689999997154
Zheng DBSCAN,Ceravolo,sudden_trace_noise10_1000_pm,300,30.0,[np.float64(449.0)],[499],1.0,50.0,00:00:00,0.18506919999992988,0.00018506919999992987
Zheng DBSCAN,Ceravolo,sudden_trace_noise10_1000_pm,300,60.0,[np.float64(449.0)],[499],1.0,50.0,00:00:00,0.18506919999992988,0.00018506919999992987
Zheng DBSCAN,Ceravolo,sudden_trace_noise10_1000_pm,300,90.0,[np.float64(449.0)],[499],1.0,50.0,00:00:00,0.18506919999992988,0.00018506919999992987
Zheng DBSCAN,Ceravolo,sudden_trace_noise10_1000_pm,300,120.0,[np.float64(449.0)],[499],1.0,50.0,00:00:00,0.18506919999992988,0.00018506919999992987
Zheng DBSCAN,Ceravolo,sudden_trace_noise10_1000_pm,300,150.0,[np.float64(449.0)],[499],1.0,50.0,00:00:00,0.18506919999992988,0.00018506919999992987
Zheng DBSCAN,Ceravolo,sudden_trace_noise5_1000_ROI,500,50.0,[],[499],,,00:00:00,0.24096240000005764,0.00024096240000005765
Zheng DBSCAN,Ceravolo,sudden_trace_noise5_1000_ROI,500,100.0,[],[499],,,00:00:00,0.24096240000005764,0.00024096240000005765
Zheng DBSCAN,Ceravolo,sudden_trace_noise5_1000_ROI,500,150.0,[],[499],,,00:00:00,0.24096240000005764,0.00024096240000005765
Zheng DBSCAN,Ceravolo,sudden_trace_noise5_1000_ROI,500,200.0,[],[499],,,00:00:00,0.24096240000005764,0.00024096240000005765
Zheng DBSCAN,Ceravolo,sudden_trace_noise5_1000_ROI,500,250.0,[],[499],,,00:00:00,0.24096240000005764,0.00024096240000005765
Zheng DBSCAN,Ceravolo,sudden_trace_noise20_1000_rp,500,50.0,[],[499],,,00:00:00,0.21815239999989444,0.00021815239999989445
Zheng DBSCAN,Ceravolo,sudden_trace_noise20_1000_rp,500,100.0,[],[499],,,00:00:00,0.21815239999989444,0.00021815239999989445
Zheng DBSCAN,Ceravolo,sudden_trace_noise20_1000_rp,500,150.0,[],[499],,,00:00:00,0.21815239999989444,0.00021815239999989445
Zheng DBSCAN,Ceravolo,sudden_trace_noise20_1000_rp,500,200.0,[],[499],,,00:00:00,0.21815239999989444,0.00021815239999989445
Zheng DBSCAN,Ceravolo,sudden_trace_noise20_1000_rp,500,250.0,[],[499],,,00:00:00,0.21815239999989444,0.00021815239999989445
Zheng DBSCAN,Ceravolo,sudden_trace_noise20_1000_cf,500,50.0,[],[499],,,00:00:00,0.20076570000003358,0.00020076570000003357
Zheng DBSCAN,Ceravolo,sudden_trace_noise20_1000_cf,500,100.0,[],[499],,,00:00:00,0.20076570000003358,0.00020076570000003357
Zheng DBSCAN,Ceravolo,sudden_trace_noise20_1000_cf,500,150.0,[],[499],,,00:00:00,0.20076570000003358,0.00020076570000003357
Zheng DBSCAN,Ceravolo,sudden_trace_noise20_1000_cf,500,200.0,[],[499],,,00:00:00,0.20076570000003358,0.00020076570000003357
Zheng DBSCAN,Ceravolo,sudden_trace_noise20_1000_cf,500,250.0,[],[499],,,00:00:00,0.20076570000003358,0.00020076570000003357
Zheng DBSCAN,Ostovar,Nested_OIR_output_OIR_2,400,40.0,[np.float64(1479.7781132075472)],"[999, 1999]",,,00:00:07,7.420593100000019,0.0024743558186062086
Zheng DBSCAN,Ostovar,Nested_OIR_output_OIR_2,400,80.0,[np.float64(1479.7781132075472)],"[999, 1999]",,,00:00:07,7.420593100000019,0.0024743558186062086
Zheng DBSCAN,Ostovar,Nested_OIR_output_OIR_2,400,120.0,[np.float64(1479.7781132075472)],"[999, 1999]",,,00:00:07,7.420593100000019,0.0024743558186062086
Zheng DBSCAN,Ostovar,Nested_OIR_output_OIR_2,400,160.0,[np.float64(1479.7781132075472)],"[999, 1999]",,,00:00:07,7.420593100000019,0.0024743558186062086
Zheng DBSCAN,Ostovar,Nested_OIR_output_OIR_2,400,200.0,[np.float64(1479.7781132075472)],"[999, 1999]",,,00:00:07,7.420593100000019,0.0024743558186062086
Zheng DBSCAN,Ostovar,Atomic_Skip_output_Skip,600,60.0,"[np.float64(919.0), np.float64(1952.0)]","[999, 1999]",1.0,63.5,00:00:04,4.962061899999981,0.0016545721573857889
Zheng DBSCAN,Ostovar,Atomic_Skip_output_Skip,600,120.0,"[np.float64(919.0), np.float64(1952.0)]","[999, 1999]",1.0,63.5,00:00:04,4.962061899999981,0.0016545721573857889
Zheng DBSCAN,Ostovar,Atomic_Skip_output_Skip,600,180.0,"[np.float64(919.0), np.float64(1952.0)]","[999, 1999]",1.0,63.5,00:00:04,4.962061899999981,0.0016545721573857889
Zheng DBSCAN,Ostovar,Atomic_Skip_output_Skip,600,240.0,"[np.float64(919.0), np.float64(1952.0)]","[999, 1999]",1.0,63.5,00:00:04,4.962061899999981,0.0016545721573857889
Zheng DBSCAN,Ostovar,Atomic_Skip_output_Skip,600,300.0,"[np.float64(919.0), np.float64(1952.0)]","[999, 1999]",1.0,63.5,00:00:04,4.962061899999981,0.0016545721573857889
Zheng DBSCAN,Ceravolo,sudden_trace_noise20_1000_cd,400,40.0,[],[499],,,00:00:00,0.19885390000001735,0.00019885390000001736
Zheng DBSCAN,Ceravolo,sudden_trace_noise20_1000_cd,400,80.0,[],[499],,,00:00:00,0.19885390000001735,0.00019885390000001736
Zheng DBSCAN,Ceravolo,sudden_trace_noise20_1000_cd,400,120.0,[],[499],,,00:00:00,0.19885390000001735,0.00019885390000001736
Zheng DBSCAN,Ceravolo,sudden_trace_noise20_1000_cd,400,160.0,[],[499],,,00:00:00,0.19885390000001735,0.00019885390000001736
Zheng DBSCAN,Ceravolo,sudden_trace_noise20_1000_cd,400,200.0,[],[499],,,00:00:00,0.19885390000001735,0.00019885390000001736
Zheng DBSCAN,Ostovar,Composite_OIR_output_OIR_2,400,40.0,[np.float64(1496.5688854489165)],"[999, 1999]",,,00:00:06,6.796878300000003,0.0022663815605201746
Zheng DBSCAN,Ostovar,Composite_OIR_output_OIR_2,400,80.0,[np.float64(1496.5688854489165)],"[999, 1999]",,,00:00:06,6.796878300000003,0.0022663815605201746
Zheng DBSCAN,Ostovar,Composite_OIR_output_OIR_2,400,120.0,[np.float64(1496.5688854489165)],"[999, 1999]",,,00:00:06,6.796878300000003,0.0022663815605201746
Zheng DBSCAN,Ostovar,Composite_OIR_output_OIR_2,400,160.0,[np.float64(1496.5688854489165)],"[999, 1999]",,,00:00:06,6.796878300000003,0.0022663815605201746
Zheng DBSCAN,Ostovar,Composite_OIR_output_OIR_2,400,200.0,[np.float64(1496.5688854489165)],"[999, 1999]",,,00:00:06,6.796878300000003,0.0022663815605201746
Zheng DBSCAN,Ostovar,Nested_IOR_output_IOR_2,400,40.0,[np.float64(1502.2180546726001)],"[999, 1999]",,,00:00:07,7.519865299999992,0.0025074575858619512
Zheng DBSCAN,Ostovar,Nested_IOR_output_IOR_2,400,80.0,[np.float64(1502.2180546726001)],"[999, 1999]",,,00:00:07,7.519865299999992,0.0025074575858619512
Zheng DBSCAN,Ostovar,Nested_IOR_output_IOR_2,400,120.0,[np.float64(1502.2180546726001)],"[999, 1999]",,,00:00:07,7.519865299999992,0.0025074575858619512
Zheng DBSCAN,Ostovar,Nested_IOR_output_IOR_2,400,160.0,[np.float64(1502.2180546726001)],"[999, 1999]",,,00:00:07,7.519865299999992,0.0025074575858619512
Zheng DBSCAN,Ostovar,Nested_IOR_output_IOR_2,400,200.0,[np.float64(1502.2180546726001)],"[999, 1999]",,,00:00:07,7.519865299999992,0.0025074575858619512
Zheng DBSCAN,Ceravolo,sudden_trace_noise15_1000_re,600,60.0,[],[499],,,00:00:00,0.18627200000003086,0.00018627200000003087
Zheng DBSCAN,Ceravolo,sudden_trace_noise15_1000_re,600,120.0,[],[499],,,00:00:00,0.18627200000003086,0.00018627200000003087
Zheng DBSCAN,Ceravolo,sudden_trace_noise15_1000_re,600,180.0,[],[499],,,00:00:00,0.18627200000003086,0.00018627200000003087
Zheng DBSCAN,Ceravolo,sudden_trace_noise15_1000_re,600,240.0,[],[499],,,00:00:00,0.18627200000003086,0.00018627200000003087
Zheng DBSCAN,Ceravolo,sudden_trace_noise15_1000_re,600,300.0,[],[499],,,00:00:00,0.18627200000003086,0.00018627200000003087
Zheng DBSCAN,Ostovar,Composite_OIR_output_OIR,800,80.0,"[np.float64(943.2380952380952), np.float64(1930.1176470588234)]","[999, 1999]",1.0,62.3221288515407,00:00:05,5.630092999999988,0.001877323441147045
Zheng DBSCAN,Ostovar,Composite_OIR_output_OIR,800,160.0,"[np.float64(943.2380952380952), np.float64(1930.1176470588234)]","[999, 1999]",1.0,62.3221288515407,00:00:05,5.630092999999988,0.001877323441147045
Zheng DBSCAN,Ostovar,Composite_OIR_output_OIR,800,240.0,"[np.float64(943.2380952380952), np.float64(1930.1176470588234)]","[999, 1999]",1.0,62.3221288515407,00:00:05,5.630092999999988,0.001877323441147045
Zheng DBSCAN,Ostovar,Composite_OIR_output_OIR,800,320.0,"[np.float64(943.2380952380952), np.float64(1930.1176470588234)]","[999, 1999]",1.0,62.3221288515407,00:00:05,5.630092999999988,0.001877323441147045
Zheng DBSCAN,Ostovar,Composite_OIR_output_OIR,800,400.0,"[np.float64(943.2380952380952), np.float64(1930.1176470588234)]","[999, 1999]",1.0,62.3221288515407,00:00:05,5.630092999999988,0.001877323441147045
Zheng DBSCAN,Ceravolo,sudden_trace_noise15_1000_OIR,500,50.0,[],[499],,,00:00:00,0.22166700000002493,0.00022166700000002493
Zheng DBSCAN,Ceravolo,sudden_trace_noise15_1000_OIR,500,100.0,[],[499],,,00:00:00,0.22166700000002493,0.00022166700000002493
Zheng DBSCAN,Ceravolo,sudden_trace_noise15_1000_OIR,500,150.0,[],[499],,,00:00:00,0.22166700000002493,0.00022166700000002493
Zheng DBSCAN,Ceravolo,sudden_trace_noise15_1000_OIR,500,200.0,[],[499],,,00:00:00,0.22166700000002493,0.00022166700000002493
Zheng DBSCAN,Ceravolo,sudden_trace_noise15_1000_OIR,500,250.0,[],[499],,,00:00:00,0.22166700000002493,0.00022166700000002493
Zheng DBSCAN,Ceravolo,sudden_trace_noise10_1000_cf,600,60.0,[],[499],,,00:00:00,0.19521659999998064,0.00019521659999998064
Zheng DBSCAN,Ceravolo,sudden_trace_noise10_1000_cf,600,120.0,[],[499],,,00:00:00,0.19521659999998064,0.00019521659999998064
Zheng DBSCAN,Ceravolo,sudden_trace_noise10_1000_cf,600,180.0,[],[499],,,00:00:00,0.19521659999998064,0.00019521659999998064
Zheng DBSCAN,Ceravolo,sudden_trace_noise10_1000_cf,600,240.0,[],[499],,,00:00:00,0.19521659999998064,0.00019521659999998064
Zheng DBSCAN,Ceravolo,sudden_trace_noise10_1000_cf,600,300.0,[],[499],,,00:00:00,0.19521659999998064,0.00019521659999998064
Zheng DBSCAN,Ceravolo,sudden_trace_noise20_1000_cd,300,30.0,[],[499],,,00:00:00,0.18020940000008068,0.0001802094000000807
Zheng DBSCAN,Ceravolo,sudden_trace_noise20_1000_cd,300,60.0,[],[499],,,00:00:00,0.18020940000008068,0.0001802094000000807
Zheng DBSCAN,Ceravolo,sudden_trace_noise20_1000_cd,300,90.0,[],[499],,,00:00:00,0.18020940000008068,0.0001802094000000807
Zheng DBSCAN,Ceravolo,sudden_trace_noise20_1000_cd,300,120.0,[],[499],,,00:00:00,0.18020940000008068,0.0001802094000000807
Zheng DBSCAN,Ceravolo,sudden_trace_noise20_1000_cd,300,150.0,[],[499],,,00:00:00,0.18020940000008068,0.0001802094000000807
Zheng DBSCAN,Ceravolo,sudden_trace_noise5_1000_pl,400,40.0,[],[499],,,00:00:00,0.2003581999999824,0.00020035819999998238
Zheng DBSCAN,Ceravolo,sudden_trace_noise5_1000_pl,400,80.0,[],[499],,,00:00:00,0.2003581999999824,0.00020035819999998238
Zheng DBSCAN,Ceravolo,sudden_trace_noise5_1000_pl,400,120.0,[],[499],,,00:00:00,0.2003581999999824,0.00020035819999998238
Zheng DBSCAN,Ceravolo,sudden_trace_noise5_1000_pl,400,160.0,[],[499],,,00:00:00,0.2003581999999824,0.00020035819999998238
Zheng DBSCAN,Ceravolo,sudden_trace_noise5_1000_pl,400,200.0,[],[499],,,00:00:00,0.2003581999999824,0.00020035819999998238
Zheng DBSCAN,Ostovar,Nested_RIO_output_RIO,500,50.0,"[np.float64(968.5555555555555), np.float64(1773.0), np.float64(1910.2608695652175)]","[999, 1999]",0.8,59.59178743961348,00:00:06,6.608738300000027,0.002203647315771933
Zheng DBSCAN,Ostovar,Nested_RIO_output_RIO,500,100.0,"[np.float64(968.5555555555555), np.float64(1904.5416666666667)]","[999, 1999]",1.0,62.45138888888886,00:00:06,6.608738300000027,0.002203647315771933
Zheng DBSCAN,Ostovar,Nested_RIO_output_RIO,500,150.0,"[np.float64(968.5555555555555), np.float64(1904.5416666666667)]","[999, 1999]",1.0,62.45138888888886,00:00:06,6.608738300000027,0.002203647315771933
Zheng DBSCAN,Ostovar,Nested_RIO_output_RIO,500,200.0,"[np.float64(968.5555555555555), np.float64(1904.5416666666667)]","[999, 1999]",1.0,62.45138888888886,00:00:06,6.608738300000027,0.002203647315771933
Zheng DBSCAN,Ostovar,Nested_RIO_output_RIO,500,250.0,"[np.float64(968.5555555555555), np.float64(1904.5416666666667)]","[999, 1999]",1.0,62.45138888888886,00:00:06,6.608738300000027,0.002203647315771933
Zheng DBSCAN,Ceravolo,sudden_trace_noise20_1000_re,300,30.0,[np.float64(447.5)],[499],1.0,51.5,00:00:00,0.20092299999998886,0.00020092299999998887
Zheng DBSCAN,Ceravolo,sudden_trace_noise20_1000_re,300,60.0,[np.float64(447.5)],[499],1.0,51.5,00:00:00,0.20092299999998886,0.00020092299999998887
Zheng DBSCAN,Ceravolo,sudden_trace_noise20_1000_re,300,90.0,[np.float64(447.5)],[499],1.0,51.5,00:00:00,0.20092299999998886,0.00020092299999998887
Zheng DBSCAN,Ceravolo,sudden_trace_noise20_1000_re,300,120.0,[np.float64(447.5)],[499],1.0,51.5,00:00:00,0.20092299999998886,0.00020092299999998887
Zheng DBSCAN,Ceravolo,sudden_trace_noise20_1000_re,300,150.0,[np.float64(447.5)],[499],1.0,51.5,00:00:00,0.20092299999998886,0.00020092299999998887
Zheng DBSCAN,Ostovar,Atomic_ConditionalRemoval_output_ConditionalRemoval,700,70.0,"[np.float64(931.5), np.float64(1943.0)]","[999, 1999]",1.0,61.75,00:00:04,4.868642799999975,0.0016234220740246666
Zheng DBSCAN,Ostovar,Atomic_ConditionalRemoval_output_ConditionalRemoval,700,140.0,"[np.float64(931.5), np.float64(1943.0)]","[999, 1999]",1.0,61.75,00:00:04,4.868642799999975,0.0016234220740246666
Zheng DBSCAN,Ostovar,Atomic_ConditionalRemoval_output_ConditionalRemoval,700,210.0,"[np.float64(931.5), np.float64(1943.0)]","[999, 1999]",1.0,61.75,00:00:04,4.868642799999975,0.0016234220740246666
Zheng DBSCAN,Ostovar,Atomic_ConditionalRemoval_output_ConditionalRemoval,700,280.0,"[np.float64(931.5), np.float64(1943.0)]","[999, 1999]",1.0,61.75,00:00:04,4.868642799999975,0.0016234220740246666
Zheng DBSCAN,Ostovar,Atomic_ConditionalRemoval_output_ConditionalRemoval,700,350.0,"[np.float64(931.5), np.float64(1943.0)]","[999, 1999]",1.0,61.75,00:00:04,4.868642799999975,0.0016234220740246666
Zheng DBSCAN,Ceravolo,sudden_trace_noise10_1000_sw,300,30.0,[np.float64(451.3333333333333)],[499],1.0,47.666666666666686,00:00:00,0.20621670000002723,0.00020621670000002724
Zheng DBSCAN,Ceravolo,sudden_trace_noise10_1000_sw,300,60.0,[np.float64(451.3333333333333)],[499],1.0,47.666666666666686,00:00:00,0.20621670000002723,0.00020621670000002724
Zheng DBSCAN,Ceravolo,sudden_trace_noise10_1000_sw,300,90.0,[np.float64(451.3333333333333)],[499],1.0,47.666666666666686,00:00:00,0.20621670000002723,0.00020621670000002724
Zheng DBSCAN,Ceravolo,sudden_trace_noise10_1000_sw,300,120.0,[np.float64(451.3333333333333)],[499],1.0,47.666666666666686,00:00:00,0.20621670000002723,0.00020621670000002724
Zheng DBSCAN,Ceravolo,sudden_trace_noise10_1000_sw,300,150.0,[np.float64(451.3333333333333)],[499],1.0,47.666666666666686,00:00:00,0.20621670000002723,0.00020621670000002724
Zheng DBSCAN,Ostovar,Composite_IOR_output_IOR_5,800,80.0,[np.float64(1503.5991525423728)],"[999, 1999]",,,00:00:05,5.200614599999994,0.001734116238746247
Zheng DBSCAN,Ostovar,Composite_IOR_output_IOR_5,800,160.0,[np.float64(1503.5991525423728)],"[999, 1999]",,,00:00:05,5.200614599999994,0.001734116238746247
Zheng DBSCAN,Ostovar,Composite_IOR_output_IOR_5,800,240.0,[np.float64(1503.5991525423728)],"[999, 1999]",,,00:00:05,5.200614599999994,0.001734116238746247
Zheng DBSCAN,Ostovar,Composite_IOR_output_IOR_5,800,320.0,[np.float64(1503.5991525423728)],"[999, 1999]",,,00:00:05,5.200614599999994,0.001734116238746247
Zheng DBSCAN,Ostovar,Composite_IOR_output_IOR_5,800,400.0,[np.float64(1503.5991525423728)],"[999, 1999]",,,00:00:05,5.200614599999994,0.001734116238746247
Zheng DBSCAN,Ceravolo,sudden_trace_noise5_1000_cd,500,50.0,[],[499],,,00:00:00,0.16708010000002105,0.00016708010000002105
Zheng DBSCAN,Ceravolo,sudden_trace_noise5_1000_cd,500,100.0,[],[499],,,00:00:00,0.16708010000002105,0.00016708010000002105
Zheng DBSCAN,Ceravolo,sudden_trace_noise5_1000_cd,500,150.0,[],[499],,,00:00:00,0.16708010000002105,0.00016708010000002105
Zheng DBSCAN,Ceravolo,sudden_trace_noise5_1000_cd,500,200.0,[],[499],,,00:00:00,0.16708010000002105,0.00016708010000002105
Zheng DBSCAN,Ceravolo,sudden_trace_noise5_1000_cd,500,250.0,[],[499],,,00:00:00,0.16708010000002105,0.00016708010000002105
Zheng DBSCAN,Ceravolo,sudden_trace_noise20_1000_lp,300,30.0,[np.float64(448.0)],[499],1.0,51.0,00:00:00,0.21333530000003975,0.00021333530000003975
Zheng DBSCAN,Ceravolo,sudden_trace_noise20_1000_lp,300,60.0,[np.float64(448.0)],[499],1.0,51.0,00:00:00,0.21333530000003975,0.00021333530000003975
Zheng DBSCAN,Ceravolo,sudden_trace_noise20_1000_lp,300,90.0,[np.float64(448.0)],[499],1.0,51.0,00:00:00,0.21333530000003975,0.00021333530000003975
Zheng DBSCAN,Ceravolo,sudden_trace_noise20_1000_lp,300,120.0,[np.float64(448.0)],[499],1.0,51.0,00:00:00,0.21333530000003975,0.00021333530000003975
Zheng DBSCAN,Ceravolo,sudden_trace_noise20_1000_lp,300,150.0,[np.float64(448.0)],[499],1.0,51.0,00:00:00,0.21333530000003975,0.00021333530000003975
Zheng DBSCAN,Ceravolo,sudden_trace_noise10_1000_cd,400,40.0,[],[499],,,00:00:00,0.19986889999995583,0.00019986889999995582
Zheng DBSCAN,Ceravolo,sudden_trace_noise10_1000_cd,400,80.0,[],[499],,,00:00:00,0.19986889999995583,0.00019986889999995582
Zheng DBSCAN,Ceravolo,sudden_trace_noise10_1000_cd,400,120.0,[],[499],,,00:00:00,0.19986889999995583,0.00019986889999995582
Zheng DBSCAN,Ceravolo,sudden_trace_noise10_1000_cd,400,160.0,[],[499],,,00:00:00,0.19986889999995583,0.00019986889999995582
Zheng DBSCAN,Ceravolo,sudden_trace_noise10_1000_cd,400,200.0,[],[499],,,00:00:00,0.19986889999995583,0.00019986889999995582
Zheng DBSCAN,Ceravolo,sudden_trace_noise15_1000_rp,700,70.0,[],[499],,,00:00:00,0.22191569999995409,0.0002219156999999541
Zheng DBSCAN,Ceravolo,sudden_trace_noise15_1000_rp,700,140.0,[],[499],,,00:00:00,0.22191569999995409,0.0002219156999999541
Zheng DBSCAN,Ceravolo,sudden_trace_noise15_1000_rp,700,210.0,[],[499],,,00:00:00,0.22191569999995409,0.0002219156999999541
Zheng DBSCAN,Ceravolo,sudden_trace_noise15_1000_rp,700,280.0,[],[499],,,00:00:00,0.22191569999995409,0.0002219156999999541
Zheng DBSCAN,Ceravolo,sudden_trace_noise15_1000_rp,700,350.0,[],[499],,,00:00:00,0.22191569999995409,0.0002219156999999541
Zheng DBSCAN,Ostovar,Composite_RIO_output_RIO_5,300,30.0,[np.float64(1485.4917672886938)],"[999, 1999]",,,00:00:05,5.798269000000005,0.0019334008002667572
Zheng DBSCAN,Ostovar,Composite_RIO_output_RIO_5,300,60.0,[np.float64(1485.4917672886938)],"[999, 1999]",,,00:00:05,5.798269000000005,0.0019334008002667572
Zheng DBSCAN,Ostovar,Composite_RIO_output_RIO_5,300,90.0,[np.float64(1485.4917672886938)],"[999, 1999]",,,00:00:05,5.798269000000005,0.0019334008002667572
Zheng DBSCAN,Ostovar,Composite_RIO_output_RIO_5,300,120.0,[np.float64(1485.4917672886938)],"[999, 1999]",,,00:00:05,5.798269000000005,0.0019334008002667572
Zheng DBSCAN,Ostovar,Composite_RIO_output_RIO_5,300,150.0,[np.float64(1485.4917672886938)],"[999, 1999]",,,00:00:05,5.798269000000005,0.0019334008002667572
Zheng DBSCAN,Ceravolo,sudden_trace_noise10_1000_lp,700,70.0,[],[499],,,00:00:00,0.20716120000008686,0.00020716120000008686
Zheng DBSCAN,Ceravolo,sudden_trace_noise10_1000_lp,700,140.0,[],[499],,,00:00:00,0.20716120000008686,0.00020716120000008686
Zheng DBSCAN,Ceravolo,sudden_trace_noise10_1000_lp,700,210.0,[],[499],,,00:00:00,0.20716120000008686,0.00020716120000008686
Zheng DBSCAN,Ceravolo,sudden_trace_noise10_1000_lp,700,280.0,[],[499],,,00:00:00,0.20716120000008686,0.00020716120000008686
Zheng DBSCAN,Ceravolo,sudden_trace_noise10_1000_lp,700,350.0,[],[499],,,00:00:00,0.20716120000008686,0.00020716120000008686
Zheng DBSCAN,Ceravolo,sudden_trace_noise0_1000_IRO,700,70.0,[],[499],,,00:00:00,0.22253379999995104,0.00022253379999995104
Zheng DBSCAN,Ceravolo,sudden_trace_noise0_1000_IRO,700,140.0,[],[499],,,00:00:00,0.22253379999995104,0.00022253379999995104
Zheng DBSCAN,Ceravolo,sudden_trace_noise0_1000_IRO,700,210.0,[],[499],,,00:00:00,0.22253379999995104,0.00022253379999995104
Zheng DBSCAN,Ceravolo,sudden_trace_noise0_1000_IRO,700,280.0,[],[499],,,00:00:00,0.22253379999995104,0.00022253379999995104
Zheng DBSCAN,Ceravolo,sudden_trace_noise0_1000_IRO,700,350.0,[],[499],,,00:00:00,0.22253379999995104,0.00022253379999995104
Zheng DBSCAN,Ceravolo,sudden_trace_noise10_1000_sw,400,40.0,[np.float64(451.3333333333333)],[499],1.0,47.666666666666686,00:00:00,0.18593750000002274,0.00018593750000002273
Zheng DBSCAN,Ceravolo,sudden_trace_noise10_1000_sw,400,80.0,[np.float64(451.3333333333333)],[499],1.0,47.666666666666686,00:00:00,0.18593750000002274,0.00018593750000002273
Zheng DBSCAN,Ceravolo,sudden_trace_noise10_1000_sw,400,120.0,[np.float64(451.3333333333333)],[499],1.0,47.666666666666686,00:00:00,0.18593750000002274,0.00018593750000002273
Zheng DBSCAN,Ceravolo,sudden_trace_noise10_1000_sw,400,160.0,[np.float64(451.3333333333333)],[499],1.0,47.666666666666686,00:00:00,0.18593750000002274,0.00018593750000002273
Zheng DBSCAN,Ceravolo,sudden_trace_noise10_1000_sw,400,200.0,[np.float64(451.3333333333333)],[499],1.0,47.666666666666686,00:00:00,0.18593750000002274,0.00018593750000002273
Zheng DBSCAN,Ostovar,Atomic_ParallelMove_output_ParallelMove_2,400,40.0,[np.float64(1500.6681003584229)],"[999, 1999]",,,00:00:05,5.199537999999961,0.0017337572524174596
Zheng DBSCAN,Ostovar,Atomic_ParallelMove_output_ParallelMove_2,400,80.0,[np.float64(1500.6681003584229)],"[999, 1999]",,,00:00:05,5.199537999999961,0.0017337572524174596
Zheng DBSCAN,Ostovar,Atomic_ParallelMove_output_ParallelMove_2,400,120.0,[np.float64(1500.6681003584229)],"[999, 1999]",,,00:00:05,5.199537999999961,0.0017337572524174596
Zheng DBSCAN,Ostovar,Atomic_ParallelMove_output_ParallelMove_2,400,160.0,[np.float64(1500.6681003584229)],"[999, 1999]",,,00:00:05,5.199537999999961,0.0017337572524174596
Zheng DBSCAN,Ostovar,Atomic_ParallelMove_output_ParallelMove_2,400,200.0,[np.float64(1500.6681003584229)],"[999, 1999]",,,00:00:05,5.199537999999961,0.0017337572524174596
Zheng DBSCAN,Ostovar,Atomic_ConditionalMove_output_ConditionalMove_2,600,60.0,[np.float64(1513.3663123466886)],"[999, 1999]",,,00:00:05,5.047025600000097,0.001682902834278125
Zheng DBSCAN,Ostovar,Atomic_ConditionalMove_output_ConditionalMove_2,600,120.0,[np.float64(1513.3663123466886)],"[999, 1999]",,,00:00:05,5.047025600000097,0.001682902834278125
Zheng DBSCAN,Ostovar,Atomic_ConditionalMove_output_ConditionalMove_2,600,180.0,[np.float64(1513.3663123466886)],"[999, 1999]",,,00:00:05,5.047025600000097,0.001682902834278125
Zheng DBSCAN,Ostovar,Atomic_ConditionalMove_output_ConditionalMove_2,600,240.0,[np.float64(1513.3663123466886)],"[999, 1999]",,,00:00:05,5.047025600000097,0.001682902834278125
Zheng DBSCAN,Ostovar,Atomic_ConditionalMove_output_ConditionalMove_2,600,300.0,[np.float64(1513.3663123466886)],"[999, 1999]",,,00:00:05,5.047025600000097,0.001682902834278125
Zheng DBSCAN,Ceravolo,sudden_trace_noise0_1000_cp,600,60.0,[],[499],,,00:00:00,0.22021159999997053,0.00022021159999997052
Zheng DBSCAN,Ceravolo,sudden_trace_noise0_1000_cp,600,120.0,[],[499],,,00:00:00,0.22021159999997053,0.00022021159999997052
Zheng DBSCAN,Ceravolo,sudden_trace_noise0_1000_cp,600,180.0,[],[499],,,00:00:00,0.22021159999997053,0.00022021159999997052
Zheng DBSCAN,Ceravolo,sudden_trace_noise0_1000_cp,600,240.0,[],[499],,,00:00:00,0.22021159999997053,0.00022021159999997052
Zheng DBSCAN,Ceravolo,sudden_trace_noise0_1000_cp,600,300.0,[],[499],,,00:00:00,0.22021159999997053,0.00022021159999997052
Zheng DBSCAN,Ostovar,Composite_ROI_output_ROI_5,500,50.0,[np.float64(1508.2390510948906)],"[999, 1999]",,,00:00:04,4.851052999999979,0.0016175568522840877
Zheng DBSCAN,Ostovar,Composite_ROI_output_ROI_5,500,100.0,[np.float64(1508.2390510948906)],"[999, 1999]",,,00:00:04,4.851052999999979,0.0016175568522840877
Zheng DBSCAN,Ostovar,Composite_ROI_output_ROI_5,500,150.0,[np.float64(1508.2390510948906)],"[999, 1999]",,,00:00:04,4.851052999999979,0.0016175568522840877
Zheng DBSCAN,Ostovar,Composite_ROI_output_ROI_5,500,200.0,[np.float64(1508.2390510948906)],"[999, 1999]",,,00:00:04,4.851052999999979,0.0016175568522840877
Zheng DBSCAN,Ostovar,Composite_ROI_output_ROI_5,500,250.0,[np.float64(1508.2390510948906)],"[999, 1999]",,,00:00:04,4.851052999999979,0.0016175568522840877
Zheng DBSCAN,Ostovar,Atomic_ConditionalMove_output_ConditionalMove_2,400,40.0,[np.float64(1511.2466047176554)],"[999, 1999]",,,00:00:04,4.584660999999983,0.0015287299099699843
Zheng DBSCAN,Ostovar,Atomic_ConditionalMove_output_ConditionalMove_2,400,80.0,[np.float64(1511.2466047176554)],"[999, 1999]",,,00:00:04,4.584660999999983,0.0015287299099699843
Zheng DBSCAN,Ostovar,Atomic_ConditionalMove_output_ConditionalMove_2,400,120.0,[np.float64(1511.2466047176554)],"[999, 1999]",,,00:00:04,4.584660999999983,0.0015287299099699843
Zheng DBSCAN,Ostovar,Atomic_ConditionalMove_output_ConditionalMove_2,400,160.0,[np.float64(1511.2466047176554)],"[999, 1999]",,,00:00:04,4.584660999999983,0.0015287299099699843
Zheng DBSCAN,Ostovar,Atomic_ConditionalMove_output_ConditionalMove_2,400,200.0,[np.float64(1511.2466047176554)],"[999, 1999]",,,00:00:04,4.584660999999983,0.0015287299099699843
Zheng DBSCAN,Ceravolo,sudden_trace_noise15_1000_RIO,600,60.0,[],[499],,,00:00:00,0.204730799999993,0.000204730799999993
Zheng DBSCAN,Ceravolo,sudden_trace_noise15_1000_RIO,600,120.0,[],[499],,,00:00:00,0.204730799999993,0.000204730799999993
Zheng DBSCAN,Ceravolo,sudden_trace_noise15_1000_RIO,600,180.0,[],[499],,,00:00:00,0.204730799999993,0.000204730799999993
Zheng DBSCAN,Ceravolo,sudden_trace_noise15_1000_RIO,600,240.0,[],[499],,,00:00:00,0.204730799999993,0.000204730799999993
Zheng DBSCAN,Ceravolo,sudden_trace_noise15_1000_RIO,600,300.0,[],[499],,,00:00:00,0.204730799999993,0.000204730799999993
Zheng DBSCAN,Ceravolo,sudden_trace_noise0_1000_re,300,30.0,[np.float64(447.5)],[499],1.0,51.5,00:00:00,0.21304700000007415,0.00021304700000007414
Zheng DBSCAN,Ceravolo,sudden_trace_noise0_1000_re,300,60.0,[np.float64(447.5)],[499],1.0,51.5,00:00:00,0.21304700000007415,0.00021304700000007414
Zheng DBSCAN,Ceravolo,sudden_trace_noise0_1000_re,300,90.0,[np.float64(447.5)],[499],1.0,51.5,00:00:00,0.21304700000007415,0.00021304700000007414
Zheng DBSCAN,Ceravolo,sudden_trace_noise0_1000_re,300,120.0,[np.float64(447.5)],[499],1.0,51.5,00:00:00,0.21304700000007415,0.00021304700000007414
Zheng DBSCAN,Ceravolo,sudden_trace_noise0_1000_re,300,150.0,[np.float64(447.5)],[499],1.0,51.5,00:00:00,0.21304700000007415,0.00021304700000007414
Zheng DBSCAN,Ostovar,Atomic_ParallelRemoval_output_ParallelRemoval_5,700,70.0,[np.float64(1512.0850746268657)],"[999, 1999]",,,00:00:03,3.82504490000008,0.0012754401133711504
Zheng DBSCAN,Ostovar,Atomic_ParallelRemoval_output_ParallelRemoval_5,700,140.0,[np.float64(1512.0850746268657)],"[999, 1999]",,,00:00:03,3.82504490000008,0.0012754401133711504
Zheng DBSCAN,Ostovar,Atomic_ParallelRemoval_output_ParallelRemoval_5,700,210.0,[np.float64(1512.0850746268657)],"[999, 1999]",,,00:00:03,3.82504490000008,0.0012754401133711504
Zheng DBSCAN,Ostovar,Atomic_ParallelRemoval_output_ParallelRemoval_5,700,280.0,[np.float64(1512.0850746268657)],"[999, 1999]",,,00:00:03,3.82504490000008,0.0012754401133711504
Zheng DBSCAN,Ostovar,Atomic_ParallelRemoval_output_ParallelRemoval_5,700,350.0,[np.float64(1512.0850746268657)],"[999, 1999]",,,00:00:03,3.82504490000008,0.0012754401133711504
Zheng DBSCAN,Ostovar,Composite_ORI_output_ORI_2,600,60.0,[np.float64(1516.1847908745247)],"[999, 1999]",,,00:00:04,4.319538699999953,0.0014403263421140222
Zheng DBSCAN,Ostovar,Composite_ORI_output_ORI_2,600,120.0,[np.float64(1516.1847908745247)],"[999, 1999]",,,00:00:04,4.319538699999953,0.0014403263421140222
Zheng DBSCAN,Ostovar,Composite_ORI_output_ORI_2,600,180.0,[np.float64(1516.1847908745247)],"[999, 1999]",,,00:00:04,4.319538699999953,0.0014403263421140222
Zheng DBSCAN,Ostovar,Composite_ORI_output_ORI_2,600,240.0,[np.float64(1516.1847908745247)],"[999, 1999]",,,00:00:04,4.319538699999953,0.0014403263421140222
Zheng DBSCAN,Ostovar,Composite_ORI_output_ORI_2,600,300.0,[np.float64(1516.1847908745247)],"[999, 1999]",,,00:00:04,4.319538699999953,0.0014403263421140222
Zheng DBSCAN,Ceravolo,sudden_trace_noise5_1000_lp,400,40.0,[np.float64(448.0)],[499],1.0,51.0,00:00:00,0.22781799999995656,0.00022781799999995654
Zheng DBSCAN,Ceravolo,sudden_trace_noise5_1000_lp,400,80.0,[np.float64(448.0)],[499],1.0,51.0,00:00:00,0.22781799999995656,0.00022781799999995654
Zheng DBSCAN,Ceravolo,sudden_trace_noise5_1000_lp,400,120.0,[np.float64(448.0)],[499],1.0,51.0,00:00:00,0.22781799999995656,0.00022781799999995654
Zheng DBSCAN,Ceravolo,sudden_trace_noise5_1000_lp,400,160.0,[np.float64(448.0)],[499],1.0,51.0,00:00:00,0.22781799999995656,0.00022781799999995654
Zheng DBSCAN,Ceravolo,sudden_trace_noise5_1000_lp,400,200.0,[np.float64(448.0)],[499],1.0,51.0,00:00:00,0.22781799999995656,0.00022781799999995654
Zheng DBSCAN,Ostovar,Atomic_Loop_output_Loop_2,700,70.0,[np.float64(1485.984375)],"[999, 1999]",,,00:00:03,3.5389582000000246,0.0011800460820273505
Zheng DBSCAN,Ostovar,Atomic_Loop_output_Loop_2,700,140.0,[np.float64(1485.984375)],"[999, 1999]",,,00:00:03,3.5389582000000246,0.0011800460820273505
Zheng DBSCAN,Ostovar,Atomic_Loop_output_Loop_2,700,210.0,[np.float64(1485.984375)],"[999, 1999]",,,00:00:03,3.5389582000000246,0.0011800460820273505
Zheng DBSCAN,Ostovar,Atomic_Loop_output_Loop_2,700,280.0,[np.float64(1485.984375)],"[999, 1999]",,,00:00:03,3.5389582000000246,0.0011800460820273505
Zheng DBSCAN,Ostovar,Atomic_Loop_output_Loop_2,700,350.0,[np.float64(1485.984375)],"[999, 1999]",,,00:00:03,3.5389582000000246,0.0011800460820273505
Zheng DBSCAN,Ceravolo,sudden_trace_noise0_1000_lp,300,30.0,[np.float64(448.0)],[499],1.0,51.0,00:00:00,0.213670900000011,0.000213670900000011
Zheng DBSCAN,Ceravolo,sudden_trace_noise0_1000_lp,300,60.0,[np.float64(448.0)],[499],1.0,51.0,00:00:00,0.213670900000011,0.000213670900000011
Zheng DBSCAN,Ceravolo,sudden_trace_noise0_1000_lp,300,90.0,[np.float64(448.0)],[499],1.0,51.0,00:00:00,0.213670900000011,0.000213670900000011
Zheng DBSCAN,Ceravolo,sudden_trace_noise0_1000_lp,300,120.0,[np.float64(448.0)],[499],1.0,51.0,00:00:00,0.213670900000011,0.000213670900000011
Zheng DBSCAN,Ceravolo,sudden_trace_noise0_1000_lp,300,150.0,[np.float64(448.0)],[499],1.0,51.0,00:00:00,0.213670900000011,0.000213670900000011
Zheng DBSCAN,Ceravolo,sudden_trace_noise5_1000_RIO,400,40.0,[np.float64(447.0)],[499],1.0,52.0,00:00:00,0.21067500000003747,0.00021067500000003747
Zheng DBSCAN,Ceravolo,sudden_trace_noise5_1000_RIO,400,80.0,[np.float64(447.0)],[499],1.0,52.0,00:00:00,0.21067500000003747,0.00021067500000003747
Zheng DBSCAN,Ceravolo,sudden_trace_noise5_1000_RIO,400,120.0,[np.float64(447.0)],[499],1.0,52.0,00:00:00,0.21067500000003747,0.00021067500000003747
Zheng DBSCAN,Ceravolo,sudden_trace_noise5_1000_RIO,400,160.0,[np.float64(447.0)],[499],1.0,52.0,00:00:00,0.21067500000003747,0.00021067500000003747
Zheng DBSCAN,Ceravolo,sudden_trace_noise5_1000_RIO,400,200.0,[np.float64(447.0)],[499],1.0,52.0,00:00:00,0.21067500000003747,0.00021067500000003747
