Algorithm,Log Source,Log,Complete-Window Size,Detection-Window Size,Stable Period,Detected Changepoints,Actual Changepoints for Log,F1-Score,Average Lag,Duration,Duration (Seconds),Seconds per Case,P-Value,Min Adaptive Window,Max Adaptive Window,MRID,Epsilon,Window Size,SW Step Size,ADWIN Step Size
LCDD,AdditionalLogs,recurring_drift_03,300.0,300.0,200.0,"[301, 631, 962, 1284]","[500, 1000]",0.6666666666666666,84.5,00:00:00,0.0159184000003733,1.0612266666915576e-05,,,,,,,,
Process Graph Metrics,AdditionalLogs,gradual_drift_06,,,,"[464, 972]","[500, 1000]",1.0,32.0,00:00:16,16.542502199998125,0.0118160729999986,0.005,200.0,600.0,,,,,
LCDD,AdditionalLogs,sudden_drift_03,1200.0,1200.0,200.0,[],"[500, 1000]",,,00:00:00,0.0081642999939504,5.442866662633606e-06,,,,,,,,
LCDD,AdditionalLogs,gradual_drift_03,800.0,800.0,10.0,[830],"[500, 1000]",0.6666666666666666,170.0,00:00:00,0.0042455000002519,3.0325000001799447e-06,,,,,,,,
Process Graph Metrics,AdditionalLogs,recurring_drift_04,,,,"[622, 1162]","[500, 1000]",1.0,142.0,00:00:02,2.6520455999998376,0.0017680303999998,0.1,300.0,500.0,,,,,
Process Graph Metrics,AdditionalLogs,sudden_drift_04,,,,"[577, 1327]","[500, 1000]",0.5,77.0,00:00:02,2.241656400001375,0.0014944376000009,0.005,200.0,600.0,,,,,
LCDD,AdditionalLogs,recurring_drift_07,1200.0,1200.0,100.0,[],"[500, 1000]",,,00:00:00,0.0105289999992237,7.019333332815828e-06,,,,,,,,
Process Graph Metrics,AdditionalLogs,gradual_drift_03,,,,"[530, 1083]","[500, 1000]",1.0,56.5,00:00:01,1.8969037999995635,0.0013549312857139,0.005,100.0,600.0,,,,,
Process Graph Metrics,AdditionalLogs,recurring_drift_05,,,,"[604, 1144]","[500, 1000]",1.0,124.0,00:00:02,2.8198589000021457,0.0018799059333347,0.0001,300.0,500.0,,,,,
Process Graph Metrics,AdditionalLogs,recurring_drift_00,,,,"[553, 1072]","[500, 1000]",1.0,62.5,00:00:00,0.793880099998205,0.0005292533999988,0.1,200.0,500.0,,,,,
Process Graph Metrics,AdditionalLogs,gradual_drift_06,,,,"[501, 982]","[500, 1000]",1.0,9.5,00:00:12,12.665148100000806,0.0090465343571434,0.0001,300.0,500.0,,,,,
Process Graph Metrics,AdditionalLogs,gradual_drift_00,,,,"[716, 1364]","[500, 1000]",,,00:00:01,1.7443591999981436,0.0012459708571415,0.0001,100.0,700.0,,,,,
LCDD,AdditionalLogs,sudden_drift_05,600.0,600.0,150.0,[1000],"[500, 1000]",0.6666666666666666,0.0,00:00:00,0.0188130000024102,1.254200000160684e-05,,,,,,,,
Process Graph Metrics,AdditionalLogs,recurring_drift_00,,,,"[531, 1059]","[500, 1000]",1.0,45.0,00:00:02,2.6577698000037344,0.0017718465333358,0.05,300.0,700.0,,,,,
Process Graph Metrics,AdditionalLogs,sudden_drift_02,,,,"[451, 1056, 1493]","[500, 1000]",0.8,52.5,00:00:01,1.9569547999999488,0.0013046365333332,0.05,200.0,500.0,,,,,
Process Graph Metrics,AdditionalLogs,recurring_drift_02,,,,"[704, 1353]","[500, 1000]",,,00:00:05,5.350879600002372,0.0035672530666682,0.1,100.0,600.0,,,,,
Process Graph Metrics,AdditionalLogs,gradual_drift_07,,,,"[648, 1555]","[500, 1000]",0.5,148.0,00:00:06,6.328419799996482,0.0045202998571403,0.0001,100.0,700.0,,,,,
Process Graph Metrics,AdditionalLogs,recurring_drift_01,,,,"[329, 629, 989, 1539]","[500, 1000]",0.6666666666666666,70.0,00:00:01,1.762049400000251,0.0011746996000001,0.05,200.0,400.0,,,,,
Process Graph Metrics,AdditionalLogs,gradual_drift_05,,,,"[483, 1009, 1332]","[500, 1000]",0.8,13.0,00:00:02,2.1877093000002787,0.0015626495000001,0.05,200.0,400.0,,,,,
LCDD,AdditionalLogs,recurring_drift_00,800.0,800.0,10.0,[881],"[500, 1000]",0.6666666666666666,119.0,00:00:00,0.0064858999976422,4.323933331761509e-06,,,,,,,,
Process Graph Metrics,AdditionalLogs,recurring_drift_08,,,,"[741, 1557]","[500, 1000]",,,00:00:00,0.9100507000039216,0.0006067004666692,0.0001,400.0,600.0,,,,,
Process Graph Metrics,AdditionalLogs,gradual_drift_09,,,,"[559, 1060]","[500, 1000]",1.0,59.5,00:00:05,5.578468300001987,0.0039846202142871,0.0001,100.0,500.0,,,,,
LCDD,AdditionalLogs,gradual_drift_02,600.0,600.0,10.0,"[612, 1245]","[500, 1000]",0.5,112.0,00:00:00,0.0205943999972078,1.4710285712291287e-05,,,,,,,,
Process Graph Metrics,AdditionalLogs,sudden_drift_03,,,,"[629, 1169]","[500, 1000]",1.0,149.0,00:00:02,2.485409699998854,0.0016569397999992,0.05,300.0,400.0,,,,,
LCDD,AdditionalLogs,recurring_drift_08,400.0,400.0,20.0,"[426, 874, 1324]","[500, 1000]",0.8,100.0,00:00:00,0.0097763000012491,6.517533334166122e-06,,,,,,,,
LCDD,AdditionalLogs,sudden_drift_09,800.0,800.0,150.0,[1000],"[500, 1000]",0.6666666666666666,0.0,00:00:00,0.0280165000003762,1.8677666666917503e-05,,,,,,,,
LCDD,AdditionalLogs,sudden_drift_06,100.0,100.0,5.0,"[127, 235, 336, 451, 553, 666, 768, 878, 986, 1088, 1195, 1297, 1397]","[500, 1000]",0.2666666666666667,31.5,00:00:00,0.0677043000032426,4.513620000216179e-05,,,,,,,,
Process Graph Metrics,AdditionalLogs,recurring_drift_02,,,,"[717, 1368]","[500, 1000]",,,00:00:07,7.1042923999993945,0.0047361949333329,0.05,100.0,500.0,,,,,
LCDD,AdditionalLogs,sudden_drift_04,200.0,200.0,20.0,"[234, 443, 677, 920, 1186, 1415]","[500, 1000]",0.5,68.5,00:00:00,0.0117781999942963,7.852133329530868e-06,,,,,,,,
Process Graph Metrics,AdditionalLogs,recurring_drift_06,,,,[1038],"[500, 1000]",0.6666666666666666,38.0,00:00:02,2.542345499998192,0.0016948969999987,0.05,400.0,700.0,,,,,
LCDD,AdditionalLogs,gradual_drift_02,100.0,100.0,100.0,"[102, 231, 334, 436, 540, 642, 743, 856, 956, 1063, 1167, 1272, 1374]","[500, 1000]",0.2666666666666667,42.0,00:00:00,0.0201820000002044,1.4415714285860304e-05,,,,,,,,
LCDD,AdditionalLogs,gradual_drift_07,300.0,300.0,10.0,"[416, 768, 1068]","[500, 1000]",0.8,76.0,00:00:00,0.0101517000002786,7.251214285913323e-06,,,,,,,,
Process Graph Metrics,AdditionalLogs,recurring_drift_08,,,,"[717, 1667]","[500, 1000]",,,00:00:11,11.14820370000234,0.0074321358000015,0.05,300.0,700.0,,,,,
Process Graph Metrics,AdditionalLogs,sudden_drift_06,,,,"[612, 1462]","[500, 1000]",0.5,112.0,00:00:04,4.830017299995234,0.0032200115333301,0.05,400.0,400.0,,,,,
Process Graph Metrics,AdditionalLogs,sudden_drift_05,,,,[600],"[500, 1000]",0.6666666666666666,100.0,00:00:00,0.5042568999997457,0.0003361712666664,0.0001,400.0,500.0,,,,,
Process Graph Metrics,AdditionalLogs,sudden_drift_00,,,,"[528, 1091, 1424]","[500, 1000]",0.8,59.5,00:00:01,1.6546910000033677,0.0011031273333355,0.1,100.0,500.0,,,,,
Process Graph Metrics,AdditionalLogs,sudden_drift_08,,,,[726],"[500, 1000]",,,00:00:03,3.9068194999999832,0.0026045463333333,0.0001,100.0,400.0,,,,,
LCDD,AdditionalLogs,gradual_drift_09,800.0,800.0,50.0,[920],"[500, 1000]",0.6666666666666666,80.0,00:00:00,0.0469204000037279,3.351457143123428e-05,,,,,,,,
Zheng DBSCAN,AdditionalLogs,recurring_drift_09,,,,"[np.float64(497.4), np.float64(917.0), np.float64(1012.1111111111111)]","[500, 1000]",0.8,7.355555555555554,00:00:00,0.3053565000009257,0.0002035710000006,,,,400.0,40.0,,,
Zheng DBSCAN,AdditionalLogs,recurring_drift_09,,,,"[np.float64(497.4), np.float64(994.8181818181819)]","[500, 1000]",1.0,3.890909090909077,00:00:00,0.3053565000009257,0.0002035710000006,,,,400.0,80.0,,,
Zheng DBSCAN,AdditionalLogs,recurring_drift_09,,,,"[np.float64(497.4), np.float64(994.8181818181819)]","[500, 1000]",1.0,3.890909090909077,00:00:00,0.3053565000009257,0.0002035710000006,,,,400.0,120.0,,,
Zheng DBSCAN,AdditionalLogs,recurring_drift_09,,,,"[np.float64(497.4), np.float64(994.8181818181819)]","[500, 1000]",1.0,3.890909090909077,00:00:00,0.3053565000009257,0.0002035710000006,,,,400.0,160.0,,,
Zheng DBSCAN,AdditionalLogs,recurring_drift_09,,,,"[np.float64(497.4), np.float64(994.8181818181819)]","[500, 1000]",1.0,3.890909090909077,00:00:00,0.3053565000009257,0.0002035710000006,,,,400.0,200.0,,,
LCDD,AdditionalLogs,recurring_drift_01,800.0,800.0,20.0,[1261],"[500, 1000]",,,00:00:00,0.0259351999993668,1.729013333291126e-05,,,,,,,,
Process Graph Metrics,AdditionalLogs,recurring_drift_03,,,,"[571, 1038]","[500, 1000]",1.0,54.5,00:00:03,3.930094199997257,0.0026200627999981,0.1,300.0,700.0,,,,,
LCDD,AdditionalLogs,gradual_drift_05,300.0,300.0,100.0,"[318, 627, 935, 1251]","[500, 1000]",0.6666666666666666,96.0,00:00:00,0.0144153000001097,1.029664285722122e-05,,,,,,,,
Process Graph Metrics,AdditionalLogs,recurring_drift_04,,,,"[638, 1286]","[500, 1000]",0.5,138.0,00:00:03,3.570652299997164,0.0023804348666647,0.005,300.0,500.0,,,,,
LCDD,AdditionalLogs,gradual_drift_02,1200.0,1200.0,20.0,[1245],"[500, 1000]",,,00:00:00,0.0206198999949265,1.4728499996376091e-05,,,,,,,,
Process Graph Metrics,AdditionalLogs,gradual_drift_09,,,,"[600, 1200]","[500, 1000]",1.0,150.0,00:00:00,0.3545038000011118,0.0002532170000007,0.1,400.0,500.0,,,,,
Process Graph Metrics,AdditionalLogs,gradual_drift_06,,,,"[465, 1005]","[500, 1000]",1.0,20.0,00:00:03,3.8994118999980856,0.0027852942142843,0.05,300.0,600.0,,,,,
Process Graph Metrics,AdditionalLogs,gradual_drift_00,,,,"[611, 1151]","[500, 1000]",1.0,131.0,00:00:01,1.985185999998066,0.0014179899999986,0.1,300.0,400.0,,,,,
Process Graph Metrics,AdditionalLogs,gradual_drift_01,,,,"[450, 1000, 1266]","[500, 1000]",0.8,25.0,00:00:01,1.0215505999949528,0.0007296789999963,0.05,300.0,400.0,,,,,
Process Graph Metrics,AdditionalLogs,sudden_drift_02,,,,"[572, 1080]","[500, 1000]",1.0,76.0,00:00:09,9.1172527000017,0.0060781684666678,0.0001,300.0,600.0,,,,,
LCDD,AdditionalLogs,recurring_drift_02,200.0,200.0,150.0,"[207, 419, 637, 841, 1041, 1252, 1478]","[500, 1000]",0.4444444444444445,61.0,00:00:00,0.024352499996894,1.623499999792936e-05,,,,,,,,
Process Graph Metrics,AdditionalLogs,gradual_drift_01,,,,"[555, 1095]","[500, 1000]",1.0,75.0,00:00:06,6.293757400002505,0.0044955410000017,0.0001,300.0,600.0,,,,,
LCDD,AdditionalLogs,sudden_drift_06,200.0,200.0,10.0,"[210, 410, 610, 822, 1022, 1227, 1429]","[500, 1000]",0.4444444444444445,56.0,00:00:00,0.083606599997438,5.573773333162535e-05,,,,,,,,
Process Graph Metrics,AdditionalLogs,gradual_drift_09,,,,"[216, 496, 887, 1391]","[500, 1000]",0.6666666666666666,58.5,00:00:05,5.743555499997456,0.0041025396428553,0.05,100.0,700.0,,,,,
Process Graph Metrics,AdditionalLogs,gradual_drift_04,,,,"[490, 1143]","[500, 1000]",1.0,76.5,00:00:01,1.94276119999995,0.0013876865714285,0.05,100.0,700.0,,,,,
Process Graph Metrics,AdditionalLogs,sudden_drift_06,,,,"[551, 1035]","[500, 1000]",1.0,43.0,00:00:20,20.81318189999729,0.0138754545999981,0.0001,200.0,400.0,,,,,
LCDD,AdditionalLogs,gradual_drift_07,800.0,800.0,20.0,[915],"[500, 1000]",0.6666666666666666,85.0,00:00:00,0.0156207000036374,1.1157642859741048e-05,,,,,,,,
LCDD,AdditionalLogs,gradual_drift_09,100.0,100.0,150.0,"[408, 524, 920, 1025, 1126, 1278]","[500, 1000]",0.5,24.5,00:00:00,0.0263195999941672,1.8799714281548013e-05,,,,,,,,
Process Graph Metrics,AdditionalLogs,sudden_drift_09,,,,"[569, 1109]","[500, 1000]",1.0,89.0,00:00:05,5.269859799998812,0.0035132398666658,0.005,300.0,600.0,,,,,
Process Graph Metrics,AdditionalLogs,sudden_drift_02,,,,"[600, 1204]","[500, 1000]",0.5,100.0,00:00:00,0.7793009000015445,0.0005195339333343,0.05,400.0,500.0,,,,,
LCDD,AdditionalLogs,sudden_drift_09,100.0,100.0,200.0,"[157, 268, 502, 1000, 1197, 1308, 1417]","[500, 1000]",0.4444444444444445,1.0,00:00:00,0.0240569000015966,1.6037933334397774e-05,,,,,,,,
Process Graph Metrics,AdditionalLogs,recurring_drift_05,,,,"[379, 860, 1310]","[500, 1000]",0.8,130.5,00:00:01,1.903033799993864,0.0012686891999959,0.1,100.0,700.0,,,,,
Process Graph Metrics,AdditionalLogs,sudden_drift_02,,,,"[463, 1091, 1468]","[500, 1000]",0.8,64.0,00:00:01,1.6563441999969657,0.0011042294666646,0.005,100.0,400.0,,,,,
LCDD,AdditionalLogs,gradual_drift_00,300.0,300.0,200.0,"[413, 912]","[500, 1000]",1.0,87.5,00:00:00,0.0084101000029477,6.007214287819807e-06,,,,,,,,
LCDD,AdditionalLogs,recurring_drift_03,100.0,100.0,5.0,"[122, 252, 370, 499, 603, 786, 893, 1019, 1120, 1231, 1333]","[500, 1000]",0.3076923076923077,10.0,00:00:00,0.0158477000004495,1.0565133333633032e-05,,,,,,,,
LCDD,AdditionalLogs,gradual_drift_08,400.0,400.0,200.0,"[407, 862, 1315]","[500, 1000]",0.8,115.5,00:00:00,0.0094182999964687,6.727357140334789e-06,,,,,,,,
Process Graph Metrics,AdditionalLogs,gradual_drift_02,,,,"[450, 1129]","[500, 1000]",1.0,89.5,00:00:02,2.49778150000202,0.0017841296428585,0.005,100.0,600.0,,,,,
LCDD,AdditionalLogs,sudden_drift_00,400.0,400.0,10.0,"[502, 1000]","[500, 1000]",1.0,1.0,00:00:00,0.0103353000013157,6.890200000877182e-06,,,,,,,,
LCDD,AdditionalLogs,recurring_drift_09,600.0,600.0,200.0,[],"[500, 1000]",,,00:00:00,0.2157294000062393,0.0001438196000041,,,,,,,,
Process Graph Metrics,AdditionalLogs,gradual_drift_09,,,,"[527, 1065]","[500, 1000]",1.0,46.0,00:00:01,1.4818383999954676,0.0010584559999967,0.005,200.0,600.0,,,,,
LCDD,AdditionalLogs,sudden_drift_02,100.0,100.0,50.0,"[100, 236, 336, 447, 548, 652, 755, 859, 959, 1059, 1192, 1299, 1409]","[500, 1000]",0.2666666666666667,44.5,00:00:00,0.1758510999934515,0.0001172340666623,,,,,,,,
LCDD,AdditionalLogs,gradual_drift_07,100.0,100.0,5.0,"[182, 291, 416, 516, 650, 759, 863, 975, 1090, 1197, 1297]","[500, 1000]",0.3076923076923077,20.5,00:00:00,0.0178338999976404,1.2738499998314572e-05,,,,,,,,
LCDD,AdditionalLogs,sudden_drift_06,300.0,300.0,150.0,"[336, 644, 986, 1452]","[500, 1000]",0.6666666666666666,79.0,00:00:00,0.1748137999966275,0.000116542533331,,,,,,,,
LCDD,AdditionalLogs,sudden_drift_01,1200.0,1200.0,20.0,[1254],"[500, 1000]",,,00:00:00,0.1640209999968647,0.0001093473333312,,,,,,,,
LCDD,AdditionalLogs,recurring_drift_08,800.0,800.0,200.0,[892],"[500, 1000]",0.6666666666666666,108.0,00:00:00,0.0149820999940857,9.98806666272382e-06,,,,,,,,
LCDD,AdditionalLogs,gradual_drift_09,1200.0,1200.0,20.0,[],"[500, 1000]",,,00:00:00,0.1714073999974061,0.000122433857141,,,,,,,,
Process Graph Metrics,AdditionalLogs,recurring_drift_05,,,,"[610, 1210]","[500, 1000]",0.5,110.0,00:00:00,0.8788910000002943,0.0005859273333335,0.05,400.0,600.0,,,,,
LCDD,AdditionalLogs,sudden_drift_08,400.0,400.0,200.0,"[504, 905, 1357]","[500, 1000]",0.8,49.5,00:00:00,0.2205283000002964,0.0001470188666668,,,,,,,,
LCDD,AdditionalLogs,sudden_drift_05,200.0,200.0,200.0,"[200, 423, 643, 881, 1087, 1315]","[500, 1000]",0.5,82.0,00:00:00,0.0232168000002275,1.547786666681835e-05,,,,,,,,
Process Graph Metrics,AdditionalLogs,gradual_drift_09,,,,"[530, 1055]","[500, 1000]",1.0,42.5,00:00:08,8.004921200001263,0.0057178008571437,0.005,100.0,600.0,,,,,
Process Graph Metrics,AdditionalLogs,recurring_drift_00,,,,"[561, 1101]","[500, 1000]",1.0,81.0,00:00:00,0.6048393000019132,0.0004032262000012,0.0001,300.0,600.0,,,,,
Process Graph Metrics,AdditionalLogs,recurring_drift_08,,,,[779],"[500, 1000]",,,00:00:00,0.5195527999967453,0.0003463685333311,0.0001,100.0,700.0,,,,,
LCDD,AdditionalLogs,sudden_drift_09,300.0,300.0,10.0,"[502, 1000]","[500, 1000]",1.0,1.0,00:00:00,0.0145978000000468,9.731866666697896e-06,,,,,,,,
LCDD,AdditionalLogs,recurring_drift_00,300.0,300.0,20.0,"[502, 836, 1259]","[500, 1000]",0.8,83.0,00:00:00,0.0053466000026674,3.5644000017782674e-06,,,,,,,,
Process Graph Metrics,AdditionalLogs,sudden_drift_04,,,,"[600, 1320]","[500, 1000]",0.5,100.0,00:00:00,0.1282102999975904,8.5473533331727e-05,0.1,400.0,600.0,,,,,
LCDD,AdditionalLogs,recurring_drift_00,600.0,600.0,50.0,"[601, 1259]","[500, 1000]",0.5,101.0,00:00:00,0.0046126000015647,3.07506666770981e-06,,,,,,,,
Process Graph Metrics,AdditionalLogs,recurring_drift_07,,,,"[541, 1114]","[500, 1000]",1.0,77.5,00:00:02,2.3858851000040886,0.0015905900666693,0.0001,200.0,500.0,,,,,
Process Graph Metrics,AdditionalLogs,sudden_drift_07,,,,"[501, 1028]","[500, 1000]",1.0,14.5,00:00:02,2.9787382000067737,0.0019858254666711,0.005,200.0,400.0,,,,,
LCDD,AdditionalLogs,recurring_drift_06,400.0,400.0,10.0,"[500, 939, 1401]","[500, 1000]",0.8,30.5,00:00:00,0.2538639999984298,0.0001692426666656,,,,,,,,
Process Graph Metrics,AdditionalLogs,sudden_drift_02,,,,"[457, 1082, 1457]","[500, 1000]",0.8,62.5,00:00:01,1.503819999998086,0.0010025466666653,0.05,100.0,600.0,,,,,
Process Graph Metrics,AdditionalLogs,gradual_drift_04,,,,"[473, 1160]","[500, 1000]",1.0,93.5,00:00:02,2.6848466000010376,0.0019177475714293,0.1,100.0,700.0,,,,,
Process Graph Metrics,AdditionalLogs,sudden_drift_05,,,,[600],"[500, 1000]",0.6666666666666666,100.0,00:00:00,0.3932496000052197,0.0002621664000034,0.1,400.0,400.0,,,,,
Process Graph Metrics,AdditionalLogs,sudden_drift_01,,,,"[542, 1092]","[500, 1000]",1.0,67.0,00:00:01,1.43029459999525,0.0009535297333301,0.005,300.0,500.0,,,,,
LCDD,AdditionalLogs,sudden_drift_02,300.0,300.0,10.0,"[336, 641, 1003, 1338]","[500, 1000]",0.6666666666666666,72.0,00:00:00,0.0311587000032886,2.0772466668859125e-05,,,,,,,,
LCDD,AdditionalLogs,gradual_drift_09,400.0,400.0,150.0,"[408, 920]","[500, 1000]",1.0,86.0,00:00:00,0.0226971000010962,1.621221428649733e-05,,,,,,,,
Process Graph Metrics,AdditionalLogs,sudden_drift_03,,,,"[633, 1152]","[500, 1000]",1.0,142.5,00:00:03,3.2737303000030806,0.0021824868666687,0.005,200.0,600.0,,,,,
Process Graph Metrics,AdditionalLogs,recurring_drift_06,,,,[],"[500, 1000]",,,00:00:04,4.983013800003391,0.0033220092000022,0.005,300.0,700.0,,,,,
Process Graph Metrics,AdditionalLogs,gradual_drift_01,,,,"[314, 658, 970, 1282]","[500, 1000]",0.6666666666666666,94.0,00:00:02,2.0487565000003087,0.0014633975000002,0.1,100.0,500.0,,,,,
LCDD,AdditionalLogs,sudden_drift_08,1200.0,1200.0,5.0,[1233],"[500, 1000]",,,00:00:00,0.0107572999986587,7.171533332439139e-06,,,,,,,,
Process Graph Metrics,AdditionalLogs,recurring_drift_09,,,,"[600, 1200]","[500, 1000]",1.0,150.0,00:00:00,0.4561355999976513,0.0003040903999984,0.05,400.0,700.0,,,,,
Zheng DBSCAN,AdditionalLogs,sudden_drift_06,,,,"[np.float64(516.3181818181819), np.float64(645.0), np.float64(823.75), np.float64(919.0), np.float64(1017.2), np.float64(1219.25), np.float64(1452.0)]","[500, 1000]",0.4444444444444445,16.759090909090958,00:00:01,1.1670569999987492,0.0007780379999991,,,,400.0,40.0,,,
Zheng DBSCAN,AdditionalLogs,sudden_drift_06,,,,"[np.float64(521.9130434782609), np.float64(988.1333333333333), np.float64(1219.25), np.float64(1452.0)]","[500, 1000]",0.6666666666666666,16.889855072463774,00:00:01,1.1670569999987492,0.0007780379999991,,,,400.0,80.0,,,
Zheng DBSCAN,AdditionalLogs,sudden_drift_06,,,,"[np.float64(521.9130434782609), np.float64(1015.3235294117648), np.float64(1452.0)]","[500, 1000]",0.8,18.618286445012814,00:00:01,1.1670569999987492,0.0007780379999991,,,,400.0,120.0,,,
Zheng DBSCAN,AdditionalLogs,sudden_drift_06,,,,"[np.float64(816.2280701754386), np.float64(1452.0)]","[500, 1000]",0.5,183.77192982456145,00:00:01,1.1670569999987492,0.0007780379999991,,,,400.0,160.0,,,
Zheng DBSCAN,AdditionalLogs,sudden_drift_06,,,,"[np.float64(816.2280701754386), np.float64(1452.0)]","[500, 1000]",0.5,183.77192982456145,00:00:01,1.1670569999987492,0.0007780379999991,,,,400.0,200.0,,,
LCDD,AdditionalLogs,recurring_drift_06,800.0,800.0,100.0,[939],"[500, 1000]",0.6666666666666666,61.0,00:00:00,0.0721412999992026,4.80941999994684e-05,,,,,,,,
LCDD,AdditionalLogs,sudden_drift_07,800.0,800.0,50.0,[913],"[500, 1000]",0.6666666666666666,87.0,00:00:00,0.0109635999979218,7.309066665281232e-06,,,,,,,,
Process Graph Metrics,AdditionalLogs,recurring_drift_08,,,,"[717, 1674]","[500, 1000]",,,00:00:12,12.313137900004222,0.0082087586000028,0.005,300.0,600.0,,,,,
Zheng DBSCAN,AdditionalLogs,sudden_drift_08,,,,[np.float64(1113.7058823529412)],"[500, 1000]",0.6666666666666666,113.70588235294122,00:00:00,0.4787015999972936,0.0003191343999981,,,,700.0,70.0,,,
Zheng DBSCAN,AdditionalLogs,sudden_drift_08,,,,[np.float64(810.7704918032787)],"[500, 1000]",0.6666666666666666,189.22950819672133,00:00:00,0.4787015999972936,0.0003191343999981,,,,700.0,140.0,,,
Zheng DBSCAN,AdditionalLogs,sudden_drift_08,,,,[np.float64(810.7704918032787)],"[500, 1000]",0.6666666666666666,189.22950819672133,00:00:00,0.4787015999972936,0.0003191343999981,,,,700.0,210.0,,,
Zheng DBSCAN,AdditionalLogs,sudden_drift_08,,,,[np.float64(810.7704918032787)],"[500, 1000]",0.6666666666666666,189.22950819672133,00:00:00,0.4787015999972936,0.0003191343999981,,,,700.0,280.0,,,
Zheng DBSCAN,AdditionalLogs,sudden_drift_08,,,,[np.float64(810.7704918032787)],"[500, 1000]",0.6666666666666666,189.22950819672133,00:00:00,0.4787015999972936,0.0003191343999981,,,,700.0,350.0,,,
LCDD,AdditionalLogs,recurring_drift_07,800.0,800.0,100.0,[],"[500, 1000]",,,00:00:00,0.0118287000004784,7.885800000318947e-06,,,,,,,,
LCDD,AdditionalLogs,recurring_drift_09,100.0,100.0,100.0,"[108, 500, 1000]","[500, 1000]",0.8,0.0,00:00:00,0.0359468999959062,2.396459999727085e-05,,,,,,,,
Process Graph Metrics,AdditionalLogs,recurring_drift_09,,,,"[546, 1010, 1658]","[500, 1000]",0.8,28.0,00:00:05,5.9698856999966665,0.0039799237999977,0.1,300.0,600.0,,,,,
LCDD,AdditionalLogs,recurring_drift_02,400.0,400.0,5.0,"[440, 841, 1258]","[500, 1000]",0.8,109.5,00:00:00,0.2113055000008898,0.0001408703333339,,,,,,,,
Process Graph Metrics,AdditionalLogs,gradual_drift_05,,,,"[600, 1200]","[500, 1000]",1.0,150.0,00:00:00,0.2668641999989631,0.0001906172857135,0.1,400.0,500.0,,,,,
LCDD,AdditionalLogs,sudden_drift_00,300.0,300.0,10.0,"[502, 1000]","[500, 1000]",1.0,1.0,00:00:00,0.0147225000036996,9.815000002466452e-06,,,,,,,,
Process Graph Metrics,AdditionalLogs,recurring_drift_04,,,,"[610, 1175]","[500, 1000]",1.0,142.5,00:00:06,6.271686199994292,0.0041811241333295,0.05,200.0,400.0,,,,,
Process Graph Metrics,AdditionalLogs,sudden_drift_06,,,,[779],"[500, 1000]",,,00:00:38,38.63608760000352,0.0257573917333356,0.0001,100.0,700.0,,,,,
LCDD,AdditionalLogs,gradual_drift_00,600.0,600.0,5.0,[912],"[500, 1000]",0.6666666666666666,88.0,00:00:00,0.0172874000054434,1.2348142861031062e-05,,,,,,,,
Process Graph Metrics,AdditionalLogs,recurring_drift_02,,,,"[751, 1501]","[500, 1000]",,,00:00:01,1.1522527999986778,0.0007681685333324,0.05,200.0,600.0,,,,,
LCDD,AdditionalLogs,sudden_drift_07,200.0,200.0,20.0,"[501, 913, 1324]","[500, 1000]",0.8,44.0,00:00:00,0.0130801000050269,8.720066670017939e-06,,,,,,,,
Process Graph Metrics,AdditionalLogs,recurring_drift_03,,,,"[577, 1038]","[500, 1000]",1.0,57.5,00:00:03,3.768732200005616,0.002512488133337,0.05,300.0,600.0,,,,,
Process Graph Metrics,AdditionalLogs,sudden_drift_02,,,,"[463, 1091, 1468]","[500, 1000]",0.8,64.0,00:00:01,1.6383778000017628,0.0010922518666678,0.005,300.0,400.0,,,,,
LCDD,AdditionalLogs,sudden_drift_03,300.0,300.0,10.0,"[359, 688, 1009, 1362]","[500, 1000]",0.6666666666666666,75.0,00:00:00,0.0108575000049313,7.238333336620902e-06,,,,,,,,
Process Graph Metrics,AdditionalLogs,recurring_drift_05,,,,"[586, 1126]","[500, 1000]",1.0,106.0,00:00:02,2.687236400000984,0.0017914909333339,0.005,300.0,700.0,,,,,
Process Graph Metrics,AdditionalLogs,gradual_drift_06,,,,"[501, 982]","[500, 1000]",1.0,9.5,00:00:12,12.484748700000637,0.0089176776428575,0.0001,300.0,400.0,,,,,
Process Graph Metrics,AdditionalLogs,recurring_drift_02,,,,"[733, 1474]","[500, 1000]",,,00:00:03,3.5829767000032007,0.0023886511333354,0.1,400.0,600.0,,,,,
LCDD,AdditionalLogs,sudden_drift_03,1200.0,1200.0,150.0,[],"[500, 1000]",,,00:00:00,0.0147574999937205,9.838333329147038e-06,,,,,,,,
LCDD,AdditionalLogs,gradual_drift_04,1200.0,1200.0,200.0,[1241],"[500, 1000]",,,00:00:00,0.0118816999965929,8.486928568994958e-06,,,,,,,,
Process Graph Metrics,AdditionalLogs,gradual_drift_02,,,,"[450, 1074]","[500, 1000]",1.0,62.0,00:00:10,10.424885400003404,0.0074463467142881,0.05,100.0,700.0,,,,,
Process Graph Metrics,AdditionalLogs,sudden_drift_06,,,,"[673, 1321]","[500, 1000]",0.5,173.0,00:00:07,7.788612699994701,0.0051924084666631,0.005,300.0,600.0,,,,,
Process Graph Metrics,AdditionalLogs,gradual_drift_04,,,,[600],"[500, 1000]",0.6666666666666666,100.0,00:00:00,0.3093596999970032,0.0002209712142835,0.0001,400.0,400.0,,,,,
Process Graph Metrics,AdditionalLogs,sudden_drift_05,,,,[600],"[500, 1000]",0.6666666666666666,100.0,00:00:00,0.4919392999945557,0.0003279595333297,0.005,400.0,400.0,,,,,
Process Graph Metrics,AdditionalLogs,sudden_drift_00,,,,"[528, 1091, 1424]","[500, 1000]",0.8,59.5,00:00:02,2.13211130000127,0.0014214075333341,0.1,100.0,400.0,,,,,
Process Graph Metrics,AdditionalLogs,recurring_drift_09,,,,"[553, 1014]","[500, 1000]",1.0,33.5,00:00:06,6.238521300001594,0.004159014200001,0.005,300.0,500.0,,,,,
Process Graph Metrics,AdditionalLogs,gradual_drift_01,,,,"[432, 1182]","[500, 1000]",1.0,125.0,00:00:01,1.0604219000015291,0.0007574442142868,0.005,200.0,700.0,,,,,
LCDD,AdditionalLogs,gradual_drift_05,800.0,800.0,150.0,[935],"[500, 1000]",0.6666666666666666,65.0,00:00:00,0.0137442999985069,9.817357141790645e-06,,,,,,,,
Process Graph Metrics,AdditionalLogs,recurring_drift_07,,,,"[535, 1080]","[500, 1000]",1.0,57.5,00:00:01,1.6094194000033897,0.0010729462666689,0.005,200.0,700.0,,,,,
LCDD,AdditionalLogs,sudden_drift_09,300.0,300.0,50.0,"[502, 1000]","[500, 1000]",1.0,1.0,00:00:00,0.0213013000029604,1.4200866668640326e-05,,,,,,,,
Process Graph Metrics,AdditionalLogs,recurring_drift_09,,,,"[557, 1069]","[500, 1000]",1.0,63.0,00:00:09,9.6698591999957,0.0064465727999971,0.0001,300.0,600.0,,,,,
Zheng DBSCAN,AdditionalLogs,recurring_drift_07,,,,[],"[500, 1000]",,,00:00:00,0.2151158000051509,0.0001434105333367,,,,600.0,60.0,,,
Zheng DBSCAN,AdditionalLogs,recurring_drift_07,,,,[],"[500, 1000]",,,00:00:00,0.2151158000051509,0.0001434105333367,,,,600.0,120.0,,,
Zheng DBSCAN,AdditionalLogs,recurring_drift_07,,,,[],"[500, 1000]",,,00:00:00,0.2151158000051509,0.0001434105333367,,,,600.0,180.0,,,
Zheng DBSCAN,AdditionalLogs,recurring_drift_07,,,,[],"[500, 1000]",,,00:00:00,0.2151158000051509,0.0001434105333367,,,,600.0,240.0,,,
Zheng DBSCAN,AdditionalLogs,recurring_drift_07,,,,[],"[500, 1000]",,,00:00:00,0.2151158000051509,0.0001434105333367,,,,600.0,300.0,,,
Process Graph Metrics,AdditionalLogs,recurring_drift_06,,,,"[880, 1060]","[500, 1000]",0.5,60.0,00:00:05,5.307435199996689,0.0035382901333311,0.1,100.0,700.0,,,,,
Process Graph Metrics,AdditionalLogs,gradual_drift_07,,,,"[617, 1538]","[500, 1000]",0.5,117.0,00:00:09,9.31061580000096,0.0066504398571435,0.005,400.0,700.0,,,,,
LCDD,AdditionalLogs,recurring_drift_04,800.0,800.0,200.0,[],"[500, 1000]",,,00:00:00,0.0105548999999882,7.0365999999921765e-06,,,,,,,,
LCDD,AdditionalLogs,recurring_drift_07,200.0,200.0,10.0,"[203, 502, 1000, 1231]","[500, 1000]",0.6666666666666666,1.0,00:00:00,0.0129181000011158,8.612066667410545e-06,,,,,,,,
Process Graph Metrics,AdditionalLogs,recurring_drift_03,,,,"[300, 600, 961]","[500, 1000]",0.8,69.5,00:00:00,0.2987769999963348,0.0001991846666642,0.05,200.0,500.0,,,,,
LCDD,AdditionalLogs,recurring_drift_09,400.0,400.0,100.0,"[500, 1000]","[500, 1000]",1.0,0.0,00:00:00,0.0220484000019496,1.4698933334633088e-05,,,,,,,,
Process Graph Metrics,AdditionalLogs,sudden_drift_01,,,,"[540, 1080]","[500, 1000]",1.0,60.0,00:00:00,0.8009558000048855,0.0005339705333365,0.05,300.0,500.0,,,,,
Process Graph Metrics,AdditionalLogs,gradual_drift_00,,,,"[688, 1288]","[500, 1000]",0.5,188.0,00:00:02,2.333528000002844,0.0016668057142877,0.0001,400.0,600.0,,,,,
Process Graph Metrics,AdditionalLogs,recurring_drift_03,,,,[676],"[500, 1000]",0.6666666666666666,176.0,00:00:04,4.212454199994681,0.0028083027999964,0.0001,300.0,400.0,,,,,
Process Graph Metrics,AdditionalLogs,gradual_drift_03,,,,"[520, 1053]","[500, 1000]",1.0,36.5,00:00:02,2.2964083999977447,0.0016402917142841,0.05,200.0,500.0,,,,,
LCDD,AdditionalLogs,gradual_drift_08,600.0,600.0,200.0,"[607, 1235]","[500, 1000]",0.5,107.0,00:00:00,0.0143255999937537,1.0232571424109796e-05,,,,,,,,
Process Graph Metrics,AdditionalLogs,sudden_drift_09,,,,"[574, 1114]","[500, 1000]",1.0,94.0,00:00:07,7.008176600000297,0.0046721177333335,0.0001,300.0,400.0,,,,,
LCDD,AdditionalLogs,recurring_drift_04,100.0,100.0,100.0,"[109, 215, 316, 417, 517, 627, 729, 835, 935, 1036, 1159, 1262, 1362, 1463]","[500, 1000]",0.25,26.5,00:00:00,0.0123180999944452,8.21206666296348e-06,,,,,,,,
LCDD,AdditionalLogs,recurring_drift_08,100.0,100.0,150.0,"[101, 207, 308, 413, 522, 639, 758, 859, 970, 1079, 1183, 1297, 1397, 1498]","[500, 1000]",0.25,26.0,00:00:00,0.0179137000013724,1.194246666758166e-05,,,,,,,,
Process Graph Metrics,AdditionalLogs,gradual_drift_09,,,,"[519, 1042, 1492]","[500, 1000]",0.8,30.5,00:00:08,8.929964900002233,0.0063785463571444,0.1,200.0,700.0,,,,,
LCDD,AdditionalLogs,sudden_drift_08,600.0,600.0,10.0,"[601, 1233]","[500, 1000]",0.5,101.0,00:00:00,0.0127785999939078,8.519066662605231e-06,,,,,,,,
Zheng DBSCAN,AdditionalLogs,recurring_drift_05,,,,"[np.float64(759.6666666666666), np.float64(954.25), np.float64(1182.6666666666667), np.float64(1337.0)]","[500, 1000]",0.3333333333333333,45.75,00:00:00,0.3937903999976697,0.0002625269333317,,,,700.0,70.0,,,
Zheng DBSCAN,AdditionalLogs,recurring_drift_05,,,,[np.float64(1011.6666666666666)],"[500, 1000]",0.6666666666666666,11.666666666666629,00:00:00,0.3937903999976697,0.0002625269333317,,,,700.0,140.0,,,
Zheng DBSCAN,AdditionalLogs,recurring_drift_05,,,,[np.float64(825.2)],"[500, 1000]",0.6666666666666666,174.79999999999995,00:00:00,0.3937903999976697,0.0002625269333317,,,,700.0,210.0,,,
Zheng DBSCAN,AdditionalLogs,recurring_drift_05,,,,[np.float64(825.2)],"[500, 1000]",0.6666666666666666,174.79999999999995,00:00:00,0.3937903999976697,0.0002625269333317,,,,700.0,280.0,,,
Zheng DBSCAN,AdditionalLogs,recurring_drift_05,,,,[np.float64(825.2)],"[500, 1000]",0.6666666666666666,174.79999999999995,00:00:00,0.3937903999976697,0.0002625269333317,,,,700.0,350.0,,,
LCDD,AdditionalLogs,recurring_drift_02,300.0,300.0,100.0,"[381, 686, 995, 1307]","[500, 1000]",0.6666666666666666,62.0,00:00:00,0.026180499997281,1.7453666664854e-05,,,,,,,,
LCDD,AdditionalLogs,recurring_drift_08,100.0,100.0,100.0,"[101, 207, 308, 413, 522, 639, 758, 859, 970, 1079, 1183, 1297, 1397, 1498]","[500, 1000]",0.25,26.0,00:00:00,0.0177720000065164,1.1848000004344307e-05,,,,,,,,
Process Graph Metrics,AdditionalLogs,gradual_drift_05,,,,"[498, 1041]","[500, 1000]",1.0,21.5,00:00:05,5.254351299998234,0.0037531080714273,0.0001,300.0,400.0,,,,,
Process Graph Metrics,AdditionalLogs,gradual_drift_02,,,,"[360, 871]","[500, 1000]",1.0,134.5,00:00:16,16.017399600001227,0.0114409997142865,0.05,200.0,700.0,,,,,
LCDD,AdditionalLogs,gradual_drift_01,800.0,800.0,50.0,[911],"[500, 1000]",0.6666666666666666,89.0,00:00:00,0.0268020000003161,1.914428571451156e-05,,,,,,,,
LCDD,AdditionalLogs,gradual_drift_09,800.0,800.0,200.0,[920],"[500, 1000]",0.6666666666666666,80.0,00:00:00,0.0247719999970286,1.7694285712163296e-05,,,,,,,,
Zheng DBSCAN,AdditionalLogs,sudden_drift_06,,,,"[np.float64(512.4736842105264), np.float64(823.75), np.float64(1010.08), np.float64(1219.25), np.float64(1452.0)]","[500, 1000]",0.5714285714285715,11.2768421052632,00:00:01,1.1285948000004282,0.0007523965333336,,,,500.0,50.0,,,
Zheng DBSCAN,AdditionalLogs,sudden_drift_06,,,,"[np.float64(512.4736842105264), np.float64(1012.8484848484849), np.float64(1452.0)]","[500, 1000]",0.8,12.661084529505615,00:00:01,1.1285948000004282,0.0007523965333336,,,,500.0,100.0,,,
Zheng DBSCAN,AdditionalLogs,sudden_drift_06,,,,"[np.float64(512.4736842105264), np.float64(1012.8484848484849), np.float64(1452.0)]","[500, 1000]",0.8,12.661084529505615,00:00:01,1.1285948000004282,0.0007523965333336,,,,500.0,150.0,,,
Zheng DBSCAN,AdditionalLogs,sudden_drift_06,,,,"[np.float64(512.4736842105264), np.float64(1012.8484848484849), np.float64(1452.0)]","[500, 1000]",0.8,12.661084529505615,00:00:01,1.1285948000004282,0.0007523965333336,,,,500.0,200.0,,,
Zheng DBSCAN,AdditionalLogs,sudden_drift_06,,,,[np.float64(841.7547169811321)],"[500, 1000]",0.6666666666666666,158.2452830188679,00:00:01,1.1285948000004282,0.0007523965333336,,,,500.0,250.0,,,
Process Graph Metrics,AdditionalLogs,recurring_drift_03,,,,"[302, 602, 1068]","[500, 1000]",0.8,85.0,00:00:00,0.9804070000027424,0.0006536046666684,0.005,200.0,700.0,,,,,
Process Graph Metrics,AdditionalLogs,gradual_drift_09,,,,"[513, 1042, 1492]","[500, 1000]",0.8,27.5,00:00:06,6.617860999998811,0.0047270435714277,0.1,300.0,700.0,,,,,
LCDD,AdditionalLogs,gradual_drift_06,400.0,400.0,100.0,"[411, 913, 1392]","[500, 1000]",0.8,88.0,00:00:00,0.065555499997572,4.682535714112289e-05,,,,,,,,
Process Graph Metrics,AdditionalLogs,sudden_drift_07,,,,"[468, 1040]","[500, 1000]",1.0,36.0,00:00:00,0.676078000004054,0.0004507186666693,0.1,100.0,400.0,,,,,
LCDD,AdditionalLogs,sudden_drift_03,100.0,100.0,50.0,"[133, 242, 359, 500, 604, 719, 880, 980, 1095, 1195, 1302, 1457]","[500, 1000]",0.2857142857142857,10.0,00:00:00,0.0101791999986744,6.7861333324496325e-06,,,,,,,,
Process Graph Metrics,AdditionalLogs,recurring_drift_08,,,,"[1109, 1646]","[500, 1000]",0.5,109.0,00:00:04,4.227712399995653,0.0028184749333304,0.0001,400.0,400.0,,,,,
Process Graph Metrics,AdditionalLogs,gradual_drift_09,,,,"[600, 1200]","[500, 1000]",1.0,150.0,00:00:00,0.4408958999993047,0.0003149256428566,0.005,400.0,600.0,,,,,
Process Graph Metrics,AdditionalLogs,sudden_drift_01,,,,"[600, 1183, 1363, 1543]","[500, 1000]",0.6666666666666666,141.5,00:00:00,0.48756670000148,0.0003250444666676,0.05,400.0,400.0,,,,,
Process Graph Metrics,AdditionalLogs,gradual_drift_02,,,,"[450, 1129]","[500, 1000]",1.0,89.5,00:00:02,2.65542760000244,0.0018967340000017,0.005,300.0,700.0,,,,,
LCDD,AdditionalLogs,recurring_drift_06,100.0,100.0,50.0,"[143, 248, 356, 464, 569, 672, 778, 882, 986, 1183, 1318, 1454]","[500, 1000]",0.2857142857142857,25.0,00:00:00,0.0661524000024655,4.410160000164372e-05,,,,,,,,
Process Graph Metrics,AdditionalLogs,gradual_drift_06,,,,"[600, 1200]","[500, 1000]",1.0,150.0,00:00:01,1.0013046999956714,0.000715217642854,0.005,400.0,700.0,,,,,
LCDD,AdditionalLogs,sudden_drift_04,300.0,300.0,150.0,"[337, 849, 1186, 1492]","[500, 1000]",0.6666666666666666,157.0,00:00:00,0.0119763999973656,7.984266664910441e-06,,,,,,,,
Process Graph Metrics,AdditionalLogs,recurring_drift_08,,,,"[945, 1529]","[500, 1000]",0.5,55.0,00:00:01,1.9633616999999504,0.0013089077999999,0.005,400.0,400.0,,,,,
LCDD,AdditionalLogs,sudden_drift_09,800.0,800.0,10.0,[1000],"[500, 1000]",0.6666666666666666,0.0,00:00:00,0.0167351999989477,1.1156799999298528e-05,,,,,,,,
Process Graph Metrics,AdditionalLogs,sudden_drift_03,,,,"[624, 1143]","[500, 1000]",1.0,133.5,00:00:02,2.9213779999990948,0.0019475853333327,0.05,200.0,600.0,,,,,
LCDD,AdditionalLogs,recurring_drift_05,400.0,400.0,200.0,"[504, 929, 1337]","[500, 1000]",0.8,37.5,00:00:00,0.1582253000015043,0.0001054835333343,,,,,,,,
Process Graph Metrics,AdditionalLogs,sudden_drift_04,,,,"[600, 1320]","[500, 1000]",0.5,100.0,00:00:00,0.2602523000023211,0.0001735015333348,0.1,400.0,500.0,,,,,
Process Graph Metrics,AdditionalLogs,gradual_drift_04,,,,"[480, 1143]","[500, 1000]",1.0,81.5,00:00:01,1.4394083000006503,0.0010281487857147,0.1,300.0,500.0,,,,,
Process Graph Metrics,AdditionalLogs,sudden_drift_08,,,,"[604, 1204]","[500, 1000]",0.5,104.0,00:00:00,0.284837699997297,0.0001898917999981,0.1,400.0,500.0,,,,,
Process Graph Metrics,AdditionalLogs,sudden_drift_08,,,,"[550, 1026, 1598]","[500, 1000]",0.8,38.0,00:00:02,2.296671799995238,0.0015311145333301,0.05,100.0,400.0,,,,,
Process Graph Metrics,AdditionalLogs,sudden_drift_08,,,,[900],"[500, 1000]",0.6666666666666666,100.0,00:00:00,0.4150061000036658,0.0002766707333357,0.0001,200.0,700.0,,,,,
Process Graph Metrics,AdditionalLogs,sudden_drift_00,,,,"[666, 1266]","[500, 1000]",0.5,166.0,00:00:01,1.7564675000030547,0.0011709783333353,0.0001,400.0,500.0,,,,,
LCDD,AdditionalLogs,sudden_drift_04,400.0,400.0,50.0,"[500, 946, 1492]","[500, 1000]",0.8,27.0,00:00:00,0.0178091999987373,1.187279999915821e-05,,,,,,,,
Process Graph Metrics,AdditionalLogs,recurring_drift_05,,,,"[610, 1160, 1475]","[500, 1000]",0.8,135.0,00:00:00,0.8537929000012809,0.0005691952666675,0.05,400.0,400.0,,,,,
Process Graph Metrics,AdditionalLogs,recurring_drift_08,,,,"[581, 893, 1268]","[500, 1000]",0.8,94.0,00:00:00,0.5199303000044893,0.0003466202000029,0.05,100.0,400.0,,,,,
Process Graph Metrics,AdditionalLogs,gradual_drift_09,,,,"[216, 495, 757, 1017, 1349]","[500, 1000]",0.5714285714285715,11.0,00:00:01,1.939387699996587,0.0013852769285689,0.1,100.0,600.0,,,,,
LCDD,AdditionalLogs,sudden_drift_06,1200.0,1200.0,50.0,[1205],"[500, 1000]",,,00:00:00,0.0787692000012612,5.25128000008408e-05,,,,,,,,
Process Graph Metrics,AdditionalLogs,sudden_drift_02,,,,"[572, 1080]","[500, 1000]",1.0,76.0,00:00:11,11.717855599999892,0.0078119037333332,0.0001,100.0,700.0,,,,,
Process Graph Metrics,AdditionalLogs,recurring_drift_09,,,,"[547, 1014]","[500, 1000]",1.0,30.5,00:00:05,5.881274500003201,0.0039208496666688,0.05,300.0,700.0,,,,,
LCDD,AdditionalLogs,sudden_drift_02,300.0,300.0,200.0,"[336, 641, 1003, 1338]","[500, 1000]",0.6666666666666666,72.0,00:00:00,0.025165700004436,1.6777133336290717e-05,,,,,,,,
LCDD,AdditionalLogs,sudden_drift_08,400.0,400.0,150.0,"[504, 905, 1357]","[500, 1000]",0.8,49.5,00:00:00,0.0081356000009691,5.423733333979423e-06,,,,,,,,
Process Graph Metrics,AdditionalLogs,sudden_drift_07,,,,"[606, 1207]","[500, 1000]",0.5,106.0,00:00:00,0.4215150000018184,0.0002810100000012,0.0001,400.0,700.0,,,,,
LCDD,AdditionalLogs,recurring_drift_07,300.0,300.0,50.0,"[502, 1000]","[500, 1000]",1.0,1.0,00:00:00,0.0122994999983347,8.19966666555653e-06,,,,,,,,
LCDD,AdditionalLogs,recurring_drift_03,600.0,600.0,10.0,"[631, 1348]","[500, 1000]",0.5,131.0,00:00:00,0.0069979000036255,4.665266669083697e-06,,,,,,,,
LCDD,AdditionalLogs,recurring_drift_07,1200.0,1200.0,50.0,[],"[500, 1000]",,,00:00:00,0.0112596000035409,7.506400002360654e-06,,,,,,,,
Process Graph Metrics,AdditionalLogs,recurring_drift_01,,,,"[580, 1030]","[500, 1000]",1.0,55.0,00:00:01,1.4410550000029616,0.0009607033333353,0.005,100.0,400.0,,,,,
Process Graph Metrics,AdditionalLogs,gradual_drift_06,,,,"[464, 972]","[500, 1000]",1.0,32.0,00:00:16,16.096436300002097,0.0114974545000014,0.005,200.0,500.0,,,,,
LCDD,AdditionalLogs,recurring_drift_07,800.0,800.0,50.0,[],"[500, 1000]",,,00:00:00,0.0131111000009696,8.740733333979734e-06,,,,,,,,
Process Graph Metrics,AdditionalLogs,sudden_drift_05,,,,"[600, 1209]","[500, 1000]",0.5,100.0,00:00:00,0.5965237999989768,0.0003976825333326,0.1,400.0,700.0,,,,,
Process Graph Metrics,AdditionalLogs,sudden_drift_01,,,,"[540, 1080]","[500, 1000]",1.0,60.0,00:00:00,0.5023909000010462,0.0003349272666673,0.1,300.0,700.0,,,,,
Process Graph Metrics,AdditionalLogs,recurring_drift_09,,,,"[553, 1014]","[500, 1000]",1.0,33.5,00:00:05,5.663805600001069,0.0037758704000007,0.005,300.0,400.0,,,,,
LCDD,AdditionalLogs,recurring_drift_08,200.0,200.0,150.0,"[211, 413, 614, 815, 1030, 1230, 1495]","[500, 1000]",0.4444444444444445,58.5,00:00:00,0.0437591000008978,2.9172733333931924e-05,,,,,,,,
Process Graph Metrics,AdditionalLogs,sudden_drift_08,,,,"[698, 1061, 1345]","[500, 1000]",0.8,129.5,00:00:01,1.4342007999948692,0.0009561338666632,0.05,400.0,400.0,,,,,
Zheng DBSCAN,AdditionalLogs,sudden_drift_09,,,,"[np.float64(520.6666666666666), np.float64(1030.7692307692307), np.float64(1216.5)]","[500, 1000]",0.8,25.71794871794868,00:00:00,0.3414754999976139,0.0002276503333317,,,,500.0,50.0,,,
Zheng DBSCAN,AdditionalLogs,sudden_drift_09,,,,"[np.float64(520.6666666666666), np.float64(1030.7692307692307), np.float64(1216.5)]","[500, 1000]",0.8,25.71794871794868,00:00:00,0.3414754999976139,0.0002276503333317,,,,500.0,100.0,,,
Zheng DBSCAN,AdditionalLogs,sudden_drift_09,,,,"[np.float64(520.6666666666666), np.float64(1055.5333333333333)]","[500, 1000]",1.0,38.099999999999966,00:00:00,0.3414754999976139,0.0002276503333317,,,,500.0,150.0,,,
Zheng DBSCAN,AdditionalLogs,sudden_drift_09,,,,"[np.float64(520.6666666666666), np.float64(1055.5333333333333)]","[500, 1000]",1.0,38.099999999999966,00:00:00,0.3414754999976139,0.0002276503333317,,,,500.0,200.0,,,
Zheng DBSCAN,AdditionalLogs,sudden_drift_09,,,,"[np.float64(520.6666666666666), np.float64(1055.5333333333333)]","[500, 1000]",1.0,38.099999999999966,00:00:00,0.3414754999976139,0.0002276503333317,,,,500.0,250.0,,,
LCDD,AdditionalLogs,gradual_drift_04,300.0,300.0,150.0,"[316, 655, 959, 1334]","[500, 1000]",0.6666666666666666,98.0,00:00:00,0.013601299993752,9.715214281251454e-06,,,,,,,,
LCDD,AdditionalLogs,recurring_drift_09,800.0,800.0,100.0,[],"[500, 1000]",,,00:00:00,0.0313138999990769,2.087593333271798e-05,,,,,,,,
LCDD,AdditionalLogs,recurring_drift_08,600.0,600.0,5.0,"[600, 1230]","[500, 1000]",0.5,100.0,00:00:00,0.0119391999978688,7.959466665245903e-06,,,,,,,,
Zheng DBSCAN,AdditionalLogs,recurring_drift_01,,,,"[np.float64(660.8571428571429), np.float64(1043.0), np.float64(1261.0)]","[500, 1000]",0.8,101.92857142857144,00:00:00,0.4069782000005943,0.0002713188000003,,,,600.0,60.0,,,
Zheng DBSCAN,AdditionalLogs,recurring_drift_01,,,,"[np.float64(660.8571428571429), np.float64(1043.0), np.float64(1261.0)]","[500, 1000]",0.8,101.92857142857144,00:00:00,0.4069782000005943,0.0002713188000003,,,,600.0,120.0,,,
Zheng DBSCAN,AdditionalLogs,recurring_drift_01,,,,"[np.float64(660.8571428571429), np.float64(1043.0), np.float64(1261.0)]","[500, 1000]",0.8,101.92857142857144,00:00:00,0.4069782000005943,0.0002713188000003,,,,600.0,180.0,,,
Zheng DBSCAN,AdditionalLogs,recurring_drift_01,,,,[np.float64(1152.0)],"[500, 1000]",0.6666666666666666,152.0,00:00:00,0.4069782000005943,0.0002713188000003,,,,600.0,240.0,,,
Zheng DBSCAN,AdditionalLogs,recurring_drift_01,,,,[np.float64(1152.0)],"[500, 1000]",0.6666666666666666,152.0,00:00:00,0.4069782000005943,0.0002713188000003,,,,600.0,300.0,,,
LCDD,AdditionalLogs,recurring_drift_03,300.0,300.0,100.0,"[301, 631, 962, 1284]","[500, 1000]",0.6666666666666666,84.5,00:00:00,0.0154860000038752,1.032400000258349e-05,,,,,,,,
LCDD,AdditionalLogs,sudden_drift_00,600.0,600.0,200.0,[646],"[500, 1000]",0.6666666666666666,146.0,00:00:00,0.0104795000006561,6.986333333770744e-06,,,,,,,,
LCDD,AdditionalLogs,recurring_drift_04,600.0,600.0,200.0,"[628, 1277]","[500, 1000]",0.5,128.0,00:00:00,0.0117133999956422,7.808933330428165e-06,,,,,,,,
Process Graph Metrics,AdditionalLogs,recurring_drift_08,,,,"[779, 1534]","[500, 1000]",,,00:00:00,0.3440757999997004,0.0002293838666664,0.0001,300.0,600.0,,,,,
Process Graph Metrics,AdditionalLogs,recurring_drift_03,,,,"[600, 1200]","[500, 1000]",1.0,150.0,00:00:00,0.1458061000012094,9.720406666747296e-05,0.05,400.0,700.0,,,,,
LCDD,AdditionalLogs,sudden_drift_09,1200.0,1200.0,150.0,[1236],"[500, 1000]",,,00:00:00,0.0217979999943054,1.453199999620362e-05,,,,,,,,
Process Graph Metrics,AdditionalLogs,gradual_drift_09,,,,"[559, 1060]","[500, 1000]",1.0,59.5,00:00:05,5.796174399998563,0.0041401245714275,0.0001,100.0,700.0,,,,,
Process Graph Metrics,AdditionalLogs,sudden_drift_09,,,,"[600, 1200]","[500, 1000]",1.0,150.0,00:00:00,0.3227865000008023,0.0002151910000005,0.1,400.0,600.0,,,,,
Process Graph Metrics,AdditionalLogs,sudden_drift_07,,,,"[606, 1207]","[500, 1000]",0.5,106.0,00:00:00,0.3866032000005361,0.000257735466667,0.0001,400.0,500.0,,,,,
Process Graph Metrics,AdditionalLogs,recurring_drift_00,,,,"[600, 1200]","[500, 1000]",1.0,150.0,00:00:00,0.1082437000004574,7.216246666697164e-05,0.1,400.0,600.0,,,,,
Process Graph Metrics,AdditionalLogs,sudden_drift_03,,,,"[631, 1171]","[500, 1000]",1.0,151.0,00:00:02,2.477803900001163,0.0016518692666674,0.005,300.0,600.0,,,,,
Process Graph Metrics,AdditionalLogs,recurring_drift_06,,,,[],"[500, 1000]",,,00:00:11,11.556649000005564,0.0077044326666703,0.0001,300.0,400.0,,,,,
Process Graph Metrics,AdditionalLogs,sudden_drift_09,,,,"[569, 1109]","[500, 1000]",1.0,89.0,00:00:06,6.871858999998949,0.0045812393333326,0.005,100.0,700.0,,,,,
LCDD,AdditionalLogs,gradual_drift_03,100.0,100.0,200.0,"[127, 246, 361, 475, 581, 738, 865, 972, 1082, 1187, 1299]","[500, 1000]",0.3076923076923077,26.5,00:00:00,0.0099354000049061,7.096714289218653e-06,,,,,,,,
LCDD,AdditionalLogs,sudden_drift_07,200.0,200.0,100.0,"[501, 913, 1324]","[500, 1000]",0.8,44.0,00:00:00,0.0130232000010437,8.682133334029155e-06,,,,,,,,
LCDD,AdditionalLogs,gradual_drift_01,300.0,300.0,10.0,"[303, 639, 951, 1256]","[500, 1000]",0.6666666666666666,94.0,00:00:00,0.1633317999949213,0.0001166655714249,,,,,,,,
LCDD,AdditionalLogs,gradual_drift_03,600.0,600.0,150.0,"[600, 1390]","[500, 1000]",0.5,100.0,00:00:00,0.012701300001936,9.072357144240025e-06,,,,,,,,
Process Graph Metrics,AdditionalLogs,gradual_drift_04,,,,"[490, 1143]","[500, 1000]",1.0,76.5,00:00:01,1.41585920000216,0.0010113280000015,0.05,300.0,700.0,,,,,
Process Graph Metrics,AdditionalLogs,recurring_drift_08,,,,[950],"[500, 1000]",0.6666666666666666,50.0,00:00:00,0.4648023999980069,0.0003098682666653,0.0001,300.0,500.0,,,,,
Process Graph Metrics,AdditionalLogs,sudden_drift_08,,,,"[704, 1046, 1306]","[500, 1000]",0.4,46.0,00:00:02,2.3841075000018463,0.0015894050000012,0.005,200.0,400.0,,,,,
LCDD,AdditionalLogs,gradual_drift_06,100.0,100.0,150.0,"[103, 251, 401, 503, 627, 768, 913, 1013, 1121, 1239, 1343]","[500, 1000]",0.3076923076923077,8.0,00:00:00,0.2287195999961113,0.0001633711428543,,,,,,,,
LCDD,AdditionalLogs,gradual_drift_05,200.0,200.0,20.0,"[201, 403, 627, 828, 1104, 1309]","[500, 1000]",0.5,100.5,00:00:00,0.0164726999937556,1.1766214281254049e-05,,,,,,,,
LCDD,AdditionalLogs,gradual_drift_09,100.0,100.0,100.0,"[408, 524, 920, 1025, 1126, 1278]","[500, 1000]",0.5,24.5,00:00:00,0.0191799999956856,1.369999999691832e-05,,,,,,,,
Process Graph Metrics,AdditionalLogs,recurring_drift_07,,,,[600],"[500, 1000]",0.6666666666666666,100.0,00:00:00,0.2772136000057799,0.0001848090666705,0.005,400.0,400.0,,,,,
LCDD,AdditionalLogs,recurring_drift_09,100.0,100.0,50.0,"[108, 500, 1000]","[500, 1000]",0.8,0.0,00:00:00,0.0294458999997004,1.9630599999800325e-05,,,,,,,,
LCDD,AdditionalLogs,gradual_drift_06,400.0,400.0,10.0,"[411, 913, 1392]","[500, 1000]",0.8,88.0,00:00:00,0.0650909000032697,4.649350000233556e-05,,,,,,,,
Process Graph Metrics,AdditionalLogs,sudden_drift_02,,,,"[451, 1056, 1493]","[500, 1000]",0.8,52.5,00:00:02,2.068617800003267,0.0013790785333355,0.1,200.0,500.0,,,,,
Process Graph Metrics,AdditionalLogs,recurring_drift_04,,,,"[644, 1185]","[500, 1000]",1.0,164.5,00:00:03,3.281387000002724,0.0021875913333351,0.0001,300.0,700.0,,,,,
Process Graph Metrics,AdditionalLogs,gradual_drift_06,,,,[600],"[500, 1000]",0.6666666666666666,100.0,00:00:01,1.6586349999997765,0.0011847392857141,0.005,400.0,400.0,,,,,
LCDD,AdditionalLogs,gradual_drift_01,400.0,400.0,20.0,"[443, 911, 1353]","[500, 1000]",0.8,73.0,00:00:00,0.020622900003218,1.4730642859441496e-05,,,,,,,,
Zheng DBSCAN,AdditionalLogs,gradual_drift_04,,,,"[np.float64(428.1142857142857), np.float64(885.516129032258), np.float64(1228.3333333333333), np.float64(1334.0), np.float64(1396.0)]","[500, 1000]",0.5714285714285715,93.18479262672813,00:00:00,0.3739796000008937,0.0002671282857149,,,,400.0,40.0,,,
Zheng DBSCAN,AdditionalLogs,gradual_drift_04,,,,"[np.float64(421.52777777777777), np.float64(885.516129032258), np.float64(1228.3333333333333), np.float64(1365.0)]","[500, 1000]",0.6666666666666666,96.47804659498208,00:00:00,0.3739796000008937,0.0002671282857149,,,,400.0,80.0,,,
Zheng DBSCAN,AdditionalLogs,gradual_drift_04,,,,[np.float64(736.3461538461538)],"[500, 1000]",,,00:00:00,0.3739796000008937,0.0002671282857149,,,,400.0,120.0,,,
Zheng DBSCAN,AdditionalLogs,gradual_drift_04,,,,[np.float64(736.3461538461538)],"[500, 1000]",,,00:00:00,0.3739796000008937,0.0002671282857149,,,,400.0,160.0,,,
Zheng DBSCAN,AdditionalLogs,gradual_drift_04,,,,[np.float64(736.3461538461538)],"[500, 1000]",,,00:00:00,0.3739796000008937,0.0002671282857149,,,,400.0,200.0,,,
Process Graph Metrics,AdditionalLogs,gradual_drift_04,,,,"[541, 1616]","[500, 1000]",0.5,41.0,00:00:12,12.497778600001766,0.0089269847142869,0.0001,300.0,500.0,,,,,
LCDD,AdditionalLogs,sudden_drift_03,400.0,400.0,5.0,"[417, 914]","[500, 1000]",1.0,84.5,00:00:00,0.0219367000026977,1.4624466668465175e-05,,,,,,,,
Process Graph Metrics,AdditionalLogs,recurring_drift_00,,,,"[600, 1200]","[500, 1000]",1.0,150.0,00:00:00,0.1321549999993294,8.81033333328863e-05,0.005,400.0,700.0,,,,,
Process Graph Metrics,AdditionalLogs,gradual_drift_05,,,,"[150, 461, 773, 1085, 1535]","[500, 1000]",0.5714285714285715,62.0,00:00:01,1.5713452999989386,0.0011223894999992,0.1,100.0,600.0,,,,,
LCDD,AdditionalLogs,gradual_drift_08,1200.0,1200.0,50.0,[1235],"[500, 1000]",,,00:00:00,0.0091625000059138,6.544642861367071e-06,,,,,,,,
LCDD,AdditionalLogs,recurring_drift_06,600.0,600.0,10.0,[672],"[500, 1000]",0.6666666666666666,172.0,00:00:00,0.0654043000031379,4.36028666687586e-05,,,,,,,,
Process Graph Metrics,AdditionalLogs,recurring_drift_02,,,,[779],"[500, 1000]",,,00:00:00,0.7634557999990648,0.0005089705333327,0.0001,300.0,600.0,,,,,
LCDD,AdditionalLogs,recurring_drift_03,300.0,300.0,50.0,"[301, 631, 962, 1284]","[500, 1000]",0.6666666666666666,84.5,00:00:00,0.0091748999984702,6.116599998980139e-06,,,,,,,,
LCDD,AdditionalLogs,sudden_drift_05,1200.0,1200.0,50.0,[1204],"[500, 1000]",,,00:00:00,0.014396200000192,9.597466666794691e-06,,,,,,,,
Process Graph Metrics,AdditionalLogs,sudden_drift_00,,,,"[647, 1187]","[500, 1000]",1.0,167.0,00:00:02,2.4315104999986943,0.0016210069999991,0.0001,300.0,400.0,,,,,
Process Graph Metrics,AdditionalLogs,gradual_drift_01,,,,"[360, 1076]","[500, 1000]",1.0,108.0,00:00:01,1.1438987000001362,0.0008170705,0.05,200.0,700.0,,,,,
Process Graph Metrics,AdditionalLogs,gradual_drift_02,,,,"[450, 1071]","[500, 1000]",1.0,60.5,00:00:08,8.892136099995696,0.0063515257857112,0.1,300.0,700.0,,,,,
Process Graph Metrics,AdditionalLogs,gradual_drift_06,,,,"[468, 1008]","[500, 1000]",1.0,20.0,00:00:04,4.314422499999637,0.0030817303571425,0.005,300.0,700.0,,,,,
LCDD,AdditionalLogs,recurring_drift_07,600.0,600.0,200.0,[],"[500, 1000]",,,00:00:00,0.0127301000029547,8.486733335303142e-06,,,,,,,,
Process Graph Metrics,AdditionalLogs,gradual_drift_07,,,,"[450, 915, 1455]","[500, 1000]",0.8,67.5,00:00:00,0.5248601999992388,0.0003749001428565,0.1,300.0,500.0,,,,,
LCDD,AdditionalLogs,gradual_drift_05,400.0,400.0,50.0,"[425, 845, 1251]","[500, 1000]",0.8,115.0,00:00:00,0.0173257999995257,1.2375571428232692e-05,,,,,,,,
LCDD,AdditionalLogs,gradual_drift_01,300.0,300.0,200.0,"[303, 639, 951, 1256]","[500, 1000]",0.6666666666666666,94.0,00:00:00,0.0304900999981327,2.1778642855809137e-05,,,,,,,,
Process Graph Metrics,AdditionalLogs,gradual_drift_02,,,,"[450, 1074]","[500, 1000]",1.0,62.0,00:00:09,9.709624199997052,0.0069354458571407,0.05,100.0,600.0,,,,,
LCDD,AdditionalLogs,gradual_drift_02,400.0,400.0,20.0,"[412, 815, 1245]","[500, 1000]",0.8,136.5,00:00:00,0.0254937000063364,1.820978571881174e-05,,,,,,,,
Process Graph Metrics,AdditionalLogs,gradual_drift_07,,,,"[625, 1456]","[500, 1000]",0.5,125.0,00:00:05,5.885257400004775,0.0042037552857176,0.1,200.0,600.0,,,,,
LCDD,AdditionalLogs,recurring_drift_02,800.0,800.0,150.0,[841],"[500, 1000]",0.6666666666666666,159.0,00:00:00,0.0259735000072396,1.7315666671493092e-05,,,,,,,,
Process Graph Metrics,AdditionalLogs,gradual_drift_07,,,,"[648, 1555]","[500, 1000]",0.5,148.0,00:00:06,6.771993599999405,0.0048371382857138,0.0001,100.0,600.0,,,,,
LCDD,AdditionalLogs,gradual_drift_03,800.0,800.0,200.0,[830],"[500, 1000]",0.6666666666666666,170.0,00:00:00,0.0062040999982855,4.431499998775377e-06,,,,,,,,
LCDD,AdditionalLogs,sudden_drift_02,800.0,800.0,100.0,[1003],"[500, 1000]",0.6666666666666666,3.0,00:00:00,0.0275273000006563,1.835153333377093e-05,,,,,,,,
Process Graph Metrics,AdditionalLogs,gradual_drift_00,,,,"[688, 1288]","[500, 1000]",0.5,188.0,00:00:02,2.070011700001487,0.0014785797857153,0.0001,400.0,500.0,,,,,
Process Graph Metrics,AdditionalLogs,gradual_drift_04,,,,[486],"[500, 1000]",0.6666666666666666,14.0,00:00:03,3.669557900000655,0.0026211127857147,0.1,200.0,400.0,,,,,
Process Graph Metrics,AdditionalLogs,gradual_drift_04,,,,"[541, 1616]","[500, 1000]",0.5,41.0,00:00:11,11.920166600000812,0.0085144047142862,0.0001,100.0,600.0,,,,,
LCDD,AdditionalLogs,recurring_drift_08,200.0,200.0,100.0,"[211, 413, 614, 815, 1030, 1230, 1495]","[500, 1000]",0.4444444444444445,58.5,00:00:00,0.0107311000028857,7.154066668590531e-06,,,,,,,,
Process Graph Metrics,AdditionalLogs,gradual_drift_02,,,,[600],"[500, 1000]",0.6666666666666666,100.0,00:00:00,0.7072074000025168,0.0005051481428589,0.0001,400.0,400.0,,,,,
Process Graph Metrics,AdditionalLogs,recurring_drift_08,,,,"[717, 1667]","[500, 1000]",,,00:00:11,11.03395950000413,0.0073559730000027,0.05,100.0,500.0,,,,,
Process Graph Metrics,AdditionalLogs,recurring_drift_02,,,,"[717, 1368]","[500, 1000]",,,00:00:07,7.27073019999807,0.0048471534666653,0.05,100.0,700.0,,,,,
Zheng DBSCAN,AdditionalLogs,gradual_drift_04,,,,"[np.float64(746.0), np.float64(983.35), np.float64(1241.0), np.float64(1334.0)]","[500, 1000]",0.3333333333333333,16.649999999999977,00:00:00,0.3983196999979554,0.0002845140714271,,,,700.0,70.0,,,
Zheng DBSCAN,AdditionalLogs,gradual_drift_04,,,,"[np.float64(915.5357142857143), np.float64(1287.5)]","[500, 1000]",0.5,84.46428571428567,00:00:00,0.3983196999979554,0.0002845140714271,,,,700.0,140.0,,,
Zheng DBSCAN,AdditionalLogs,gradual_drift_04,,,,[np.float64(719.58)],"[500, 1000]",,,00:00:00,0.3983196999979554,0.0002845140714271,,,,700.0,210.0,,,
Zheng DBSCAN,AdditionalLogs,gradual_drift_04,,,,[np.float64(719.58)],"[500, 1000]",,,00:00:00,0.3983196999979554,0.0002845140714271,,,,700.0,280.0,,,
Zheng DBSCAN,AdditionalLogs,gradual_drift_04,,,,[np.float64(719.58)],"[500, 1000]",,,00:00:00,0.3983196999979554,0.0002845140714271,,,,700.0,350.0,,,
LCDD,AdditionalLogs,recurring_drift_07,400.0,400.0,200.0,"[502, 1000]","[500, 1000]",1.0,1.0,00:00:00,0.0160752999945543,1.0716866663036248e-05,,,,,,,,
LCDD,AdditionalLogs,sudden_drift_05,300.0,300.0,150.0,"[334, 643, 995, 1357]","[500, 1000]",0.6666666666666666,74.0,00:00:00,0.0152843000032589,1.0189533335505984e-05,,,,,,,,
LCDD,AdditionalLogs,sudden_drift_09,200.0,200.0,50.0,"[502, 1000, 1236]","[500, 1000]",0.8,1.0,00:00:00,0.0268276999995578,1.7885133333038538e-05,,,,,,,,
Process Graph Metrics,AdditionalLogs,recurring_drift_05,,,,"[578, 1118]","[500, 1000]",1.0,98.0,00:00:02,2.394435100002738,0.0015962900666684,0.05,100.0,400.0,,,,,
LCDD,AdditionalLogs,sudden_drift_00,100.0,100.0,20.0,"[100, 200, 329, 502, 609, 709, 829, 1000, 1143, 1246, 1442]","[500, 1000]",0.3076923076923077,1.0,00:00:00,0.0073967999996966,4.931199999797779e-06,,,,,,,,
Process Graph Metrics,AdditionalLogs,recurring_drift_08,,,,"[709, 1335]","[500, 1000]",,,00:00:03,3.3476878000001307,0.0022317918666667,0.05,200.0,700.0,,,,,
Process Graph Metrics,AdditionalLogs,recurring_drift_01,,,,"[565, 1015, 1555]","[500, 1000]",0.8,40.0,00:00:01,1.4577237000048626,0.0009718158000032,0.05,400.0,400.0,,,,,
Zheng DBSCAN,AdditionalLogs,sudden_drift_08,,,,"[np.float64(1002.421052631579), np.float64(1350.8181818181818)]","[500, 1000]",0.5,2.42105263157896,00:00:00,0.4840957999986131,0.0003227305333324,,,,800.0,80.0,,,
Zheng DBSCAN,AdditionalLogs,sudden_drift_08,,,,[np.float64(1130.1666666666667)],"[500, 1000]",0.6666666666666666,130.16666666666674,00:00:00,0.4840957999986131,0.0003227305333324,,,,800.0,160.0,,,
Zheng DBSCAN,AdditionalLogs,sudden_drift_08,,,,[np.float64(872.8297872340426)],"[500, 1000]",0.6666666666666666,127.17021276595744,00:00:00,0.4840957999986131,0.0003227305333324,,,,800.0,240.0,,,
Zheng DBSCAN,AdditionalLogs,sudden_drift_08,,,,[np.float64(872.8297872340426)],"[500, 1000]",0.6666666666666666,127.17021276595744,00:00:00,0.4840957999986131,0.0003227305333324,,,,800.0,320.0,,,
Zheng DBSCAN,AdditionalLogs,sudden_drift_08,,,,[np.float64(872.8297872340426)],"[500, 1000]",0.6666666666666666,127.17021276595744,00:00:00,0.4840957999986131,0.0003227305333324,,,,800.0,400.0,,,
Process Graph Metrics,AdditionalLogs,gradual_drift_00,,,,"[611, 1151]","[500, 1000]",1.0,131.0,00:00:01,1.60174079999706,0.0011441005714264,0.1,300.0,700.0,,,,,
LCDD,AdditionalLogs,sudden_drift_06,800.0,800.0,150.0,[805],"[500, 1000]",0.6666666666666666,195.0,00:00:00,0.0763910000023315,5.092733333488771e-05,,,,,,,,
Process Graph Metrics,AdditionalLogs,sudden_drift_01,,,,"[600, 1200]","[500, 1000]",1.0,150.0,00:00:00,0.4197663000013563,0.0002798442000009,0.1,400.0,600.0,,,,,
LCDD,AdditionalLogs,gradual_drift_04,600.0,600.0,50.0,"[655, 1334]","[500, 1000]",0.5,155.0,00:00:00,0.009014199997182,6.438714283701432e-06,,,,,,,,
LCDD,AdditionalLogs,sudden_drift_09,600.0,600.0,10.0,[1000],"[500, 1000]",0.6666666666666666,0.0,00:00:00,0.0250213999970583,1.6680933331372216e-05,,,,,,,,
LCDD,AdditionalLogs,sudden_drift_02,200.0,200.0,100.0,"[236, 447, 654, 854, 1055, 1257, 1469]","[500, 1000]",0.4444444444444445,54.0,00:00:00,0.0273219000009703,1.8214600000646896e-05,,,,,,,,
Process Graph Metrics,AdditionalLogs,sudden_drift_04,,,,"[555, 1118, 1289]","[500, 1000]",0.8,86.5,00:00:03,3.605621000002429,0.0024037473333349,0.05,100.0,400.0,,,,,
LCDD,AdditionalLogs,gradual_drift_01,200.0,200.0,150.0,"[303, 509, 712, 918, 1124, 1353]","[500, 1000]",0.5,45.5,00:00:00,0.0251477999991038,1.7962714285074202e-05,,,,,,,,
Zheng DBSCAN,AdditionalLogs,gradual_drift_06,,,,"[np.float64(437.625), np.float64(570.0), np.float64(627.5), np.float64(726.5), np.float64(959.6428571428571), np.float64(1135.0), np.float64(1208.0), np.float64(1392.0)]","[500, 1000]",0.4,51.366071428571445,00:00:00,0.7131417999989935,0.0005093869999992,,,,400.0,40.0,,,
Zheng DBSCAN,AdditionalLogs,gradual_drift_06,,,,"[np.float64(437.625), np.float64(608.3333333333334), np.float64(726.5), np.float64(959.6428571428571), np.float64(1183.6666666666667), np.float64(1392.0)]","[500, 1000]",0.5,51.366071428571445,00:00:00,0.7131417999989935,0.0005093869999992,,,,400.0,80.0,,,
Zheng DBSCAN,AdditionalLogs,gradual_drift_06,,,,"[np.float64(505.2142857142857), np.float64(981.3225806451613), np.float64(1392.0)]","[500, 1000]",0.8,11.945852534562192,00:00:00,0.7131417999989935,0.0005093869999992,,,,400.0,120.0,,,
Zheng DBSCAN,AdditionalLogs,gradual_drift_06,,,,"[np.float64(433.7647058823529), np.float64(981.3225806451613), np.float64(1392.0)]","[500, 1000]",0.8,42.45635673624287,00:00:00,0.7131417999989935,0.0005093869999992,,,,400.0,160.0,,,
Zheng DBSCAN,AdditionalLogs,gradual_drift_06,,,,[np.float64(799.734693877551)],"[500, 1000]",,,00:00:00,0.7131417999989935,0.0005093869999992,,,,400.0,200.0,,,
LCDD,AdditionalLogs,sudden_drift_02,1200.0,1200.0,5.0,[1224],"[500, 1000]",,,00:00:00,0.0287244999999529,1.914966666663532e-05,,,,,,,,
Process Graph Metrics,AdditionalLogs,gradual_drift_05,,,,"[498, 1041]","[500, 1000]",1.0,21.5,00:00:05,5.211096799997904,0.0037222119999985,0.0001,300.0,700.0,,,,,
LCDD,AdditionalLogs,sudden_drift_05,800.0,800.0,5.0,[1000],"[500, 1000]",0.6666666666666666,0.0,00:00:00,0.0220255000022007,1.468366666813381e-05,,,,,,,,
LCDD,AdditionalLogs,gradual_drift_08,400.0,400.0,5.0,"[407, 862, 1315]","[500, 1000]",0.8,115.5,00:00:00,0.0095037999999476,6.788428571391186e-06,,,,,,,,
Process Graph Metrics,AdditionalLogs,sudden_drift_04,,,,"[603, 1227]","[500, 1000]",0.5,103.0,00:00:02,2.77586799999699,0.0018505786666646,0.0001,200.0,500.0,,,,,
Zheng DBSCAN,AdditionalLogs,gradual_drift_09,,,,[np.float64(994.0)],"[500, 1000]",0.6666666666666666,6.0,00:00:00,0.3432979000062914,0.0002452127857187,,,,600.0,60.0,,,
Zheng DBSCAN,AdditionalLogs,gradual_drift_09,,,,[np.float64(994.0)],"[500, 1000]",0.6666666666666666,6.0,00:00:00,0.3432979000062914,0.0002452127857187,,,,600.0,120.0,,,
Zheng DBSCAN,AdditionalLogs,gradual_drift_09,,,,[np.float64(994.0)],"[500, 1000]",0.6666666666666666,6.0,00:00:00,0.3432979000062914,0.0002452127857187,,,,600.0,180.0,,,
Zheng DBSCAN,AdditionalLogs,gradual_drift_09,,,,[np.float64(994.0)],"[500, 1000]",0.6666666666666666,6.0,00:00:00,0.3432979000062914,0.0002452127857187,,,,600.0,240.0,,,
Zheng DBSCAN,AdditionalLogs,gradual_drift_09,,,,[np.float64(994.0)],"[500, 1000]",0.6666666666666666,6.0,00:00:00,0.3432979000062914,0.0002452127857187,,,,600.0,300.0,,,
LCDD,AdditionalLogs,gradual_drift_01,300.0,300.0,20.0,"[303, 639, 951, 1256]","[500, 1000]",0.6666666666666666,94.0,00:00:00,0.0237899999992805,1.6992857142343253e-05,,,,,,,,
LCDD,AdditionalLogs,sudden_drift_02,800.0,800.0,10.0,[1003],"[500, 1000]",0.6666666666666666,3.0,00:00:00,0.1640822000044863,0.0001093881333363,,,,,,,,
LCDD,AdditionalLogs,recurring_drift_06,1200.0,1200.0,20.0,[],"[500, 1000]",,,00:00:00,0.0772169999981997,5.147799999879983e-05,,,,,,,,
Process Graph Metrics,AdditionalLogs,recurring_drift_02,,,,"[751, 1501]","[500, 1000]",,,00:00:01,1.0048611000020171,0.0006699074000013,0.05,200.0,700.0,,,,,
Process Graph Metrics,AdditionalLogs,sudden_drift_09,,,,[600],"[500, 1000]",0.6666666666666666,100.0,00:00:00,0.4747608000034233,0.0003165072000022,0.05,400.0,400.0,,,,,
Process Graph Metrics,AdditionalLogs,recurring_drift_00,,,,"[561, 1101]","[500, 1000]",1.0,81.0,00:00:00,0.5483602000022074,0.0003655734666681,0.0001,300.0,700.0,,,,,
Process Graph Metrics,AdditionalLogs,sudden_drift_06,,,,"[541, 1081]","[500, 1000]",1.0,61.0,00:00:01,1.8210943000012776,0.0012140628666675,0.1,300.0,700.0,,,,,
Process Graph Metrics,AdditionalLogs,gradual_drift_00,,,,"[998, 1580]","[500, 1000]",0.5,2.0,00:00:02,2.165791999999783,0.0015469942857141,0.05,300.0,400.0,,,,,
LCDD,AdditionalLogs,sudden_drift_09,400.0,400.0,50.0,"[502, 1000]","[500, 1000]",1.0,1.0,00:00:00,0.0270249000022886,1.801660000152576e-05,,,,,,,,
Process Graph Metrics,AdditionalLogs,gradual_drift_00,,,,"[681, 1329]","[500, 1000]",0.5,181.0,00:00:01,1.0944803999955184,0.0007817717142825,0.005,300.0,500.0,,,,,
LCDD,AdditionalLogs,gradual_drift_01,200.0,200.0,50.0,"[303, 509, 712, 918, 1124, 1353]","[500, 1000]",0.5,45.5,00:00:00,0.0266296999980113,1.902121428429382e-05,,,,,,,,
Process Graph Metrics,AdditionalLogs,recurring_drift_06,,,,"[880, 1060]","[500, 1000]",0.5,60.0,00:00:04,4.119026899999881,0.0027460179333332,0.1,200.0,700.0,,,,,
Process Graph Metrics,AdditionalLogs,recurring_drift_05,,,,"[578, 1118]","[500, 1000]",1.0,98.0,00:00:02,2.006308899995929,0.0013375392666639,0.05,300.0,600.0,,,,,
Process Graph Metrics,AdditionalLogs,gradual_drift_00,,,,[703],"[500, 1000]",,,00:00:02,2.1882666000019526,0.0015630475714299,0.0001,200.0,600.0,,,,,
LCDD,AdditionalLogs,gradual_drift_05,800.0,800.0,5.0,[935],"[500, 1000]",0.6666666666666666,65.0,00:00:00,0.0199673000024631,1.4262357144616544e-05,,,,,,,,
LCDD,AdditionalLogs,sudden_drift_00,600.0,600.0,50.0,[646],"[500, 1000]",0.6666666666666666,146.0,00:00:00,0.0085495999956037,5.699733330402523e-06,,,,,,,,
LCDD,AdditionalLogs,gradual_drift_06,800.0,800.0,50.0,[923],"[500, 1000]",0.6666666666666666,77.0,00:00:00,0.0640892000010353,4.5778000000739535e-05,,,,,,,,
Process Graph Metrics,AdditionalLogs,sudden_drift_02,,,,"[600, 1204]","[500, 1000]",0.5,100.0,00:00:00,0.7019196000037482,0.0004679464000024,0.1,400.0,700.0,,,,,
Process Graph Metrics,AdditionalLogs,sudden_drift_00,,,,"[647, 1187]","[500, 1000]",1.0,167.0,00:00:02,2.6530195999948774,0.0017686797333299,0.0001,300.0,700.0,,,,,
LCDD,AdditionalLogs,sudden_drift_04,600.0,600.0,100.0,"[633, 1492]","[500, 1000]",0.5,133.0,00:00:00,0.0155602999948314,1.0373533329887624e-05,,,,,,,,
LCDD,AdditionalLogs,sudden_drift_02,100.0,100.0,20.0,"[100, 236, 336, 447, 548, 652, 755, 859, 959, 1059, 1192, 1299, 1409]","[500, 1000]",0.2666666666666667,44.5,00:00:00,0.0244982000003801,1.6332133333586778e-05,,,,,,,,
Process Graph Metrics,AdditionalLogs,recurring_drift_01,,,,"[580, 1030]","[500, 1000]",1.0,55.0,00:00:00,0.9883926000038628,0.0006589284000025,0.005,400.0,400.0,,,,,
LCDD,AdditionalLogs,recurring_drift_06,300.0,300.0,200.0,"[309, 672, 1008, 1401]","[500, 1000]",0.6666666666666666,90.0,00:00:00,0.0724293999955989,4.828626666373263e-05,,,,,,,,
Process Graph Metrics,AdditionalLogs,recurring_drift_05,,,,"[592, 1111, 1673]","[500, 1000]",0.8,101.5,00:00:04,4.715235899995605,0.003143490599997,0.0001,200.0,400.0,,,,,
Process Graph Metrics,AdditionalLogs,gradual_drift_03,,,,"[526, 1079]","[500, 1000]",1.0,52.5,00:00:01,1.904640600005223,0.0013604575714323,0.05,300.0,500.0,,,,,
LCDD,AdditionalLogs,sudden_drift_04,100.0,100.0,50.0,"[108, 209, 309, 409, 512, 633, 757, 865, 980, 1080, 1186, 1295, 1415]","[500, 1000]",0.2666666666666667,16.0,00:00:00,0.0191392000051564,1.2759466670104304e-05,,,,,,,,
LCDD,AdditionalLogs,recurring_drift_01,100.0,100.0,5.0,"[101, 263, 363, 504, 618, 734, 838, 977, 1090, 1207, 1382]","[500, 1000]",0.3076923076923077,13.5,00:00:00,0.0281476000018301,1.876506666788676e-05,,,,,,,,
Process Graph Metrics,AdditionalLogs,recurring_drift_01,,,,"[369, 766, 1616]","[500, 1000]",0.4,131.0,00:00:03,3.1211856999943848,0.0020807904666629,0.005,200.0,400.0,,,,,
Zheng DBSCAN,AdditionalLogs,recurring_drift_03,,,,"[np.float64(301.6), np.float64(375.6666666666667), np.float64(453.0), np.float64(502.3333333333333), np.float64(545.0), np.float64(659.4545454545455), np.float64(787.0), np.float64(831.0), np.float64(911.0), np.float64(979.1428571428571), np.float64(1125.5), np.float64(1161.5), np.float64(1228.0), np.float64(1284.0), np.float64(1352.0), np.float64(1406.0)]","[500, 1000]",0.2222222222222222,11.595238095238102,00:00:00,0.3600566000022809,0.0002400377333348,,,,300.0,30.0,,,
Zheng DBSCAN,AdditionalLogs,recurring_drift_03,,,,"[np.float64(329.375), np.float64(501.0), np.float64(659.4545454545455), np.float64(809.0), np.float64(970.625), np.float64(1187.7142857142858), np.float64(1370.0)]","[500, 1000]",0.4444444444444445,15.1875,00:00:00,0.3600566000022809,0.0002400377333348,,,,300.0,60.0,,,
Zheng DBSCAN,AdditionalLogs,recurring_drift_03,,,,"[np.float64(504.56), np.float64(938.3), np.float64(1242.4)]","[500, 1000]",0.8,33.130000000000024,00:00:00,0.3600566000022809,0.0002400377333348,,,,300.0,90.0,,,
Zheng DBSCAN,AdditionalLogs,recurring_drift_03,,,,"[np.float64(628.4857142857143), np.float64(1242.4)]","[500, 1000]",0.5,128.48571428571427,00:00:00,0.3600566000022809,0.0002400377333348,,,,300.0,120.0,,,
Zheng DBSCAN,AdditionalLogs,recurring_drift_03,,,,[np.float64(764.9111111111112)],"[500, 1000]",,,00:00:00,0.3600566000022809,0.0002400377333348,,,,300.0,150.0,,,
LCDD,AdditionalLogs,recurring_drift_08,400.0,400.0,150.0,"[426, 874, 1324]","[500, 1000]",0.8,100.0,00:00:00,0.0119800000029499,7.986666668633309e-06,,,,,,,,
Process Graph Metrics,AdditionalLogs,recurring_drift_09,,,,"[553, 1014]","[500, 1000]",1.0,33.5,00:00:05,5.830427699998836,0.0038869517999992,0.005,300.0,600.0,,,,,
Zheng DBSCAN,AdditionalLogs,gradual_drift_09,,,,"[np.float64(459.06666666666666), np.float64(993.4444444444445)]","[500, 1000]",1.0,23.74444444444444,00:00:00,0.3443942000012612,0.0002459958571437,,,,300.0,30.0,,,
Zheng DBSCAN,AdditionalLogs,gradual_drift_09,,,,"[np.float64(459.06666666666666), np.float64(993.4444444444445)]","[500, 1000]",1.0,23.74444444444444,00:00:00,0.3443942000012612,0.0002459958571437,,,,300.0,60.0,,,
Zheng DBSCAN,AdditionalLogs,gradual_drift_09,,,,"[np.float64(459.06666666666666), np.float64(993.4444444444445)]","[500, 1000]",1.0,23.74444444444444,00:00:00,0.3443942000012612,0.0002459958571437,,,,300.0,90.0,,,
Zheng DBSCAN,AdditionalLogs,gradual_drift_09,,,,"[np.float64(459.06666666666666), np.float64(993.4444444444445)]","[500, 1000]",1.0,23.74444444444444,00:00:00,0.3443942000012612,0.0002459958571437,,,,300.0,120.0,,,
Zheng DBSCAN,AdditionalLogs,gradual_drift_09,,,,"[np.float64(459.06666666666666), np.float64(993.4444444444445)]","[500, 1000]",1.0,23.74444444444444,00:00:00,0.3443942000012612,0.0002459958571437,,,,300.0,150.0,,,
Process Graph Metrics,AdditionalLogs,gradual_drift_07,,,,[970],"[500, 1000]",0.6666666666666666,30.0,00:00:01,1.219927699996333,0.0008713769285688,0.005,100.0,400.0,,,,,
Process Graph Metrics,AdditionalLogs,recurring_drift_05,,,,"[413, 1037, 1661]","[500, 1000]",0.8,62.0,00:00:02,2.219369699996605,0.0014795797999977,0.05,200.0,700.0,,,,,
Process Graph Metrics,AdditionalLogs,recurring_drift_07,,,,"[600, 1200]","[500, 1000]",1.0,150.0,00:00:00,0.1732932000013534,0.0001155288000009,0.005,400.0,700.0,,,,,
Process Graph Metrics,AdditionalLogs,recurring_drift_08,,,,"[631, 1255]","[500, 1000]",0.5,131.0,00:00:00,0.6281281999981729,0.0004187521333321,0.1,200.0,700.0,,,,,
Process Graph Metrics,AdditionalLogs,recurring_drift_05,,,,"[586, 1126]","[500, 1000]",1.0,106.0,00:00:02,2.667586399998981,0.0017783909333326,0.005,100.0,500.0,,,,,
Process Graph Metrics,AdditionalLogs,recurring_drift_05,,,,"[562, 1102, 1643]","[500, 1000]",0.8,82.0,00:00:01,1.3854587000023455,0.0009236391333348,0.1,300.0,500.0,,,,,
LCDD,AdditionalLogs,sudden_drift_00,600.0,600.0,10.0,[646],"[500, 1000]",0.6666666666666666,146.0,00:00:00,0.0072733999986667,4.848933332444479e-06,,,,,,,,
Process Graph Metrics,AdditionalLogs,recurring_drift_00,,,,"[600, 1200]","[500, 1000]",1.0,150.0,00:00:00,0.1392175000000861,9.281166666672408e-05,0.1,400.0,500.0,,,,,
Process Graph Metrics,AdditionalLogs,sudden_drift_04,,,,"[547, 1108, 1287]","[500, 1000]",0.8,77.5,00:00:03,3.365179000000353,0.0022434526666669,0.1,300.0,400.0,,,,,
LCDD,AdditionalLogs,sudden_drift_09,600.0,600.0,200.0,[1000],"[500, 1000]",0.6666666666666666,0.0,00:00:00,0.0230930000034277,1.5395333335618487e-05,,,,,,,,
LCDD,AdditionalLogs,gradual_drift_03,200.0,200.0,10.0,"[275, 533, 784, 994, 1205]","[500, 1000]",0.5714285714285715,19.5,00:00:00,0.014538999996148,1.0384999997248606e-05,,,,,,,,
Process Graph Metrics,AdditionalLogs,sudden_drift_09,,,,"[531, 1079]","[500, 1000]",1.0,55.0,00:00:05,5.029144100000849,0.0033527627333338,0.05,300.0,600.0,,,,,
Process Graph Metrics,AdditionalLogs,recurring_drift_02,,,,"[779, 1758]","[500, 1000]",,,00:00:11,11.767638400000578,0.007845092266667,0.005,100.0,600.0,,,,,
Process Graph Metrics,AdditionalLogs,gradual_drift_05,,,,"[435, 795, 1288]","[500, 1000]",0.4,65.0,00:00:02,2.624659600005544,0.0018747568571468,0.1,200.0,600.0,,,,,
LCDD,AdditionalLogs,recurring_drift_08,300.0,300.0,150.0,"[324, 699, 1002, 1324]","[500, 1000]",0.6666666666666666,89.0,00:00:00,0.016086899995571,1.0724599997047335e-05,,,,,,,,
Process Graph Metrics,AdditionalLogs,recurring_drift_08,,,,[912],"[500, 1000]",0.6666666666666666,88.0,00:00:00,0.6480617999986862,0.0004320411999991,0.0001,200.0,600.0,,,,,
Process Graph Metrics,AdditionalLogs,gradual_drift_05,,,,"[600, 1200]","[500, 1000]",1.0,150.0,00:00:00,0.2343325999972876,0.0001673804285694,0.0001,400.0,500.0,,,,,
Process Graph Metrics,AdditionalLogs,sudden_drift_02,,,,"[457, 1082, 1457]","[500, 1000]",0.8,62.5,00:00:01,1.2292686000000683,0.0008195124,0.1,300.0,500.0,,,,,
Process Graph Metrics,AdditionalLogs,recurring_drift_05,,,,"[610, 1210]","[500, 1000]",0.5,110.0,00:00:00,0.739472699999169,0.0004929817999994,0.05,400.0,500.0,,,,,
Process Graph Metrics,AdditionalLogs,sudden_drift_04,,,,"[584, 1232]","[500, 1000]",0.5,84.0,00:00:01,1.7591698999967775,0.0011727799333311,0.005,100.0,700.0,,,,,
Process Graph Metrics,AdditionalLogs,gradual_drift_05,,,,"[494, 1022]","[500, 1000]",1.0,14.0,00:00:04,4.464372599999479,0.0031888375714281,0.005,300.0,700.0,,,,,
Process Graph Metrics,AdditionalLogs,recurring_drift_01,,,,"[676, 1517]","[500, 1000]",0.5,176.0,00:00:04,4.411989799998992,0.0029413265333326,0.1,300.0,500.0,,,,,
Process Graph Metrics,AdditionalLogs,gradual_drift_07,,,,"[542, 1096]","[500, 1000]",1.0,69.0,00:00:00,0.5619900000019697,0.0004014214285728,0.05,300.0,600.0,,,,,
Process Graph Metrics,AdditionalLogs,recurring_drift_04,,,,"[634, 1234]","[500, 1000]",0.5,134.0,00:00:01,1.143330999999307,0.0007622206666662,0.05,400.0,700.0,,,,,
Zheng DBSCAN,AdditionalLogs,recurring_drift_09,,,,"[np.float64(497.4), np.float64(917.0), np.float64(1012.1111111111111)]","[500, 1000]",0.8,7.355555555555554,00:00:00,0.2843799999973271,0.0001895866666648,,,,300.0,30.0,,,
Zheng DBSCAN,AdditionalLogs,recurring_drift_09,,,,"[np.float64(497.4), np.float64(994.8181818181819)]","[500, 1000]",1.0,3.890909090909077,00:00:00,0.2843799999973271,0.0001895866666648,,,,300.0,60.0,,,
Zheng DBSCAN,AdditionalLogs,recurring_drift_09,,,,"[np.float64(497.4), np.float64(994.8181818181819)]","[500, 1000]",1.0,3.890909090909077,00:00:00,0.2843799999973271,0.0001895866666648,,,,300.0,90.0,,,
Zheng DBSCAN,AdditionalLogs,recurring_drift_09,,,,"[np.float64(497.4), np.float64(994.8181818181819)]","[500, 1000]",1.0,3.890909090909077,00:00:00,0.2843799999973271,0.0001895866666648,,,,300.0,120.0,,,
Zheng DBSCAN,AdditionalLogs,recurring_drift_09,,,,"[np.float64(497.4), np.float64(994.8181818181819)]","[500, 1000]",1.0,3.890909090909077,00:00:00,0.2843799999973271,0.0001895866666648,,,,300.0,150.0,,,
Process Graph Metrics,AdditionalLogs,gradual_drift_09,,,,"[573, 1092]","[500, 1000]",1.0,82.5,00:00:03,3.385761700003058,0.0024184012142878,0.0001,200.0,600.0,,,,,
Process Graph Metrics,AdditionalLogs,gradual_drift_04,,,,"[490, 1240]","[500, 1000]",0.5,10.0,00:00:03,3.95178709999891,0.0028227050714277,0.05,200.0,600.0,,,,,
Process Graph Metrics,AdditionalLogs,recurring_drift_07,,,,"[535, 1080]","[500, 1000]",1.0,57.5,00:00:01,1.4713736000048812,0.0009809157333365,0.005,200.0,500.0,,,,,
Process Graph Metrics,AdditionalLogs,gradual_drift_05,,,,"[150, 461, 773, 1085, 1535]","[500, 1000]",0.5714285714285715,62.0,00:00:01,1.597521499999857,0.0011410867857141,0.1,100.0,700.0,,,,,
Zheng DBSCAN,AdditionalLogs,recurring_drift_04,,,,[np.float64(1277.0)],"[500, 1000]",,,00:00:00,0.4325817999997525,0.0002883878666665,,,,800.0,80.0,,,
Zheng DBSCAN,AdditionalLogs,recurring_drift_04,,,,[np.float64(1277.0)],"[500, 1000]",,,00:00:00,0.4325817999997525,0.0002883878666665,,,,800.0,160.0,,,
Zheng DBSCAN,AdditionalLogs,recurring_drift_04,,,,[np.float64(1277.0)],"[500, 1000]",,,00:00:00,0.4325817999997525,0.0002883878666665,,,,800.0,240.0,,,
Zheng DBSCAN,AdditionalLogs,recurring_drift_04,,,,[np.float64(1277.0)],"[500, 1000]",,,00:00:00,0.4325817999997525,0.0002883878666665,,,,800.0,320.0,,,
Zheng DBSCAN,AdditionalLogs,recurring_drift_04,,,,[np.float64(1277.0)],"[500, 1000]",,,00:00:00,0.4325817999997525,0.0002883878666665,,,,800.0,400.0,,,
Process Graph Metrics,AdditionalLogs,recurring_drift_05,,,,"[586, 1126]","[500, 1000]",1.0,106.0,00:00:02,2.5922583999999915,0.0017281722666666,0.005,100.0,600.0,,,,,
Zheng DBSCAN,AdditionalLogs,gradual_drift_09,,,,"[np.float64(459.06666666666666), np.float64(993.4444444444445)]","[500, 1000]",1.0,23.74444444444444,00:00:00,0.3486189999966882,0.0002490135714262,,,,400.0,40.0,,,
Zheng DBSCAN,AdditionalLogs,gradual_drift_09,,,,"[np.float64(459.06666666666666), np.float64(993.4444444444445)]","[500, 1000]",1.0,23.74444444444444,00:00:00,0.3486189999966882,0.0002490135714262,,,,400.0,80.0,,,
Zheng DBSCAN,AdditionalLogs,gradual_drift_09,,,,"[np.float64(459.06666666666666), np.float64(993.4444444444445)]","[500, 1000]",1.0,23.74444444444444,00:00:00,0.3486189999966882,0.0002490135714262,,,,400.0,120.0,,,
Zheng DBSCAN,AdditionalLogs,gradual_drift_09,,,,"[np.float64(459.06666666666666), np.float64(993.4444444444445)]","[500, 1000]",1.0,23.74444444444444,00:00:00,0.3486189999966882,0.0002490135714262,,,,400.0,160.0,,,
Zheng DBSCAN,AdditionalLogs,gradual_drift_09,,,,"[np.float64(459.06666666666666), np.float64(993.4444444444445)]","[500, 1000]",1.0,23.74444444444444,00:00:00,0.3486189999966882,0.0002490135714262,,,,400.0,200.0,,,
Process Graph Metrics,AdditionalLogs,recurring_drift_08,,,,"[613, 1333]","[500, 1000]",0.5,113.0,00:00:00,0.6345178000046872,0.0004230118666697,0.1,400.0,500.0,,,,,
Process Graph Metrics,AdditionalLogs,gradual_drift_03,,,,"[519, 1052]","[500, 1000]",1.0,35.5,00:00:02,2.155311299997265,0.0015395080714266,0.1,200.0,600.0,,,,,
LCDD,AdditionalLogs,gradual_drift_01,300.0,300.0,150.0,"[303, 639, 951, 1256]","[500, 1000]",0.6666666666666666,94.0,00:00:00,0.0269052000003284,1.9218000000234623e-05,,,,,,,,
LCDD,AdditionalLogs,gradual_drift_02,800.0,800.0,50.0,[815],"[500, 1000]",0.6666666666666666,185.0,00:00:00,0.0229287999973166,1.6377714283797622e-05,,,,,,,,
LCDD,AdditionalLogs,sudden_drift_05,800.0,800.0,10.0,[1000],"[500, 1000]",0.6666666666666666,0.0,00:00:00,0.0153885000036098,1.0259000002406535e-05,,,,,,,,
LCDD,AdditionalLogs,recurring_drift_08,1200.0,1200.0,20.0,[1234],"[500, 1000]",,,00:00:00,0.015144600001804,1.009640000120271e-05,,,,,,,,
LCDD,AdditionalLogs,gradual_drift_04,600.0,600.0,20.0,"[655, 1334]","[500, 1000]",0.5,155.0,00:00:00,0.018391799996607,1.3136999997576432e-05,,,,,,,,
Process Graph Metrics,AdditionalLogs,gradual_drift_07,,,,"[617, 1217]","[500, 1000]",0.5,117.0,00:00:00,0.6345221000010497,0.0004532300714293,0.05,400.0,500.0,,,,,
Zheng DBSCAN,AdditionalLogs,sudden_drift_01,,,,"[np.float64(995.0), np.float64(1115.0), np.float64(1254.0)]","[500, 1000]",0.4,5.0,00:00:00,0.4792655999990529,0.0003195103999993,,,,800.0,80.0,,,
Zheng DBSCAN,AdditionalLogs,sudden_drift_01,,,,[np.float64(1037.111111111111)],"[500, 1000]",0.6666666666666666,37.111111111111086,00:00:00,0.4792655999990529,0.0003195103999993,,,,800.0,160.0,,,
Zheng DBSCAN,AdditionalLogs,sudden_drift_01,,,,[np.float64(1037.111111111111)],"[500, 1000]",0.6666666666666666,37.111111111111086,00:00:00,0.4792655999990529,0.0003195103999993,,,,800.0,240.0,,,
Zheng DBSCAN,AdditionalLogs,sudden_drift_01,,,,[np.float64(1037.111111111111)],"[500, 1000]",0.6666666666666666,37.111111111111086,00:00:00,0.4792655999990529,0.0003195103999993,,,,800.0,320.0,,,
Zheng DBSCAN,AdditionalLogs,sudden_drift_01,,,,[np.float64(1037.111111111111)],"[500, 1000]",0.6666666666666666,37.111111111111086,00:00:00,0.4792655999990529,0.0003195103999993,,,,800.0,400.0,,,
LCDD,AdditionalLogs,recurring_drift_06,400.0,400.0,150.0,"[500, 939, 1401]","[500, 1000]",0.8,30.5,00:00:00,0.0726340000037453,4.842266666916354e-05,,,,,,,,
Process Graph Metrics,AdditionalLogs,recurring_drift_00,,,,"[531, 1047]","[500, 1000]",1.0,39.0,00:00:02,2.602928399996017,0.0017352855999973,0.1,300.0,700.0,,,,,
Process Graph Metrics,AdditionalLogs,sudden_drift_00,,,,"[551, 1146]","[500, 1000]",1.0,98.5,00:00:02,2.58494420000352,0.0017232961333356,0.1,200.0,600.0,,,,,
LCDD,AdditionalLogs,sudden_drift_07,1200.0,1200.0,5.0,[1324],"[500, 1000]",,,00:00:00,0.0159719000002951,1.064793333353009e-05,,,,,,,,
Process Graph Metrics,AdditionalLogs,recurring_drift_05,,,,"[586, 1126]","[500, 1000]",1.0,106.0,00:00:02,2.371044500003336,0.0015806963333355,0.005,300.0,500.0,,,,,
Process Graph Metrics,AdditionalLogs,gradual_drift_00,,,,"[1009, 1475]","[500, 1000]",0.5,9.0,00:00:02,2.191507100003946,0.0015653622142885,0.005,200.0,400.0,,,,,
LCDD,AdditionalLogs,gradual_drift_02,100.0,100.0,200.0,"[102, 231, 334, 436, 540, 642, 743, 856, 956, 1063, 1167, 1272, 1374]","[500, 1000]",0.2666666666666667,42.0,00:00:00,0.0248200999994878,1.7728642856777048e-05,,,,,,,,
Process Graph Metrics,AdditionalLogs,recurring_drift_03,,,,"[302, 602, 1068]","[500, 1000]",0.8,85.0,00:00:00,0.9684361000036006,0.000645624066669,0.005,200.0,600.0,,,,,
LCDD,AdditionalLogs,gradual_drift_05,800.0,800.0,200.0,[935],"[500, 1000]",0.6666666666666666,65.0,00:00:00,0.0139262000011513,9.947285715108072e-06,,,,,,,,
LCDD,AdditionalLogs,sudden_drift_06,100.0,100.0,150.0,"[127, 235, 336, 451, 553, 666, 768, 878, 986, 1088, 1195, 1297, 1397]","[500, 1000]",0.2666666666666667,31.5,00:00:00,0.0729625000021769,4.864166666811798e-05,,,,,,,,
Process Graph Metrics,AdditionalLogs,gradual_drift_00,,,,"[716, 1364]","[500, 1000]",,,00:00:01,1.968735099995684,0.0014062393571397,0.0001,300.0,600.0,,,,,
Process Graph Metrics,AdditionalLogs,sudden_drift_07,,,,[606],"[500, 1000]",0.6666666666666666,106.0,00:00:00,0.5037491999974009,0.0003358327999982,0.0001,400.0,400.0,,,,,
Process Graph Metrics,AdditionalLogs,sudden_drift_09,,,,"[600, 1200]","[500, 1000]",1.0,150.0,00:00:00,0.3221330000014859,0.0002147553333343,0.05,400.0,600.0,,,,,
LCDD,AdditionalLogs,sudden_drift_08,600.0,600.0,5.0,"[601, 1233]","[500, 1000]",0.5,101.0,00:00:00,0.0111806999993859,7.453799999590652e-06,,,,,,,,
Process Graph Metrics,AdditionalLogs,gradual_drift_02,,,,"[323, 625, 1069]","[500, 1000]",0.8,97.0,00:00:02,2.0750454000008176,0.0014821752857148,0.1,200.0,400.0,,,,,
Process Graph Metrics,AdditionalLogs,sudden_drift_07,,,,"[600, 1207]","[500, 1000]",0.5,100.0,00:00:00,0.3917883000030997,0.000261192200002,0.005,400.0,700.0,,,,,
Process Graph Metrics,AdditionalLogs,recurring_drift_08,,,,"[717, 1667]","[500, 1000]",,,00:00:11,11.585678700001154,0.0077237858000007,0.05,300.0,600.0,,,,,
LCDD,AdditionalLogs,gradual_drift_03,100.0,100.0,20.0,"[127, 246, 361, 475, 581, 738, 865, 972, 1082, 1187, 1299]","[500, 1000]",0.3076923076923077,26.5,00:00:00,0.0071233000053325,5.088071432380405e-06,,,,,,,,
Process Graph Metrics,AdditionalLogs,recurring_drift_02,,,,"[733, 1474]","[500, 1000]",,,00:00:03,3.35135309999896,0.0022342353999993,0.1,400.0,700.0,,,,,
Process Graph Metrics,AdditionalLogs,gradual_drift_08,,,,[],"[500, 1000]",,,00:00:17,17.051868800001102,0.012179906285715,0.0001,200.0,600.0,,,,,
Process Graph Metrics,AdditionalLogs,sudden_drift_00,,,,"[557, 1181]","[500, 1000]",1.0,119.0,00:00:02,2.296776100003626,0.001531184066669,0.05,300.0,700.0,,,,,
Process Graph Metrics,AdditionalLogs,gradual_drift_05,,,,"[435, 795, 1288]","[500, 1000]",0.4,65.0,00:00:02,2.7851659999942058,0.0019894042857101,0.1,200.0,500.0,,,,,
LCDD,AdditionalLogs,recurring_drift_03,600.0,600.0,150.0,"[631, 1348]","[500, 1000]",0.5,131.0,00:00:00,0.015591300005326,1.03942000035507e-05,,,,,,,,
Zheng DBSCAN,AdditionalLogs,sudden_drift_09,,,,"[np.float64(1034.0), np.float64(1216.5)]","[500, 1000]",0.5,34.0,00:00:00,0.3029429000016534,0.0002019619333344,,,,600.0,60.0,,,
Zheng DBSCAN,AdditionalLogs,sudden_drift_09,,,,[np.float64(1060.0714285714287)],"[500, 1000]",0.6666666666666666,60.07142857142867,00:00:00,0.3029429000016534,0.0002019619333344,,,,600.0,120.0,,,
Zheng DBSCAN,AdditionalLogs,sudden_drift_09,,,,[np.float64(1060.0714285714287)],"[500, 1000]",0.6666666666666666,60.07142857142867,00:00:00,0.3029429000016534,0.0002019619333344,,,,600.0,180.0,,,
Zheng DBSCAN,AdditionalLogs,sudden_drift_09,,,,[np.float64(1060.0714285714287)],"[500, 1000]",0.6666666666666666,60.07142857142867,00:00:00,0.3029429000016534,0.0002019619333344,,,,600.0,240.0,,,
Zheng DBSCAN,AdditionalLogs,sudden_drift_09,,,,[np.float64(1060.0714285714287)],"[500, 1000]",0.6666666666666666,60.07142857142867,00:00:00,0.3029429000016534,0.0002019619333344,,,,600.0,300.0,,,
Process Graph Metrics,AdditionalLogs,gradual_drift_05,,,,"[488, 1033]","[500, 1000]",1.0,22.5,00:00:03,3.1752548000004026,0.0022680391428574,0.005,200.0,700.0,,,,,
LCDD,AdditionalLogs,sudden_drift_04,800.0,800.0,10.0,[849],"[500, 1000]",0.6666666666666666,151.0,00:00:00,0.0087647000036668,5.843133335777869e-06,,,,,,,,
Process Graph Metrics,AdditionalLogs,recurring_drift_05,,,,"[412, 1038, 1494]","[500, 1000]",0.8,63.0,00:00:05,5.879715800001577,0.0039198105333343,0.1,200.0,400.0,,,,,
Process Graph Metrics,AdditionalLogs,gradual_drift_06,,,,"[468, 1008]","[500, 1000]",1.0,20.0,00:00:04,4.286070800000744,0.0030614791428576,0.005,300.0,600.0,,,,,
Process Graph Metrics,AdditionalLogs,gradual_drift_02,,,,"[533, 1068]","[500, 1000]",1.0,50.5,00:00:08,8.493947800001479,0.0060671055714296,0.005,200.0,600.0,,,,,
Process Graph Metrics,AdditionalLogs,sudden_drift_09,,,,"[574, 1114]","[500, 1000]",1.0,94.0,00:00:07,7.129626500005543,0.004753084333337,0.0001,100.0,500.0,,,,,
LCDD,AdditionalLogs,recurring_drift_02,200.0,200.0,200.0,"[207, 419, 637, 841, 1041, 1252, 1478]","[500, 1000]",0.4444444444444445,61.0,00:00:00,0.0199559999964549,1.3303999997636614e-05,,,,,,,,
Process Graph Metrics,AdditionalLogs,gradual_drift_01,,,,"[600, 1200]","[500, 1000]",1.0,150.0,00:00:00,0.4018028999998932,0.0002870020714284,0.1,400.0,700.0,,,,,
Process Graph Metrics,AdditionalLogs,gradual_drift_09,,,,"[559, 1060]","[500, 1000]",1.0,59.5,00:00:05,5.651510100004089,0.0040367929285743,0.0001,100.0,400.0,,,,,
Process Graph Metrics,AdditionalLogs,recurring_drift_06,,,,"[750, 995]","[500, 1000]",0.5,5.0,00:00:06,6.611892799999623,0.004407928533333,0.005,100.0,600.0,,,,,
Zheng DBSCAN,AdditionalLogs,gradual_drift_09,,,,[np.float64(994.0)],"[500, 1000]",0.6666666666666666,6.0,00:00:00,0.3405444999953033,0.0002432460714252,,,,700.0,70.0,,,
Zheng DBSCAN,AdditionalLogs,gradual_drift_09,,,,[np.float64(994.0)],"[500, 1000]",0.6666666666666666,6.0,00:00:00,0.3405444999953033,0.0002432460714252,,,,700.0,140.0,,,
Zheng DBSCAN,AdditionalLogs,gradual_drift_09,,,,[np.float64(994.0)],"[500, 1000]",0.6666666666666666,6.0,00:00:00,0.3405444999953033,0.0002432460714252,,,,700.0,210.0,,,
Zheng DBSCAN,AdditionalLogs,gradual_drift_09,,,,[np.float64(994.0)],"[500, 1000]",0.6666666666666666,6.0,00:00:00,0.3405444999953033,0.0002432460714252,,,,700.0,280.0,,,
Zheng DBSCAN,AdditionalLogs,gradual_drift_09,,,,[np.float64(994.0)],"[500, 1000]",0.6666666666666666,6.0,00:00:00,0.3405444999953033,0.0002432460714252,,,,700.0,350.0,,,
LCDD,AdditionalLogs,gradual_drift_09,300.0,300.0,10.0,"[408, 920]","[500, 1000]",1.0,86.0,00:00:00,0.0214447999969706,1.5317714283550492e-05,,,,,,,,
Process Graph Metrics,AdditionalLogs,sudden_drift_09,,,,"[569, 1109]","[500, 1000]",1.0,89.0,00:00:06,6.465955699997721,0.0043106371333318,0.005,300.0,400.0,,,,,
Process Graph Metrics,AdditionalLogs,gradual_drift_07,,,,"[603, 1378]","[500, 1000]",0.5,103.0,00:00:00,0.3031562999967718,0.0002165402142834,0.1,400.0,400.0,,,,,
LCDD,AdditionalLogs,recurring_drift_03,1200.0,1200.0,20.0,[1348],"[500, 1000]",,,00:00:00,0.0172258000020519,1.1483866668034656e-05,,,,,,,,
LCDD,AdditionalLogs,recurring_drift_02,400.0,400.0,200.0,"[440, 841, 1258]","[500, 1000]",0.8,109.5,00:00:00,0.0201142999940202,1.3409533329346838e-05,,,,,,,,
LCDD,AdditionalLogs,recurring_drift_03,800.0,800.0,5.0,[1348],"[500, 1000]",,,00:00:00,0.0110725000049569,7.38166666997131e-06,,,,,,,,
Process Graph Metrics,AdditionalLogs,sudden_drift_08,,,,[864],"[500, 1000]",0.6666666666666666,136.0,00:00:00,0.3090950999976485,0.0002060633999984,0.0001,400.0,700.0,,,,,
Process Graph Metrics,AdditionalLogs,sudden_drift_00,,,,"[558, 1181]","[500, 1000]",1.0,119.5,00:00:02,2.2078410000031,0.001471894000002,0.005,300.0,500.0,,,,,
LCDD,AdditionalLogs,sudden_drift_08,800.0,800.0,10.0,[828],"[500, 1000]",0.6666666666666666,172.0,00:00:00,0.0151562999963061,1.010419999753746e-05,,,,,,,,
LCDD,AdditionalLogs,sudden_drift_06,200.0,200.0,20.0,"[210, 410, 610, 822, 1022, 1227, 1429]","[500, 1000]",0.4444444444444445,56.0,00:00:00,0.0783450000017182,5.223000000114553e-05,,,,,,,,
Process Graph Metrics,AdditionalLogs,sudden_drift_00,,,,"[558, 1181]","[500, 1000]",1.0,119.5,00:00:02,2.287334799999371,0.0015248898666662,0.005,300.0,700.0,,,,,
LCDD,AdditionalLogs,recurring_drift_00,100.0,100.0,150.0,"[100, 200, 328, 502, 604, 706, 836, 942, 1043, 1210, 1310, 1435]","[500, 1000]",0.2857142857142857,22.5,00:00:00,0.0099406000008457,6.6270666672304895e-06,,,,,,,,
LCDD,AdditionalLogs,recurring_drift_02,100.0,100.0,50.0,"[104, 206, 307, 412, 512, 637, 738, 841, 941, 1041, 1148, 1252, 1352, 1468]","[500, 1000]",0.25,26.5,00:00:00,0.0191360000026179,1.2757333335078632e-05,,,,,,,,
LCDD,AdditionalLogs,recurring_drift_04,800.0,800.0,50.0,[],"[500, 1000]",,,00:00:00,0.0162210000053164,1.0814000003544304e-05,,,,,,,,
LCDD,AdditionalLogs,sudden_drift_05,100.0,100.0,5.0,"[117, 218, 334, 441, 550, 650, 787, 893, 994, 1102, 1204, 1305, 1405]","[500, 1000]",0.2666666666666667,28.0,00:00:00,0.0189033999995444,1.2602266666362991e-05,,,,,,,,
LCDD,AdditionalLogs,sudden_drift_04,400.0,400.0,5.0,"[500, 946, 1492]","[500, 1000]",0.8,27.0,00:00:00,0.0113771000033011,7.584733335534111e-06,,,,,,,,
Zheng DBSCAN,AdditionalLogs,sudden_drift_04,,,,"[np.float64(849.0), np.float64(1020.2222222222222), np.float64(1186.0), np.float64(1492.0)]","[500, 1000]",0.3333333333333333,20.22222222222217,00:00:00,0.4877025999958277,0.0003251350666638,,,,700.0,70.0,,,
Zheng DBSCAN,AdditionalLogs,sudden_drift_04,,,,"[np.float64(1019.95), np.float64(1492.0)]","[500, 1000]",0.5,19.950000000000045,00:00:00,0.4877025999958277,0.0003251350666638,,,,700.0,140.0,,,
Zheng DBSCAN,AdditionalLogs,sudden_drift_04,,,,"[np.float64(1019.95), np.float64(1492.0)]","[500, 1000]",0.5,19.950000000000045,00:00:00,0.4877025999958277,0.0003251350666638,,,,700.0,210.0,,,
Zheng DBSCAN,AdditionalLogs,sudden_drift_04,,,,"[np.float64(1019.95), np.float64(1492.0)]","[500, 1000]",0.5,19.950000000000045,00:00:00,0.4877025999958277,0.0003251350666638,,,,700.0,280.0,,,
Zheng DBSCAN,AdditionalLogs,sudden_drift_04,,,,[],"[500, 1000]",,,00:00:00,0.4877025999958277,0.0003251350666638,,,,700.0,350.0,,,
Process Graph Metrics,AdditionalLogs,recurring_drift_08,,,,"[709, 1335]","[500, 1000]",,,00:00:03,3.4429395999977714,0.0022952930666651,0.05,200.0,600.0,,,,,
Process Graph Metrics,AdditionalLogs,gradual_drift_01,,,,"[600, 1200]","[500, 1000]",1.0,150.0,00:00:00,0.5532821999950102,0.000395201571425,0.05,400.0,700.0,,,,,
Process Graph Metrics,AdditionalLogs,recurring_drift_05,,,,"[602, 1152, 1473]","[500, 1000]",0.8,127.0,00:00:00,0.7170772999961628,0.0004780515333307,0.1,400.0,400.0,,,,,
Process Graph Metrics,AdditionalLogs,sudden_drift_05,,,,[600],"[500, 1000]",0.6666666666666666,100.0,00:00:00,0.5272072000007029,0.0003514714666671,0.005,400.0,700.0,,,,,
LCDD,AdditionalLogs,recurring_drift_08,100.0,100.0,200.0,"[101, 207, 308, 413, 522, 639, 758, 859, 970, 1079, 1183, 1297, 1397, 1498]","[500, 1000]",0.25,26.0,00:00:00,0.0178949999972246,1.1929999998149773e-05,,,,,,,,
Process Graph Metrics,AdditionalLogs,gradual_drift_04,,,,"[525, 1149]","[500, 1000]",1.0,87.0,00:00:00,0.50085019999824,0.0003577501428558,0.005,200.0,500.0,,,,,
Process Graph Metrics,AdditionalLogs,recurring_drift_06,,,,"[550, 862, 1442]","[500, 1000]",0.8,94.0,00:00:07,7.563565199998266,0.0050423767999988,0.05,300.0,400.0,,,,,
Process Graph Metrics,AdditionalLogs,gradual_drift_03,,,,"[529, 1062]","[500, 1000]",1.0,45.5,00:00:02,2.456020499994338,0.0017543003571388,0.005,200.0,400.0,,,,,
Zheng DBSCAN,AdditionalLogs,sudden_drift_02,,,,"[np.float64(561.2962962962963), np.float64(777.0), np.float64(1005.3333333333334), np.float64(1212.0), np.float64(1377.0), np.float64(1474.0)]","[500, 1000]",0.5,33.31481481481484,00:00:00,0.5535873999979231,0.0003690582666652,,,,500.0,50.0,,,
Zheng DBSCAN,AdditionalLogs,sudden_drift_02,,,,"[np.float64(839.6571428571428), np.float64(1425.5)]","[500, 1000]",0.5,160.34285714285716,00:00:00,0.5535873999979231,0.0003690582666652,,,,500.0,100.0,,,
Zheng DBSCAN,AdditionalLogs,sudden_drift_02,,,,[np.float64(871.3243243243244)],"[500, 1000]",0.6666666666666666,128.67567567567562,00:00:00,0.5535873999979231,0.0003690582666652,,,,500.0,150.0,,,
Zheng DBSCAN,AdditionalLogs,sudden_drift_02,,,,[np.float64(845.7272727272727)],"[500, 1000]",0.6666666666666666,154.27272727272725,00:00:00,0.5535873999979231,0.0003690582666652,,,,500.0,200.0,,,
Zheng DBSCAN,AdditionalLogs,sudden_drift_02,,,,[np.float64(845.7272727272727)],"[500, 1000]",0.6666666666666666,154.27272727272725,00:00:00,0.5535873999979231,0.0003690582666652,,,,500.0,250.0,,,
Process Graph Metrics,AdditionalLogs,gradual_drift_07,,,,"[648, 1552]","[500, 1000]",0.5,148.0,00:00:06,6.271310500000254,0.0044795075000001,0.005,300.0,700.0,,,,,
LCDD,AdditionalLogs,gradual_drift_00,400.0,400.0,150.0,"[413, 912]","[500, 1000]",1.0,87.5,00:00:00,0.00887029999285,6.3359285663214645e-06,,,,,,,,
Process Graph Metrics,AdditionalLogs,sudden_drift_07,,,,"[468, 1040]","[500, 1000]",1.0,36.0,00:00:00,0.6658939000044484,0.0004439292666696,0.05,100.0,400.0,,,,,
LCDD,AdditionalLogs,gradual_drift_03,200.0,200.0,150.0,"[275, 533, 784, 994, 1205]","[500, 1000]",0.5714285714285715,19.5,00:00:00,0.0152792000008048,1.0913714286289178e-05,,,,,,,,
Process Graph Metrics,AdditionalLogs,sudden_drift_05,,,,"[600, 1209]","[500, 1000]",0.5,100.0,00:00:00,0.5451256000014837,0.0003634170666676,0.1,400.0,500.0,,,,,
Process Graph Metrics,AdditionalLogs,recurring_drift_00,,,,"[561, 1101]","[500, 1000]",1.0,81.0,00:00:00,0.7231042999992496,0.0004820695333328,0.0001,100.0,700.0,,,,,
Process Graph Metrics,AdditionalLogs,gradual_drift_08,,,,"[600, 1200]","[500, 1000]",1.0,150.0,00:00:00,0.1674055000039516,0.0001195753571456,0.05,400.0,600.0,,,,,
LCDD,AdditionalLogs,sudden_drift_09,600.0,600.0,5.0,[1000],"[500, 1000]",0.6666666666666666,0.0,00:00:00,0.0210527000017464,1.4035133334497611e-05,,,,,,,,
Process Graph Metrics,AdditionalLogs,recurring_drift_04,,,,"[638, 1286]","[500, 1000]",0.5,138.0,00:00:03,3.163848099997267,0.0021092320666648,0.005,300.0,600.0,,,,,
Process Graph Metrics,AdditionalLogs,gradual_drift_04,,,,"[540, 1188]","[500, 1000]",1.0,114.0,00:00:00,0.453739399999904,0.0003240995714285,0.005,100.0,700.0,,,,,
Process Graph Metrics,AdditionalLogs,recurring_drift_07,,,,"[304, 564, 939, 1314]","[500, 1000]",0.6666666666666666,62.5,00:00:00,0.946927199998754,0.0006312847999991,0.05,100.0,700.0,,,,,
Process Graph Metrics,AdditionalLogs,recurring_drift_08,,,,[900],"[500, 1000]",0.6666666666666666,100.0,00:00:00,0.4431572000030428,0.0002954381333353,0.005,200.0,700.0,,,,,
Process Graph Metrics,AdditionalLogs,sudden_drift_00,,,,"[651, 1174]","[500, 1000]",1.0,162.5,00:00:03,3.1477928000022075,0.0020985285333348,0.0001,200.0,700.0,,,,,
LCDD,AdditionalLogs,sudden_drift_02,200.0,200.0,50.0,"[236, 447, 654, 854, 1055, 1257, 1469]","[500, 1000]",0.4444444444444445,54.0,00:00:00,0.0338852999993832,2.2590199999588853e-05,,,,,,,,
LCDD,AdditionalLogs,recurring_drift_00,1200.0,1200.0,10.0,[1259],"[500, 1000]",,,00:00:00,0.0084881000002496,5.658733333499792e-06,,,,,,,,
LCDD,AdditionalLogs,recurring_drift_05,600.0,600.0,5.0,"[645, 1337]","[500, 1000]",0.5,145.0,00:00:00,0.0171946000045863,1.146306666972426e-05,,,,,,,,
Process Graph Metrics,AdditionalLogs,sudden_drift_05,,,,"[557, 1432]","[500, 1000]",0.5,57.0,00:00:04,4.403229899995495,0.0029354865999969,0.05,300.0,600.0,,,,,
Process Graph Metrics,AdditionalLogs,gradual_drift_03,,,,"[526, 1079]","[500, 1000]",1.0,52.5,00:00:01,1.8431552999973064,0.001316539499998,0.05,300.0,600.0,,,,,
Process Graph Metrics,AdditionalLogs,gradual_drift_01,,,,"[555, 1095]","[500, 1000]",1.0,75.0,00:00:06,6.5170463000031305,0.0046550330714308,0.0001,300.0,700.0,,,,,
Process Graph Metrics,AdditionalLogs,gradual_drift_01,,,,"[450, 1098]","[500, 1000]",1.0,74.0,00:00:00,0.5836762999970233,0.000416911642855,0.1,300.0,500.0,,,,,
LCDD,AdditionalLogs,gradual_drift_03,400.0,400.0,10.0,"[412, 830, 1390]","[500, 1000]",0.8,129.0,00:00:00,0.0101868999990983,7.276357142213133e-06,,,,,,,,
Process Graph Metrics,AdditionalLogs,recurring_drift_05,,,,"[587, 1106, 1625]","[500, 1000]",0.8,96.5,00:00:03,3.18497319999733,0.0021233154666648,0.005,200.0,500.0,,,,,
LCDD,AdditionalLogs,sudden_drift_05,200.0,200.0,150.0,"[200, 423, 643, 881, 1087, 1315]","[500, 1000]",0.5,82.0,00:00:00,0.0171214000001782,1.1414266666785504e-05,,,,,,,,
Process Graph Metrics,AdditionalLogs,recurring_drift_06,,,,[],"[500, 1000]",,,00:00:04,4.534819000000425,0.0030232126666669,0.0001,400.0,700.0,,,,,
LCDD,AdditionalLogs,sudden_drift_07,400.0,400.0,200.0,"[501, 913, 1324]","[500, 1000]",0.8,44.0,00:00:00,0.0159459999995306,1.0630666666353742e-05,,,,,,,,
Process Graph Metrics,AdditionalLogs,gradual_drift_07,,,,"[625, 1456]","[500, 1000]",0.5,125.0,00:00:05,5.753907999998773,0.0041099342857134,0.1,200.0,700.0,,,,,
LCDD,AdditionalLogs,gradual_drift_06,600.0,600.0,100.0,[923],"[500, 1000]",0.6666666666666666,77.0,00:00:00,0.0674107000013464,4.815050000096172e-05,,,,,,,,
LCDD,AdditionalLogs,sudden_drift_08,300.0,300.0,200.0,"[308, 626, 932, 1233]","[500, 1000]",0.6666666666666666,97.0,00:00:00,0.0109120999986771,7.274733332451433e-06,,,,,,,,
Zheng DBSCAN,AdditionalLogs,recurring_drift_01,,,,"[np.float64(316.0), np.float64(369.0), np.float64(424.5), np.float64(505.2857142857143), np.float64(638.6666666666666), np.float64(703.0), np.float64(838.0), np.float64(878.0), np.float64(942.0), np.float64(1011.1), np.float64(1095.6666666666667), np.float64(1269.0), np.float64(1454.0)]","[500, 1000]",0.2666666666666667,8.19285714285715,00:00:00,0.4361178000035579,0.0002907452000023,,,,300.0,30.0,,,
Zheng DBSCAN,AdditionalLogs,recurring_drift_01,,,,"[np.float64(441.2857142857143), np.float64(654.75), np.float64(858.0), np.float64(1024.2857142857142), np.float64(1269.0), np.float64(1454.0)]","[500, 1000]",0.5,41.49999999999997,00:00:00,0.4361178000035579,0.0002907452000023,,,,300.0,60.0,,,
Zheng DBSCAN,AdditionalLogs,recurring_drift_01,,,,"[np.float64(441.2857142857143), np.float64(654.75), np.float64(1003.5), np.float64(1269.0), np.float64(1454.0)]","[500, 1000]",0.5714285714285715,31.10714285714286,00:00:00,0.4361178000035579,0.0002907452000023,,,,300.0,90.0,,,
Zheng DBSCAN,AdditionalLogs,recurring_drift_01,,,,"[np.float64(539.8076923076923), np.float64(1003.5), np.float64(1269.0), np.float64(1454.0)]","[500, 1000]",0.6666666666666666,21.65384615384613,00:00:00,0.4361178000035579,0.0002907452000023,,,,300.0,120.0,,,
Zheng DBSCAN,AdditionalLogs,recurring_drift_01,,,,"[np.float64(688.75), np.float64(1269.0), np.float64(1454.0)]","[500, 1000]",0.4,188.75,00:00:00,0.4361178000035579,0.0002907452000023,,,,300.0,150.0,,,
Process Graph Metrics,AdditionalLogs,gradual_drift_00,,,,"[716, 1364]","[500, 1000]",,,00:00:01,1.908773600000132,0.0013634097142858,0.0001,300.0,500.0,,,,,
Process Graph Metrics,AdditionalLogs,recurring_drift_05,,,,"[379, 860, 1310]","[500, 1000]",0.8,130.5,00:00:01,1.9391790000008768,0.0012927860000005,0.1,100.0,400.0,,,,,
Zheng DBSCAN,AdditionalLogs,recurring_drift_00,,,,"[np.float64(670.0), np.float64(878.8), np.float64(1036.5), np.float64(1259.0)]","[500, 1000]",0.6666666666666666,103.25,00:00:00,0.3205423999970662,0.0002136949333313,,,,600.0,60.0,,,
Zheng DBSCAN,AdditionalLogs,recurring_drift_00,,,,"[np.float64(735.8148148148148), np.float64(1259.0)]","[500, 1000]",,,00:00:00,0.3205423999970662,0.0002136949333313,,,,600.0,120.0,,,
Zheng DBSCAN,AdditionalLogs,recurring_drift_00,,,,"[np.float64(735.8148148148148), np.float64(1259.0)]","[500, 1000]",,,00:00:00,0.3205423999970662,0.0002136949333313,,,,600.0,180.0,,,
Zheng DBSCAN,AdditionalLogs,recurring_drift_00,,,,[np.float64(728.0666666666667)],"[500, 1000]",,,00:00:00,0.3205423999970662,0.0002136949333313,,,,600.0,240.0,,,
Zheng DBSCAN,AdditionalLogs,recurring_drift_00,,,,[np.float64(728.0666666666667)],"[500, 1000]",,,00:00:00,0.3205423999970662,0.0002136949333313,,,,600.0,300.0,,,
Process Graph Metrics,AdditionalLogs,gradual_drift_01,,,,"[600, 1200]","[500, 1000]",1.0,150.0,00:00:00,0.4418393000014475,0.000315599500001,0.005,400.0,600.0,,,,,
LCDD,AdditionalLogs,gradual_drift_08,100.0,100.0,10.0,"[105, 208, 312, 416, 530, 649, 757, 858, 976, 1096, 1197, 1306]","[500, 1000]",0.2857142857142857,27.0,00:00:00,0.0109585000027436,7.827500001959769e-06,,,,,,,,
Process Graph Metrics,AdditionalLogs,gradual_drift_02,,,,"[450, 1129]","[500, 1000]",1.0,89.5,00:00:02,2.9372657000058098,0.0020980469285755,0.005,100.0,500.0,,,,,
Process Graph Metrics,AdditionalLogs,sudden_drift_03,,,,"[624, 1143]","[500, 1000]",1.0,133.5,00:00:02,2.747491299996909,0.0018316608666646,0.1,200.0,400.0,,,,,
LCDD,AdditionalLogs,sudden_drift_01,100.0,100.0,100.0,"[102, 213, 354, 503, 616, 740, 845, 954, 1059, 1173, 1325, 1428]","[500, 1000]",0.2857142857142857,24.5,00:00:00,0.0260110000017448,1.734066666782989e-05,,,,,,,,
Process Graph Metrics,AdditionalLogs,sudden_drift_00,,,,"[558, 1181]","[500, 1000]",1.0,119.5,00:00:02,2.234261300000071,0.0014895075333333,0.005,300.0,400.0,,,,,
Process Graph Metrics,AdditionalLogs,recurring_drift_08,,,,[741],"[500, 1000]",,,00:00:01,1.1016007999933208,0.0007344005333288,0.005,400.0,700.0,,,,,
Process Graph Metrics,AdditionalLogs,gradual_drift_04,,,,"[490, 1143]","[500, 1000]",1.0,76.5,00:00:01,1.6040203999946243,0.001145728857139,0.05,100.0,500.0,,,,,
LCDD,AdditionalLogs,sudden_drift_07,400.0,400.0,10.0,"[501, 913, 1324]","[500, 1000]",0.8,44.0,00:00:00,0.0112382000006618,7.492133333774594e-06,,,,,,,,
Process Graph Metrics,AdditionalLogs,recurring_drift_08,,,,"[1109, 1646]","[500, 1000]",0.5,109.0,00:00:04,4.533791699999711,0.0030225277999998,0.0001,100.0,400.0,,,,,
Process Graph Metrics,AdditionalLogs,sudden_drift_02,,,,"[463, 1091, 1468]","[500, 1000]",0.8,64.0,00:00:01,1.9025446999949047,0.0012683631333299,0.005,100.0,600.0,,,,,
LCDD,AdditionalLogs,sudden_drift_00,400.0,400.0,150.0,"[502, 1000]","[500, 1000]",1.0,1.0,00:00:00,0.0090853000001516,6.056866666767746e-06,,,,,,,,
Process Graph Metrics,AdditionalLogs,gradual_drift_00,,,,"[716, 1364]","[500, 1000]",,,00:00:02,2.0017386999970768,0.0014298133571407,0.0001,100.0,600.0,,,,,
Process Graph Metrics,AdditionalLogs,sudden_drift_07,,,,"[560, 1100]","[500, 1000]",1.0,80.0,00:00:00,0.6907729000013205,0.0004605152666675,0.0001,300.0,600.0,,,,,
Process Graph Metrics,AdditionalLogs,gradual_drift_03,,,,"[525, 1075]","[500, 1000]",1.0,50.0,00:00:02,2.2121256999962498,0.0015800897857116,0.1,100.0,600.0,,,,,
Process Graph Metrics,AdditionalLogs,recurring_drift_07,,,,"[600, 1200]","[500, 1000]",1.0,150.0,00:00:00,0.1743411999996169,0.0001162274666664,0.05,400.0,700.0,,,,,
LCDD,AdditionalLogs,sudden_drift_06,200.0,200.0,50.0,"[210, 410, 610, 822, 1022, 1227, 1429]","[500, 1000]",0.4444444444444445,56.0,00:00:00,0.0709328999946592,4.728859999643949e-05,,,,,,,,
Process Graph Metrics,AdditionalLogs,sudden_drift_01,,,,"[526, 1045, 1564]","[500, 1000]",0.8,35.5,00:00:01,1.2376961000045412,0.0008251307333363,0.05,200.0,500.0,,,,,
LCDD,AdditionalLogs,recurring_drift_09,200.0,200.0,50.0,"[500, 1000]","[500, 1000]",1.0,0.0,00:00:00,0.0222895999977481,1.4859733331832104e-05,,,,,,,,
Process Graph Metrics,AdditionalLogs,recurring_drift_06,,,,"[812, 1262]","[500, 1000]",0.5,188.0,00:00:02,2.7810865999999805,0.0018540577333333,0.1,300.0,500.0,,,,,
Process Graph Metrics,AdditionalLogs,gradual_drift_02,,,,"[533, 1068]","[500, 1000]",1.0,50.5,00:00:08,8.643368700002611,0.0061738347857161,0.005,200.0,400.0,,,,,
Process Graph Metrics,AdditionalLogs,gradual_drift_06,,,,"[600, 1200]","[500, 1000]",1.0,150.0,00:00:01,1.181261699995957,0.0008437583571399,0.1,400.0,700.0,,,,,
LCDD,AdditionalLogs,sudden_drift_02,100.0,100.0,5.0,"[100, 236, 336, 447, 548, 652, 755, 859, 959, 1059, 1192, 1299, 1409]","[500, 1000]",0.2666666666666667,44.5,00:00:00,0.0283245999962673,1.8883066664178235e-05,,,,,,,,
Process Graph Metrics,AdditionalLogs,recurring_drift_05,,,,"[586, 1126]","[500, 1000]",1.0,106.0,00:00:02,2.696630600003118,0.0017977537333354,0.005,100.0,700.0,,,,,
LCDD,AdditionalLogs,gradual_drift_07,300.0,300.0,200.0,"[416, 768, 1068]","[500, 1000]",0.8,76.0,00:00:00,0.0126171000010799,9.012214286485687e-06,,,,,,,,
LCDD,AdditionalLogs,gradual_drift_04,600.0,600.0,10.0,"[655, 1334]","[500, 1000]",0.5,155.0,00:00:00,0.015130699997826,1.0807642855590007e-05,,,,,,,,
LCDD,AdditionalLogs,gradual_drift_02,200.0,200.0,50.0,"[231, 442, 651, 887, 1105, 1319]","[500, 1000]",0.5,81.5,00:00:00,0.0288111999980174,2.057942857001243e-05,,,,,,,,
LCDD,AdditionalLogs,recurring_drift_08,800.0,800.0,20.0,[892],"[500, 1000]",0.6666666666666666,108.0,00:00:00,0.0168335999987903,1.1222399999193536e-05,,,,,,,,
LCDD,AdditionalLogs,gradual_drift_01,100.0,100.0,5.0,"[104, 221, 331, 441, 542, 647, 749, 860, 964, 1072, 1179, 1281, 1384]","[500, 1000]",0.2666666666666667,39.0,00:00:00,0.0304414000056567,2.1743857146897684e-05,,,,,,,,
LCDD,AdditionalLogs,gradual_drift_05,100.0,100.0,10.0,"[104, 207, 312, 425, 580, 680, 780, 891, 991, 1104, 1206, 1306]","[500, 1000]",0.2857142857142857,42.0,00:00:00,0.0161355000018375,1.1525357144169645e-05,,,,,,,,
LCDD,AdditionalLogs,gradual_drift_04,1200.0,1200.0,50.0,[1241],"[500, 1000]",,,00:00:00,0.0100806999980704,7.200499998621776e-06,,,,,,,,
Process Graph Metrics,AdditionalLogs,recurring_drift_06,,,,[],"[500, 1000]",,,00:00:04,4.406013600004371,0.0029373424000029,0.0001,300.0,700.0,,,,,
LCDD,AdditionalLogs,gradual_drift_01,600.0,600.0,20.0,"[658, 1302]","[500, 1000]",0.5,158.0,00:00:00,0.0298215000002528,2.130107142875204e-05,,,,,,,,
LCDD,AdditionalLogs,sudden_drift_04,200.0,200.0,150.0,"[234, 443, 677, 920, 1186, 1415]","[500, 1000]",0.5,68.5,00:00:00,0.017058099998394,1.1372066665596018e-05,,,,,,,,
LCDD,AdditionalLogs,recurring_drift_07,1200.0,1200.0,20.0,[],"[500, 1000]",,,00:00:00,0.0119812999982968,7.987533332197927e-06,,,,,,,,
Process Graph Metrics,AdditionalLogs,recurring_drift_02,,,,[1115],"[500, 1000]",0.6666666666666666,115.0,00:00:06,6.691781900000933,0.0044611879333339,0.0001,300.0,500.0,,,,,
Process Graph Metrics,AdditionalLogs,recurring_drift_06,,,,[807],"[500, 1000]",0.6666666666666666,193.0,00:00:10,10.7008158000026,0.0071338772000017,0.005,300.0,400.0,,,,,
LCDD,AdditionalLogs,sudden_drift_04,300.0,300.0,50.0,"[337, 849, 1186, 1492]","[500, 1000]",0.6666666666666666,157.0,00:00:00,0.01854319999984,1.2362133333226666e-05,,,,,,,,
LCDD,AdditionalLogs,sudden_drift_07,100.0,100.0,150.0,"[100, 206, 319, 436, 567, 675, 782, 885, 1004, 1324, 1432]","[500, 1000]",0.3076923076923077,34.0,00:00:00,0.1465113000012934,9.767420000086228e-05,,,,,,,,
LCDD,AdditionalLogs,recurring_drift_04,400.0,400.0,50.0,"[500, 1000, 1475]","[500, 1000]",0.8,0.0,00:00:00,0.0123697000017273,8.246466667818216e-06,,,,,,,,
Process Graph Metrics,AdditionalLogs,recurring_drift_02,,,,[864],"[500, 1000]",0.6666666666666666,136.0,00:00:00,0.822373000002699,0.0005482486666684,0.005,400.0,600.0,,,,,
LCDD,AdditionalLogs,sudden_drift_02,400.0,400.0,100.0,"[467, 1003, 1469]","[500, 1000]",0.8,18.0,00:00:00,0.0306622999996761,2.0441533333117453e-05,,,,,,,,
Process Graph Metrics,AdditionalLogs,gradual_drift_09,,,,"[216, 495, 757, 1017, 1349]","[500, 1000]",0.5714285714285715,11.0,00:00:01,1.852454799998668,0.001323181999999,0.1,100.0,500.0,,,,,
LCDD,AdditionalLogs,gradual_drift_03,800.0,800.0,5.0,[830],"[500, 1000]",0.6666666666666666,170.0,00:00:00,0.0095790999985183,6.84221428465597e-06,,,,,,,,
Process Graph Metrics,AdditionalLogs,gradual_drift_08,,,,"[612, 1152]","[500, 1000]",1.0,132.0,00:00:02,2.2251061999995727,0.0015893615714282,0.005,300.0,700.0,,,,,
Zheng DBSCAN,AdditionalLogs,gradual_drift_02,,,,"[np.float64(1035.25), np.float64(1332.5)]","[500, 1000]",0.5,35.25,00:00:00,0.4144379999997909,0.0002960271428569,,,,800.0,80.0,,,
Zheng DBSCAN,AdditionalLogs,gradual_drift_02,,,,[np.float64(1055.0666666666666)],"[500, 1000]",0.6666666666666666,55.066666666666606,00:00:00,0.4144379999997909,0.0002960271428569,,,,800.0,160.0,,,
Zheng DBSCAN,AdditionalLogs,gradual_drift_02,,,,[np.float64(1055.0666666666666)],"[500, 1000]",0.6666666666666666,55.066666666666606,00:00:00,0.4144379999997909,0.0002960271428569,,,,800.0,240.0,,,
Zheng DBSCAN,AdditionalLogs,gradual_drift_02,,,,[np.float64(1055.0666666666666)],"[500, 1000]",0.6666666666666666,55.066666666666606,00:00:00,0.4144379999997909,0.0002960271428569,,,,800.0,320.0,,,
Zheng DBSCAN,AdditionalLogs,gradual_drift_02,,,,[np.float64(817.695652173913)],"[500, 1000]",0.6666666666666666,182.304347826087,00:00:00,0.4144379999997909,0.0002960271428569,,,,800.0,400.0,,,
LCDD,AdditionalLogs,recurring_drift_08,800.0,800.0,5.0,[892],"[500, 1000]",0.6666666666666666,108.0,00:00:00,0.0152462999976705,1.016419999844705e-05,,,,,,,,
Process Graph Metrics,AdditionalLogs,gradual_drift_03,,,,"[600, 1200]","[500, 1000]",1.0,150.0,00:00:00,0.1611141999965184,0.000115081571426,0.1,400.0,600.0,,,,,
Process Graph Metrics,AdditionalLogs,sudden_drift_08,,,,"[548, 1024, 1596]","[500, 1000]",0.8,36.0,00:00:02,2.284600099999807,0.0015230667333332,0.1,100.0,500.0,,,,,
Process Graph Metrics,AdditionalLogs,sudden_drift_06,,,,"[720, 1565]","[500, 1000]",,,00:00:30,30.08327139999892,0.0200555142666659,0.005,400.0,500.0,,,,,
LCDD,AdditionalLogs,recurring_drift_07,100.0,100.0,200.0,"[112, 258, 502, 649, 824, 1000, 1165, 1266, 1382]","[500, 1000]",0.3636363636363636,1.0,00:00:00,0.0168469999989611,1.123133333264074e-05,,,,,,,,
LCDD,AdditionalLogs,gradual_drift_01,600.0,600.0,200.0,"[658, 1302]","[500, 1000]",0.5,158.0,00:00:00,0.0286189000034937,2.044207143106697e-05,,,,,,,,
Process Graph Metrics,AdditionalLogs,gradual_drift_09,,,,"[600, 1200]","[500, 1000]",1.0,150.0,00:00:00,0.3348172999976668,0.000239155214284,0.0001,400.0,700.0,,,,,
LCDD,AdditionalLogs,sudden_drift_08,200.0,200.0,20.0,"[225, 426, 626, 828, 1032, 1233, 1435]","[500, 1000]",0.4444444444444445,53.0,00:00:00,0.0117455999934463,7.830399995630918e-06,,,,,,,,
LCDD,AdditionalLogs,sudden_drift_09,1200.0,1200.0,50.0,[1236],"[500, 1000]",,,00:00:00,0.0232298999981139,1.5486599998742653e-05,,,,,,,,
LCDD,AdditionalLogs,sudden_drift_07,800.0,800.0,200.0,[913],"[500, 1000]",0.6666666666666666,87.0,00:00:00,0.010992299998179,7.328199998786052e-06,,,,,,,,
Process Graph Metrics,AdditionalLogs,sudden_drift_06,,,,"[629, 1253]","[500, 1000]",0.5,129.0,00:00:03,3.3865254999982426,0.0022576836666654,0.05,200.0,700.0,,,,,
LCDD,AdditionalLogs,sudden_drift_08,800.0,800.0,50.0,[828],"[500, 1000]",0.6666666666666666,172.0,00:00:00,0.0173315000065485,1.1554333337699064e-05,,,,,,,,
Process Graph Metrics,AdditionalLogs,sudden_drift_09,,,,"[545, 1084]","[500, 1000]",1.0,64.5,00:00:03,3.2132085999983246,0.0021421390666655,0.005,200.0,700.0,,,,,
LCDD,AdditionalLogs,recurring_drift_04,200.0,200.0,5.0,"[261, 500, 719, 928, 1177, 1391]","[500, 1000]",0.5,36.0,00:00:00,0.0112982999999076,7.532199999938408e-06,,,,,,,,
LCDD,AdditionalLogs,recurring_drift_03,200.0,200.0,50.0,"[219, 446, 657, 911, 1116, 1333]","[500, 1000]",0.5,71.5,00:00:00,0.0117726000025868,7.848400001724562e-06,,,,,,,,
Process Graph Metrics,AdditionalLogs,sudden_drift_06,,,,"[541, 1081]","[500, 1000]",1.0,61.0,00:00:01,1.805449899999076,0.001203633266666,0.1,300.0,400.0,,,,,
LCDD,AdditionalLogs,gradual_drift_02,600.0,600.0,5.0,"[612, 1245]","[500, 1000]",0.5,112.0,00:00:00,0.0157842999979038,1.1274499998502766e-05,,,,,,,,
LCDD,AdditionalLogs,sudden_drift_00,400.0,400.0,5.0,"[502, 1000]","[500, 1000]",1.0,1.0,00:00:00,0.0092699000015272,6.179933334351517e-06,,,,,,,,
Process Graph Metrics,AdditionalLogs,sudden_drift_08,,,,[790],"[500, 1000]",,,00:00:00,0.8432868000018061,0.0005621912000012,0.005,300.0,700.0,,,,,
LCDD,AdditionalLogs,sudden_drift_09,200.0,200.0,150.0,"[502, 1000, 1236]","[500, 1000]",0.8,1.0,00:00:00,0.0262077000006684,1.7471800000445608e-05,,,,,,,,
Process Graph Metrics,AdditionalLogs,recurring_drift_08,,,,"[631, 1255]","[500, 1000]",0.5,131.0,00:00:00,0.5777023999980884,0.000385134933332,0.1,200.0,500.0,,,,,
LCDD,AdditionalLogs,gradual_drift_00,400.0,400.0,100.0,"[413, 912]","[500, 1000]",1.0,87.5,00:00:00,0.0091714000009233,6.55100000065951e-06,,,,,,,,
Process Graph Metrics,AdditionalLogs,gradual_drift_09,,,,"[530, 1055]","[500, 1000]",1.0,42.5,00:00:09,9.238530900001932,0.0065989506428585,0.005,100.0,500.0,,,,,
Process Graph Metrics,AdditionalLogs,recurring_drift_06,,,,[812],"[500, 1000]",0.6666666666666666,188.0,00:00:04,4.704122199997073,0.0031360814666647,0.005,100.0,500.0,,,,,
Process Graph Metrics,AdditionalLogs,recurring_drift_06,,,,[807],"[500, 1000]",0.6666666666666666,193.0,00:00:10,10.941071699999156,0.0072940477999994,0.005,400.0,400.0,,,,,
LCDD,AdditionalLogs,gradual_drift_09,100.0,100.0,50.0,"[408, 524, 920, 1025, 1126, 1278]","[500, 1000]",0.5,24.5,00:00:00,0.0290741999997408,2.076728571410058e-05,,,,,,,,
Process Graph Metrics,AdditionalLogs,sudden_drift_08,,,,[790],"[500, 1000]",,,00:00:00,0.8729650999957812,0.0005819767333305,0.005,100.0,700.0,,,,,
LCDD,AdditionalLogs,gradual_drift_06,800.0,800.0,20.0,[923],"[500, 1000]",0.6666666666666666,77.0,00:00:00,0.0724028999975416,5.17163571411012e-05,,,,,,,,
LCDD,AdditionalLogs,sudden_drift_07,400.0,400.0,5.0,"[501, 913, 1324]","[500, 1000]",0.8,44.0,00:00:00,0.0114364000037312,7.624266669154167e-06,,,,,,,,
Process Graph Metrics,AdditionalLogs,recurring_drift_09,,,,"[600, 1320]","[500, 1000]",0.5,100.0,00:00:00,0.4831478000050992,0.0003220985333367,0.005,400.0,500.0,,,,,
Process Graph Metrics,AdditionalLogs,sudden_drift_03,,,,"[629, 1169]","[500, 1000]",1.0,149.0,00:00:02,2.704667600002722,0.0018031117333351,0.05,100.0,600.0,,,,,
Process Graph Metrics,AdditionalLogs,sudden_drift_03,,,,"[633, 1152]","[500, 1000]",1.0,142.5,00:00:03,3.024565200001234,0.0020163768000008,0.005,200.0,700.0,,,,,
Process Graph Metrics,AdditionalLogs,recurring_drift_00,,,,"[567, 1086]","[500, 1000]",1.0,76.5,00:00:01,1.2589070000030915,0.0008392713333353,0.0001,200.0,400.0,,,,,
Process Graph Metrics,AdditionalLogs,recurring_drift_07,,,,"[462, 1002]","[500, 1000]",1.0,20.0,00:00:00,0.4674008000001777,0.0003116005333334,0.1,300.0,400.0,,,,,
Process Graph Metrics,AdditionalLogs,recurring_drift_04,,,,"[633, 1152]","[500, 1000]",1.0,142.5,00:00:03,3.604946499996004,0.002403297666664,0.005,200.0,400.0,,,,,
LCDD,AdditionalLogs,recurring_drift_07,300.0,300.0,100.0,"[502, 1000]","[500, 1000]",1.0,1.0,00:00:00,0.0155483000053209,1.0365533336880615e-05,,,,,,,,
Process Graph Metrics,AdditionalLogs,gradual_drift_08,,,,"[612, 1152]","[500, 1000]",1.0,132.0,00:00:02,2.1523699999961536,0.0015374071428543,0.005,300.0,600.0,,,,,
Process Graph Metrics,AdditionalLogs,gradual_drift_05,,,,"[494, 1022]","[500, 1000]",1.0,14.0,00:00:04,4.313229900006263,0.0030808785000044,0.005,300.0,500.0,,,,,
Zheng DBSCAN,AdditionalLogs,recurring_drift_03,,,,"[np.float64(911.0), np.float64(1161.0), np.float64(1377.0)]","[500, 1000]",0.4,89.0,00:00:00,0.3709544000012101,0.0002473029333341,,,,800.0,80.0,,,
Zheng DBSCAN,AdditionalLogs,recurring_drift_03,,,,"[np.float64(911.0), np.float64(1161.0), np.float64(1377.0)]","[500, 1000]",0.4,89.0,00:00:00,0.3709544000012101,0.0002473029333341,,,,800.0,160.0,,,
Zheng DBSCAN,AdditionalLogs,recurring_drift_03,,,,[np.float64(1305.0)],"[500, 1000]",,,00:00:00,0.3709544000012101,0.0002473029333341,,,,800.0,240.0,,,
Zheng DBSCAN,AdditionalLogs,recurring_drift_03,,,,[np.float64(1023.5)],"[500, 1000]",0.6666666666666666,23.5,00:00:00,0.3709544000012101,0.0002473029333341,,,,800.0,320.0,,,
Zheng DBSCAN,AdditionalLogs,recurring_drift_03,,,,[],"[500, 1000]",,,00:00:00,0.3709544000012101,0.0002473029333341,,,,800.0,400.0,,,
Process Graph Metrics,AdditionalLogs,gradual_drift_00,,,,"[687, 1485]","[500, 1000]",0.5,187.0,00:00:02,2.3466524000032223,0.0016761802857165,0.005,400.0,400.0,,,,,
Zheng DBSCAN,AdditionalLogs,recurring_drift_04,,,,"[np.float64(633.5), np.float64(825.2857142857143), np.float64(1088.8333333333333), np.float64(1277.0), np.float64(1475.0)]","[500, 1000]",0.5714285714285715,111.16666666666664,00:00:00,0.3874039000002085,0.0002582692666668,,,,600.0,60.0,,,
Zheng DBSCAN,AdditionalLogs,recurring_drift_04,,,,"[np.float64(633.5), np.float64(825.2857142857143), np.float64(1088.8333333333333), np.float64(1277.0), np.float64(1475.0)]","[500, 1000]",0.5714285714285715,111.16666666666664,00:00:00,0.3874039000002085,0.0002582692666668,,,,600.0,120.0,,,
Zheng DBSCAN,AdditionalLogs,recurring_drift_04,,,,"[np.float64(744.48), np.float64(1475.0)]","[500, 1000]",,,00:00:00,0.3874039000002085,0.0002582692666668,,,,600.0,180.0,,,
Zheng DBSCAN,AdditionalLogs,recurring_drift_04,,,,[np.float64(772.5769230769231)],"[500, 1000]",,,00:00:00,0.3874039000002085,0.0002582692666668,,,,600.0,240.0,,,
Zheng DBSCAN,AdditionalLogs,recurring_drift_04,,,,[np.float64(772.5769230769231)],"[500, 1000]",,,00:00:00,0.3874039000002085,0.0002582692666668,,,,600.0,300.0,,,
LCDD,AdditionalLogs,sudden_drift_06,100.0,100.0,200.0,"[127, 235, 336, 451, 553, 666, 768, 878, 986, 1088, 1195, 1297, 1397]","[500, 1000]",0.2666666666666667,31.5,00:00:00,0.0695340000020223,4.635600000134825e-05,,,,,,,,
LCDD,AdditionalLogs,sudden_drift_03,200.0,200.0,100.0,"[271, 500, 789, 1009, 1263, 1466]","[500, 1000]",0.5,4.5,00:00:00,0.0098504999987198,6.566999999146598e-06,,,,,,,,
Zheng DBSCAN,AdditionalLogs,recurring_drift_05,,,,"[np.float64(515.6), np.float64(704.875), np.float64(968.5), np.float64(1103.0), np.float64(1198.6), np.float64(1331.6666666666667), np.float64(1492.0)]","[500, 1000]",0.4444444444444445,23.55000000000001,00:00:00,0.387820299998566,0.0002585468666657,,,,500.0,50.0,,,
Zheng DBSCAN,AdditionalLogs,recurring_drift_05,,,,"[np.float64(873.7555555555556), np.float64(1492.0)]","[500, 1000]",0.5,126.2444444444444,00:00:00,0.387820299998566,0.0002585468666657,,,,500.0,100.0,,,
Zheng DBSCAN,AdditionalLogs,recurring_drift_05,,,,"[np.float64(798.2352941176471), np.float64(1492.0)]","[500, 1000]",,,00:00:00,0.387820299998566,0.0002585468666657,,,,500.0,150.0,,,
Zheng DBSCAN,AdditionalLogs,recurring_drift_05,,,,[np.float64(811.5769230769231)],"[500, 1000]",0.6666666666666666,188.4230769230769,00:00:00,0.387820299998566,0.0002585468666657,,,,500.0,200.0,,,
Zheng DBSCAN,AdditionalLogs,recurring_drift_05,,,,[np.float64(811.5769230769231)],"[500, 1000]",0.6666666666666666,188.4230769230769,00:00:00,0.387820299998566,0.0002585468666657,,,,500.0,250.0,,,
Process Graph Metrics,AdditionalLogs,gradual_drift_09,,,,"[519, 1042, 1492]","[500, 1000]",0.8,30.5,00:00:08,8.787862299999688,0.0062770444999997,0.1,200.0,500.0,,,,,
Process Graph Metrics,AdditionalLogs,sudden_drift_01,,,,"[523, 1044, 1563]","[500, 1000]",0.8,33.5,00:00:01,1.172171199999866,0.0007814474666665,0.1,200.0,400.0,,,,,
Process Graph Metrics,AdditionalLogs,recurring_drift_03,,,,"[302, 602, 1068]","[500, 1000]",0.8,85.0,00:00:00,0.9522614000015892,0.0006348409333343,0.005,200.0,400.0,,,,,
LCDD,AdditionalLogs,gradual_drift_08,100.0,100.0,150.0,"[105, 208, 312, 416, 530, 649, 757, 858, 976, 1096, 1197, 1306]","[500, 1000]",0.2857142857142857,27.0,00:00:00,0.0162055999971926,1.15754285694233e-05,,,,,,,,
LCDD,AdditionalLogs,gradual_drift_04,200.0,200.0,50.0,"[201, 401, 655, 892, 1092, 1334]","[500, 1000]",0.5,95.5,00:00:00,0.0186776999980793,1.334121428434238e-05,,,,,,,,
Process Graph Metrics,AdditionalLogs,gradual_drift_09,,,,"[520, 1042, 1492]","[500, 1000]",0.8,31.0,00:00:09,9.052171099996484,0.0064658364999974,0.05,200.0,400.0,,,,,
LCDD,AdditionalLogs,recurring_drift_06,100.0,100.0,5.0,"[143, 248, 356, 464, 569, 672, 778, 882, 986, 1183, 1318, 1454]","[500, 1000]",0.2857142857142857,25.0,00:00:00,0.0691599999991012,4.610666666606751e-05,,,,,,,,
Process Graph Metrics,AdditionalLogs,gradual_drift_08,,,,"[600, 1200]","[500, 1000]",1.0,150.0,00:00:00,0.1536921000006259,0.000109780071429,0.005,400.0,700.0,,,,,
LCDD,AdditionalLogs,sudden_drift_06,1200.0,1200.0,20.0,[1205],"[500, 1000]",,,00:00:00,0.0747155000062775,4.981033333751839e-05,,,,,,,,
Process Graph Metrics,AdditionalLogs,recurring_drift_03,,,,[701],"[500, 1000]",,,00:00:03,3.114926499998546,0.0020766176666656,0.0001,400.0,500.0,,,,,
LCDD,AdditionalLogs,recurring_drift_06,1200.0,1200.0,200.0,[],"[500, 1000]",,,00:00:00,0.0704168000011122,4.694453333407485e-05,,,,,,,,
Process Graph Metrics,AdditionalLogs,gradual_drift_01,,,,"[555, 1095]","[500, 1000]",1.0,75.0,00:00:06,6.835803299996769,0.0048827166428548,0.0001,100.0,500.0,,,,,
Process Graph Metrics,AdditionalLogs,recurring_drift_03,,,,[676],"[500, 1000]",0.6666666666666666,176.0,00:00:04,4.031798000003619,0.0026878653333357,0.0001,100.0,500.0,,,,,
Process Graph Metrics,AdditionalLogs,gradual_drift_06,,,,[600],"[500, 1000]",0.6666666666666666,100.0,00:00:01,1.6781115000048883,0.001198651071432,0.05,400.0,400.0,,,,,
Process Graph Metrics,AdditionalLogs,gradual_drift_07,,,,"[648, 1552]","[500, 1000]",0.5,148.0,00:00:06,6.713400400003593,0.0047952860000025,0.005,300.0,500.0,,,,,
LCDD,AdditionalLogs,sudden_drift_02,1200.0,1200.0,150.0,[1224],"[500, 1000]",,,00:00:00,0.0286861999993561,1.912413333290412e-05,,,,,,,,
Process Graph Metrics,AdditionalLogs,sudden_drift_07,,,,"[560, 1100]","[500, 1000]",1.0,80.0,00:00:00,0.7199080999998841,0.0004799387333332,0.0001,300.0,500.0,,,,,
LCDD,AdditionalLogs,sudden_drift_09,300.0,300.0,20.0,"[502, 1000]","[500, 1000]",1.0,1.0,00:00:00,0.0205325999995693,1.3688399999712904e-05,,,,,,,,
LCDD,AdditionalLogs,sudden_drift_05,400.0,400.0,5.0,"[423, 995, 1497]","[500, 1000]",0.8,41.0,00:00:00,0.0159446000034222,1.0629733335614826e-05,,,,,,,,
LCDD,AdditionalLogs,recurring_drift_01,200.0,200.0,10.0,"[263, 504, 708, 977, 1261]","[500, 1000]",0.5714285714285715,13.5,00:00:00,0.0297826000023633,1.985506666824221e-05,,,,,,,,
Process Graph Metrics,AdditionalLogs,sudden_drift_03,,,,[1071],"[500, 1000]",0.6666666666666666,71.0,00:00:00,0.657594300006167,0.0004383962000041,0.0001,300.0,400.0,,,,,
Zheng DBSCAN,AdditionalLogs,gradual_drift_07,,,,[np.float64(937.0)],"[500, 1000]",0.6666666666666666,63.0,00:00:00,0.2743044000017107,0.0001959317142869,,,,800.0,80.0,,,
Zheng DBSCAN,AdditionalLogs,gradual_drift_07,,,,[np.float64(937.0)],"[500, 1000]",0.6666666666666666,63.0,00:00:00,0.2743044000017107,0.0001959317142869,,,,800.0,160.0,,,
Zheng DBSCAN,AdditionalLogs,gradual_drift_07,,,,[np.float64(937.0)],"[500, 1000]",0.6666666666666666,63.0,00:00:00,0.2743044000017107,0.0001959317142869,,,,800.0,240.0,,,
Zheng DBSCAN,AdditionalLogs,gradual_drift_07,,,,[np.float64(937.0)],"[500, 1000]",0.6666666666666666,63.0,00:00:00,0.2743044000017107,0.0001959317142869,,,,800.0,320.0,,,
Zheng DBSCAN,AdditionalLogs,gradual_drift_07,,,,[np.float64(937.0)],"[500, 1000]",0.6666666666666666,63.0,00:00:00,0.2743044000017107,0.0001959317142869,,,,800.0,400.0,,,
Zheng DBSCAN,AdditionalLogs,recurring_drift_00,,,,"[np.float64(605.1842105263158), np.float64(961.6551724137931), np.float64(1259.0), np.float64(1435.0)]","[500, 1000]",0.6666666666666666,71.76451905626135,00:00:00,0.3354098999989219,0.0002236065999992,,,,400.0,40.0,,,
Zheng DBSCAN,AdditionalLogs,recurring_drift_00,,,,"[np.float64(759.4776119402985), np.float64(1259.0), np.float64(1435.0)]","[500, 1000]",,,00:00:00,0.3354098999989219,0.0002236065999992,,,,400.0,80.0,,,
Zheng DBSCAN,AdditionalLogs,recurring_drift_00,,,,"[np.float64(747.8405797101449), np.float64(1259.0), np.float64(1435.0)]","[500, 1000]",,,00:00:00,0.3354098999989219,0.0002236065999992,,,,400.0,120.0,,,
Zheng DBSCAN,AdditionalLogs,recurring_drift_00,,,,"[np.float64(747.8405797101449), np.float64(1259.0), np.float64(1435.0)]","[500, 1000]",,,00:00:00,0.3354098999989219,0.0002236065999992,,,,400.0,160.0,,,
Zheng DBSCAN,AdditionalLogs,recurring_drift_00,,,,[np.float64(764.7183098591549)],"[500, 1000]",,,00:00:00,0.3354098999989219,0.0002236065999992,,,,400.0,200.0,,,
Process Graph Metrics,AdditionalLogs,sudden_drift_02,,,,"[457, 1082, 1457]","[500, 1000]",0.8,62.5,00:00:01,1.6630369999984396,0.0011086913333322,0.05,100.0,500.0,,,,,
Process Graph Metrics,AdditionalLogs,recurring_drift_07,,,,"[512, 962]","[500, 1000]",1.0,25.0,00:00:01,1.9094423000060488,0.0012729615333373,0.005,100.0,700.0,,,,,
Process Graph Metrics,AdditionalLogs,gradual_drift_07,,,,"[214, 505, 916, 1456]","[500, 1000]",0.6666666666666666,44.5,00:00:01,1.698366299999179,0.0012131187857136,0.05,100.0,400.0,,,,,
LCDD,AdditionalLogs,gradual_drift_08,400.0,400.0,20.0,"[407, 862, 1315]","[500, 1000]",0.8,115.5,00:00:00,0.0107658999986597,7.689928570471239e-06,,,,,,,,
Process Graph Metrics,AdditionalLogs,sudden_drift_00,,,,"[551, 1146]","[500, 1000]",1.0,98.5,00:00:02,2.59341940000013,0.0017289462666667,0.1,200.0,500.0,,,,,
Process Graph Metrics,AdditionalLogs,gradual_drift_00,,,,"[687, 1287]","[500, 1000]",0.5,187.0,00:00:02,2.1795152999984566,0.001556796642856,0.005,400.0,500.0,,,,,
Process Graph Metrics,AdditionalLogs,sudden_drift_07,,,,"[528, 1062]","[500, 1000]",1.0,45.0,00:00:04,4.157711499996367,0.0027718076666642,0.005,300.0,500.0,,,,,
LCDD,AdditionalLogs,recurring_drift_09,1200.0,1200.0,200.0,[],"[500, 1000]",,,00:00:00,0.0242960999967181,1.6197399997812075e-05,,,,,,,,
LCDD,AdditionalLogs,gradual_drift_07,300.0,300.0,150.0,"[416, 768, 1068]","[500, 1000]",0.8,76.0,00:00:00,0.1420617000039783,0.0001014726428599,,,,,,,,
Process Graph Metrics,AdditionalLogs,recurring_drift_02,,,,"[580, 961]","[500, 1000]",1.0,59.5,00:00:01,1.2586147999973036,0.0008390765333315,0.05,400.0,400.0,,,,,
LCDD,AdditionalLogs,gradual_drift_09,600.0,600.0,100.0,[920],"[500, 1000]",0.6666666666666666,80.0,00:00:00,0.0235525000025518,1.6823214287537016e-05,,,,,,,,
LCDD,AdditionalLogs,sudden_drift_03,200.0,200.0,5.0,"[271, 500, 789, 1009, 1263, 1466]","[500, 1000]",0.5,4.5,00:00:00,0.0103090000047814,6.872666669854274e-06,,,,,,,,
Process Graph Metrics,AdditionalLogs,sudden_drift_08,,,,[726],"[500, 1000]",,,00:00:02,2.814217800005281,0.0018761452000035,0.0001,400.0,500.0,,,,,
LCDD,AdditionalLogs,recurring_drift_04,1200.0,1200.0,10.0,[],"[500, 1000]",,,00:00:00,0.0105505999963497,7.033733330899849e-06,,,,,,,,
Zheng DBSCAN,AdditionalLogs,sudden_drift_04,,,,"[np.float64(633.0), np.float64(835.75), np.float64(1020.2222222222222), np.float64(1186.0), np.float64(1492.0)]","[500, 1000]",0.5714285714285715,76.61111111111109,00:00:00,0.5578513000000385,0.0003719008666666,,,,600.0,60.0,,,
Zheng DBSCAN,AdditionalLogs,sudden_drift_04,,,,"[np.float64(633.0), np.float64(995.3478260869565), np.float64(1492.0)]","[500, 1000]",0.8,68.82608695652175,00:00:00,0.5578513000000385,0.0003719008666666,,,,600.0,120.0,,,
Zheng DBSCAN,AdditionalLogs,sudden_drift_04,,,,"[np.float64(678.6666666666666), np.float64(1492.0)]","[500, 1000]",0.5,178.66666666666663,00:00:00,0.5578513000000385,0.0003719008666666,,,,600.0,180.0,,,
Zheng DBSCAN,AdditionalLogs,sudden_drift_04,,,,"[np.float64(678.6666666666666), np.float64(1492.0)]","[500, 1000]",0.5,178.66666666666663,00:00:00,0.5578513000000385,0.0003719008666666,,,,600.0,240.0,,,
Zheng DBSCAN,AdditionalLogs,sudden_drift_04,,,,"[np.float64(678.6666666666666), np.float64(1492.0)]","[500, 1000]",0.5,178.66666666666663,00:00:00,0.5578513000000385,0.0003719008666666,,,,600.0,300.0,,,
Process Graph Metrics,AdditionalLogs,gradual_drift_05,,,,"[600, 1312]","[500, 1000]",0.5,100.0,00:00:00,0.2951123000020743,0.0002107945000014,0.1,400.0,400.0,,,,,
Process Graph Metrics,AdditionalLogs,recurring_drift_07,,,,"[465, 1005]","[500, 1000]",1.0,20.0,00:00:00,0.5463300000046729,0.0003642200000031,0.05,300.0,400.0,,,,,
LCDD,AdditionalLogs,sudden_drift_07,800.0,800.0,150.0,[913],"[500, 1000]",0.6666666666666666,87.0,00:00:00,0.0120561000003363,8.0374000002242e-06,,,,,,,,
Process Graph Metrics,AdditionalLogs,sudden_drift_03,,,,"[626, 1166]","[500, 1000]",1.0,146.0,00:00:02,2.841854199999944,0.0018945694666666,0.1,100.0,700.0,,,,,
LCDD,AdditionalLogs,sudden_drift_04,600.0,600.0,20.0,"[633, 1492]","[500, 1000]",0.5,133.0,00:00:00,0.0142175000000861,9.478333333390764e-06,,,,,,,,
LCDD,AdditionalLogs,recurring_drift_05,100.0,100.0,200.0,"[113, 215, 315, 423, 523, 632, 734, 836, 945, 1053, 1154, 1259, 1361, 1465]","[500, 1000]",0.25,38.0,00:00:00,0.0200400999965495,1.3360066664366362e-05,,,,,,,,
Process Graph Metrics,AdditionalLogs,gradual_drift_00,,,,"[1009, 1475]","[500, 1000]",0.5,9.0,00:00:02,2.1017600999985007,0.0015012572142846,0.005,300.0,400.0,,,,,
Process Graph Metrics,AdditionalLogs,gradual_drift_00,,,,"[1069, 1519]","[500, 1000]",0.5,69.0,00:00:01,1.498304900000221,0.0010702177857144,0.0001,200.0,400.0,,,,,
LCDD,AdditionalLogs,recurring_drift_03,100.0,100.0,20.0,"[122, 252, 370, 499, 603, 786, 893, 1019, 1120, 1231, 1333]","[500, 1000]",0.3076923076923077,10.0,00:00:00,0.0116636000020662,7.775733334710822e-06,,,,,,,,
Process Graph Metrics,AdditionalLogs,gradual_drift_07,,,,[617],"[500, 1000]",0.6666666666666666,117.0,00:00:00,0.7571825000050012,0.0005408446428607,0.005,400.0,400.0,,,,,
LCDD,AdditionalLogs,gradual_drift_02,300.0,300.0,10.0,"[329, 651, 956, 1330]","[500, 1000]",0.6666666666666666,97.5,00:00:00,0.0203125000043655,1.4508928574546838e-05,,,,,,,,
LCDD,AdditionalLogs,gradual_drift_05,600.0,600.0,20.0,"[657, 1309]","[500, 1000]",0.5,157.0,00:00:00,0.0121425000033923,8.673214288137388e-06,,,,,,,,
Process Graph Metrics,AdditionalLogs,gradual_drift_07,,,,"[617, 1538]","[500, 1000]",0.5,117.0,00:00:08,8.396849600001588,0.0059977497142868,0.005,400.0,500.0,,,,,
Process Graph Metrics,AdditionalLogs,gradual_drift_01,,,,"[450, 1101]","[500, 1000]",1.0,75.5,00:00:00,0.9450588000036078,0.0006750420000025,0.005,300.0,600.0,,,,,
Zheng DBSCAN,AdditionalLogs,recurring_drift_01,,,,[np.float64(1261.0)],"[500, 1000]",,,00:00:00,0.4464541999986977,0.0002976361333324,,,,800.0,80.0,,,
Zheng DBSCAN,AdditionalLogs,recurring_drift_01,,,,[np.float64(1261.0)],"[500, 1000]",,,00:00:00,0.4464541999986977,0.0002976361333324,,,,800.0,160.0,,,
Zheng DBSCAN,AdditionalLogs,recurring_drift_01,,,,[np.float64(1261.0)],"[500, 1000]",,,00:00:00,0.4464541999986977,0.0002976361333324,,,,800.0,240.0,,,
Zheng DBSCAN,AdditionalLogs,recurring_drift_01,,,,[np.float64(1261.0)],"[500, 1000]",,,00:00:00,0.4464541999986977,0.0002976361333324,,,,800.0,320.0,,,
Zheng DBSCAN,AdditionalLogs,recurring_drift_01,,,,[np.float64(1261.0)],"[500, 1000]",,,00:00:00,0.4464541999986977,0.0002976361333324,,,,800.0,400.0,,,
Process Graph Metrics,AdditionalLogs,gradual_drift_05,,,,"[494, 1022]","[500, 1000]",1.0,14.0,00:00:04,4.980423699998937,0.0035574454999992,0.005,100.0,600.0,,,,,
Process Graph Metrics,AdditionalLogs,sudden_drift_06,,,,"[551, 811, 1071]","[500, 1000]",0.8,61.0,00:00:02,2.440897699998459,0.0016272651333323,0.005,400.0,400.0,,,,,
LCDD,AdditionalLogs,gradual_drift_04,300.0,300.0,20.0,"[316, 655, 959, 1334]","[500, 1000]",0.6666666666666666,98.0,00:00:00,0.015231199999107,1.0879428570790747e-05,,,,,,,,
Process Graph Metrics,AdditionalLogs,recurring_drift_07,,,,"[551, 1091]","[500, 1000]",1.0,71.0,00:00:00,0.4951006999981473,0.000330067133332,0.0001,300.0,500.0,,,,,
LCDD,AdditionalLogs,gradual_drift_05,400.0,400.0,5.0,"[425, 845, 1251]","[500, 1000]",0.8,115.0,00:00:00,0.0101360000044223,7.240000003158847e-06,,,,,,,,
LCDD,AdditionalLogs,sudden_drift_06,300.0,300.0,200.0,"[336, 644, 986, 1452]","[500, 1000]",0.6666666666666666,79.0,00:00:00,0.2400386000008438,0.0001600257333338,,,,,,,,
LCDD,AdditionalLogs,recurring_drift_03,1200.0,1200.0,50.0,[1348],"[500, 1000]",,,00:00:00,0.0116592999984277,7.772866665618494e-06,,,,,,,,
Process Graph Metrics,AdditionalLogs,sudden_drift_09,,,,"[525, 1082]","[500, 1000]",1.0,53.5,00:00:07,7.179804499995953,0.0047865363333306,0.05,200.0,700.0,,,,,
LCDD,AdditionalLogs,sudden_drift_08,400.0,400.0,20.0,"[504, 905, 1357]","[500, 1000]",0.8,49.5,00:00:00,0.0167013000027509,1.113420000183396e-05,,,,,,,,
LCDD,AdditionalLogs,sudden_drift_05,200.0,200.0,50.0,"[200, 423, 643, 881, 1087, 1315]","[500, 1000]",0.5,82.0,00:00:00,0.0132322999997995,8.82153333319972e-06,,,,,,,,
Process Graph Metrics,AdditionalLogs,recurring_drift_08,,,,"[741, 1526]","[500, 1000]",,,00:00:01,1.375926000000618,0.0009172840000004,0.05,400.0,600.0,,,,,
LCDD,AdditionalLogs,gradual_drift_06,1200.0,1200.0,100.0,[1206],"[500, 1000]",,,00:00:00,0.0659846999988076,4.713192857057688e-05,,,,,,,,
LCDD,AdditionalLogs,gradual_drift_02,300.0,300.0,50.0,"[329, 651, 956, 1330]","[500, 1000]",0.6666666666666666,97.5,00:00:00,0.0194193000061204,1.3870928575800332e-05,,,,,,,,
Process Graph Metrics,AdditionalLogs,recurring_drift_06,,,,"[550, 766, 1313]","[500, 1000]",0.4,50.0,00:00:03,3.4511029999994207,0.0023007353333329,0.1,400.0,400.0,,,,,
Process Graph Metrics,AdditionalLogs,recurring_drift_04,,,,"[622, 1162]","[500, 1000]",1.0,142.0,00:00:02,2.596914800000377,0.0017312765333335,0.1,300.0,400.0,,,,,
Process Graph Metrics,AdditionalLogs,recurring_drift_04,,,,"[638, 1286]","[500, 1000]",0.5,138.0,00:00:03,3.2427000000025146,0.0021618000000016,0.005,100.0,500.0,,,,,
LCDD,AdditionalLogs,recurring_drift_02,100.0,100.0,20.0,"[104, 206, 307, 412, 512, 637, 738, 841, 941, 1041, 1148, 1252, 1352, 1468]","[500, 1000]",0.25,26.5,00:00:00,0.0283314000043901,1.888760000292677e-05,,,,,,,,
LCDD,AdditionalLogs,gradual_drift_00,1200.0,1200.0,20.0,[1206],"[500, 1000]",,,00:00:00,0.0087585000001126,6.256071428651922e-06,,,,,,,,
Process Graph Metrics,AdditionalLogs,gradual_drift_06,,,,[600],"[500, 1000]",0.6666666666666666,100.0,00:00:01,1.6312835999997333,0.0011652025714283,0.0001,400.0,400.0,,,,,
LCDD,AdditionalLogs,recurring_drift_09,1200.0,1200.0,10.0,[],"[500, 1000]",,,00:00:00,0.0218292000063229,1.455280000421529e-05,,,,,,,,
Process Graph Metrics,AdditionalLogs,sudden_drift_03,,,,"[631, 1171]","[500, 1000]",1.0,151.0,00:00:02,2.4535006000005524,0.001635667066667,0.005,300.0,700.0,,,,,
LCDD,AdditionalLogs,recurring_drift_09,400.0,400.0,20.0,"[500, 1000]","[500, 1000]",1.0,0.0,00:00:00,0.0274106000069878,1.827373333799187e-05,,,,,,,,
Process Graph Metrics,AdditionalLogs,recurring_drift_04,,,,"[622, 1162]","[500, 1000]",1.0,142.0,00:00:02,2.69269159999385,0.0017951277333292,0.1,300.0,700.0,,,,,
LCDD,AdditionalLogs,recurring_drift_05,100.0,100.0,5.0,"[113, 215, 315, 423, 523, 632, 734, 836, 945, 1053, 1154, 1259, 1361, 1465]","[500, 1000]",0.25,38.0,00:00:00,0.0171217000024626,1.1414466668308402e-05,,,,,,,,
Process Graph Metrics,AdditionalLogs,gradual_drift_04,,,,"[486, 1135]","[500, 1000]",1.0,74.5,00:00:04,4.409778000001097,0.0031498414285722,0.1,200.0,700.0,,,,,
LCDD,AdditionalLogs,sudden_drift_00,1200.0,1200.0,150.0,[],"[500, 1000]",,,00:00:00,0.0139826999948127,9.321799996541811e-06,,,,,,,,
Process Graph Metrics,AdditionalLogs,recurring_drift_05,,,,"[615, 1215]","[500, 1000]",0.5,115.0,00:00:01,1.0318559000006644,0.0006879039333337,0.005,400.0,700.0,,,,,
Process Graph Metrics,AdditionalLogs,recurring_drift_09,,,,"[553, 1008]","[500, 1000]",1.0,30.5,00:00:07,7.214186500001233,0.0048094576666674,0.005,200.0,500.0,,,,,
LCDD,AdditionalLogs,recurring_drift_01,600.0,600.0,20.0,"[618, 1261]","[500, 1000]",0.5,118.0,00:00:00,0.0269941000005928,1.799606666706192e-05,,,,,,,,
LCDD,AdditionalLogs,recurring_drift_04,1200.0,1200.0,100.0,[],"[500, 1000]",,,00:00:00,0.0106403999961912,7.093599997460842e-06,,,,,,,,
Process Graph Metrics,AdditionalLogs,sudden_drift_03,,,,[662],"[500, 1000]",0.6666666666666666,162.0,00:00:01,1.52629750000051,0.001017531666667,0.0001,200.0,600.0,,,,,
Process Graph Metrics,AdditionalLogs,sudden_drift_05,,,,"[557, 1473]","[500, 1000]",0.5,57.0,00:00:04,4.195910299997195,0.0027972735333314,0.1,300.0,400.0,,,,,
Process Graph Metrics,AdditionalLogs,sudden_drift_07,,,,"[600, 1207]","[500, 1000]",0.5,100.0,00:00:00,0.3735889000017778,0.0002490592666678,0.005,400.0,500.0,,,,,
Zheng DBSCAN,AdditionalLogs,recurring_drift_02,,,,"[np.float64(709.0487804878048), np.float64(995.0), np.float64(1124.5714285714287), np.float64(1263.5), np.float64(1379.0)]","[500, 1000]",0.2857142857142857,5.0,00:00:00,0.4994044999984908,0.0003329363333323,,,,600.0,60.0,,,
Zheng DBSCAN,AdditionalLogs,recurring_drift_02,,,,[np.float64(804.6923076923077)],"[500, 1000]",0.6666666666666666,195.30769230769224,00:00:00,0.4994044999984908,0.0003329363333323,,,,600.0,120.0,,,
Zheng DBSCAN,AdditionalLogs,recurring_drift_02,,,,[np.float64(804.6923076923077)],"[500, 1000]",0.6666666666666666,195.30769230769224,00:00:00,0.4994044999984908,0.0003329363333323,,,,600.0,180.0,,,
Zheng DBSCAN,AdditionalLogs,recurring_drift_02,,,,[np.float64(804.6923076923077)],"[500, 1000]",0.6666666666666666,195.30769230769224,00:00:00,0.4994044999984908,0.0003329363333323,,,,600.0,240.0,,,
Zheng DBSCAN,AdditionalLogs,recurring_drift_02,,,,[np.float64(780.0555555555555)],"[500, 1000]",,,00:00:00,0.4994044999984908,0.0003329363333323,,,,600.0,300.0,,,
Process Graph Metrics,AdditionalLogs,sudden_drift_09,,,,"[531, 1079]","[500, 1000]",1.0,55.0,00:00:05,5.226531899999827,0.0034843545999998,0.05,100.0,700.0,,,,,
Process Graph Metrics,AdditionalLogs,gradual_drift_05,,,,"[472, 863]","[500, 1000]",1.0,82.5,00:00:04,4.00344440000481,0.0028596031428605,0.05,100.0,600.0,,,,,
Process Graph Metrics,AdditionalLogs,gradual_drift_07,,,,"[603, 1203]","[500, 1000]",0.5,103.0,00:00:00,0.2095383999985642,0.0001496702857132,0.1,400.0,700.0,,,,,
Process Graph Metrics,AdditionalLogs,recurring_drift_01,,,,[689],"[500, 1000]",0.6666666666666666,189.0,00:00:04,4.453043900000921,0.0029686959333339,0.05,300.0,700.0,,,,,
Process Graph Metrics,AdditionalLogs,sudden_drift_09,,,,"[458, 908, 1363]","[500, 1000]",0.8,67.0,00:00:01,1.1979749000020092,0.0007986499333346,0.1,100.0,400.0,,,,,
Process Graph Metrics,AdditionalLogs,recurring_drift_09,,,,"[547, 1014]","[500, 1000]",1.0,30.5,00:00:06,6.540077400000882,0.0043600516000005,0.05,100.0,400.0,,,,,
LCDD,AdditionalLogs,sudden_drift_07,200.0,200.0,150.0,"[501, 913, 1324]","[500, 1000]",0.8,44.0,00:00:00,0.0174426000012317,1.1628400000821178e-05,,,,,,,,
Process Graph Metrics,AdditionalLogs,recurring_drift_08,,,,"[741, 1616]","[500, 1000]",,,00:00:01,1.1552383000016562,0.0007701588666677,0.0001,400.0,500.0,,,,,
LCDD,AdditionalLogs,recurring_drift_09,200.0,200.0,20.0,"[500, 1000]","[500, 1000]",1.0,0.0,00:00:00,0.026471400000446,1.764760000029734e-05,,,,,,,,
Process Graph Metrics,AdditionalLogs,gradual_drift_03,,,,"[529, 1062]","[500, 1000]",1.0,45.5,00:00:02,2.396320200001356,0.0017116572857152,0.005,200.0,500.0,,,,,
LCDD,AdditionalLogs,gradual_drift_01,400.0,400.0,50.0,"[443, 911, 1353]","[500, 1000]",0.8,73.0,00:00:00,0.1756930999981705,0.0001254950714272,,,,,,,,
Process Graph Metrics,AdditionalLogs,gradual_drift_04,,,,[600],"[500, 1000]",0.6666666666666666,100.0,00:00:00,0.2880403000017395,0.0002057430714298,0.1,400.0,400.0,,,,,
LCDD,AdditionalLogs,recurring_drift_03,800.0,800.0,20.0,[1348],"[500, 1000]",,,00:00:00,0.0107255000039003,7.150333335933586e-06,,,,,,,,
LCDD,AdditionalLogs,recurring_drift_09,800.0,800.0,200.0,[],"[500, 1000]",,,00:00:00,0.1597495999958482,0.0001064997333305,,,,,,,,
LCDD,AdditionalLogs,recurring_drift_01,400.0,400.0,5.0,"[424, 1043]","[500, 1000]",1.0,59.5,00:00:00,0.0298705999957746,1.9913733330516456e-05,,,,,,,,
Process Graph Metrics,AdditionalLogs,recurring_drift_01,,,,"[329, 629, 989, 1739]","[500, 1000]",0.6666666666666666,70.0,00:00:02,2.089264700000058,0.0013928431333333,0.05,200.0,600.0,,,,,
LCDD,AdditionalLogs,sudden_drift_09,100.0,100.0,10.0,"[157, 268, 502, 1000, 1197, 1308, 1417]","[500, 1000]",0.4444444444444445,1.0,00:00:00,0.0312281000005896,2.081873333372641e-05,,,,,,,,
Process Graph Metrics,AdditionalLogs,sudden_drift_07,,,,"[463, 1004]","[500, 1000]",1.0,20.5,00:00:00,0.5649345999991056,0.000376623066666,0.05,300.0,500.0,,,,,
LCDD,AdditionalLogs,sudden_drift_09,100.0,100.0,20.0,"[157, 268, 502, 1000, 1197, 1308, 1417]","[500, 1000]",0.4444444444444445,1.0,00:00:00,0.0248926999993273,1.659513333288487e-05,,,,,,,,
Process Graph Metrics,AdditionalLogs,recurring_drift_03,,,,"[607, 1147]","[500, 1000]",1.0,127.0,00:00:01,1.9903907000043544,0.0013269271333362,0.005,300.0,500.0,,,,,
Zheng DBSCAN,AdditionalLogs,gradual_drift_09,,,,[np.float64(994.0)],"[500, 1000]",0.6666666666666666,6.0,00:00:00,0.343460199997935,0.0002453287142842,,,,500.0,50.0,,,
Zheng DBSCAN,AdditionalLogs,gradual_drift_09,,,,[np.float64(994.0)],"[500, 1000]",0.6666666666666666,6.0,00:00:00,0.343460199997935,0.0002453287142842,,,,500.0,100.0,,,
Zheng DBSCAN,AdditionalLogs,gradual_drift_09,,,,[np.float64(994.0)],"[500, 1000]",0.6666666666666666,6.0,00:00:00,0.343460199997935,0.0002453287142842,,,,500.0,150.0,,,
Zheng DBSCAN,AdditionalLogs,gradual_drift_09,,,,[np.float64(994.0)],"[500, 1000]",0.6666666666666666,6.0,00:00:00,0.343460199997935,0.0002453287142842,,,,500.0,200.0,,,
Zheng DBSCAN,AdditionalLogs,gradual_drift_09,,,,[np.float64(994.0)],"[500, 1000]",0.6666666666666666,6.0,00:00:00,0.343460199997935,0.0002453287142842,,,,500.0,250.0,,,
LCDD,AdditionalLogs,gradual_drift_04,400.0,400.0,50.0,"[401, 809, 1212]","[500, 1000]",0.8,145.0,00:00:00,0.0078790999978082,5.627928569863018e-06,,,,,,,,
Process Graph Metrics,AdditionalLogs,sudden_drift_03,,,,"[631, 1171]","[500, 1000]",1.0,151.0,00:00:02,2.7108175000030315,0.0018072116666686,0.005,300.0,400.0,,,,,
Zheng DBSCAN,AdditionalLogs,gradual_drift_01,,,,"[np.float64(753.3333333333334), np.float64(952.0), np.float64(1117.0), np.float64(1268.6666666666667), np.float64(1384.0)]","[500, 1000]",0.2857142857142857,48.0,00:00:00,0.4538570999939111,0.0003241836428527,,,,700.0,70.0,,,
Zheng DBSCAN,AdditionalLogs,gradual_drift_01,,,,[np.float64(976.4545454545455)],"[500, 1000]",0.6666666666666666,23.545454545454504,00:00:00,0.4538570999939111,0.0003241836428527,,,,700.0,140.0,,,
Zheng DBSCAN,AdditionalLogs,gradual_drift_01,,,,[np.float64(892.0769230769231)],"[500, 1000]",0.6666666666666666,107.9230769230769,00:00:00,0.4538570999939111,0.0003241836428527,,,,700.0,210.0,,,
Zheng DBSCAN,AdditionalLogs,gradual_drift_01,,,,[np.float64(892.0769230769231)],"[500, 1000]",0.6666666666666666,107.9230769230769,00:00:00,0.4538570999939111,0.0003241836428527,,,,700.0,280.0,,,
Zheng DBSCAN,AdditionalLogs,gradual_drift_01,,,,[np.float64(892.0769230769231)],"[500, 1000]",0.6666666666666666,107.9230769230769,00:00:00,0.4538570999939111,0.0003241836428527,,,,700.0,350.0,,,
Process Graph Metrics,AdditionalLogs,recurring_drift_04,,,,"[644, 1185]","[500, 1000]",1.0,164.5,00:00:03,3.590127700001176,0.0023934184666674,0.0001,100.0,600.0,,,,,
LCDD,AdditionalLogs,sudden_drift_00,100.0,100.0,50.0,"[100, 200, 329, 502, 609, 709, 829, 1000, 1143, 1246, 1442]","[500, 1000]",0.3076923076923077,1.0,00:00:00,0.0097622999965096,6.5081999976731215e-06,,,,,,,,
LCDD,AdditionalLogs,sudden_drift_06,600.0,600.0,50.0,"[805, 1452]","[500, 1000]",0.5,195.0,00:00:00,0.0745196000061696,4.967973333744643e-05,,,,,,,,
LCDD,AdditionalLogs,sudden_drift_00,200.0,200.0,20.0,"[502, 1000, 1246]","[500, 1000]",0.8,1.0,00:00:00,0.1417131999987759,9.447546666585064e-05,,,,,,,,
Process Graph Metrics,AdditionalLogs,sudden_drift_06,,,,"[551, 731, 966, 1292]","[500, 1000]",0.6666666666666666,42.5,00:00:13,13.66547489999357,0.0091103165999957,0.05,200.0,400.0,,,,,
LCDD,AdditionalLogs,gradual_drift_06,100.0,100.0,100.0,"[103, 251, 401, 503, 627, 768, 913, 1013, 1121, 1239, 1343]","[500, 1000]",0.3076923076923077,8.0,00:00:00,0.2388961000033305,0.0001706400714309,,,,,,,,
Process Graph Metrics,AdditionalLogs,recurring_drift_01,,,,"[1047, 1695]","[500, 1000]",0.5,47.0,00:00:02,2.069452800002182,0.0013796352000014,0.0001,100.0,500.0,,,,,
Process Graph Metrics,AdditionalLogs,recurring_drift_01,,,,"[339, 651, 963]","[500, 1000]",0.8,94.0,00:00:02,2.1003274000031524,0.0014002182666687,0.05,100.0,400.0,,,,,
LCDD,AdditionalLogs,gradual_drift_07,100.0,100.0,100.0,"[182, 291, 416, 516, 650, 759, 863, 975, 1090, 1197, 1297]","[500, 1000]",0.3076923076923077,20.5,00:00:00,0.0122747999994317,8.767714285308361e-06,,,,,,,,
LCDD,AdditionalLogs,gradual_drift_03,300.0,300.0,200.0,"[315, 626, 931, 1390]","[500, 1000]",0.6666666666666666,97.5,00:00:00,0.0109945999938645,7.853285709903243e-06,,,,,,,,
Process Graph Metrics,AdditionalLogs,gradual_drift_08,,,,"[562, 1186]","[500, 1000]",1.0,124.0,00:00:01,1.500119899996207,0.001071514214283,0.05,200.0,600.0,,,,,
Process Graph Metrics,AdditionalLogs,recurring_drift_01,,,,"[1047, 1695]","[500, 1000]",0.5,47.0,00:00:01,1.4614430999936303,0.0009742953999957,0.0001,400.0,500.0,,,,,
Process Graph Metrics,AdditionalLogs,gradual_drift_01,,,,"[600, 1200]","[500, 1000]",1.0,150.0,00:00:00,0.5405926000021282,0.00038613757143,0.005,400.0,500.0,,,,,
LCDD,AdditionalLogs,sudden_drift_03,800.0,800.0,20.0,[816],"[500, 1000]",0.6666666666666666,184.0,00:00:00,0.0097689000031095,6.512600002073062e-06,,,,,,,,
Process Graph Metrics,AdditionalLogs,recurring_drift_07,,,,"[304, 604, 904]","[500, 1000]",0.8,100.0,00:00:00,0.3489331000018865,0.0002326220666679,0.1,200.0,500.0,,,,,
LCDD,AdditionalLogs,recurring_drift_03,600.0,600.0,200.0,"[631, 1348]","[500, 1000]",0.5,131.0,00:00:00,0.010323899994546,6.882599996364054e-06,,,,,,,,
LCDD,AdditionalLogs,recurring_drift_09,200.0,200.0,200.0,"[500, 1000]","[500, 1000]",1.0,0.0,00:00:00,0.0248961999968742,1.65974666645828e-05,,,,,,,,
Process Graph Metrics,AdditionalLogs,sudden_drift_04,,,,[569],"[500, 1000]",0.6666666666666666,69.0,00:00:02,2.0938143999956083,0.0013958762666637,0.05,200.0,400.0,,,,,
Process Graph Metrics,AdditionalLogs,gradual_drift_00,,,,"[611, 1151]","[500, 1000]",1.0,131.0,00:00:01,1.7309229999955278,0.0012363735714253,0.1,100.0,500.0,,,,,
LCDD,AdditionalLogs,gradual_drift_09,200.0,200.0,50.0,"[408, 608, 920, 1120, 1373]","[500, 1000]",0.5714285714285715,86.0,00:00:00,0.0261138999994727,1.8652785713909127e-05,,,,,,,,
Process Graph Metrics,AdditionalLogs,gradual_drift_09,,,,"[600, 1200]","[500, 1000]",1.0,150.0,00:00:00,0.3178857999955653,0.0002270612857111,0.05,400.0,700.0,,,,,
LCDD,AdditionalLogs,gradual_drift_01,800.0,800.0,150.0,[911],"[500, 1000]",0.6666666666666666,89.0,00:00:00,0.0274892000015825,1.9635142858273216e-05,,,,,,,,
LCDD,AdditionalLogs,recurring_drift_00,100.0,100.0,20.0,"[100, 200, 328, 502, 604, 706, 836, 942, 1043, 1210, 1310, 1435]","[500, 1000]",0.2857142857142857,22.5,00:00:00,0.0117549000060535,7.836600004035669e-06,,,,,,,,
Process Graph Metrics,AdditionalLogs,recurring_drift_00,,,,"[531, 1059]","[500, 1000]",1.0,45.0,00:00:02,2.929645100004564,0.0019530967333363,0.05,300.0,400.0,,,,,
Process Graph Metrics,AdditionalLogs,recurring_drift_04,,,,"[633, 1152]","[500, 1000]",1.0,142.5,00:00:03,3.5426176999972085,0.0023617451333314,0.005,200.0,700.0,,,,,
LCDD,AdditionalLogs,sudden_drift_02,400.0,400.0,10.0,"[467, 1003, 1469]","[500, 1000]",0.8,18.0,00:00:00,0.0255183999979635,1.7012266665309045e-05,,,,,,,,
Process Graph Metrics,AdditionalLogs,sudden_drift_09,,,,"[592, 1111]","[500, 1000]",1.0,101.5,00:00:04,4.813065700000152,0.0032087104666667,0.0001,200.0,600.0,,,,,
Process Graph Metrics,AdditionalLogs,recurring_drift_02,,,,"[704, 1353]","[500, 1000]",,,00:00:05,5.546678400001838,0.0036977856000012,0.1,300.0,700.0,,,,,
LCDD,AdditionalLogs,sudden_drift_08,400.0,400.0,50.0,"[504, 905, 1357]","[500, 1000]",0.8,49.5,00:00:00,0.0176476999986334,1.1765133332422314e-05,,,,,,,,
Process Graph Metrics,AdditionalLogs,recurring_drift_09,,,,"[600, 1320]","[500, 1000]",0.5,100.0,00:00:00,0.4466608000002452,0.0002977738666668,0.0001,400.0,700.0,,,,,
Process Graph Metrics,AdditionalLogs,sudden_drift_04,,,,"[584, 1232]","[500, 1000]",0.5,84.0,00:00:01,1.6484634000007643,0.0010989756000005,0.005,300.0,600.0,,,,,
Process Graph Metrics,AdditionalLogs,recurring_drift_06,,,,"[750, 974, 1190]","[500, 1000]",0.4,26.0,00:00:04,4.0394476000001305,0.0026929650666667,0.1,200.0,600.0,,,,,
LCDD,AdditionalLogs,gradual_drift_02,300.0,300.0,20.0,"[329, 651, 956, 1330]","[500, 1000]",0.6666666666666666,97.5,00:00:00,0.1324909000031766,9.463635714512618e-05,,,,,,,,
Process Graph Metrics,AdditionalLogs,recurring_drift_08,,,,[912],"[500, 1000]",0.6666666666666666,88.0,00:00:00,0.6747220999968704,0.0004498147333312,0.005,200.0,600.0,,,,,
Process Graph Metrics,AdditionalLogs,gradual_drift_03,,,,"[551, 1077]","[500, 1000]",1.0,64.0,00:00:01,1.1833351999957813,0.0008452394285684,0.0001,200.0,700.0,,,,,
Process Graph Metrics,AdditionalLogs,recurring_drift_08,,,,"[1109, 1646]","[500, 1000]",0.5,109.0,00:00:04,4.434129800007213,0.0029560865333381,0.0001,200.0,400.0,,,,,
LCDD,AdditionalLogs,recurring_drift_01,100.0,100.0,200.0,"[101, 263, 363, 504, 618, 734, 838, 977, 1090, 1207, 1382]","[500, 1000]",0.3076923076923077,13.5,00:00:00,0.0294139999969047,1.9609333331269835e-05,,,,,,,,
LCDD,AdditionalLogs,gradual_drift_08,300.0,300.0,200.0,"[323, 649, 950, 1278]","[500, 1000]",0.6666666666666666,99.5,00:00:00,0.0098928000006708,7.06628571476488e-06,,,,,,,,
LCDD,AdditionalLogs,gradual_drift_05,400.0,400.0,100.0,"[425, 845, 1251]","[500, 1000]",0.8,115.0,00:00:00,0.0146281999986968,1.044871428478343e-05,,,,,,,,
Process Graph Metrics,AdditionalLogs,recurring_drift_09,,,,"[432, 864, 1389]","[500, 1000]",0.8,102.0,00:00:04,4.201988400003756,0.0028013256000025,0.1,200.0,600.0,,,,,
LCDD,AdditionalLogs,recurring_drift_09,400.0,400.0,50.0,"[500, 1000]","[500, 1000]",1.0,0.0,00:00:00,0.0241767999978037,1.6117866665202503e-05,,,,,,,,
Zheng DBSCAN,AdditionalLogs,gradual_drift_05,,,,"[np.float64(949.4285714285714), np.float64(1133.75), np.float64(1316.0)]","[500, 1000]",0.4,50.57142857142856,00:00:00,0.3221472999939578,0.0002301052142813,,,,800.0,80.0,,,
Zheng DBSCAN,AdditionalLogs,gradual_drift_05,,,,"[np.float64(1016.4545454545455), np.float64(1316.0)]","[500, 1000]",0.5,16.454545454545496,00:00:00,0.3221472999939578,0.0002301052142813,,,,800.0,160.0,,,
Zheng DBSCAN,AdditionalLogs,gradual_drift_05,,,,[np.float64(1041.4166666666667)],"[500, 1000]",0.6666666666666666,41.41666666666674,00:00:00,0.3221472999939578,0.0002301052142813,,,,800.0,240.0,,,
Zheng DBSCAN,AdditionalLogs,gradual_drift_05,,,,[np.float64(1041.4166666666667)],"[500, 1000]",0.6666666666666666,41.41666666666674,00:00:00,0.3221472999939578,0.0002301052142813,,,,800.0,320.0,,,
Zheng DBSCAN,AdditionalLogs,gradual_drift_05,,,,[np.float64(1041.4166666666667)],"[500, 1000]",0.6666666666666666,41.41666666666674,00:00:00,0.3221472999939578,0.0002301052142813,,,,800.0,400.0,,,
Process Graph Metrics,AdditionalLogs,sudden_drift_09,,,,"[454, 973]","[500, 1000]",1.0,36.5,00:00:01,1.7344281999976374,0.001156285466665,0.1,200.0,600.0,,,,,
LCDD,AdditionalLogs,sudden_drift_03,100.0,100.0,200.0,"[133, 242, 359, 500, 604, 719, 880, 980, 1095, 1195, 1302, 1457]","[500, 1000]",0.2857142857142857,10.0,00:00:00,0.0119488000054843,7.965866670322914e-06,,,,,,,,
Process Graph Metrics,AdditionalLogs,sudden_drift_09,,,,"[592, 1111]","[500, 1000]",1.0,101.5,00:00:04,4.966970400004357,0.0033113136000029,0.0001,200.0,700.0,,,,,
Zheng DBSCAN,AdditionalLogs,sudden_drift_03,,,,"[np.float64(816.5), np.float64(914.0), np.float64(995.3333333333334), np.float64(1095.0), np.float64(1184.5)]","[500, 1000]",0.2857142857142857,4.666666666666629,00:00:00,0.312305200000992,0.0002082034666673,,,,500.0,50.0,,,
Zheng DBSCAN,AdditionalLogs,sudden_drift_03,,,,[np.float64(999.6666666666666)],"[500, 1000]",0.6666666666666666,0.3333333333333712,00:00:00,0.312305200000992,0.0002082034666673,,,,500.0,100.0,,,
Zheng DBSCAN,AdditionalLogs,sudden_drift_03,,,,[np.float64(999.6666666666666)],"[500, 1000]",0.6666666666666666,0.3333333333333712,00:00:00,0.312305200000992,0.0002082034666673,,,,500.0,150.0,,,
Zheng DBSCAN,AdditionalLogs,sudden_drift_03,,,,[np.float64(999.6666666666666)],"[500, 1000]",0.6666666666666666,0.3333333333333712,00:00:00,0.312305200000992,0.0002082034666673,,,,500.0,200.0,,,
Zheng DBSCAN,AdditionalLogs,sudden_drift_03,,,,[np.float64(999.6666666666666)],"[500, 1000]",0.6666666666666666,0.3333333333333712,00:00:00,0.312305200000992,0.0002082034666673,,,,500.0,250.0,,,
Process Graph Metrics,AdditionalLogs,recurring_drift_04,,,,"[638, 1286]","[500, 1000]",0.5,138.0,00:00:03,3.2220123000006424,0.0021480082000004,0.005,300.0,700.0,,,,,
LCDD,AdditionalLogs,sudden_drift_01,100.0,100.0,10.0,"[102, 213, 354, 503, 616, 740, 845, 954, 1059, 1173, 1325, 1428]","[500, 1000]",0.2857142857142857,24.5,00:00:00,0.030989300001238,2.065953333415867e-05,,,,,,,,
LCDD,AdditionalLogs,recurring_drift_01,1200.0,1200.0,20.0,[1261],"[500, 1000]",,,00:00:00,0.0299052999980631,1.993686666537541e-05,,,,,,,,
LCDD,AdditionalLogs,gradual_drift_05,300.0,300.0,150.0,"[318, 627, 935, 1251]","[500, 1000]",0.6666666666666666,96.0,00:00:00,0.0178510000041569,1.275071428868354e-05,,,,,,,,
Process Graph Metrics,AdditionalLogs,recurring_drift_04,,,,"[638, 1286]","[500, 1000]",0.5,138.0,00:00:03,3.4425762000028044,0.0022950508000018,0.005,100.0,600.0,,,,,
LCDD,AdditionalLogs,sudden_drift_08,800.0,800.0,100.0,[828],"[500, 1000]",0.6666666666666666,172.0,00:00:00,0.0111096999971778,7.406466664785209e-06,,,,,,,,
Process Graph Metrics,AdditionalLogs,gradual_drift_05,,,,"[498, 1041]","[500, 1000]",1.0,21.5,00:00:05,5.5145822999984375,0.0039389873571417,0.0001,100.0,700.0,,,,,
Process Graph Metrics,AdditionalLogs,recurring_drift_04,,,,"[624, 1164]","[500, 1000]",1.0,144.0,00:00:02,2.763879000005545,0.0018425860000036,0.05,100.0,700.0,,,,,
LCDD,AdditionalLogs,gradual_drift_02,1200.0,1200.0,50.0,[1245],"[500, 1000]",,,00:00:00,0.0241845999989891,1.7274714284992245e-05,,,,,,,,
Process Graph Metrics,AdditionalLogs,sudden_drift_09,,,,"[600, 1200]","[500, 1000]",1.0,150.0,00:00:00,0.3167121000005863,0.0002111414000003,0.0001,400.0,500.0,,,,,
Zheng DBSCAN,AdditionalLogs,recurring_drift_03,,,,"[np.float64(501.25), np.float64(669.25), np.float64(831.0), np.float64(911.0), np.float64(978.6), np.float64(1161.0), np.float64(1215.0), np.float64(1284.0), np.float64(1348.0), np.float64(1406.0)]","[500, 1000]",0.3333333333333333,11.324999999999989,00:00:00,0.3561363000044366,0.0002374242000029,,,,500.0,50.0,,,
Zheng DBSCAN,AdditionalLogs,recurring_drift_03,,,,"[np.float64(550.6666666666666), np.float64(947.8571428571429), np.float64(1282.8)]","[500, 1000]",0.8,51.40476190476187,00:00:00,0.3561363000044366,0.0002374242000029,,,,500.0,100.0,,,
Zheng DBSCAN,AdditionalLogs,recurring_drift_03,,,,"[np.float64(677.0454545454545), np.float64(1282.8)]","[500, 1000]",0.5,177.0454545454545,00:00:00,0.3561363000044366,0.0002374242000029,,,,500.0,150.0,,,
Zheng DBSCAN,AdditionalLogs,recurring_drift_03,,,,[np.float64(762.0357142857143)],"[500, 1000]",,,00:00:00,0.3561363000044366,0.0002374242000029,,,,500.0,200.0,,,
Zheng DBSCAN,AdditionalLogs,recurring_drift_03,,,,[np.float64(762.0357142857143)],"[500, 1000]",,,00:00:00,0.3561363000044366,0.0002374242000029,,,,500.0,250.0,,,
LCDD,AdditionalLogs,recurring_drift_00,200.0,200.0,200.0,"[502, 706, 966, 1210, 1435]","[500, 1000]",0.5714285714285715,18.0,00:00:00,0.0099820000032195,6.654666668813055e-06,,,,,,,,
Process Graph Metrics,AdditionalLogs,gradual_drift_07,,,,"[625, 1545]","[500, 1000]",0.5,125.0,00:00:07,7.745248999999603,0.0055323207142854,0.005,200.0,600.0,,,,,
Process Graph Metrics,AdditionalLogs,sudden_drift_00,,,,"[558, 1181]","[500, 1000]",1.0,119.5,00:00:02,2.416735099999641,0.001611156733333,0.005,100.0,400.0,,,,,
LCDD,AdditionalLogs,sudden_drift_03,200.0,200.0,50.0,"[271, 500, 789, 1009, 1263, 1466]","[500, 1000]",0.5,4.5,00:00:00,0.011201000001165,7.467333334110056e-06,,,,,,,,
Process Graph Metrics,AdditionalLogs,gradual_drift_04,,,,[490],"[500, 1000]",0.6666666666666666,10.0,00:00:01,1.648781299998518,0.0011777009285703,0.05,100.0,400.0,,,,,
Process Graph Metrics,AdditionalLogs,sudden_drift_08,,,,[790],"[500, 1000]",,,00:00:00,0.8986466999995173,0.0005990977999996,0.005,100.0,600.0,,,,,
Process Graph Metrics,AdditionalLogs,recurring_drift_08,,,,[741],"[500, 1000]",,,00:00:01,1.150950200004445,0.0007673001333362,0.05,400.0,700.0,,,,,
LCDD,AdditionalLogs,gradual_drift_02,200.0,200.0,5.0,"[231, 442, 651, 887, 1105, 1319]","[500, 1000]",0.5,81.5,00:00:00,0.0156617000029655,1.1186928573546798e-05,,,,,,,,
LCDD,AdditionalLogs,sudden_drift_09,400.0,400.0,5.0,"[502, 1000]","[500, 1000]",1.0,1.0,00:00:00,0.0247185999978682,1.647906666524553e-05,,,,,,,,
LCDD,AdditionalLogs,recurring_drift_04,100.0,100.0,20.0,"[109, 215, 316, 417, 517, 627, 729, 835, 935, 1036, 1159, 1262, 1362, 1463]","[500, 1000]",0.25,26.5,00:00:00,0.0126261999976122,8.41746666507485e-06,,,,,,,,
Process Graph Metrics,AdditionalLogs,gradual_drift_05,,,,"[494, 1022]","[500, 1000]",1.0,14.0,00:00:04,4.761202299996512,0.0034008587857117,0.005,100.0,500.0,,,,,
Process Graph Metrics,AdditionalLogs,recurring_drift_03,,,,"[312, 624, 1027, 1675]","[500, 1000]",0.6666666666666666,75.5,00:00:00,0.8828042000022833,0.0005885361333348,0.05,100.0,700.0,,,,,
Process Graph Metrics,AdditionalLogs,recurring_drift_03,,,,"[600, 1200]","[500, 1000]",1.0,150.0,00:00:00,0.173138199999812,0.0001154254666665,0.1,400.0,700.0,,,,,
Process Graph Metrics,AdditionalLogs,recurring_drift_09,,,,"[553, 1014]","[500, 1000]",1.0,33.5,00:00:06,6.384716200002004,0.004256477466668,0.005,100.0,700.0,,,,,
Process Graph Metrics,AdditionalLogs,sudden_drift_03,,,,[672],"[500, 1000]",0.6666666666666666,172.0,00:00:01,1.229827799994382,0.0008198851999962,0.0001,100.0,600.0,,,,,
Process Graph Metrics,AdditionalLogs,recurring_drift_05,,,,"[604, 1144]","[500, 1000]",1.0,124.0,00:00:03,3.5054231000030995,0.0023369487333353,0.0001,100.0,700.0,,,,,
LCDD,AdditionalLogs,gradual_drift_00,800.0,800.0,10.0,[912],"[500, 1000]",0.6666666666666666,88.0,00:00:00,0.0149074000000837,1.064814285720266e-05,,,,,,,,
LCDD,AdditionalLogs,recurring_drift_00,400.0,400.0,200.0,"[502, 1004]","[500, 1000]",1.0,3.0,00:00:00,0.0093281000008573,6.218733333904917e-06,,,,,,,,
Zheng DBSCAN,AdditionalLogs,recurring_drift_00,,,,"[np.float64(336.0), np.float64(380.0), np.float64(591.0), np.float64(750.5), np.float64(790.0), np.float64(941.9), np.float64(1059.3333333333333), np.float64(1210.0), np.float64(1259.0), np.float64(1435.0)]","[500, 1000]",0.3333333333333333,74.55000000000001,00:00:00,0.3416629999992437,0.0002277753333328,,,,300.0,30.0,,,
Zheng DBSCAN,AdditionalLogs,recurring_drift_00,,,,"[np.float64(358.0), np.float64(757.0), np.float64(1234.5), np.float64(1435.0)]","[500, 1000]",0.3333333333333333,142.0,00:00:00,0.3416629999992437,0.0002277753333328,,,,300.0,60.0,,,
Zheng DBSCAN,AdditionalLogs,recurring_drift_00,,,,"[np.float64(740.5384615384615), np.float64(1234.5), np.float64(1435.0)]","[500, 1000]",,,00:00:00,0.3416629999992437,0.0002277753333328,,,,300.0,90.0,,,
Zheng DBSCAN,AdditionalLogs,recurring_drift_00,,,,"[np.float64(740.5384615384615), np.float64(1234.5), np.float64(1435.0)]","[500, 1000]",,,00:00:00,0.3416629999992437,0.0002277753333328,,,,300.0,120.0,,,
Zheng DBSCAN,AdditionalLogs,recurring_drift_00,,,,"[np.float64(752.8875), np.float64(1435.0)]","[500, 1000]",,,00:00:00,0.3416629999992437,0.0002277753333328,,,,300.0,150.0,,,
LCDD,AdditionalLogs,gradual_drift_04,1200.0,1200.0,100.0,[1241],"[500, 1000]",,,00:00:00,0.0104710000014165,7.47928571529753e-06,,,,,,,,
Process Graph Metrics,AdditionalLogs,gradual_drift_00,,,,"[688, 1538]","[500, 1000]",0.5,188.0,00:00:02,2.226157199998852,0.0015901122857134,0.0001,400.0,400.0,,,,,
LCDD,AdditionalLogs,gradual_drift_07,100.0,100.0,20.0,"[182, 291, 416, 516, 650, 759, 863, 975, 1090, 1197, 1297]","[500, 1000]",0.3076923076923077,20.5,00:00:00,0.0112176999973598,8.012642855257061e-06,,,,,,,,
Process Graph Metrics,AdditionalLogs,sudden_drift_00,,,,"[557, 1181]","[500, 1000]",1.0,119.0,00:00:02,2.4576537999964785,0.0016384358666643,0.05,100.0,400.0,,,,,
Process Graph Metrics,AdditionalLogs,sudden_drift_05,,,,[558],"[500, 1000]",0.6666666666666666,58.0,00:00:04,4.832282600000326,0.0032215217333335,0.005,200.0,600.0,,,,,
Process Graph Metrics,AdditionalLogs,sudden_drift_06,,,,"[216, 470, 686, 1109, 1363]","[500, 1000]",0.5714285714285715,69.5,00:00:05,5.360336099998676,0.0035735573999991,0.1,100.0,400.0,,,,,
Process Graph Metrics,AdditionalLogs,sudden_drift_03,,,,"[624, 1143]","[500, 1000]",1.0,133.5,00:00:02,2.900752000001376,0.0019338346666675,0.05,200.0,400.0,,,,,
Process Graph Metrics,AdditionalLogs,recurring_drift_06,,,,"[750, 995]","[500, 1000]",0.5,5.0,00:00:05,5.196930600002816,0.0034646204000018,0.005,400.0,600.0,,,,,
LCDD,AdditionalLogs,sudden_drift_04,1200.0,1200.0,100.0,[1492],"[500, 1000]",,,00:00:00,0.0172338000047602,1.1489200003173512e-05,,,,,,,,
Process Graph Metrics,AdditionalLogs,recurring_drift_01,,,,[864],"[500, 1000]",0.6666666666666666,136.0,00:00:00,0.8325140000015381,0.0005550093333343,0.005,400.0,700.0,,,,,
Process Graph Metrics,AdditionalLogs,gradual_drift_01,,,,"[435, 1185]","[500, 1000]",1.0,125.0,00:00:01,1.1749901000002865,0.0008392786428573,0.0001,200.0,600.0,,,,,
Process Graph Metrics,AdditionalLogs,gradual_drift_08,,,,"[600, 1200]","[500, 1000]",1.0,150.0,00:00:00,0.1671286999990116,0.0001193776428564,0.05,400.0,500.0,,,,,
Process Graph Metrics,AdditionalLogs,gradual_drift_06,,,,"[323, 997]","[500, 1000]",1.0,90.0,00:00:05,5.29128469999705,0.0037794890714264,0.05,200.0,500.0,,,,,
Process Graph Metrics,AdditionalLogs,sudden_drift_04,,,,"[555, 1334]","[500, 1000]",0.5,55.0,00:00:03,3.31599890000507,0.0022106659333367,0.05,100.0,600.0,,,,,
Process Graph Metrics,AdditionalLogs,gradual_drift_03,,,,"[526, 1079]","[500, 1000]",1.0,52.5,00:00:01,1.9879214000029608,0.0014199438571449,0.05,300.0,400.0,,,,,
Process Graph Metrics,AdditionalLogs,recurring_drift_05,,,,"[562, 1102, 1643]","[500, 1000]",0.8,82.0,00:00:01,1.4264526999977534,0.0009509684666651,0.1,300.0,700.0,,,,,
LCDD,AdditionalLogs,recurring_drift_07,1200.0,1200.0,10.0,[],"[500, 1000]",,,00:00:00,0.0084531000029528,5.635400001968568e-06,,,,,,,,
Process Graph Metrics,AdditionalLogs,gradual_drift_08,,,,[],"[500, 1000]",,,00:00:17,17.312574600000517,0.012366124714286,0.0001,300.0,500.0,,,,,
Process Graph Metrics,AdditionalLogs,recurring_drift_01,,,,"[1047, 1695]","[500, 1000]",0.5,47.0,00:00:01,1.6642524999988382,0.0011095016666658,0.0001,300.0,500.0,,,,,
LCDD,AdditionalLogs,sudden_drift_04,800.0,800.0,200.0,[849],"[500, 1000]",0.6666666666666666,151.0,00:00:00,0.0152686000001267,1.0179066666751169e-05,,,,,,,,
LCDD,AdditionalLogs,sudden_drift_05,800.0,800.0,20.0,[1000],"[500, 1000]",0.6666666666666666,0.0,00:00:00,0.0210402000011526,1.4026800000768465e-05,,,,,,,,
Process Graph Metrics,AdditionalLogs,sudden_drift_09,,,,"[454, 973]","[500, 1000]",1.0,36.5,00:00:01,1.9687533000033,0.0013125022000022,0.1,200.0,700.0,,,,,
Process Graph Metrics,AdditionalLogs,sudden_drift_03,,,,"[631, 1171]","[500, 1000]",1.0,151.0,00:00:02,2.63999380000314,0.0017599958666687,0.005,100.0,500.0,,,,,
Process Graph Metrics,AdditionalLogs,recurring_drift_00,,,,"[553, 1072]","[500, 1000]",1.0,62.5,00:00:00,0.8729175000044052,0.0005819450000029,0.1,200.0,400.0,,,,,
Process Graph Metrics,AdditionalLogs,gradual_drift_03,,,,[600],"[500, 1000]",0.6666666666666666,100.0,00:00:00,0.2574049999966519,0.0001838607142833,0.05,400.0,400.0,,,,,
LCDD,AdditionalLogs,sudden_drift_07,600.0,600.0,50.0,[913],"[500, 1000]",0.6666666666666666,87.0,00:00:00,0.0119443000003229,7.962866666881989e-06,,,,,,,,
LCDD,AdditionalLogs,recurring_drift_00,100.0,100.0,10.0,"[100, 200, 328, 502, 604, 706, 836, 942, 1043, 1210, 1310, 1435]","[500, 1000]",0.2857142857142857,22.5,00:00:00,0.0152742999998736,1.0182866666582413e-05,,,,,,,,
LCDD,AdditionalLogs,recurring_drift_03,200.0,200.0,10.0,"[219, 446, 657, 911, 1116, 1333]","[500, 1000]",0.5,71.5,00:00:00,0.0133702000021003,8.913466668066878e-06,,,,,,,,
Process Graph Metrics,AdditionalLogs,gradual_drift_05,,,,"[150, 461, 773, 1085, 1535]","[500, 1000]",0.5714285714285715,62.0,00:00:01,1.660063800001808,0.0011857598571441,0.1,100.0,500.0,,,,,
Process Graph Metrics,AdditionalLogs,recurring_drift_03,,,,"[312, 624, 1022, 1670]","[500, 1000]",0.6666666666666666,73.0,00:00:00,0.7624274000045261,0.0005082849333363,0.1,100.0,600.0,,,,,
Process Graph Metrics,AdditionalLogs,recurring_drift_07,,,,"[304, 604, 904]","[500, 1000]",0.8,100.0,00:00:00,0.3498216000007232,0.0002332144000004,0.1,200.0,400.0,,,,,
Process Graph Metrics,AdditionalLogs,gradual_drift_07,,,,"[542, 1096]","[500, 1000]",1.0,69.0,00:00:00,0.5778712999963318,0.000412765214283,0.05,300.0,700.0,,,,,
LCDD,AdditionalLogs,gradual_drift_06,1200.0,1200.0,50.0,[1206],"[500, 1000]",,,00:00:00,0.0626129000011133,4.4723500000795214e-05,,,,,,,,
Zheng DBSCAN,AdditionalLogs,recurring_drift_00,,,,"[np.float64(891.0), np.float64(1062.0), np.float64(1259.0)]","[500, 1000]",0.4,62.0,00:00:00,0.3449360000013257,0.0002299573333342,,,,700.0,70.0,,,
Zheng DBSCAN,AdditionalLogs,recurring_drift_00,,,,"[np.float64(726.5714285714286), np.float64(1062.0), np.float64(1259.0)]","[500, 1000]",0.4,62.0,00:00:00,0.3449360000013257,0.0002299573333342,,,,700.0,140.0,,,
Zheng DBSCAN,AdditionalLogs,recurring_drift_00,,,,[np.float64(780.8125)],"[500, 1000]",,,00:00:00,0.3449360000013257,0.0002299573333342,,,,700.0,210.0,,,
Zheng DBSCAN,AdditionalLogs,recurring_drift_00,,,,[np.float64(754.6470588235294)],"[500, 1000]",,,00:00:00,0.3449360000013257,0.0002299573333342,,,,700.0,280.0,,,
Zheng DBSCAN,AdditionalLogs,recurring_drift_00,,,,[np.float64(754.6470588235294)],"[500, 1000]",,,00:00:00,0.3449360000013257,0.0002299573333342,,,,700.0,350.0,,,
LCDD,AdditionalLogs,gradual_drift_09,1200.0,1200.0,150.0,[],"[500, 1000]",,,00:00:00,0.0204696000000694,1.4621142857192484e-05,,,,,,,,
LCDD,AdditionalLogs,sudden_drift_06,300.0,300.0,10.0,"[336, 644, 986, 1452]","[500, 1000]",0.6666666666666666,79.0,00:00:00,0.2404371000011451,0.0001602914000007,,,,,,,,
LCDD,AdditionalLogs,sudden_drift_08,200.0,200.0,100.0,"[225, 426, 626, 828, 1032, 1233, 1435]","[500, 1000]",0.4444444444444445,53.0,00:00:00,0.0133070000010775,8.871333334051693e-06,,,,,,,,
LCDD,AdditionalLogs,sudden_drift_00,200.0,200.0,50.0,"[502, 1000, 1246]","[500, 1000]",0.8,1.0,00:00:00,0.012342299996817,8.228199997878013e-06,,,,,,,,
Process Graph Metrics,AdditionalLogs,sudden_drift_06,,,,"[612, 1212]","[500, 1000]",0.5,112.0,00:00:03,3.525783799996134,0.0023505225333307,0.1,400.0,600.0,,,,,
Process Graph Metrics,AdditionalLogs,recurring_drift_09,,,,"[557, 1069]","[500, 1000]",1.0,63.0,00:00:10,10.084477999997034,0.0067229853333313,0.0001,200.0,400.0,,,,,
LCDD,AdditionalLogs,sudden_drift_07,600.0,600.0,10.0,[913],"[500, 1000]",0.6666666666666666,87.0,00:00:00,0.0143762000006972,9.584133333798189e-06,,,,,,,,
Process Graph Metrics,AdditionalLogs,sudden_drift_05,,,,[558],"[500, 1000]",0.6666666666666666,58.0,00:00:04,4.976980600004026,0.0033179870666693,0.005,200.0,700.0,,,,,
LCDD,AdditionalLogs,gradual_drift_07,600.0,600.0,20.0,[713],"[500, 1000]",,,00:00:00,0.0106276999940746,7.59121428148189e-06,,,,,,,,
Process Graph Metrics,AdditionalLogs,gradual_drift_05,,,,"[494, 1022]","[500, 1000]",1.0,14.0,00:00:04,4.786350599999423,0.0034188218571424,0.005,100.0,700.0,,,,,
Process Graph Metrics,AdditionalLogs,sudden_drift_04,,,,"[609, 1257]","[500, 1000]",0.5,109.0,00:00:02,2.391268899998977,0.0015941792666659,0.0001,300.0,500.0,,,,,
LCDD,AdditionalLogs,gradual_drift_06,1200.0,1200.0,5.0,[1206],"[500, 1000]",,,00:00:00,0.066709600003378,4.7649714288127145e-05,,,,,,,,
Process Graph Metrics,AdditionalLogs,recurring_drift_04,,,,"[622, 1162]","[500, 1000]",1.0,142.0,00:00:02,2.850238200000604,0.0019001588000004,0.1,100.0,600.0,,,,,
LCDD,AdditionalLogs,gradual_drift_09,600.0,600.0,50.0,[920],"[500, 1000]",0.6666666666666666,80.0,00:00:00,0.0209237999952165,1.4945571425154671e-05,,,,,,,,
Process Graph Metrics,AdditionalLogs,sudden_drift_05,,,,[600],"[500, 1000]",0.6666666666666666,100.0,00:00:00,0.4103934000013396,0.0002735956000008,0.0001,400.0,400.0,,,,,
Process Graph Metrics,AdditionalLogs,gradual_drift_09,,,,[600],"[500, 1000]",0.6666666666666666,100.0,00:00:00,0.5539208999980474,0.0003956577857128,0.0001,400.0,400.0,,,,,
Process Graph Metrics,AdditionalLogs,recurring_drift_01,,,,"[369, 766]","[500, 1000]",0.5,131.0,00:00:03,3.169300800000201,0.0021128672000001,0.005,200.0,600.0,,,,,
Process Graph Metrics,AdditionalLogs,recurring_drift_00,,,,"[531, 1059]","[500, 1000]",1.0,45.0,00:00:03,3.084554000000935,0.0020563693333339,0.05,100.0,400.0,,,,,
LCDD,AdditionalLogs,recurring_drift_04,200.0,200.0,50.0,"[261, 500, 719, 928, 1177, 1391]","[500, 1000]",0.5,36.0,00:00:00,0.0127012000011745,8.467466667449723e-06,,,,,,,,
LCDD,AdditionalLogs,sudden_drift_07,300.0,300.0,20.0,"[501, 913, 1324]","[500, 1000]",0.8,44.0,00:00:00,0.0126929000034579,8.461933335638606e-06,,,,,,,,
Process Graph Metrics,AdditionalLogs,gradual_drift_01,,,,"[315, 658, 970, 1282]","[500, 1000]",0.6666666666666666,94.0,00:00:02,2.162089299999934,0.0015443494999999,0.05,100.0,700.0,,,,,
Process Graph Metrics,AdditionalLogs,sudden_drift_09,,,,"[569, 1109]","[500, 1000]",1.0,89.0,00:00:06,6.744673699999112,0.0044964491333327,0.005,100.0,400.0,,,,,
LCDD,AdditionalLogs,sudden_drift_03,1200.0,1200.0,20.0,[],"[500, 1000]",,,00:00:00,0.0097507999962545,6.5005333308363335e-06,,,,,,,,
LCDD,AdditionalLogs,gradual_drift_04,100.0,100.0,200.0,"[104, 215, 316, 416, 521, 642, 745, 847, 947, 1052, 1158, 1271, 1396]","[500, 1000]",0.2666666666666667,36.5,00:00:00,0.012480699995649,8.91478571117789e-06,,,,,,,,
LCDD,AdditionalLogs,recurring_drift_02,300.0,300.0,10.0,"[381, 686, 995, 1307]","[500, 1000]",0.6666666666666666,62.0,00:00:00,0.0263884000014513,1.759226666763425e-05,,,,,,,,
LCDD,AdditionalLogs,recurring_drift_05,600.0,600.0,50.0,"[645, 1337]","[500, 1000]",0.5,145.0,00:00:00,0.016533400004846,1.1022266669897363e-05,,,,,,,,
LCDD,AdditionalLogs,recurring_drift_00,600.0,600.0,150.0,"[601, 1259]","[500, 1000]",0.5,101.0,00:00:00,0.0083439000009093,5.562600000606229e-06,,,,,,,,
LCDD,AdditionalLogs,sudden_drift_02,300.0,300.0,150.0,"[336, 641, 1003, 1338]","[500, 1000]",0.6666666666666666,72.0,00:00:00,0.029130000002624,1.9420000001749334e-05,,,,,,,,
Process Graph Metrics,AdditionalLogs,sudden_drift_02,,,,"[600, 1320]","[500, 1000]",0.5,100.0,00:00:00,0.5987404999978025,0.0003991603333318,0.0001,400.0,600.0,,,,,
LCDD,AdditionalLogs,recurring_drift_04,100.0,100.0,10.0,"[109, 215, 316, 417, 517, 627, 729, 835, 935, 1036, 1159, 1262, 1362, 1463]","[500, 1000]",0.25,26.5,00:00:00,0.0152725999942049,1.018173332946996e-05,,,,,,,,
LCDD,AdditionalLogs,sudden_drift_09,1200.0,1200.0,200.0,[1236],"[500, 1000]",,,00:00:00,0.019556699997338,1.3037799998225336e-05,,,,,,,,
Process Graph Metrics,AdditionalLogs,recurring_drift_03,,,,"[302, 602, 1068]","[500, 1000]",0.8,85.0,00:00:00,0.9565641000008328,0.0006377094000005,0.005,200.0,500.0,,,,,
Process Graph Metrics,AdditionalLogs,gradual_drift_09,,,,"[573, 1092]","[500, 1000]",1.0,82.5,00:00:03,3.4391077999971458,0.0024565055714265,0.0001,200.0,700.0,,,,,
Process Graph Metrics,AdditionalLogs,sudden_drift_08,,,,"[541, 1081]","[500, 1000]",1.0,61.0,00:00:00,0.2963627000062843,0.0001975751333375,0.05,300.0,500.0,,,,,
LCDD,AdditionalLogs,sudden_drift_02,600.0,600.0,200.0,"[607, 1224]","[500, 1000]",0.5,107.0,00:00:00,0.0281987999987904,1.879919999919366e-05,,,,,,,,
Process Graph Metrics,AdditionalLogs,sudden_drift_08,,,,[813],"[500, 1000]",0.6666666666666666,187.0,00:00:02,2.001804399995308,0.0013345362666635,0.0001,100.0,700.0,,,,,
Process Graph Metrics,AdditionalLogs,gradual_drift_07,,,,"[625, 1481]","[500, 1000]",0.5,125.0,00:00:06,6.348479200001748,0.0045346280000012,0.05,200.0,600.0,,,,,
LCDD,AdditionalLogs,sudden_drift_06,400.0,400.0,20.0,"[500, 919, 1452]","[500, 1000]",0.8,40.5,00:00:00,0.078059999999823,5.203999999988204e-05,,,,,,,,
LCDD,AdditionalLogs,sudden_drift_01,200.0,200.0,10.0,"[213, 448, 795, 1000, 1254]","[500, 1000]",0.5714285714285715,26.0,00:00:00,0.0282433999964268,1.882893333095126e-05,,,,,,,,
LCDD,AdditionalLogs,sudden_drift_08,200.0,200.0,5.0,"[225, 426, 626, 828, 1032, 1233, 1435]","[500, 1000]",0.4444444444444445,53.0,00:00:00,0.0090114999984507,6.00766666563383e-06,,,,,,,,
Process Graph Metrics,AdditionalLogs,recurring_drift_07,,,,"[304, 564, 939, 1314]","[500, 1000]",0.6666666666666666,62.5,00:00:00,0.8411550000018906,0.0005607700000012,0.1,100.0,700.0,,,,,
Process Graph Metrics,AdditionalLogs,recurring_drift_02,,,,[1115],"[500, 1000]",0.6666666666666666,115.0,00:00:06,6.420658099996217,0.0042804387333308,0.0001,100.0,500.0,,,,,
Process Graph Metrics,AdditionalLogs,sudden_drift_03,,,,[672],"[500, 1000]",0.6666666666666666,172.0,00:00:02,2.5726310000027297,0.0017150873333351,0.0001,100.0,500.0,,,,,
Process Graph Metrics,AdditionalLogs,sudden_drift_02,,,,"[451, 1056, 1493]","[500, 1000]",0.8,52.5,00:00:02,2.0051433999979054,0.0013367622666652,0.1,200.0,600.0,,,,,
Process Graph Metrics,AdditionalLogs,gradual_drift_09,,,,"[600, 1200]","[500, 1000]",1.0,150.0,00:00:00,0.3073936000000685,0.0002195668571429,0.0001,400.0,500.0,,,,,
Process Graph Metrics,AdditionalLogs,gradual_drift_07,,,,[1128],"[500, 1000]",0.6666666666666666,128.0,00:00:05,5.20864000000438,0.0037204571428602,0.0001,100.0,400.0,,,,,
LCDD,AdditionalLogs,gradual_drift_08,1200.0,1200.0,150.0,[1235],"[500, 1000]",,,00:00:00,0.0094231000039144,6.730785717081744e-06,,,,,,,,
Process Graph Metrics,AdditionalLogs,gradual_drift_04,,,,"[480, 1143]","[500, 1000]",1.0,81.5,00:00:01,1.5016179000012926,0.0010725842142866,0.1,300.0,700.0,,,,,
LCDD,AdditionalLogs,recurring_drift_01,300.0,300.0,10.0,"[348, 660, 977, 1277]","[500, 1000]",0.6666666666666666,87.5,00:00:00,0.0278649999963818,1.857666666425454e-05,,,,,,,,
Process Graph Metrics,AdditionalLogs,sudden_drift_01,,,,"[546, 1134]","[500, 1000]",1.0,90.0,00:00:04,4.827295799994317,0.0032181971999962,0.0001,100.0,700.0,,,,,
LCDD,AdditionalLogs,recurring_drift_06,300.0,300.0,150.0,"[309, 672, 1008, 1401]","[500, 1000]",0.6666666666666666,90.0,00:00:00,0.0660845999955199,4.405639999701331e-05,,,,,,,,
Process Graph Metrics,AdditionalLogs,sudden_drift_06,,,,"[673, 1321]","[500, 1000]",0.5,173.0,00:00:07,7.276406800003315,0.0048509378666688,0.005,300.0,700.0,,,,,
LCDD,AdditionalLogs,gradual_drift_02,800.0,800.0,150.0,[815],"[500, 1000]",0.6666666666666666,185.0,00:00:00,0.0190069999953266,1.3576428568090443e-05,,,,,,,,
Zheng DBSCAN,AdditionalLogs,gradual_drift_00,,,,"[np.float64(938.6), np.float64(1206.0)]","[500, 1000]",0.5,61.39999999999998,00:00:00,0.3406926000025123,0.0002433518571446,,,,700.0,70.0,,,
Zheng DBSCAN,AdditionalLogs,gradual_drift_00,,,,"[np.float64(938.6), np.float64(1206.0)]","[500, 1000]",0.5,61.39999999999998,00:00:00,0.3406926000025123,0.0002433518571446,,,,700.0,140.0,,,
Zheng DBSCAN,AdditionalLogs,gradual_drift_00,,,,"[np.float64(938.6), np.float64(1206.0)]","[500, 1000]",0.5,61.39999999999998,00:00:00,0.3406926000025123,0.0002433518571446,,,,700.0,210.0,,,
Zheng DBSCAN,AdditionalLogs,gradual_drift_00,,,,[np.float64(798.8)],"[500, 1000]",,,00:00:00,0.3406926000025123,0.0002433518571446,,,,700.0,280.0,,,
Zheng DBSCAN,AdditionalLogs,gradual_drift_00,,,,[np.float64(798.8)],"[500, 1000]",,,00:00:00,0.3406926000025123,0.0002433518571446,,,,700.0,350.0,,,
LCDD,AdditionalLogs,gradual_drift_07,1200.0,1200.0,200.0,[],"[500, 1000]",,,00:00:00,0.0074558999986038,5.32564285614561e-06,,,,,,,,
Process Graph Metrics,AdditionalLogs,sudden_drift_02,,,,"[457, 1082, 1457]","[500, 1000]",0.8,62.5,00:00:01,1.5252820999958203,0.0010168547333305,0.1,100.0,400.0,,,,,
LCDD,AdditionalLogs,sudden_drift_04,100.0,100.0,20.0,"[108, 209, 309, 409, 512, 633, 757, 865, 980, 1080, 1186, 1295, 1415]","[500, 1000]",0.2666666666666667,16.0,00:00:00,0.0197648000030312,1.317653333535418e-05,,,,,,,,
Process Graph Metrics,AdditionalLogs,sudden_drift_04,,,,"[609, 1257]","[500, 1000]",0.5,109.0,00:00:02,2.631384200001776,0.0017542561333345,0.0001,100.0,700.0,,,,,
Process Graph Metrics,AdditionalLogs,sudden_drift_06,,,,"[673, 1321]","[500, 1000]",0.5,173.0,00:00:08,8.59363730000041,0.0057290915333336,0.005,100.0,700.0,,,,,
Process Graph Metrics,AdditionalLogs,recurring_drift_09,,,,"[557, 1069]","[500, 1000]",1.0,63.0,00:00:08,8.630501699997694,0.0057536677999984,0.0001,300.0,400.0,,,,,
Process Graph Metrics,AdditionalLogs,sudden_drift_01,,,,"[546, 1134]","[500, 1000]",1.0,90.0,00:00:04,4.42396820000431,0.0029493121333362,0.0001,100.0,600.0,,,,,
Process Graph Metrics,AdditionalLogs,gradual_drift_02,,,,"[600, 1200]","[500, 1000]",1.0,150.0,00:00:00,0.3196776999975554,0.0002283412142839,0.0001,400.0,500.0,,,,,
Process Graph Metrics,AdditionalLogs,sudden_drift_04,,,,"[569, 1319]","[500, 1000]",0.5,69.0,00:00:01,1.757493599994632,0.0011716623999964,0.05,200.0,700.0,,,,,
Process Graph Metrics,AdditionalLogs,sudden_drift_07,,,,"[468, 1040]","[500, 1000]",1.0,36.0,00:00:00,0.7610786000004737,0.0005073857333336,0.05,100.0,500.0,,,,,
Zheng DBSCAN,AdditionalLogs,gradual_drift_01,,,,"[np.float64(977.3846153846154), np.float64(1268.6666666666667), np.float64(1384.0)]","[500, 1000]",0.4,22.61538461538464,00:00:00,0.482542799996736,0.000344673428569,,,,800.0,80.0,,,
Zheng DBSCAN,AdditionalLogs,gradual_drift_01,,,,[np.float64(1052.7058823529412)],"[500, 1000]",0.6666666666666666,52.70588235294122,00:00:00,0.482542799996736,0.000344673428569,,,,800.0,160.0,,,
Zheng DBSCAN,AdditionalLogs,gradual_drift_01,,,,[np.float64(1052.7058823529412)],"[500, 1000]",0.6666666666666666,52.70588235294122,00:00:00,0.482542799996736,0.000344673428569,,,,800.0,240.0,,,
Zheng DBSCAN,AdditionalLogs,gradual_drift_01,,,,[np.float64(1052.7058823529412)],"[500, 1000]",0.6666666666666666,52.70588235294122,00:00:00,0.482542799996736,0.000344673428569,,,,800.0,320.0,,,
Zheng DBSCAN,AdditionalLogs,gradual_drift_01,,,,[np.float64(1052.7058823529412)],"[500, 1000]",0.6666666666666666,52.70588235294122,00:00:00,0.482542799996736,0.000344673428569,,,,800.0,400.0,,,
Process Graph Metrics,AdditionalLogs,gradual_drift_02,,,,"[450, 1074]","[500, 1000]",1.0,62.0,00:00:09,9.750334999996994,0.0069645249999978,0.05,100.0,400.0,,,,,
Process Graph Metrics,AdditionalLogs,sudden_drift_03,,,,"[633, 1152]","[500, 1000]",1.0,142.5,00:00:03,3.2709820000018226,0.0021806546666678,0.005,200.0,400.0,,,,,
Zheng DBSCAN,AdditionalLogs,gradual_drift_07,,,,"[np.float64(740.5), np.float64(937.0)]","[500, 1000]",0.5,63.0,00:00:00,0.2828368999980739,0.0002020263571414,,,,700.0,70.0,,,
Zheng DBSCAN,AdditionalLogs,gradual_drift_07,,,,"[np.float64(740.5), np.float64(937.0)]","[500, 1000]",0.5,63.0,00:00:00,0.2828368999980739,0.0002020263571414,,,,700.0,140.0,,,
Zheng DBSCAN,AdditionalLogs,gradual_drift_07,,,,[np.float64(858.4)],"[500, 1000]",0.6666666666666666,141.60000000000002,00:00:00,0.2828368999980739,0.0002020263571414,,,,700.0,210.0,,,
Zheng DBSCAN,AdditionalLogs,gradual_drift_07,,,,[np.float64(792.3333333333334)],"[500, 1000]",,,00:00:00,0.2828368999980739,0.0002020263571414,,,,700.0,280.0,,,
Zheng DBSCAN,AdditionalLogs,gradual_drift_07,,,,[np.float64(792.3333333333334)],"[500, 1000]",,,00:00:00,0.2828368999980739,0.0002020263571414,,,,700.0,350.0,,,
LCDD,AdditionalLogs,recurring_drift_04,800.0,800.0,20.0,[],"[500, 1000]",,,00:00:00,0.0118730000031064,7.915333335404283e-06,,,,,,,,
Process Graph Metrics,AdditionalLogs,recurring_drift_06,,,,[],"[500, 1000]",,,00:00:04,4.446689199998218,0.0029644594666654,0.0001,400.0,600.0,,,,,
Process Graph Metrics,AdditionalLogs,recurring_drift_08,,,,"[717, 1667]","[500, 1000]",,,00:00:11,11.692180199999711,0.0077947867999998,0.05,100.0,700.0,,,,,
Zheng DBSCAN,AdditionalLogs,gradual_drift_02,,,,"[np.float64(761.6923076923077), np.float64(1041.56), np.float64(1245.0), np.float64(1332.5)]","[500, 1000]",0.3333333333333333,41.559999999999945,00:00:00,0.4060905000005732,0.0002900646428575,,,,500.0,50.0,,,
Zheng DBSCAN,AdditionalLogs,gradual_drift_02,,,,[np.float64(779.4)],"[500, 1000]",,,00:00:00,0.4060905000005732,0.0002900646428575,,,,500.0,100.0,,,
Zheng DBSCAN,AdditionalLogs,gradual_drift_02,,,,[np.float64(752.1923076923077)],"[500, 1000]",,,00:00:00,0.4060905000005732,0.0002900646428575,,,,500.0,150.0,,,
Zheng DBSCAN,AdditionalLogs,gradual_drift_02,,,,[np.float64(752.1923076923077)],"[500, 1000]",,,00:00:00,0.4060905000005732,0.0002900646428575,,,,500.0,200.0,,,
Zheng DBSCAN,AdditionalLogs,gradual_drift_02,,,,[np.float64(752.1923076923077)],"[500, 1000]",,,00:00:00,0.4060905000005732,0.0002900646428575,,,,500.0,250.0,,,
Process Graph Metrics,AdditionalLogs,recurring_drift_06,,,,"[750, 974, 1190]","[500, 1000]",0.4,26.0,00:00:03,3.277216899994528,0.002184811266663,0.1,400.0,600.0,,,,,
Process Graph Metrics,AdditionalLogs,recurring_drift_06,,,,"[750, 974, 1190]","[500, 1000]",0.4,26.0,00:00:03,3.638681399999769,0.0024257875999998,0.1,300.0,600.0,,,,,
LCDD,AdditionalLogs,gradual_drift_02,600.0,600.0,200.0,"[612, 1245]","[500, 1000]",0.5,112.0,00:00:00,0.022135100000014,1.581078571429576e-05,,,,,,,,
Process Graph Metrics,AdditionalLogs,sudden_drift_00,,,,"[553, 1174]","[500, 1000]",1.0,113.5,00:00:02,2.928066599997692,0.0019520443999984,0.005,200.0,500.0,,,,,
LCDD,AdditionalLogs,recurring_drift_05,1200.0,1200.0,100.0,[1228],"[500, 1000]",,,00:00:00,0.0191852000061771,1.2790133337451457e-05,,,,,,,,
Process Graph Metrics,AdditionalLogs,gradual_drift_09,,,,"[543, 1083]","[500, 1000]",1.0,63.0,00:00:00,0.7473854999989271,0.0005338467857135,0.0001,300.0,500.0,,,,,
LCDD,AdditionalLogs,sudden_drift_05,600.0,600.0,50.0,[1000],"[500, 1000]",0.6666666666666666,0.0,00:00:00,0.0169617000065045,1.1307800004336362e-05,,,,,,,,
Process Graph Metrics,AdditionalLogs,gradual_drift_05,,,,"[498, 1041]","[500, 1000]",1.0,21.5,00:00:05,5.183064300006663,0.003702188785719,0.0001,300.0,600.0,,,,,
LCDD,AdditionalLogs,sudden_drift_05,600.0,600.0,20.0,[1000],"[500, 1000]",0.6666666666666666,0.0,00:00:00,0.0220772999964538,1.471819999763587e-05,,,,,,,,
Process Graph Metrics,AdditionalLogs,gradual_drift_00,,,,"[622, 1368]","[500, 1000]",0.5,122.0,00:00:00,0.6827843999999459,0.0004877031428571,0.05,400.0,400.0,,,,,
Process Graph Metrics,AdditionalLogs,recurring_drift_07,,,,"[304, 564, 939, 1314]","[500, 1000]",0.6666666666666666,62.5,00:00:00,0.8885661999956938,0.0005923774666637,0.1,100.0,600.0,,,,,
Process Graph Metrics,AdditionalLogs,recurring_drift_09,,,,"[544, 1079]","[500, 1000]",1.0,61.5,00:00:05,5.843652000003203,0.0038957680000021,0.05,200.0,500.0,,,,,
Process Graph Metrics,AdditionalLogs,sudden_drift_04,,,,"[577, 1327]","[500, 1000]",0.5,77.0,00:00:02,2.135653600002115,0.001423769066668,0.005,200.0,700.0,,,,,
Process Graph Metrics,AdditionalLogs,sudden_drift_04,,,,[584],"[500, 1000]",0.6666666666666666,84.0,00:00:01,1.8421904999995604,0.0012281269999997,0.005,300.0,400.0,,,,,
LCDD,AdditionalLogs,recurring_drift_07,400.0,400.0,10.0,"[502, 1000]","[500, 1000]",1.0,1.0,00:00:00,0.0175797999982023,1.171986666546824e-05,,,,,,,,
Process Graph Metrics,AdditionalLogs,gradual_drift_05,,,,"[600, 1200]","[500, 1000]",1.0,150.0,00:00:00,0.2274487999966368,0.000162463428569,0.05,400.0,700.0,,,,,
Process Graph Metrics,AdditionalLogs,sudden_drift_03,,,,[1071],"[500, 1000]",0.6666666666666666,71.0,00:00:00,0.7012274000007892,0.0004674849333338,0.0001,200.0,400.0,,,,,
LCDD,AdditionalLogs,sudden_drift_03,300.0,300.0,5.0,"[359, 688, 1009, 1362]","[500, 1000]",0.6666666666666666,75.0,00:00:00,0.0111683000068296,7.445533337886446e-06,,,,,,,,
Process Graph Metrics,AdditionalLogs,gradual_drift_03,,,,"[525, 1075]","[500, 1000]",1.0,50.0,00:00:02,2.12124230000336,0.0015151730714309,0.1,100.0,400.0,,,,,
Process Graph Metrics,AdditionalLogs,gradual_drift_08,,,,"[600, 1200]","[500, 1000]",1.0,150.0,00:00:00,0.1745623999959207,0.0001246874285685,0.005,400.0,500.0,,,,,
Process Graph Metrics,AdditionalLogs,recurring_drift_03,,,,[676],"[500, 1000]",0.6666666666666666,176.0,00:00:04,4.093693799994071,0.002729129199996,0.0001,300.0,600.0,,,,,
Process Graph Metrics,AdditionalLogs,gradual_drift_09,,,,"[600, 1200]","[500, 1000]",1.0,150.0,00:00:00,0.3415554000021075,0.0002439681428586,0.005,400.0,500.0,,,,,
Process Graph Metrics,AdditionalLogs,recurring_drift_08,,,,[950],"[500, 1000]",0.6666666666666666,50.0,00:00:00,0.5900130000009085,0.0003933420000006,0.0001,200.0,500.0,,,,,
LCDD,AdditionalLogs,recurring_drift_03,1200.0,1200.0,200.0,[1348],"[500, 1000]",,,00:00:00,0.0095556999949621,6.370466663308131e-06,,,,,,,,
LCDD,AdditionalLogs,gradual_drift_08,200.0,200.0,5.0,"[208, 416, 649, 862, 1070, 1278]","[500, 1000]",0.5,77.0,00:00:00,0.0144791999991866,1.0342285713704767e-05,,,,,,,,
Process Graph Metrics,AdditionalLogs,recurring_drift_04,,,,"[633, 1152]","[500, 1000]",1.0,142.5,00:00:03,3.6524882999947295,0.0024349921999964,0.005,200.0,600.0,,,,,
Process Graph Metrics,AdditionalLogs,sudden_drift_07,,,,"[600, 1155, 1467]","[500, 1000]",0.8,127.5,00:00:00,0.4419438999975682,0.000294629266665,0.1,400.0,400.0,,,,,
LCDD,AdditionalLogs,gradual_drift_04,200.0,200.0,5.0,"[201, 401, 655, 892, 1092, 1334]","[500, 1000]",0.5,95.5,00:00:00,0.0088048000034177,6.28914285958412e-06,,,,,,,,
LCDD,AdditionalLogs,recurring_drift_09,800.0,800.0,5.0,[],"[500, 1000]",,,00:00:00,0.0221063999997568,1.4737599999837887e-05,,,,,,,,
LCDD,AdditionalLogs,recurring_drift_06,300.0,300.0,50.0,"[309, 672, 1008, 1401]","[500, 1000]",0.6666666666666666,90.0,00:00:00,0.2418610000022454,0.0001612406666681,,,,,,,,
LCDD,AdditionalLogs,sudden_drift_00,800.0,800.0,10.0,[1000],"[500, 1000]",0.6666666666666666,0.0,00:00:00,0.0083338999975239,5.555933331682657e-06,,,,,,,,
LCDD,AdditionalLogs,recurring_drift_05,1200.0,1200.0,200.0,[1228],"[500, 1000]",,,00:00:00,0.0211434999946504,1.4095666663100322e-05,,,,,,,,
LCDD,AdditionalLogs,recurring_drift_02,800.0,800.0,20.0,[841],"[500, 1000]",0.6666666666666666,159.0,00:00:00,0.0265025999979116,1.7668399998607734e-05,,,,,,,,
Process Graph Metrics,AdditionalLogs,gradual_drift_09,,,,"[527, 1065]","[500, 1000]",1.0,46.0,00:00:01,1.843562900001416,0.0013168306428581,0.005,200.0,700.0,,,,,
Process Graph Metrics,AdditionalLogs,sudden_drift_06,,,,[728],"[500, 1000]",,,00:00:57,57.92993569999817,0.0386199571333321,0.0001,400.0,500.0,,,,,
LCDD,AdditionalLogs,sudden_drift_06,400.0,400.0,100.0,"[500, 919, 1452]","[500, 1000]",0.8,40.5,00:00:00,0.0743928000010782,4.9595200000718856e-05,,,,,,,,
Process Graph Metrics,AdditionalLogs,sudden_drift_00,,,,"[600, 1158]","[500, 1000]",1.0,129.0,00:00:00,0.2506264000039664,0.0001670842666693,0.1,400.0,400.0,,,,,
LCDD,AdditionalLogs,gradual_drift_03,300.0,300.0,20.0,"[315, 626, 931, 1390]","[500, 1000]",0.6666666666666666,97.5,00:00:00,0.0088963000016519,6.354500001179985e-06,,,,,,,,
LCDD,AdditionalLogs,gradual_drift_01,400.0,400.0,200.0,"[443, 911, 1353]","[500, 1000]",0.8,73.0,00:00:00,0.0290458999952534,2.0747071425181016e-05,,,,,,,,
LCDD,AdditionalLogs,gradual_drift_06,100.0,100.0,5.0,"[103, 251, 401, 503, 627, 768, 913, 1013, 1121, 1239, 1343]","[500, 1000]",0.3076923076923077,8.0,00:00:00,0.0694906999997329,4.96362142855235e-05,,,,,,,,
Zheng DBSCAN,AdditionalLogs,gradual_drift_01,,,,"[np.float64(494.6818181818182), np.float64(700.0666666666667), np.float64(960.5), np.float64(1117.6), np.float64(1271.75), np.float64(1368.5)]","[500, 1000]",0.5,22.409090909090907,00:00:00,0.5022432999976445,0.000358745214284,,,,400.0,40.0,,,
Zheng DBSCAN,AdditionalLogs,gradual_drift_01,,,,"[np.float64(577.9459459459459), np.float64(994.6521739130435), np.float64(1304.0)]","[500, 1000]",0.8,41.64688601645122,00:00:00,0.5022432999976445,0.000358745214284,,,,400.0,80.0,,,
Zheng DBSCAN,AdditionalLogs,gradual_drift_01,,,,"[np.float64(564.6410256410256), np.float64(1058.655172413793)]","[500, 1000]",1.0,61.64809902740933,00:00:00,0.5022432999976445,0.000358745214284,,,,400.0,120.0,,,
Zheng DBSCAN,AdditionalLogs,gradual_drift_01,,,,[np.float64(775.3235294117648)],"[500, 1000]",,,00:00:00,0.5022432999976445,0.000358745214284,,,,400.0,160.0,,,
Zheng DBSCAN,AdditionalLogs,gradual_drift_01,,,,[np.float64(766.1014492753624)],"[500, 1000]",,,00:00:00,0.5022432999976445,0.000358745214284,,,,400.0,200.0,,,
LCDD,AdditionalLogs,gradual_drift_00,300.0,300.0,10.0,"[413, 912]","[500, 1000]",1.0,87.5,00:00:00,0.0083830000003217,5.98785714308698e-06,,,,,,,,
Process Graph Metrics,AdditionalLogs,recurring_drift_09,,,,"[557, 1069]","[500, 1000]",1.0,63.0,00:00:09,9.268331799998125,0.0061788878666654,0.0001,100.0,500.0,,,,,
LCDD,AdditionalLogs,gradual_drift_08,300.0,300.0,100.0,"[323, 649, 950, 1278]","[500, 1000]",0.6666666666666666,99.5,00:00:00,0.0132263999985298,9.44742857037844e-06,,,,,,,,
LCDD,AdditionalLogs,sudden_drift_04,600.0,600.0,5.0,"[633, 1492]","[500, 1000]",0.5,133.0,00:00:00,0.0124021000010543,8.268066667369566e-06,,,,,,,,
Process Graph Metrics,AdditionalLogs,gradual_drift_09,,,,"[573, 1092]","[500, 1000]",1.0,82.5,00:00:03,3.4335404000012204,0.0024525288571437,0.0001,200.0,500.0,,,,,
Process Graph Metrics,AdditionalLogs,sudden_drift_08,,,,"[698, 1061, 1336]","[500, 1000]",0.8,129.5,00:00:01,1.4113083999982337,0.0009408722666654,0.1,200.0,400.0,,,,,
Process Graph Metrics,AdditionalLogs,gradual_drift_02,,,,[450],"[500, 1000]",0.6666666666666666,50.0,00:00:01,1.3684816000022693,0.0009774868571444,0.0001,100.0,500.0,,,,,
LCDD,AdditionalLogs,gradual_drift_06,300.0,300.0,200.0,"[411, 725, 1028, 1392]","[500, 1000]",0.6666666666666666,58.5,00:00:00,0.0669146000000182,4.7796142857155895e-05,,,,,,,,
LCDD,AdditionalLogs,sudden_drift_03,400.0,400.0,100.0,"[417, 914]","[500, 1000]",1.0,84.5,00:00:00,0.0158916000000317,1.0594400000021172e-05,,,,,,,,
Process Graph Metrics,AdditionalLogs,sudden_drift_09,,,,[600],"[500, 1000]",0.6666666666666666,100.0,00:00:00,0.5164715999999316,0.0003443143999999,0.1,400.0,400.0,,,,,
Process Graph Metrics,AdditionalLogs,gradual_drift_07,,,,[942],"[500, 1000]",0.6666666666666666,58.0,00:00:00,0.6573221999933594,0.0004695158571381,0.05,200.0,400.0,,,,,
LCDD,AdditionalLogs,sudden_drift_05,400.0,400.0,150.0,"[423, 995, 1497]","[500, 1000]",0.8,41.0,00:00:00,0.1742047000007005,0.0001161364666671,,,,,,,,
LCDD,AdditionalLogs,recurring_drift_00,300.0,300.0,5.0,"[502, 836, 1259]","[500, 1000]",0.8,83.0,00:00:00,0.0090777999939746,6.051866662649748e-06,,,,,,,,
LCDD,AdditionalLogs,gradual_drift_02,1200.0,1200.0,100.0,[1245],"[500, 1000]",,,00:00:00,0.0215746000030776,1.541042857362689e-05,,,,,,,,
Process Graph Metrics,AdditionalLogs,recurring_drift_00,,,,"[567, 1086]","[500, 1000]",1.0,76.5,00:00:01,1.2029202000048826,0.0008019468000032,0.0001,200.0,700.0,,,,,
Process Graph Metrics,AdditionalLogs,sudden_drift_09,,,,"[574, 1114]","[500, 1000]",1.0,94.0,00:00:06,6.99933140000212,0.0046662209333347,0.0001,300.0,700.0,,,,,
Process Graph Metrics,AdditionalLogs,gradual_drift_04,,,,"[600, 1200]","[500, 1000]",1.0,150.0,00:00:00,0.1885215000002063,0.0001346582142858,0.1,400.0,700.0,,,,,
LCDD,AdditionalLogs,sudden_drift_06,600.0,600.0,10.0,"[805, 1452]","[500, 1000]",0.5,195.0,00:00:00,0.0809465999991516,5.396439999943444e-05,,,,,,,,
Process Graph Metrics,AdditionalLogs,recurring_drift_01,,,,"[339, 651, 963, 1742]","[500, 1000]",0.6666666666666666,94.0,00:00:02,2.2924158000023453,0.0015282772000015,0.05,100.0,600.0,,,,,
Process Graph Metrics,AdditionalLogs,sudden_drift_06,,,,"[551, 1035]","[500, 1000]",1.0,43.0,00:00:23,23.828019499997023,0.0158853463333313,0.0001,400.0,400.0,,,,,
LCDD,AdditionalLogs,recurring_drift_05,1200.0,1200.0,50.0,[1228],"[500, 1000]",,,00:00:00,0.0131626999936997,8.775133329133194e-06,,,,,,,,
Zheng DBSCAN,AdditionalLogs,recurring_drift_06,,,,"[np.float64(309.5), np.float64(341.0), np.float64(398.5), np.float64(511.5), np.float64(574.0), np.float64(687.25), np.float64(838.5), np.float64(904.0), np.float64(985.1428571428571), np.float64(1072.5), np.float64(1231.0), np.float64(1401.0), np.float64(1454.0)]","[500, 1000]",0.2666666666666667,13.178571428571445,00:00:00,0.7266729000039049,0.0004844486000026,,,,300.0,30.0,,,
Zheng DBSCAN,AdditionalLogs,recurring_drift_06,,,,"[np.float64(351.4), np.float64(532.3333333333334), np.float64(687.25), np.float64(983.3571428571429), np.float64(1231.0), np.float64(1427.5)]","[500, 1000]",0.5,24.48809523809524,00:00:00,0.7266729000039049,0.0004844486000026,,,,300.0,60.0,,,
Zheng DBSCAN,AdditionalLogs,recurring_drift_06,,,,"[np.float64(351.4), np.float64(605.2352941176471), np.float64(983.3571428571429), np.float64(1231.0), np.float64(1427.5)]","[500, 1000]",0.5714285714285715,60.93907563025209,00:00:00,0.7266729000039049,0.0004844486000026,,,,300.0,90.0,,,
Zheng DBSCAN,AdditionalLogs,recurring_drift_06,,,,"[np.float64(717.0277777777778), np.float64(1231.0), np.float64(1427.5)]","[500, 1000]",,,00:00:00,0.7266729000039049,0.0004844486000026,,,,300.0,120.0,,,
Zheng DBSCAN,AdditionalLogs,recurring_drift_06,,,,"[np.float64(730.918918918919), np.float64(1427.5)]","[500, 1000]",,,00:00:00,0.7266729000039049,0.0004844486000026,,,,300.0,150.0,,,
Process Graph Metrics,AdditionalLogs,recurring_drift_09,,,,"[547, 1014]","[500, 1000]",1.0,30.5,00:00:06,6.350552399999288,0.0042337015999995,0.05,100.0,700.0,,,,,
LCDD,AdditionalLogs,recurring_drift_01,800.0,800.0,5.0,[1261],"[500, 1000]",,,00:00:00,0.0308750000040163,2.058333333601089e-05,,,,,,,,
Process Graph Metrics,AdditionalLogs,recurring_drift_00,,,,"[531, 1047]","[500, 1000]",1.0,39.0,00:00:02,2.6229681999975583,0.001748645466665,0.1,300.0,400.0,,,,,
Process Graph Metrics,AdditionalLogs,recurring_drift_03,,,,"[312, 624, 1050]","[500, 1000]",0.8,87.0,00:00:01,1.2181122999973013,0.0008120748666648,0.005,100.0,700.0,,,,,
LCDD,AdditionalLogs,recurring_drift_01,600.0,600.0,10.0,"[618, 1261]","[500, 1000]",0.5,118.0,00:00:00,0.0294009999997797,1.960066666651983e-05,,,,,,,,
Zheng DBSCAN,AdditionalLogs,recurring_drift_03,,,,"[np.float64(911.0), np.float64(1188.0), np.float64(1377.0)]","[500, 1000]",0.4,89.0,00:00:00,0.3647109000012278,0.0002431406000008,,,,700.0,70.0,,,
Zheng DBSCAN,AdditionalLogs,recurring_drift_03,,,,"[np.float64(911.0), np.float64(1282.5)]","[500, 1000]",0.5,89.0,00:00:00,0.3647109000012278,0.0002431406000008,,,,700.0,140.0,,,
Zheng DBSCAN,AdditionalLogs,recurring_drift_03,,,,"[np.float64(911.0), np.float64(1282.5)]","[500, 1000]",0.5,89.0,00:00:00,0.3647109000012278,0.0002431406000008,,,,700.0,210.0,,,
Zheng DBSCAN,AdditionalLogs,recurring_drift_03,,,,[np.float64(759.9090909090909)],"[500, 1000]",,,00:00:00,0.3647109000012278,0.0002431406000008,,,,700.0,280.0,,,
Zheng DBSCAN,AdditionalLogs,recurring_drift_03,,,,[np.float64(759.9090909090909)],"[500, 1000]",,,00:00:00,0.3647109000012278,0.0002431406000008,,,,700.0,350.0,,,
LCDD,AdditionalLogs,recurring_drift_01,400.0,400.0,200.0,"[424, 1043]","[500, 1000]",1.0,59.5,00:00:00,0.0291198000049917,1.94132000033278e-05,,,,,,,,
Process Graph Metrics,AdditionalLogs,sudden_drift_04,,,,[603],"[500, 1000]",0.6666666666666666,103.0,00:00:02,2.9708171999955084,0.001980544799997,0.0001,200.0,400.0,,,,,
LCDD,AdditionalLogs,recurring_drift_06,100.0,100.0,10.0,"[143, 248, 356, 464, 569, 672, 778, 882, 986, 1183, 1318, 1454]","[500, 1000]",0.2857142857142857,25.0,00:00:00,0.0728295000008074,4.855300000053831e-05,,,,,,,,
LCDD,AdditionalLogs,sudden_drift_08,300.0,300.0,100.0,"[308, 626, 932, 1233]","[500, 1000]",0.6666666666666666,97.0,00:00:00,0.0120720000049914,8.048000003327616e-06,,,,,,,,
LCDD,AdditionalLogs,recurring_drift_06,400.0,400.0,50.0,"[500, 939, 1401]","[500, 1000]",0.8,30.5,00:00:00,0.0683313000045018,4.555420000300122e-05,,,,,,,,
Process Graph Metrics,AdditionalLogs,sudden_drift_00,,,,"[600, 1201]","[500, 1000]",0.5,100.0,00:00:00,0.1603592999963439,0.0001069061999975,0.005,400.0,500.0,,,,,
LCDD,AdditionalLogs,recurring_drift_04,200.0,200.0,100.0,"[261, 500, 719, 928, 1177, 1391]","[500, 1000]",0.5,36.0,00:00:00,0.0179553999987547,1.1970266665836486e-05,,,,,,,,
Process Graph Metrics,AdditionalLogs,gradual_drift_03,,,,"[530, 1083]","[500, 1000]",1.0,56.5,00:00:02,2.0526161000016145,0.001466154357144,0.005,300.0,400.0,,,,,
Process Graph Metrics,AdditionalLogs,gradual_drift_07,,,,[940],"[500, 1000]",0.6666666666666666,60.0,00:00:00,0.4252846000017598,0.0003037747142869,0.1,200.0,400.0,,,,,
Process Graph Metrics,AdditionalLogs,sudden_drift_02,,,,"[457, 1082, 1457]","[500, 1000]",0.8,62.5,00:00:01,1.3044664000044577,0.0008696442666696,0.1,300.0,400.0,,,,,
Process Graph Metrics,AdditionalLogs,gradual_drift_05,,,,"[466, 1012, 1336]","[500, 1000]",0.8,23.0,00:00:01,1.0544135000018289,0.0007531525000013,0.05,300.0,700.0,,,,,
Process Graph Metrics,AdditionalLogs,recurring_drift_01,,,,"[1047, 1695]","[500, 1000]",0.5,47.0,00:00:01,1.8126981999957927,0.0012084654666638,0.0001,200.0,500.0,,,,,
Process Graph Metrics,AdditionalLogs,gradual_drift_04,,,,"[540, 1188]","[500, 1000]",1.0,114.0,00:00:00,0.2936004000002867,0.0002097145714287,0.005,300.0,600.0,,,,,
LCDD,AdditionalLogs,gradual_drift_01,1200.0,1200.0,10.0,[1248],"[500, 1000]",,,00:00:00,0.0288407000043662,2.060050000311873e-05,,,,,,,,
Process Graph Metrics,AdditionalLogs,recurring_drift_05,,,,"[413, 1037, 1661]","[500, 1000]",0.8,62.0,00:00:02,2.262026500000502,0.001508017666667,0.05,200.0,500.0,,,,,
Process Graph Metrics,AdditionalLogs,sudden_drift_04,,,,"[603, 1227]","[500, 1000]",0.5,103.0,00:00:03,3.031571899999108,0.0020210479333327,0.0001,200.0,700.0,,,,,
Process Graph Metrics,AdditionalLogs,gradual_drift_06,,,,"[468, 1008]","[500, 1000]",1.0,20.0,00:00:04,4.415452400004142,0.0031538945714315,0.005,300.0,400.0,,,,,
Process Graph Metrics,AdditionalLogs,gradual_drift_02,,,,"[600, 1156]","[500, 1000]",1.0,128.0,00:00:00,0.5666593999994802,0.0004047567142853,0.1,400.0,400.0,,,,,
Process Graph Metrics,AdditionalLogs,recurring_drift_08,,,,"[581, 893, 1268]","[500, 1000]",0.8,94.0,00:00:00,0.3900636000034865,0.0002600424000023,0.05,200.0,400.0,,,,,
Process Graph Metrics,AdditionalLogs,gradual_drift_03,,,,"[558, 1098]","[500, 1000]",1.0,78.0,00:00:00,0.6702854000031948,0.0004787752857165,0.0001,300.0,700.0,,,,,
Zheng DBSCAN,AdditionalLogs,sudden_drift_04,,,,"[np.float64(849.0), np.float64(1024.5882352941176), np.float64(1492.0)]","[500, 1000]",0.4,24.588235294117567,00:00:00,0.4887734000003547,0.0003258489333335,,,,800.0,80.0,,,
Zheng DBSCAN,AdditionalLogs,sudden_drift_04,,,,"[np.float64(1014.8333333333334), np.float64(1492.0)]","[500, 1000]",0.5,14.833333333333371,00:00:00,0.4887734000003547,0.0003258489333335,,,,800.0,160.0,,,
Zheng DBSCAN,AdditionalLogs,sudden_drift_04,,,,"[np.float64(1014.8333333333334), np.float64(1492.0)]","[500, 1000]",0.5,14.833333333333371,00:00:00,0.4887734000003547,0.0003258489333335,,,,800.0,240.0,,,
Zheng DBSCAN,AdditionalLogs,sudden_drift_04,,,,"[np.float64(1014.8333333333334), np.float64(1492.0)]","[500, 1000]",0.5,14.833333333333371,00:00:00,0.4887734000003547,0.0003258489333335,,,,800.0,320.0,,,
Zheng DBSCAN,AdditionalLogs,sudden_drift_04,,,,[],"[500, 1000]",,,00:00:00,0.4887734000003547,0.0003258489333335,,,,800.0,400.0,,,
Process Graph Metrics,AdditionalLogs,gradual_drift_08,,,,"[612, 1152]","[500, 1000]",1.0,132.0,00:00:02,2.272904600002221,0.0016235032857158,0.005,300.0,400.0,,,,,
Process Graph Metrics,AdditionalLogs,sudden_drift_08,,,,[726],"[500, 1000]",,,00:00:03,3.764545900005032,0.00250969726667,0.0001,300.0,400.0,,,,,
LCDD,AdditionalLogs,recurring_drift_06,400.0,400.0,5.0,"[500, 939, 1401]","[500, 1000]",0.8,30.5,00:00:00,0.0754342000000178,5.0289466666678586e-05,,,,,,,,
Zheng DBSCAN,AdditionalLogs,sudden_drift_04,,,,"[np.float64(335.0), np.float64(488.90909090909093), np.float64(731.0), np.float64(826.1666666666666), np.float64(922.0), np.float64(1029.9545454545455), np.float64(1187.6666666666667), np.float64(1329.0), np.float64(1415.0), np.float64(1492.0)]","[500, 1000]",0.3333333333333333,20.52272727272728,00:00:00,0.5224600000001374,0.0003483066666667,,,,300.0,30.0,,,
Zheng DBSCAN,AdditionalLogs,sudden_drift_04,,,,"[np.float64(479.0851063829787), np.float64(972.28125), np.float64(1187.6666666666667), np.float64(1329.0), np.float64(1415.0), np.float64(1492.0)]","[500, 1000]",0.5,24.31682180851064,00:00:00,0.5224600000001374,0.0003483066666667,,,,300.0,60.0,,,
Zheng DBSCAN,AdditionalLogs,sudden_drift_04,,,,"[np.float64(479.0851063829787), np.float64(990.7428571428571), np.float64(1412.0)]","[500, 1000]",0.8,15.086018237082072,00:00:00,0.5224600000001374,0.0003483066666667,,,,300.0,90.0,,,
Zheng DBSCAN,AdditionalLogs,sudden_drift_04,,,,"[np.float64(697.4756097560976), np.float64(1412.0)]","[500, 1000]",0.5,197.4756097560976,00:00:00,0.5224600000001374,0.0003483066666667,,,,300.0,120.0,,,
Zheng DBSCAN,AdditionalLogs,sudden_drift_04,,,,[np.float64(682.5824175824176)],"[500, 1000]",0.6666666666666666,182.58241758241763,00:00:00,0.5224600000001374,0.0003483066666667,,,,300.0,150.0,,,
LCDD,AdditionalLogs,recurring_drift_02,600.0,600.0,100.0,"[637, 1258]","[500, 1000]",0.5,137.0,00:00:00,0.0223324000035063,1.4888266669004225e-05,,,,,,,,
LCDD,AdditionalLogs,sudden_drift_05,400.0,400.0,100.0,"[423, 995, 1497]","[500, 1000]",0.8,41.0,00:00:00,0.0165908999988459,1.1060599999230666e-05,,,,,,,,
LCDD,AdditionalLogs,sudden_drift_01,600.0,600.0,150.0,"[616, 1254]","[500, 1000]",0.5,116.0,00:00:00,0.0277490000007674,1.849933333384494e-05,,,,,,,,
LCDD,AdditionalLogs,gradual_drift_02,400.0,400.0,10.0,"[412, 815, 1245]","[500, 1000]",0.8,136.5,00:00:00,0.0215950999991036,1.5425071427931212e-05,,,,,,,,
Process Graph Metrics,AdditionalLogs,recurring_drift_00,,,,"[531, 1047]","[500, 1000]",1.0,39.0,00:00:02,2.755548000001,0.0018370320000006,0.1,300.0,600.0,,,,,
Process Graph Metrics,AdditionalLogs,recurring_drift_05,,,,"[610, 1210]","[500, 1000]",0.5,110.0,00:00:00,0.750178500005859,0.0005001190000039,0.05,400.0,700.0,,,,,
Process Graph Metrics,AdditionalLogs,gradual_drift_06,,,,"[465, 1005]","[500, 1000]",1.0,20.0,00:00:03,3.989127599998028,0.0028493768571414,0.05,300.0,400.0,,,,,
Process Graph Metrics,AdditionalLogs,recurring_drift_04,,,,[638],"[500, 1000]",0.6666666666666666,138.0,00:00:03,3.3719240999998874,0.0022479493999999,0.005,300.0,400.0,,,,,
Process Graph Metrics,AdditionalLogs,gradual_drift_00,,,,"[632, 1256]","[500, 1000]",0.5,132.0,00:00:00,0.6038342999963788,0.0004313102142831,0.05,200.0,600.0,,,,,
LCDD,AdditionalLogs,recurring_drift_01,300.0,300.0,100.0,"[348, 660, 977, 1277]","[500, 1000]",0.6666666666666666,87.5,00:00:00,0.0278121000010287,1.8541400000685827e-05,,,,,,,,
Process Graph Metrics,AdditionalLogs,gradual_drift_07,,,,[1128],"[500, 1000]",0.6666666666666666,128.0,00:00:05,5.128073300002143,0.0036629095000015,0.0001,300.0,400.0,,,,,
Zheng DBSCAN,AdditionalLogs,recurring_drift_00,,,,"[np.float64(891.0), np.float64(1259.0)]","[500, 1000]",0.5,109.0,00:00:00,0.3368419999969774,0.0002245613333313,,,,800.0,80.0,,,
Zheng DBSCAN,AdditionalLogs,recurring_drift_00,,,,"[np.float64(891.0), np.float64(1259.0)]","[500, 1000]",0.5,109.0,00:00:00,0.3368419999969774,0.0002245613333313,,,,800.0,160.0,,,
Zheng DBSCAN,AdditionalLogs,recurring_drift_00,,,,[np.float64(1259.0)],"[500, 1000]",,,00:00:00,0.3368419999969774,0.0002245613333313,,,,800.0,240.0,,,
Zheng DBSCAN,AdditionalLogs,recurring_drift_00,,,,[np.float64(1259.0)],"[500, 1000]",,,00:00:00,0.3368419999969774,0.0002245613333313,,,,800.0,320.0,,,
Zheng DBSCAN,AdditionalLogs,recurring_drift_00,,,,[],"[500, 1000]",,,00:00:00,0.3368419999969774,0.0002245613333313,,,,800.0,400.0,,,
LCDD,AdditionalLogs,sudden_drift_04,300.0,300.0,5.0,"[337, 849, 1186, 1492]","[500, 1000]",0.6666666666666666,157.0,00:00:00,0.0131080000064685,8.738666670979001e-06,,,,,,,,
LCDD,AdditionalLogs,sudden_drift_00,800.0,800.0,50.0,[1000],"[500, 1000]",0.6666666666666666,0.0,00:00:00,0.1391546999948332,9.276979999655548e-05,,,,,,,,
LCDD,AdditionalLogs,recurring_drift_09,1200.0,1200.0,50.0,[],"[500, 1000]",,,00:00:00,0.0242001000005984,1.613340000039898e-05,,,,,,,,
Zheng DBSCAN,AdditionalLogs,sudden_drift_00,,,,[np.float64(1027.6)],"[500, 1000]",0.6666666666666666,27.59999999999991,00:00:00,0.4949691999936476,0.0003299794666624,,,,800.0,80.0,,,
Zheng DBSCAN,AdditionalLogs,sudden_drift_00,,,,[np.float64(1027.6)],"[500, 1000]",0.6666666666666666,27.59999999999991,00:00:00,0.4949691999936476,0.0003299794666624,,,,800.0,160.0,,,
Zheng DBSCAN,AdditionalLogs,sudden_drift_00,,,,[np.float64(1027.6)],"[500, 1000]",0.6666666666666666,27.59999999999991,00:00:00,0.4949691999936476,0.0003299794666624,,,,800.0,240.0,,,
Zheng DBSCAN,AdditionalLogs,sudden_drift_00,,,,[np.float64(1027.6)],"[500, 1000]",0.6666666666666666,27.59999999999991,00:00:00,0.4949691999936476,0.0003299794666624,,,,800.0,320.0,,,
Zheng DBSCAN,AdditionalLogs,sudden_drift_00,,,,[np.float64(1027.6)],"[500, 1000]",0.6666666666666666,27.59999999999991,00:00:00,0.4949691999936476,0.0003299794666624,,,,800.0,400.0,,,
Process Graph Metrics,AdditionalLogs,gradual_drift_06,,,,"[468, 1008]","[500, 1000]",1.0,20.0,00:00:05,5.402379200000723,0.0038588422857148,0.005,100.0,500.0,,,,,
LCDD,AdditionalLogs,sudden_drift_05,300.0,300.0,5.0,"[334, 643, 995, 1357]","[500, 1000]",0.6666666666666666,74.0,00:00:00,0.0201121999998576,1.3408133333238462e-05,,,,,,,,
Process Graph Metrics,AdditionalLogs,recurring_drift_00,,,,"[561, 1101]","[500, 1000]",1.0,81.0,00:00:00,0.7866654000026756,0.0005244436000017,0.0001,100.0,400.0,,,,,
LCDD,AdditionalLogs,sudden_drift_02,800.0,800.0,150.0,[1003],"[500, 1000]",0.6666666666666666,3.0,00:00:00,0.0280973999979323,1.873159999862158e-05,,,,,,,,
Process Graph Metrics,AdditionalLogs,recurring_drift_05,,,,"[562, 1102, 1643]","[500, 1000]",0.8,82.0,00:00:01,1.421949499999755,0.0009479663333331,0.1,300.0,400.0,,,,,
Process Graph Metrics,AdditionalLogs,sudden_drift_09,,,,"[600, 1200]","[500, 1000]",1.0,150.0,00:00:00,0.317053599996143,0.000211369066664,0.005,400.0,700.0,,,,,
Process Graph Metrics,AdditionalLogs,recurring_drift_08,,,,"[613, 1333]","[500, 1000]",0.5,113.0,00:00:00,0.619582100000116,0.0004130547333334,0.1,400.0,700.0,,,,,
Process Graph Metrics,AdditionalLogs,gradual_drift_08,,,,[],"[500, 1000]",,,00:00:17,17.14771109999856,0.0122483650714275,0.0001,100.0,600.0,,,,,
LCDD,AdditionalLogs,sudden_drift_01,200.0,200.0,50.0,"[213, 448, 795, 1000, 1254]","[500, 1000]",0.5714285714285715,26.0,00:00:00,0.027324700000463,1.821646666697537e-05,,,,,,,,
LCDD,AdditionalLogs,recurring_drift_04,600.0,600.0,100.0,"[628, 1277]","[500, 1000]",0.5,128.0,00:00:00,0.0129430000015418,8.628666667694537e-06,,,,,,,,
LCDD,AdditionalLogs,gradual_drift_09,300.0,300.0,100.0,"[408, 920]","[500, 1000]",1.0,86.0,00:00:00,0.0240304999970248,1.7164642855017778e-05,,,,,,,,
Process Graph Metrics,AdditionalLogs,recurring_drift_05,,,,"[592, 1111, 1673]","[500, 1000]",0.8,101.5,00:00:04,4.725265000000945,0.0031501766666672,0.0001,200.0,700.0,,,,,
Process Graph Metrics,AdditionalLogs,gradual_drift_03,,,,"[600, 1200]","[500, 1000]",1.0,150.0,00:00:00,0.1665607999966596,0.0001189719999976,0.005,400.0,700.0,,,,,
Process Graph Metrics,AdditionalLogs,recurring_drift_03,,,,"[607, 1147]","[500, 1000]",1.0,127.0,00:00:02,2.055022499996994,0.0013700149999979,0.005,300.0,400.0,,,,,
Process Graph Metrics,AdditionalLogs,sudden_drift_06,,,,"[612, 1212]","[500, 1000]",0.5,112.0,00:00:03,3.719368900005066,0.00247957926667,0.05,400.0,600.0,,,,,
LCDD,AdditionalLogs,gradual_drift_01,600.0,600.0,50.0,"[658, 1302]","[500, 1000]",0.5,158.0,00:00:00,0.0271100999962072,1.936435714014806e-05,,,,,,,,
LCDD,AdditionalLogs,sudden_drift_04,400.0,400.0,20.0,"[500, 946, 1492]","[500, 1000]",0.8,27.0,00:00:00,0.0090350999962538,6.0233999975025655e-06,,,,,,,,
LCDD,AdditionalLogs,sudden_drift_09,800.0,800.0,200.0,[1000],"[500, 1000]",0.6666666666666666,0.0,00:00:00,0.0231133999986923,1.5408933332461554e-05,,,,,,,,
LCDD,AdditionalLogs,recurring_drift_05,800.0,800.0,150.0,[888],"[500, 1000]",0.6666666666666666,112.0,00:00:00,0.0218372999952407,1.4558199996827173e-05,,,,,,,,
Process Graph Metrics,AdditionalLogs,recurring_drift_09,,,,"[547, 1014]","[500, 1000]",1.0,30.5,00:00:06,6.305879699997604,0.0042039197999984,0.05,100.0,500.0,,,,,
Process Graph Metrics,AdditionalLogs,gradual_drift_07,,,,"[625, 1545]","[500, 1000]",0.5,125.0,00:00:07,7.727513000005274,0.0055196521428609,0.005,200.0,500.0,,,,,
Process Graph Metrics,AdditionalLogs,gradual_drift_09,,,,"[600, 1200]","[500, 1000]",1.0,150.0,00:00:00,0.4807860000000801,0.0003434185714286,0.05,400.0,500.0,,,,,
Zheng DBSCAN,AdditionalLogs,gradual_drift_00,,,,"[np.float64(699.0), np.float64(938.6), np.float64(1206.0)]","[500, 1000]",0.8,130.2,00:00:00,0.33353630000056,0.0002382402142861,,,,600.0,60.0,,,
Zheng DBSCAN,AdditionalLogs,gradual_drift_00,,,,"[np.float64(699.0), np.float64(938.6), np.float64(1206.0)]","[500, 1000]",0.8,130.2,00:00:00,0.33353630000056,0.0002382402142861,,,,600.0,120.0,,,
Zheng DBSCAN,AdditionalLogs,gradual_drift_00,,,,"[np.float64(699.0), np.float64(938.6), np.float64(1206.0)]","[500, 1000]",0.8,130.2,00:00:00,0.33353630000056,0.0002382402142861,,,,600.0,180.0,,,
Zheng DBSCAN,AdditionalLogs,gradual_drift_00,,,,[np.float64(798.8)],"[500, 1000]",,,00:00:00,0.33353630000056,0.0002382402142861,,,,600.0,240.0,,,
Zheng DBSCAN,AdditionalLogs,gradual_drift_00,,,,[np.float64(798.8)],"[500, 1000]",,,00:00:00,0.33353630000056,0.0002382402142861,,,,600.0,300.0,,,
LCDD,AdditionalLogs,recurring_drift_02,800.0,800.0,50.0,[841],"[500, 1000]",0.6666666666666666,159.0,00:00:00,0.0241775000031339,1.61183333354226e-05,,,,,,,,
Process Graph Metrics,AdditionalLogs,sudden_drift_04,,,,"[600, 1320]","[500, 1000]",0.5,100.0,00:00:00,0.2962836000006064,0.0001975224000004,0.05,400.0,700.0,,,,,
LCDD,AdditionalLogs,sudden_drift_00,300.0,300.0,200.0,"[502, 1000]","[500, 1000]",1.0,1.0,00:00:00,0.0151821000035852,1.0121400002390148e-05,,,,,,,,
Process Graph Metrics,AdditionalLogs,gradual_drift_05,,,,"[498, 1041]","[500, 1000]",1.0,21.5,00:00:05,5.678320200000599,0.0040559430000004,0.0001,100.0,600.0,,,,,
Process Graph Metrics,AdditionalLogs,recurring_drift_05,,,,"[586, 1126]","[500, 1000]",1.0,106.0,00:00:02,2.744837099999131,0.0018298913999994,0.005,100.0,400.0,,,,,
LCDD,AdditionalLogs,recurring_drift_02,100.0,100.0,200.0,"[104, 206, 307, 412, 512, 637, 738, 841, 941, 1041, 1148, 1252, 1352, 1468]","[500, 1000]",0.25,26.5,00:00:00,0.0257068999999319,1.7137933333287947e-05,,,,,,,,
Process Graph Metrics,AdditionalLogs,sudden_drift_02,,,,"[557, 1076]","[500, 1000]",1.0,66.5,00:00:03,3.5930698000011034,0.0023953798666674,0.005,200.0,600.0,,,,,
LCDD,AdditionalLogs,gradual_drift_06,400.0,400.0,50.0,"[411, 913, 1392]","[500, 1000]",0.8,88.0,00:00:00,0.0680206999968504,4.858621428346461e-05,,,,,,,,
Zheng DBSCAN,AdditionalLogs,sudden_drift_05,,,,"[np.float64(497.2173913043478), np.float64(628.6666666666666), np.float64(721.0), np.float64(805.0), np.float64(882.0), np.float64(1026.32), np.float64(1207.6), np.float64(1371.0), np.float64(1490.5)]","[500, 1000]",0.3636363636363636,14.55130434782606,00:00:00,0.3046901999987312,0.0002031267999991,,,,400.0,40.0,,,
Zheng DBSCAN,AdditionalLogs,sudden_drift_05,,,,"[np.float64(553.9354838709677), np.float64(1056.5333333333333), np.float64(1371.0), np.float64(1490.5)]","[500, 1000]",0.6666666666666666,55.234408602150495,00:00:00,0.3046901999987312,0.0002031267999991,,,,400.0,80.0,,,
Zheng DBSCAN,AdditionalLogs,sudden_drift_05,,,,"[np.float64(687.7432432432432), np.float64(1430.75)]","[500, 1000]",0.5,187.74324324324323,00:00:00,0.3046901999987312,0.0002031267999991,,,,400.0,120.0,,,
Zheng DBSCAN,AdditionalLogs,sudden_drift_05,,,,[np.float64(725.8461538461538)],"[500, 1000]",,,00:00:00,0.3046901999987312,0.0002031267999991,,,,400.0,160.0,,,
Zheng DBSCAN,AdditionalLogs,sudden_drift_05,,,,[np.float64(725.8461538461538)],"[500, 1000]",,,00:00:00,0.3046901999987312,0.0002031267999991,,,,400.0,200.0,,,
Process Graph Metrics,AdditionalLogs,sudden_drift_06,,,,"[720, 1565]","[500, 1000]",,,00:00:30,30.61013250000542,0.0204067550000036,0.005,400.0,600.0,,,,,
Process Graph Metrics,AdditionalLogs,gradual_drift_07,,,,[1128],"[500, 1000]",0.6666666666666666,128.0,00:00:05,5.560477699997136,0.0039717697857122,0.0001,200.0,400.0,,,,,
LCDD,AdditionalLogs,recurring_drift_06,1200.0,1200.0,150.0,[],"[500, 1000]",,,00:00:00,0.0695975000053295,4.639833333688633e-05,,,,,,,,
Process Graph Metrics,AdditionalLogs,gradual_drift_03,,,,"[600, 1200]","[500, 1000]",1.0,150.0,00:00:00,0.1514712999996845,0.000108193785714,0.05,400.0,500.0,,,,,
LCDD,AdditionalLogs,recurring_drift_06,800.0,800.0,150.0,[939],"[500, 1000]",0.6666666666666666,61.0,00:00:00,0.0756459999975049,5.043066666500332e-05,,,,,,,,
LCDD,AdditionalLogs,gradual_drift_06,800.0,800.0,100.0,[923],"[500, 1000]",0.6666666666666666,77.0,00:00:00,0.0479382999983499,3.424164285596427e-05,,,,,,,,
LCDD,AdditionalLogs,sudden_drift_07,1200.0,1200.0,100.0,[1324],"[500, 1000]",,,00:00:00,0.0126298000031965,8.419866668797719e-06,,,,,,,,
Process Graph Metrics,AdditionalLogs,sudden_drift_03,,,,"[633, 1152]","[500, 1000]",1.0,142.5,00:00:03,3.135042499998235,0.0020900283333321,0.005,200.0,500.0,,,,,
LCDD,AdditionalLogs,recurring_drift_02,100.0,100.0,150.0,"[104, 206, 307, 412, 512, 637, 738, 841, 941, 1041, 1148, 1252, 1352, 1468]","[500, 1000]",0.25,26.5,00:00:00,0.0265093999987584,1.7672933332505635e-05,,,,,,,,
LCDD,AdditionalLogs,recurring_drift_01,800.0,800.0,200.0,[1261],"[500, 1000]",,,00:00:00,0.0288150000051246,1.9210000003416403e-05,,,,,,,,
LCDD,AdditionalLogs,sudden_drift_01,300.0,300.0,10.0,"[354, 921, 1254]","[500, 1000]",0.8,112.5,00:00:00,0.0322659999947063,2.1510666663137576e-05,,,,,,,,
Process Graph Metrics,AdditionalLogs,gradual_drift_06,,,,"[465, 1005]","[500, 1000]",1.0,20.0,00:00:04,4.8610925000029965,0.0034722089285735,0.05,100.0,500.0,,,,,
Process Graph Metrics,AdditionalLogs,recurring_drift_02,,,,"[733, 1474]","[500, 1000]",,,00:00:03,3.3011393999986467,0.002200759599999,0.1,400.0,500.0,,,,,
LCDD,AdditionalLogs,sudden_drift_04,300.0,300.0,20.0,"[337, 849, 1186, 1492]","[500, 1000]",0.6666666666666666,157.0,00:00:00,0.0132391000006464,8.82606666709762e-06,,,,,,,,
Process Graph Metrics,AdditionalLogs,gradual_drift_03,,,,"[600, 1200]","[500, 1000]",1.0,150.0,00:00:00,0.1537932999999611,0.0001098523571428,0.0001,400.0,700.0,,,,,
LCDD,AdditionalLogs,recurring_drift_02,1200.0,1200.0,50.0,[1269],"[500, 1000]",,,00:00:00,0.1609186999994563,0.0001072791333329,,,,,,,,
Process Graph Metrics,AdditionalLogs,gradual_drift_09,,,,"[543, 1083]","[500, 1000]",1.0,63.0,00:00:00,0.5746597000033944,0.0004104712142881,0.0001,300.0,700.0,,,,,
LCDD,AdditionalLogs,sudden_drift_02,200.0,200.0,200.0,"[236, 447, 654, 854, 1055, 1257, 1469]","[500, 1000]",0.4444444444444445,54.0,00:00:00,0.0318802999972831,2.125353333152209e-05,,,,,,,,
LCDD,AdditionalLogs,sudden_drift_05,300.0,300.0,200.0,"[334, 643, 995, 1357]","[500, 1000]",0.6666666666666666,74.0,00:00:00,0.0159290000010514,1.061933333403431e-05,,,,,,,,
Process Graph Metrics,AdditionalLogs,gradual_drift_02,,,,"[600, 1200]","[500, 1000]",1.0,150.0,00:00:00,0.5524177999977837,0.0003945841428555,0.005,400.0,700.0,,,,,
Process Graph Metrics,AdditionalLogs,recurring_drift_00,,,,"[561, 1101]","[500, 1000]",1.0,81.0,00:00:00,0.7312302000063937,0.0004874868000042,0.0001,100.0,500.0,,,,,
Process Graph Metrics,AdditionalLogs,gradual_drift_01,,,,"[450, 1101]","[500, 1000]",1.0,75.5,00:00:00,0.9605778000041028,0.0006861270000029,0.005,300.0,700.0,,,,,
Process Graph Metrics,AdditionalLogs,gradual_drift_07,,,,"[542, 1096]","[500, 1000]",1.0,69.0,00:00:00,0.6112083999978495,0.0004365774285698,0.05,300.0,400.0,,,,,
Process Graph Metrics,AdditionalLogs,sudden_drift_03,,,,"[637, 1675]","[500, 1000]",0.5,137.0,00:00:01,1.5575987000047462,0.0010383991333364,0.05,400.0,700.0,,,,,
LCDD,AdditionalLogs,sudden_drift_05,200.0,200.0,10.0,"[200, 423, 643, 881, 1087, 1315]","[500, 1000]",0.5,82.0,00:00:00,0.1597191000037128,0.0001064794000024,,,,,,,,
Process Graph Metrics,AdditionalLogs,recurring_drift_02,,,,"[704, 1353]","[500, 1000]",,,00:00:05,5.776039200005471,0.0038506928000036,0.1,100.0,500.0,,,,,
Process Graph Metrics,AdditionalLogs,sudden_drift_08,,,,[864],"[500, 1000]",0.6666666666666666,136.0,00:00:00,0.3242621000026702,0.0002161747333351,0.0001,400.0,600.0,,,,,
Process Graph Metrics,AdditionalLogs,sudden_drift_00,,,,"[600, 1201]","[500, 1000]",0.5,100.0,00:00:00,0.1532359999982873,0.0001021573333321,0.005,400.0,700.0,,,,,
LCDD,AdditionalLogs,recurring_drift_08,200.0,200.0,10.0,"[211, 413, 614, 815, 1030, 1230, 1495]","[500, 1000]",0.4444444444444445,58.5,00:00:00,0.0099405000000842,6.62700000005619e-06,,,,,,,,
Process Graph Metrics,AdditionalLogs,recurring_drift_01,,,,[864],"[500, 1000]",0.6666666666666666,136.0,00:00:00,0.8490104999946197,0.0005660069999964,0.005,400.0,600.0,,,,,
Process Graph Metrics,AdditionalLogs,sudden_drift_01,,,,"[600, 1200]","[500, 1000]",1.0,150.0,00:00:00,0.4107177999976557,0.0002738118666651,0.005,400.0,700.0,,,,,
Process Graph Metrics,AdditionalLogs,recurring_drift_08,,,,"[945, 1529]","[500, 1000]",0.5,55.0,00:00:02,2.176268200004415,0.0014508454666696,0.005,300.0,400.0,,,,,
Process Graph Metrics,AdditionalLogs,gradual_drift_08,,,,"[569, 1193]","[500, 1000]",1.0,131.0,00:00:01,1.7174059000026318,0.0012267185000018,0.005,200.0,600.0,,,,,
Process Graph Metrics,AdditionalLogs,sudden_drift_01,,,,"[523, 1044, 1563]","[500, 1000]",0.8,33.5,00:00:01,1.3157872000010684,0.0008771914666673,0.1,200.0,700.0,,,,,
Process Graph Metrics,AdditionalLogs,recurring_drift_09,,,,"[557, 1069]","[500, 1000]",1.0,63.0,00:00:10,10.418465700000525,0.0069456438000003,0.0001,200.0,500.0,,,,,
LCDD,AdditionalLogs,sudden_drift_09,600.0,600.0,20.0,[1000],"[500, 1000]",0.6666666666666666,0.0,00:00:00,0.0257970000020577,1.7198000001371838e-05,,,,,,,,
Process Graph Metrics,AdditionalLogs,recurring_drift_09,,,,[600],"[500, 1000]",0.6666666666666666,100.0,00:00:00,0.575110699996003,0.0003834071333306,0.0001,400.0,400.0,,,,,
LCDD,AdditionalLogs,sudden_drift_08,100.0,100.0,10.0,"[101, 208, 308, 415, 529, 650, 808, 911, 1014, 1145, 1256, 1357, 1458]","[500, 1000]",0.2666666666666667,21.5,00:00:00,0.0125821000037831,8.38806666918875e-06,,,,,,,,
Process Graph Metrics,AdditionalLogs,gradual_drift_06,,,,"[600, 1200]","[500, 1000]",1.0,150.0,00:00:00,0.9984968999997365,0.0007132120714283,0.05,400.0,600.0,,,,,
LCDD,AdditionalLogs,gradual_drift_09,1200.0,1200.0,100.0,[],"[500, 1000]",,,00:00:00,0.0188009999983478,1.3429285713105596e-05,,,,,,,,
Process Graph Metrics,AdditionalLogs,gradual_drift_05,,,,"[600, 1200]","[500, 1000]",1.0,150.0,00:00:00,0.2728059000000939,0.0001948613571429,0.0001,400.0,600.0,,,,,
Process Graph Metrics,AdditionalLogs,gradual_drift_09,,,,[600],"[500, 1000]",0.6666666666666666,100.0,00:00:00,0.5120412000032957,0.000365743714288,0.05,400.0,400.0,,,,,
LCDD,AdditionalLogs,sudden_drift_07,600.0,600.0,100.0,[913],"[500, 1000]",0.6666666666666666,87.0,00:00:00,0.013094000001729,8.729333334486e-06,,,,,,,,
LCDD,AdditionalLogs,gradual_drift_07,1200.0,1200.0,50.0,[],"[500, 1000]",,,00:00:00,0.0118956000005709,8.496857143264995e-06,,,,,,,,
Process Graph Metrics,AdditionalLogs,gradual_drift_07,,,,"[648, 1555]","[500, 1000]",0.5,148.0,00:00:06,6.581656499998644,0.0047011832142847,0.0001,300.0,500.0,,,,,
Process Graph Metrics,AdditionalLogs,recurring_drift_01,,,,[864],"[500, 1000]",0.6666666666666666,136.0,00:00:00,0.8200164000008954,0.0005466776000005,0.05,400.0,600.0,,,,,
LCDD,AdditionalLogs,gradual_drift_09,400.0,400.0,5.0,"[408, 920]","[500, 1000]",1.0,86.0,00:00:00,0.0214800999965518,1.5342928568965622e-05,,,,,,,,
LCDD,AdditionalLogs,gradual_drift_08,800.0,800.0,20.0,[862],"[500, 1000]",0.6666666666666666,138.0,00:00:00,0.0153100000025006,1.0935714287500429e-05,,,,,,,,
LCDD,AdditionalLogs,gradual_drift_00,200.0,200.0,200.0,"[413, 613, 912, 1206]","[500, 1000]",0.6666666666666666,87.5,00:00:00,0.0118682000029366,8.47728571638332e-06,,,,,,,,
Process Graph Metrics,AdditionalLogs,sudden_drift_03,,,,[1071],"[500, 1000]",0.6666666666666666,71.0,00:00:00,0.6350625999984914,0.0004233750666656,0.0001,400.0,400.0,,,,,
Process Graph Metrics,AdditionalLogs,sudden_drift_05,,,,[557],"[500, 1000]",0.6666666666666666,57.0,00:00:04,4.486501999999746,0.0029910013333331,0.05,300.0,700.0,,,,,
Process Graph Metrics,AdditionalLogs,sudden_drift_09,,,,"[569, 1109]","[500, 1000]",1.0,89.0,00:00:06,6.685894399997778,0.0044572629333318,0.005,300.0,700.0,,,,,
Process Graph Metrics,AdditionalLogs,gradual_drift_04,,,,[533],"[500, 1000]",0.6666666666666666,33.0,00:00:12,12.90772029999789,0.0092198002142842,0.0001,200.0,500.0,,,,,
LCDD,AdditionalLogs,gradual_drift_09,100.0,100.0,200.0,"[408, 524, 920, 1025, 1126, 1278]","[500, 1000]",0.5,24.5,00:00:00,0.0241661999971256,1.726157142651833e-05,,,,,,,,
Process Graph Metrics,AdditionalLogs,sudden_drift_07,,,,"[501, 1028]","[500, 1000]",1.0,14.5,00:00:03,3.173069399999804,0.0021153795999998,0.005,200.0,700.0,,,,,
Process Graph Metrics,AdditionalLogs,sudden_drift_08,,,,[813],"[500, 1000]",0.6666666666666666,187.0,00:00:01,1.8080031999998027,0.0012053354666665,0.0001,300.0,600.0,,,,,
Process Graph Metrics,AdditionalLogs,recurring_drift_02,,,,"[580, 1071]","[500, 1000]",1.0,75.5,00:00:03,3.7917151000001454,0.0025278100666667,0.005,400.0,400.0,,,,,
Process Graph Metrics,AdditionalLogs,recurring_drift_09,,,,"[544, 1079]","[500, 1000]",1.0,61.5,00:00:05,5.894385300001886,0.0039295902000012,0.05,200.0,600.0,,,,,
LCDD,AdditionalLogs,recurring_drift_00,200.0,200.0,5.0,"[502, 706, 966, 1210, 1435]","[500, 1000]",0.5714285714285715,18.0,00:00:00,0.009793900004297,6.529266669531353e-06,,,,,,,,
LCDD,AdditionalLogs,recurring_drift_05,100.0,100.0,50.0,"[113, 215, 315, 423, 523, 632, 734, 836, 945, 1053, 1154, 1259, 1361, 1465]","[500, 1000]",0.25,38.0,00:00:00,0.0166102000002865,1.1073466666857711e-05,,,,,,,,
Process Graph Metrics,AdditionalLogs,sudden_drift_01,,,,"[542, 1092]","[500, 1000]",1.0,67.0,00:00:01,1.771569399999862,0.0011810462666665,0.005,100.0,400.0,,,,,
Zheng DBSCAN,AdditionalLogs,sudden_drift_09,,,,"[np.float64(1034.0), np.float64(1216.5)]","[500, 1000]",0.5,34.0,00:00:00,0.2767387999992934,0.0001844925333328,,,,700.0,70.0,,,
Zheng DBSCAN,AdditionalLogs,sudden_drift_09,,,,[np.float64(1060.0714285714287)],"[500, 1000]",0.6666666666666666,60.07142857142867,00:00:00,0.2767387999992934,0.0001844925333328,,,,700.0,140.0,,,
Zheng DBSCAN,AdditionalLogs,sudden_drift_09,,,,[np.float64(1060.0714285714287)],"[500, 1000]",0.6666666666666666,60.07142857142867,00:00:00,0.2767387999992934,0.0001844925333328,,,,700.0,210.0,,,
Zheng DBSCAN,AdditionalLogs,sudden_drift_09,,,,[np.float64(1060.0714285714287)],"[500, 1000]",0.6666666666666666,60.07142857142867,00:00:00,0.2767387999992934,0.0001844925333328,,,,700.0,280.0,,,
Zheng DBSCAN,AdditionalLogs,sudden_drift_09,,,,[np.float64(1060.0714285714287)],"[500, 1000]",0.6666666666666666,60.07142857142867,00:00:00,0.2767387999992934,0.0001844925333328,,,,700.0,350.0,,,
LCDD,AdditionalLogs,sudden_drift_08,600.0,600.0,200.0,"[601, 1233]","[500, 1000]",0.5,101.0,00:00:00,0.017919999998412,1.1946666665608064e-05,,,,,,,,
Process Graph Metrics,AdditionalLogs,sudden_drift_09,,,,"[600, 1200]","[500, 1000]",1.0,150.0,00:00:00,0.3524625999998534,0.0002349750666665,0.1,400.0,500.0,,,,,
LCDD,AdditionalLogs,recurring_drift_09,800.0,800.0,20.0,[],"[500, 1000]",,,00:00:00,0.023907800001325,1.5938533334216724e-05,,,,,,,,
Process Graph Metrics,AdditionalLogs,recurring_drift_08,,,,"[580, 868, 1413]","[500, 1000]",0.8,106.0,00:00:02,2.9701662000006763,0.0019801108000004,0.1,100.0,400.0,,,,,
LCDD,AdditionalLogs,recurring_drift_01,200.0,200.0,20.0,"[263, 504, 708, 977, 1261]","[500, 1000]",0.5714285714285715,13.5,00:00:00,0.0187856999982614,1.2523799998840936e-05,,,,,,,,
LCDD,AdditionalLogs,recurring_drift_07,600.0,600.0,150.0,[],"[500, 1000]",,,00:00:00,0.0203321000008145,1.3554733333876355e-05,,,,,,,,
Process Graph Metrics,AdditionalLogs,sudden_drift_08,,,,[864],"[500, 1000]",0.6666666666666666,136.0,00:00:00,0.3053522999980487,0.0002035681999986,0.005,400.0,700.0,,,,,
Process Graph Metrics,AdditionalLogs,sudden_drift_00,,,,"[647, 1187]","[500, 1000]",1.0,167.0,00:00:02,2.747496800002409,0.0018316645333349,0.0001,100.0,400.0,,,,,
Process Graph Metrics,AdditionalLogs,gradual_drift_03,,,,"[530, 1083]","[500, 1000]",1.0,56.5,00:00:02,2.1971578000011505,0.0015693984285722,0.005,100.0,700.0,,,,,
LCDD,AdditionalLogs,recurring_drift_07,200.0,200.0,100.0,"[203, 502, 1000, 1231]","[500, 1000]",0.6666666666666666,1.0,00:00:00,0.0089290000032633,5.952666668842237e-06,,,,,,,,
Process Graph Metrics,AdditionalLogs,recurring_drift_08,,,,[950],"[500, 1000]",0.6666666666666666,50.0,00:00:00,0.665836299995135,0.0004438908666634,0.0001,100.0,500.0,,,,,
LCDD,AdditionalLogs,sudden_drift_08,200.0,200.0,10.0,"[225, 426, 626, 828, 1032, 1233, 1435]","[500, 1000]",0.4444444444444445,53.0,00:00:00,0.0120892999984789,8.05953333231931e-06,,,,,,,,
LCDD,AdditionalLogs,recurring_drift_06,300.0,300.0,10.0,"[309, 672, 1008, 1401]","[500, 1000]",0.6666666666666666,90.0,00:00:00,0.0662416999984998,4.416113333233322e-05,,,,,,,,
LCDD,AdditionalLogs,gradual_drift_09,400.0,400.0,200.0,"[408, 920]","[500, 1000]",1.0,86.0,00:00:00,0.0263917999982368,1.88512857130263e-05,,,,,,,,
Process Graph Metrics,AdditionalLogs,recurring_drift_04,,,,"[660, 1260]","[500, 1000]",0.5,160.0,00:00:02,2.180595399993763,0.0014537302666625,0.0001,400.0,500.0,,,,,
LCDD,AdditionalLogs,gradual_drift_02,200.0,200.0,200.0,"[231, 442, 651, 887, 1105, 1319]","[500, 1000]",0.5,81.5,00:00:00,0.0197543999966001,1.4110285711857224e-05,,,,,,,,
LCDD,AdditionalLogs,recurring_drift_01,300.0,300.0,5.0,"[348, 660, 977, 1277]","[500, 1000]",0.6666666666666666,87.5,00:00:00,0.0291031000015209,1.9402066667680628e-05,,,,,,,,
Process Graph Metrics,AdditionalLogs,recurring_drift_07,,,,"[551, 1091]","[500, 1000]",1.0,71.0,00:00:00,0.5110413000002154,0.0003406942000001,0.0001,300.0,600.0,,,,,
Process Graph Metrics,AdditionalLogs,recurring_drift_07,,,,"[512, 962]","[500, 1000]",1.0,25.0,00:00:01,1.882924300000013,0.0012552828666666,0.005,100.0,400.0,,,,,
LCDD,AdditionalLogs,recurring_drift_01,1200.0,1200.0,50.0,[1261],"[500, 1000]",,,00:00:00,0.0276086000012583,1.8405733334172207e-05,,,,,,,,
LCDD,AdditionalLogs,recurring_drift_06,200.0,200.0,20.0,"[309, 532, 732, 939, 1231, 1454]","[500, 1000]",0.5,46.5,00:00:00,0.0738066999983857,4.9204466665590494e-05,,,,,,,,
Process Graph Metrics,AdditionalLogs,gradual_drift_07,,,,"[603, 1203]","[500, 1000]",0.5,103.0,00:00:00,0.2270694000035291,0.0001621924285739,0.1,400.0,500.0,,,,,
Process Graph Metrics,AdditionalLogs,gradual_drift_07,,,,"[214, 505, 916, 1456]","[500, 1000]",0.6666666666666666,44.5,00:00:01,1.7480570999978229,0.0012486122142841,0.05,100.0,700.0,,,,,
Process Graph Metrics,AdditionalLogs,recurring_drift_06,,,,"[550, 766, 1313]","[500, 1000]",0.4,50.0,00:00:03,3.851758400000108,0.0025678389333334,0.1,300.0,400.0,,,,,
Process Graph Metrics,AdditionalLogs,recurring_drift_03,,,,"[312, 624, 1022, 1670]","[500, 1000]",0.6666666666666666,73.0,00:00:00,0.7785204999963753,0.0005190136666642,0.1,100.0,500.0,,,,,
Process Graph Metrics,AdditionalLogs,recurring_drift_06,,,,"[750, 995]","[500, 1000]",0.5,5.0,00:00:05,5.52504449999833,0.0036833629999988,0.005,300.0,600.0,,,,,
LCDD,AdditionalLogs,sudden_drift_03,800.0,800.0,50.0,[816],"[500, 1000]",0.6666666666666666,184.0,00:00:00,0.0177751000010175,1.1850066667345042e-05,,,,,,,,
LCDD,AdditionalLogs,gradual_drift_06,200.0,200.0,200.0,"[281, 543, 913, 1135, 1392]","[500, 1000]",0.5714285714285715,65.0,00:00:00,0.0665563000002293,4.754021428587813e-05,,,,,,,,
LCDD,AdditionalLogs,recurring_drift_03,400.0,400.0,20.0,"[500, 911, 1348]","[500, 1000]",0.8,44.5,00:00:00,0.010012499995355,6.674999996903352e-06,,,,,,,,
Process Graph Metrics,AdditionalLogs,gradual_drift_07,,,,[617],"[500, 1000]",0.6666666666666666,117.0,00:00:09,9.36986959999922,0.0066927639999994,0.0001,400.0,500.0,,,,,
Process Graph Metrics,AdditionalLogs,gradual_drift_04,,,,[600],"[500, 1000]",0.6666666666666666,100.0,00:00:11,11.313482400000794,0.0080810588571434,0.0001,400.0,500.0,,,,,
Process Graph Metrics,AdditionalLogs,sudden_drift_05,,,,"[539, 1610]","[500, 1000]",0.5,39.0,00:00:06,6.763354400005483,0.0045089029333369,0.1,100.0,500.0,,,,,
Process Graph Metrics,AdditionalLogs,sudden_drift_00,,,,[666],"[500, 1000]",0.6666666666666666,166.0,00:00:01,1.7496192999969935,0.0011664128666646,0.0001,400.0,400.0,,,,,
Process Graph Metrics,AdditionalLogs,gradual_drift_00,,,,"[594, 1113]","[500, 1000]",1.0,103.5,00:00:01,1.5700930999955744,0.0011214950714254,0.1,200.0,600.0,,,,,
LCDD,AdditionalLogs,recurring_drift_03,1200.0,1200.0,10.0,[1348],"[500, 1000]",,,00:00:00,0.0105403000052319,7.026866670154656e-06,,,,,,,,
Process Graph Metrics,AdditionalLogs,gradual_drift_05,,,,"[600, 1200]","[500, 1000]",1.0,150.0,00:00:00,0.2520064000054844,0.0001800045714324,0.005,400.0,700.0,,,,,
Process Graph Metrics,AdditionalLogs,sudden_drift_08,,,,[813],"[500, 1000]",0.6666666666666666,187.0,00:00:02,2.049124799996207,0.0013660831999974,0.0001,100.0,600.0,,,,,
LCDD,AdditionalLogs,recurring_drift_02,800.0,800.0,100.0,[841],"[500, 1000]",0.6666666666666666,159.0,00:00:00,0.0211254999958327,1.4083666663888533e-05,,,,,,,,
LCDD,AdditionalLogs,sudden_drift_05,400.0,400.0,200.0,"[423, 995, 1497]","[500, 1000]",0.8,41.0,00:00:00,0.0162075999978696,1.0805066665246464e-05,,,,,,,,
Process Graph Metrics,AdditionalLogs,recurring_drift_07,,,,"[304, 604, 904]","[500, 1000]",0.8,100.0,00:00:00,0.3720697999960975,0.0002480465333307,0.1,200.0,600.0,,,,,
LCDD,AdditionalLogs,recurring_drift_08,600.0,600.0,200.0,"[600, 1230]","[500, 1000]",0.5,100.0,00:00:00,0.011799300002167,7.866200001444668e-06,,,,,,,,
Process Graph Metrics,AdditionalLogs,sudden_drift_09,,,,"[545, 1084]","[500, 1000]",1.0,64.5,00:00:02,2.981953700000304,0.0019879691333335,0.005,200.0,500.0,,,,,
Process Graph Metrics,AdditionalLogs,recurring_drift_02,,,,"[550, 925]","[500, 1000]",1.0,62.5,00:00:01,1.2282199999972363,0.0008188133333314,0.1,300.0,400.0,,,,,
Process Graph Metrics,AdditionalLogs,recurring_drift_07,,,,"[462, 1002]","[500, 1000]",1.0,20.0,00:00:00,0.5459478999982821,0.0003639652666655,0.1,300.0,500.0,,,,,
LCDD,AdditionalLogs,sudden_drift_09,1200.0,1200.0,20.0,[1236],"[500, 1000]",,,00:00:00,0.0202739000014844,1.3515933334322956e-05,,,,,,,,
Process Graph Metrics,AdditionalLogs,sudden_drift_05,,,,[534],"[500, 1000]",0.6666666666666666,34.0,00:00:05,5.905229700001655,0.0039368198000011,0.1,200.0,400.0,,,,,
Process Graph Metrics,AdditionalLogs,recurring_drift_07,,,,"[600, 1200]","[500, 1000]",1.0,150.0,00:00:00,0.1772875999959069,0.0001181917333306,0.0001,400.0,600.0,,,,,
LCDD,AdditionalLogs,recurring_drift_06,200.0,200.0,200.0,"[309, 532, 732, 939, 1231, 1454]","[500, 1000]",0.5,46.5,00:00:00,0.2309688000023015,0.0001539792000015,,,,,,,,
Process Graph Metrics,AdditionalLogs,gradual_drift_04,,,,"[600, 1200]","[500, 1000]",1.0,150.0,00:00:00,0.1909322999999858,0.0001363802142857,0.1,400.0,600.0,,,,,
Process Graph Metrics,AdditionalLogs,recurring_drift_01,,,,"[329, 629, 929, 1553]","[500, 1000]",0.6666666666666666,100.0,00:00:01,1.9787149999974645,0.0013191433333316,0.1,200.0,500.0,,,,,
LCDD,AdditionalLogs,recurring_drift_03,800.0,800.0,200.0,[1348],"[500, 1000]",,,00:00:00,0.0118906999996397,7.927133333093177e-06,,,,,,,,
Process Graph Metrics,AdditionalLogs,recurring_drift_07,,,,"[304, 564, 939, 1314]","[500, 1000]",0.6666666666666666,62.5,00:00:00,0.8426407000006293,0.000561760466667,0.1,100.0,400.0,,,,,
LCDD,AdditionalLogs,sudden_drift_00,600.0,600.0,100.0,[646],"[500, 1000]",0.6666666666666666,146.0,00:00:00,0.0094335999965551,6.289066664370087e-06,,,,,,,,
Zheng DBSCAN,AdditionalLogs,gradual_drift_03,,,,"[np.float64(500.5), np.float64(689.0), np.float64(916.2941176470588), np.float64(1175.75), np.float64(1390.0)]","[500, 1000]",0.5714285714285715,42.10294117647061,00:00:00,0.3381455999988247,0.0002415325714277,,,,500.0,50.0,,,
Zheng DBSCAN,AdditionalLogs,gradual_drift_03,,,,"[np.float64(764.3783783783783), np.float64(1390.0)]","[500, 1000]",,,00:00:00,0.3381455999988247,0.0002415325714277,,,,500.0,100.0,,,
Zheng DBSCAN,AdditionalLogs,gradual_drift_03,,,,"[np.float64(764.3783783783783), np.float64(1390.0)]","[500, 1000]",,,00:00:00,0.3381455999988247,0.0002415325714277,,,,500.0,150.0,,,
Zheng DBSCAN,AdditionalLogs,gradual_drift_03,,,,"[np.float64(747.6315789473684), np.float64(1390.0)]","[500, 1000]",,,00:00:00,0.3381455999988247,0.0002415325714277,,,,500.0,200.0,,,
Zheng DBSCAN,AdditionalLogs,gradual_drift_03,,,,[np.float64(764.1025641025641)],"[500, 1000]",,,00:00:00,0.3381455999988247,0.0002415325714277,,,,500.0,250.0,,,
Process Graph Metrics,AdditionalLogs,gradual_drift_04,,,,"[541, 1616]","[500, 1000]",0.5,41.0,00:00:12,12.333228199997391,0.0088094487142838,0.0001,100.0,500.0,,,,,
Process Graph Metrics,AdditionalLogs,recurring_drift_04,,,,"[624, 1164]","[500, 1000]",1.0,144.0,00:00:02,2.7707343000001856,0.0018471562000001,0.05,300.0,600.0,,,,,
Process Graph Metrics,AdditionalLogs,sudden_drift_04,,,,"[555, 1334]","[500, 1000]",0.5,55.0,00:00:02,2.949362999999721,0.0019662419999998,0.05,300.0,600.0,,,,,
Process Graph Metrics,AdditionalLogs,recurring_drift_09,,,,"[544, 1079]","[500, 1000]",1.0,61.5,00:00:05,5.870033699997293,0.0039133557999981,0.05,200.0,400.0,,,,,
Process Graph Metrics,AdditionalLogs,sudden_drift_08,,,,"[704, 1046, 1306]","[500, 1000]",0.4,46.0,00:00:02,2.3722332999968785,0.0015814888666645,0.005,400.0,400.0,,,,,
Process Graph Metrics,AdditionalLogs,sudden_drift_06,,,,"[216, 470, 782, 1094, 1414]","[500, 1000]",0.5714285714285715,62.0,00:00:05,5.611853199996403,0.0037412354666642,0.05,100.0,400.0,,,,,
Process Graph Metrics,AdditionalLogs,sudden_drift_09,,,,"[458, 908, 1363]","[500, 1000]",0.8,67.0,00:00:00,0.904078400002618,0.000602718933335,0.1,300.0,700.0,,,,,
LCDD,AdditionalLogs,sudden_drift_00,1200.0,1200.0,20.0,[],"[500, 1000]",,,00:00:00,0.0100673000051756,6.711533336783759e-06,,,,,,,,
LCDD,AdditionalLogs,recurring_drift_04,300.0,300.0,5.0,"[306, 628, 1000, 1475]","[500, 1000]",0.6666666666666666,64.0,00:00:00,0.0077273999995668,5.151599999711228e-06,,,,,,,,
LCDD,AdditionalLogs,gradual_drift_04,1200.0,1200.0,150.0,[1241],"[500, 1000]",,,00:00:00,0.0121307000008528,8.664785714894865e-06,,,,,,,,
Process Graph Metrics,AdditionalLogs,recurring_drift_08,,,,"[717, 1667]","[500, 1000]",,,00:00:11,11.177735600002052,0.0074518237333347,0.05,100.0,600.0,,,,,
Process Graph Metrics,AdditionalLogs,sudden_drift_03,,,,"[629, 1169]","[500, 1000]",1.0,149.0,00:00:02,2.7398470000043744,0.0018265646666695,0.05,100.0,500.0,,,,,
LCDD,AdditionalLogs,gradual_drift_02,600.0,600.0,20.0,"[612, 1245]","[500, 1000]",0.5,112.0,00:00:00,0.0239637999984552,1.7116999998896583e-05,,,,,,,,
Process Graph Metrics,AdditionalLogs,recurring_drift_04,,,,"[610, 1175]","[500, 1000]",1.0,142.5,00:00:05,5.5421191999994335,0.0036947461333329,0.05,200.0,500.0,,,,,
Process Graph Metrics,AdditionalLogs,sudden_drift_07,,,,"[528, 1062]","[500, 1000]",1.0,45.0,00:00:03,3.9755377000037697,0.0026503584666691,0.005,300.0,400.0,,,,,
Process Graph Metrics,AdditionalLogs,recurring_drift_09,,,,"[553, 1008]","[500, 1000]",1.0,30.5,00:00:07,7.170242000000144,0.0047801613333334,0.005,200.0,400.0,,,,,
Process Graph Metrics,AdditionalLogs,gradual_drift_04,,,,[533],"[500, 1000]",0.6666666666666666,33.0,00:00:00,0.8892803999988246,0.0006352002857134,0.0001,200.0,400.0,,,,,
Process Graph Metrics,AdditionalLogs,gradual_drift_08,,,,"[495, 1157]","[500, 1000]",1.0,81.0,00:00:01,1.9207992999945416,0.0013719994999961,0.1,300.0,700.0,,,,,
LCDD,AdditionalLogs,gradual_drift_02,400.0,400.0,50.0,"[412, 815, 1245]","[500, 1000]",0.8,136.5,00:00:00,0.0206020999976317,1.47157857125941e-05,,,,,,,,
LCDD,AdditionalLogs,recurring_drift_08,300.0,300.0,20.0,"[324, 699, 1002, 1324]","[500, 1000]",0.6666666666666666,89.0,00:00:00,0.1570885999972233,0.0001047257333314,,,,,,,,
Process Graph Metrics,AdditionalLogs,gradual_drift_01,,,,"[360, 1076]","[500, 1000]",1.0,108.0,00:00:01,1.0554130999953486,0.0007538664999966,0.05,200.0,400.0,,,,,
LCDD,AdditionalLogs,sudden_drift_03,800.0,800.0,5.0,[816],"[500, 1000]",0.6666666666666666,184.0,00:00:00,0.0165223000003607,1.1014866666907134e-05,,,,,,,,
Process Graph Metrics,AdditionalLogs,sudden_drift_05,,,,[564],"[500, 1000]",0.6666666666666666,64.0,00:00:04,4.913674700001138,0.003275783133334,0.005,100.0,500.0,,,,,
Process Graph Metrics,AdditionalLogs,sudden_drift_05,,,,[564],"[500, 1000]",0.6666666666666666,64.0,00:00:04,4.6543041999975685,0.003102869466665,0.0001,300.0,500.0,,,,,
LCDD,AdditionalLogs,sudden_drift_08,800.0,800.0,150.0,[828],"[500, 1000]",0.6666666666666666,172.0,00:00:00,0.0138253000041004,9.216866669400284e-06,,,,,,,,
Process Graph Metrics,AdditionalLogs,sudden_drift_05,,,,[564],"[500, 1000]",0.6666666666666666,64.0,00:00:04,4.676588500005892,0.0031177256666705,0.005,100.0,700.0,,,,,
LCDD,AdditionalLogs,recurring_drift_06,200.0,200.0,100.0,"[309, 532, 732, 939, 1231, 1454]","[500, 1000]",0.5,46.5,00:00:00,0.0739891999983228,4.932613333221525e-05,,,,,,,,
Process Graph Metrics,AdditionalLogs,sudden_drift_09,,,,"[600, 1200]","[500, 1000]",1.0,150.0,00:00:00,0.3066553000026033,0.0002044368666684,0.005,400.0,500.0,,,,,
Process Graph Metrics,AdditionalLogs,gradual_drift_07,,,,"[648, 1552]","[500, 1000]",0.5,148.0,00:00:06,6.611049499995716,0.0047221782142826,0.005,300.0,600.0,,,,,
Process Graph Metrics,AdditionalLogs,recurring_drift_02,,,,[1115],"[500, 1000]",0.6666666666666666,115.0,00:00:06,6.656878300003882,0.0044379188666692,0.0001,400.0,500.0,,,,,
LCDD,AdditionalLogs,sudden_drift_04,800.0,800.0,50.0,[849],"[500, 1000]",0.6666666666666666,151.0,00:00:00,0.0190690000017639,1.2712666667842615e-05,,,,,,,,
Process Graph Metrics,AdditionalLogs,recurring_drift_09,,,,"[432, 864, 1389]","[500, 1000]",0.8,102.0,00:00:03,3.883562000002712,0.0025890413333351,0.1,200.0,500.0,,,,,
Process Graph Metrics,AdditionalLogs,sudden_drift_05,,,,[558],"[500, 1000]",0.6666666666666666,58.0,00:00:04,4.932202099997085,0.0032881347333313,0.005,200.0,400.0,,,,,
LCDD,AdditionalLogs,gradual_drift_01,400.0,400.0,150.0,"[443, 911, 1353]","[500, 1000]",0.8,73.0,00:00:00,0.1643932999941171,0.00011742378571,,,,,,,,
LCDD,AdditionalLogs,sudden_drift_01,1200.0,1200.0,5.0,[1254],"[500, 1000]",,,00:00:00,0.025214400004188,1.6809600002792043e-05,,,,,,,,
LCDD,AdditionalLogs,gradual_drift_01,400.0,400.0,5.0,"[443, 911, 1353]","[500, 1000]",0.8,73.0,00:00:00,0.0269597000005887,1.925692857184913e-05,,,,,,,,
Process Graph Metrics,AdditionalLogs,sudden_drift_00,,,,"[557, 1181]","[500, 1000]",1.0,119.0,00:00:02,2.221522200001345,0.0014810148000008,0.05,300.0,600.0,,,,,
LCDD,AdditionalLogs,gradual_drift_07,200.0,200.0,50.0,"[416, 713, 915, 1220]","[500, 1000]",0.6666666666666666,84.5,00:00:00,0.0174511000004713,1.2465071428908102e-05,,,,,,,,
Process Graph Metrics,AdditionalLogs,sudden_drift_06,,,,"[216, 470, 782, 1094, 1414]","[500, 1000]",0.5714285714285715,62.0,00:00:06,6.178120999997191,0.0041187473333314,0.05,100.0,700.0,,,,,
Process Graph Metrics,AdditionalLogs,sudden_drift_01,,,,"[542, 1092]","[500, 1000]",1.0,67.0,00:00:01,1.7364984000014374,0.0011576656000009,0.005,100.0,500.0,,,,,
Process Graph Metrics,AdditionalLogs,sudden_drift_03,,,,"[626, 1166]","[500, 1000]",1.0,146.0,00:00:02,2.447009700001217,0.0016313398000008,0.1,300.0,700.0,,,,,
LCDD,AdditionalLogs,gradual_drift_06,600.0,600.0,5.0,[923],"[500, 1000]",0.6666666666666666,77.0,00:00:00,0.0676723999931709,4.833742856655071e-05,,,,,,,,
Process Graph Metrics,AdditionalLogs,recurring_drift_02,,,,"[580, 961]","[500, 1000]",1.0,59.5,00:00:01,1.5193529000025592,0.001012901933335,0.05,300.0,400.0,,,,,
LCDD,AdditionalLogs,recurring_drift_01,1200.0,1200.0,5.0,[1261],"[500, 1000]",,,00:00:00,0.0316546999965794,2.110313333105296e-05,,,,,,,,
LCDD,AdditionalLogs,recurring_drift_04,400.0,400.0,100.0,"[500, 1000, 1475]","[500, 1000]",0.8,0.0,00:00:00,0.1261245999994571,8.408306666630476e-05,,,,,,,,
LCDD,AdditionalLogs,sudden_drift_00,1200.0,1200.0,5.0,[],"[500, 1000]",,,00:00:00,0.009250900002371,6.167266668247369e-06,,,,,,,,
Process Graph Metrics,AdditionalLogs,recurring_drift_09,,,,"[600, 1320]","[500, 1000]",0.5,100.0,00:00:00,0.4920247999980347,0.000328016533332,0.005,400.0,600.0,,,,,
LCDD,AdditionalLogs,sudden_drift_04,200.0,200.0,50.0,"[234, 443, 677, 920, 1186, 1415]","[500, 1000]",0.5,68.5,00:00:00,0.1429361000045901,9.52907333363934e-05,,,,,,,,
LCDD,AdditionalLogs,gradual_drift_03,600.0,600.0,100.0,"[600, 1390]","[500, 1000]",0.5,100.0,00:00:00,0.0104093000045395,7.435214288956818e-06,,,,,,,,
Process Graph Metrics,AdditionalLogs,sudden_drift_00,,,,"[647, 1187]","[500, 1000]",1.0,167.0,00:00:02,2.654876799999329,0.0017699178666662,0.0001,300.0,500.0,,,,,
LCDD,AdditionalLogs,gradual_drift_00,200.0,200.0,100.0,"[413, 613, 912, 1206]","[500, 1000]",0.6666666666666666,87.5,00:00:00,0.0139268999992054,9.947785713718209e-06,,,,,,,,
Zheng DBSCAN,AdditionalLogs,gradual_drift_08,,,,"[np.float64(787.5), np.float64(956.9444444444445), np.float64(1143.0), np.float64(1239.0), np.float64(1348.0)]","[500, 1000]",0.2857142857142857,43.05555555555554,00:00:00,0.5451412000038545,0.0003893865714313,,,,600.0,60.0,,,
Zheng DBSCAN,AdditionalLogs,gradual_drift_08,,,,[np.float64(694.6)],"[500, 1000]",0.6666666666666666,194.6,00:00:00,0.5451412000038545,0.0003893865714313,,,,600.0,120.0,,,
Zheng DBSCAN,AdditionalLogs,gradual_drift_08,,,,[np.float64(694.6)],"[500, 1000]",0.6666666666666666,194.6,00:00:00,0.5451412000038545,0.0003893865714313,,,,600.0,180.0,,,
Zheng DBSCAN,AdditionalLogs,gradual_drift_08,,,,[np.float64(694.6)],"[500, 1000]",0.6666666666666666,194.6,00:00:00,0.5451412000038545,0.0003893865714313,,,,600.0,240.0,,,
Zheng DBSCAN,AdditionalLogs,gradual_drift_08,,,,[np.float64(694.6)],"[500, 1000]",0.6666666666666666,194.6,00:00:00,0.5451412000038545,0.0003893865714313,,,,600.0,300.0,,,
Process Graph Metrics,AdditionalLogs,recurring_drift_08,,,,"[580, 868, 1413]","[500, 1000]",0.8,106.0,00:00:02,2.904761800004053,0.0019365078666693,0.1,200.0,400.0,,,,,
LCDD,AdditionalLogs,sudden_drift_09,200.0,200.0,5.0,"[502, 1000, 1236]","[500, 1000]",0.8,1.0,00:00:00,0.0282608999987132,1.884059999914219e-05,,,,,,,,
Process Graph Metrics,AdditionalLogs,recurring_drift_08,,,,"[741, 1529]","[500, 1000]",,,00:00:01,1.2942993000033312,0.0008628662000022,0.005,400.0,600.0,,,,,
LCDD,AdditionalLogs,gradual_drift_05,1200.0,1200.0,10.0,[1316],"[500, 1000]",,,00:00:00,0.0154177000003983,1.1012642857427377e-05,,,,,,,,
Process Graph Metrics,AdditionalLogs,recurring_drift_01,,,,"[335, 647, 959, 1509]","[500, 1000]",0.6666666666666666,94.0,00:00:01,1.914240199999768,0.0012761601333331,0.1,100.0,400.0,,,,,
LCDD,AdditionalLogs,sudden_drift_02,400.0,400.0,200.0,"[467, 1003, 1469]","[500, 1000]",0.8,18.0,00:00:00,0.0306549000015365,2.043660000102439e-05,,,,,,,,
Process Graph Metrics,AdditionalLogs,sudden_drift_05,,,,[567],"[500, 1000]",0.6666666666666666,67.0,00:00:02,2.686974999996892,0.0017913166666645,0.0001,200.0,600.0,,,,,
Zheng DBSCAN,AdditionalLogs,recurring_drift_06,,,,"[np.float64(939.0), np.float64(1231.0)]","[500, 1000]",0.5,61.0,00:00:00,0.7648239000045578,0.000509882600003,,,,800.0,80.0,,,
Zheng DBSCAN,AdditionalLogs,recurring_drift_06,,,,"[np.float64(939.0), np.float64(1231.0)]","[500, 1000]",0.5,61.0,00:00:00,0.7648239000045578,0.000509882600003,,,,800.0,160.0,,,
Zheng DBSCAN,AdditionalLogs,recurring_drift_06,,,,"[np.float64(939.0), np.float64(1231.0)]","[500, 1000]",0.5,61.0,00:00:00,0.7648239000045578,0.000509882600003,,,,800.0,240.0,,,
Zheng DBSCAN,AdditionalLogs,recurring_drift_06,,,,[np.float64(860.25)],"[500, 1000]",0.6666666666666666,139.75,00:00:00,0.7648239000045578,0.000509882600003,,,,800.0,320.0,,,
Zheng DBSCAN,AdditionalLogs,recurring_drift_06,,,,[np.float64(860.25)],"[500, 1000]",0.6666666666666666,139.75,00:00:00,0.7648239000045578,0.000509882600003,,,,800.0,400.0,,,
Process Graph Metrics,AdditionalLogs,sudden_drift_03,,,,"[631, 1481]","[500, 1000]",0.5,131.0,00:00:01,1.178549900003418,0.0007856999333356,0.1,400.0,400.0,,,,,
LCDD,AdditionalLogs,recurring_drift_08,800.0,800.0,150.0,[892],"[500, 1000]",0.6666666666666666,108.0,00:00:00,0.1479183999981614,9.8612266665441e-05,,,,,,,,
Process Graph Metrics,AdditionalLogs,gradual_drift_09,,,,"[216, 495, 757, 1017, 1349]","[500, 1000]",0.5714285714285715,11.0,00:00:01,1.9087931999965804,0.0013634237142832,0.1,100.0,400.0,,,,,
Process Graph Metrics,AdditionalLogs,gradual_drift_01,,,,"[450, 1098]","[500, 1000]",1.0,74.0,00:00:00,0.5933684999981779,0.0004238346428558,0.05,300.0,700.0,,,,,
Process Graph Metrics,AdditionalLogs,recurring_drift_08,,,,[779],"[500, 1000]",,,00:00:00,0.389906799995515,0.0002599378666636,0.0001,300.0,700.0,,,,,
Process Graph Metrics,AdditionalLogs,gradual_drift_01,,,,"[600, 1200]","[500, 1000]",1.0,150.0,00:00:00,0.5687590000015916,0.0004062564285725,0.0001,400.0,500.0,,,,,
LCDD,AdditionalLogs,recurring_drift_07,200.0,200.0,200.0,"[203, 502, 1000, 1231]","[500, 1000]",0.6666666666666666,1.0,00:00:00,0.0127122999983839,8.474866665589313e-06,,,,,,,,
Process Graph Metrics,AdditionalLogs,sudden_drift_04,,,,"[547, 1326]","[500, 1000]",0.5,47.0,00:00:03,3.0342156999977306,0.0020228104666651,0.1,300.0,700.0,,,,,
LCDD,AdditionalLogs,recurring_drift_04,1200.0,1200.0,50.0,[],"[500, 1000]",,,00:00:00,0.0180735999965691,1.20490666643794e-05,,,,,,,,
LCDD,AdditionalLogs,gradual_drift_04,200.0,200.0,150.0,"[201, 401, 655, 892, 1092, 1334]","[500, 1000]",0.5,95.5,00:00:00,0.0188246999969123,1.3446214283508848e-05,,,,,,,,
LCDD,AdditionalLogs,gradual_drift_00,100.0,100.0,100.0,"[100, 200, 329, 431, 576, 912, 1067, 1177, 1277]","[500, 1000]",0.3636363636363636,68.0,00:00:00,0.0130630000057863,9.330714289847362e-06,,,,,,,,
LCDD,AdditionalLogs,gradual_drift_00,200.0,200.0,20.0,"[413, 613, 912, 1206]","[500, 1000]",0.6666666666666666,87.5,00:00:00,0.006718800003,4.799142859285764e-06,,,,,,,,
Zheng DBSCAN,AdditionalLogs,recurring_drift_03,,,,"[np.float64(453.0), np.float64(513.0), np.float64(669.25), np.float64(787.0), np.float64(831.0), np.float64(911.0), np.float64(978.6), np.float64(1143.0), np.float64(1228.0), np.float64(1284.0), np.float64(1348.0), np.float64(1406.0)]","[500, 1000]",0.2857142857142857,17.19999999999999,00:00:00,0.3675169999987702,0.0002450113333325,,,,400.0,40.0,,,
Zheng DBSCAN,AdditionalLogs,recurring_drift_03,,,,"[np.float64(409.77777777777777), np.float64(669.25), np.float64(927.75), np.float64(1254.2857142857142)]","[500, 1000]",0.6666666666666666,81.23611111111111,00:00:00,0.3675169999987702,0.0002450113333325,,,,400.0,80.0,,,
Zheng DBSCAN,AdditionalLogs,recurring_drift_03,,,,"[np.float64(658.56), np.float64(1254.2857142857142)]","[500, 1000]",0.5,158.55999999999997,00:00:00,0.3675169999987702,0.0002450113333325,,,,400.0,120.0,,,
Zheng DBSCAN,AdditionalLogs,recurring_drift_03,,,,[np.float64(788.875)],"[500, 1000]",,,00:00:00,0.3675169999987702,0.0002450113333325,,,,400.0,160.0,,,
Zheng DBSCAN,AdditionalLogs,recurring_drift_03,,,,[np.float64(765.8181818181819)],"[500, 1000]",,,00:00:00,0.3675169999987702,0.0002450113333325,,,,400.0,200.0,,,
LCDD,AdditionalLogs,gradual_drift_08,800.0,800.0,5.0,[862],"[500, 1000]",0.6666666666666666,138.0,00:00:00,0.0101510000022244,7.250714287303188e-06,,,,,,,,
Process Graph Metrics,AdditionalLogs,sudden_drift_05,,,,[558],"[500, 1000]",0.6666666666666666,58.0,00:00:05,5.13852250000491,0.0034256816666699,0.005,200.0,500.0,,,,,
LCDD,AdditionalLogs,gradual_drift_09,200.0,200.0,200.0,"[408, 608, 920, 1120, 1373]","[500, 1000]",0.5714285714285715,86.0,00:00:00,0.0306140999964554,2.1867214283182485e-05,,,,,,,,
Zheng DBSCAN,AdditionalLogs,sudden_drift_05,,,,"[np.float64(508.9), np.float64(721.0), np.float64(805.0), np.float64(882.0), np.float64(1051.7037037037037), np.float64(1371.0), np.float64(1497.0)]","[500, 1000]",0.4444444444444445,30.30185185185184,00:00:00,0.2999058000059449,0.0001999372000039,,,,500.0,50.0,,,
Zheng DBSCAN,AdditionalLogs,sudden_drift_05,,,,"[np.float64(815.8461538461538), np.float64(1371.0), np.float64(1497.0)]","[500, 1000]",0.4,184.1538461538462,00:00:00,0.2999058000059449,0.0001999372000039,,,,500.0,100.0,,,
Zheng DBSCAN,AdditionalLogs,sudden_drift_05,,,,[np.float64(734.8030303030303)],"[500, 1000]",,,00:00:00,0.2999058000059449,0.0001999372000039,,,,500.0,150.0,,,
Zheng DBSCAN,AdditionalLogs,sudden_drift_05,,,,[np.float64(734.8030303030303)],"[500, 1000]",,,00:00:00,0.2999058000059449,0.0001999372000039,,,,500.0,200.0,,,
Zheng DBSCAN,AdditionalLogs,sudden_drift_05,,,,[np.float64(734.8030303030303)],"[500, 1000]",,,00:00:00,0.2999058000059449,0.0001999372000039,,,,500.0,250.0,,,
Process Graph Metrics,AdditionalLogs,gradual_drift_05,,,,"[492, 1040]","[500, 1000]",1.0,24.0,00:00:03,3.70229929999914,0.0026444994999993,0.0001,200.0,400.0,,,,,
LCDD,AdditionalLogs,gradual_drift_07,300.0,300.0,20.0,"[416, 768, 1068]","[500, 1000]",0.8,76.0,00:00:00,0.0122214000002713,8.729571428765277e-06,,,,,,,,
LCDD,AdditionalLogs,sudden_drift_03,600.0,600.0,150.0,[816],"[500, 1000]",0.6666666666666666,184.0,00:00:00,0.0133328000010806,8.888533334053743e-06,,,,,,,,
LCDD,AdditionalLogs,recurring_drift_03,1200.0,1200.0,5.0,[1348],"[500, 1000]",,,00:00:00,0.0171179999961168,1.1411999997411234e-05,,,,,,,,
Process Graph Metrics,AdditionalLogs,sudden_drift_09,,,,"[545, 1084]","[500, 1000]",1.0,64.5,00:00:03,3.154029000004812,0.0021026860000032,0.005,200.0,600.0,,,,,
LCDD,AdditionalLogs,gradual_drift_02,400.0,400.0,100.0,"[412, 815, 1245]","[500, 1000]",0.8,136.5,00:00:00,0.023762999997416,1.6973571426725746e-05,,,,,,,,
LCDD,AdditionalLogs,gradual_drift_00,1200.0,1200.0,200.0,[1206],"[500, 1000]",,,00:00:00,0.0109953000064706,7.853785718907603e-06,,,,,,,,
LCDD,AdditionalLogs,sudden_drift_06,100.0,100.0,50.0,"[127, 235, 336, 451, 553, 666, 768, 878, 986, 1088, 1195, 1297, 1397]","[500, 1000]",0.2666666666666667,31.5,00:00:00,0.0794894999999087,5.299299999993916e-05,,,,,,,,
Process Graph Metrics,AdditionalLogs,gradual_drift_08,,,,[600],"[500, 1000]",0.6666666666666666,100.0,00:00:01,1.8133804999961285,0.0012952717857115,0.005,400.0,400.0,,,,,
Process Graph Metrics,AdditionalLogs,gradual_drift_02,,,,"[450, 1129]","[500, 1000]",1.0,89.5,00:00:02,2.781578800000716,0.0019868420000005,0.005,300.0,600.0,,,,,
Process Graph Metrics,AdditionalLogs,sudden_drift_03,,,,"[631, 1669]","[500, 1000]",0.5,131.0,00:00:01,1.2428848999988986,0.0008285899333325,0.1,400.0,700.0,,,,,
Zheng DBSCAN,AdditionalLogs,gradual_drift_05,,,,"[np.float64(371.93939393939394), np.float64(630.875), np.float64(781.0), np.float64(836.5), np.float64(959.0), np.float64(1121.8), np.float64(1259.5), np.float64(1312.5), np.float64(1396.0)]","[500, 1000]",0.3636363636363636,84.53030303030303,00:00:00,0.3125755000000936,0.0002232682142857,,,,300.0,30.0,,,
Zheng DBSCAN,AdditionalLogs,gradual_drift_05,,,,"[np.float64(304.5217391304348), np.float64(630.875), np.float64(818.0), np.float64(959.0), np.float64(1121.8), np.float64(1286.0), np.float64(1396.0)]","[500, 1000]",0.4444444444444445,85.9375,00:00:00,0.3125755000000936,0.0002232682142857,,,,300.0,60.0,,,
Zheng DBSCAN,AdditionalLogs,gradual_drift_05,,,,"[np.float64(352.8703703703704), np.float64(977.6190476190476), np.float64(1308.0)]","[500, 1000]",0.8,84.75529100529101,00:00:00,0.3125755000000936,0.0002232682142857,,,,300.0,90.0,,,
Zheng DBSCAN,AdditionalLogs,gradual_drift_05,,,,[np.float64(576.5625)],"[500, 1000]",0.6666666666666666,76.5625,00:00:00,0.3125755000000936,0.0002232682142857,,,,300.0,120.0,,,
Zheng DBSCAN,AdditionalLogs,gradual_drift_05,,,,[np.float64(576.5625)],"[500, 1000]",0.6666666666666666,76.5625,00:00:00,0.3125755000000936,0.0002232682142857,,,,300.0,150.0,,,
LCDD,AdditionalLogs,sudden_drift_07,300.0,300.0,5.0,"[501, 913, 1324]","[500, 1000]",0.8,44.0,00:00:00,0.0119360000026063,7.957333335070872e-06,,,,,,,,
Process Graph Metrics,AdditionalLogs,gradual_drift_03,,,,"[519, 1052]","[500, 1000]",1.0,35.5,00:00:02,2.421074999998382,0.0017293392857131,0.1,200.0,700.0,,,,,
LCDD,AdditionalLogs,recurring_drift_09,600.0,600.0,5.0,[],"[500, 1000]",,,00:00:00,0.0266850999978487,1.7790066665232492e-05,,,,,,,,
Process Graph Metrics,AdditionalLogs,recurring_drift_00,,,,"[561, 1101]","[500, 1000]",1.0,81.0,00:00:00,0.76167610000266,0.0005077840666684,0.005,100.0,700.0,,,,,
Process Graph Metrics,AdditionalLogs,recurring_drift_05,,,,"[578, 1118]","[500, 1000]",1.0,98.0,00:00:02,2.2310929000013857,0.0014873952666675,0.05,300.0,500.0,,,,,
Process Graph Metrics,AdditionalLogs,sudden_drift_08,,,,"[685, 1048, 1309]","[500, 1000]",0.8,116.5,00:00:00,0.9348141000009492,0.0006232094000006,0.1,200.0,500.0,,,,,
LCDD,AdditionalLogs,recurring_drift_00,300.0,300.0,200.0,"[502, 836, 1259]","[500, 1000]",0.8,83.0,00:00:00,0.0139697000049636,9.313133336642446e-06,,,,,,,,
LCDD,AdditionalLogs,sudden_drift_01,300.0,300.0,20.0,"[354, 921, 1254]","[500, 1000]",0.8,112.5,00:00:00,0.0280841999992844,1.872279999952297e-05,,,,,,,,
LCDD,AdditionalLogs,sudden_drift_04,400.0,400.0,200.0,"[500, 946, 1492]","[500, 1000]",0.8,27.0,00:00:00,0.0133216999965952,8.881133331063514e-06,,,,,,,,
LCDD,AdditionalLogs,sudden_drift_03,600.0,600.0,10.0,[816],"[500, 1000]",0.6666666666666666,184.0,00:00:00,0.0109260000026552,7.284000001770134e-06,,,,,,,,
Process Graph Metrics,AdditionalLogs,recurring_drift_07,,,,"[465, 1005]","[500, 1000]",1.0,20.0,00:00:00,0.6278868000008515,0.0004185912000005,0.05,300.0,600.0,,,,,
LCDD,AdditionalLogs,recurring_drift_04,200.0,200.0,150.0,"[261, 500, 719, 928, 1177, 1391]","[500, 1000]",0.5,36.0,00:00:00,0.0122644000002765,8.176266666851006e-06,,,,,,,,
LCDD,AdditionalLogs,recurring_drift_00,800.0,800.0,150.0,[881],"[500, 1000]",0.6666666666666666,119.0,00:00:00,0.010137900004338,6.758600002892005e-06,,,,,,,,
Process Graph Metrics,AdditionalLogs,gradual_drift_00,,,,"[681, 1329]","[500, 1000]",0.5,181.0,00:00:01,1.2832865999953356,0.0009166332857109,0.005,100.0,600.0,,,,,
Process Graph Metrics,AdditionalLogs,recurring_drift_00,,,,"[553, 1072]","[500, 1000]",1.0,62.5,00:00:01,1.021569399999862,0.0006810462666665,0.1,200.0,700.0,,,,,
Process Graph Metrics,AdditionalLogs,sudden_drift_05,,,,"[539, 1476]","[500, 1000]",0.5,39.0,00:00:07,7.158230799999728,0.0047721538666664,0.1,100.0,700.0,,,,,
Process Graph Metrics,AdditionalLogs,sudden_drift_09,,,,"[454, 973]","[500, 1000]",1.0,36.5,00:00:01,1.7621306000000914,0.0011747537333333,0.1,200.0,400.0,,,,,
LCDD,AdditionalLogs,sudden_drift_05,800.0,800.0,200.0,[1000],"[500, 1000]",0.6666666666666666,0.0,00:00:00,0.0201486999940243,1.3432466662682903e-05,,,,,,,,
Zheng DBSCAN,AdditionalLogs,sudden_drift_06,,,,"[np.float64(334.5), np.float64(376.0), np.float64(423.75), np.float64(524.9047619047619), np.float64(644.5), np.float64(682.0), np.float64(768.0), np.float64(814.0), np.float64(862.0), np.float64(919.0), np.float64(1022.6666666666666), np.float64(1216.8), np.float64(1440.5)]","[500, 1000]",0.2666666666666667,23.78571428571428,00:00:01,1.1760742999977083,0.0007840495333318,,,,300.0,30.0,,,
Zheng DBSCAN,AdditionalLogs,sudden_drift_06,,,,"[np.float64(507.5483870967742), np.float64(1012.8461538461538), np.float64(1440.5)]","[500, 1000]",0.8,10.197270471464009,00:00:01,1.1760742999977083,0.0007840495333318,,,,300.0,60.0,,,
Zheng DBSCAN,AdditionalLogs,sudden_drift_06,,,,"[np.float64(789.0714285714286), np.float64(1440.5)]","[500, 1000]",,,00:00:01,1.1760742999977083,0.0007840495333318,,,,300.0,90.0,,,
Zheng DBSCAN,AdditionalLogs,sudden_drift_06,,,,"[np.float64(789.0714285714286), np.float64(1440.5)]","[500, 1000]",,,00:00:01,1.1760742999977083,0.0007840495333318,,,,300.0,120.0,,,
Zheng DBSCAN,AdditionalLogs,sudden_drift_06,,,,"[np.float64(789.0714285714286), np.float64(1440.5)]","[500, 1000]",,,00:00:01,1.1760742999977083,0.0007840495333318,,,,300.0,150.0,,,
Process Graph Metrics,AdditionalLogs,recurring_drift_04,,,,"[624, 1164]","[500, 1000]",1.0,144.0,00:00:03,3.013504599999578,0.0020090030666663,0.05,100.0,500.0,,,,,
Process Graph Metrics,AdditionalLogs,sudden_drift_09,,,,"[458, 908, 1363]","[500, 1000]",0.8,67.0,00:00:01,1.3187579000004916,0.0008791719333336,0.1,100.0,500.0,,,,,
Process Graph Metrics,AdditionalLogs,recurring_drift_01,,,,"[329, 629, 989]","[500, 1000]",0.8,70.0,00:00:01,1.9387356000006548,0.0012924904000004,0.05,200.0,500.0,,,,,
Process Graph Metrics,AdditionalLogs,recurring_drift_08,,,,"[717, 1674]","[500, 1000]",,,00:00:11,11.98314049999317,0.0079887603333287,0.005,100.0,700.0,,,,,
Process Graph Metrics,AdditionalLogs,sudden_drift_03,,,,"[626, 1166]","[500, 1000]",1.0,146.0,00:00:02,2.773322499997448,0.0018488816666649,0.1,100.0,500.0,,,,,
Process Graph Metrics,AdditionalLogs,recurring_drift_01,,,,"[369, 766, 1754]","[500, 1000]",0.4,131.0,00:00:09,9.078469200001564,0.006052312800001,0.005,200.0,700.0,,,,,
LCDD,AdditionalLogs,recurring_drift_04,600.0,600.0,10.0,"[628, 1277]","[500, 1000]",0.5,128.0,00:00:00,0.0110267999989446,7.351199999296417e-06,,,,,,,,
Process Graph Metrics,AdditionalLogs,gradual_drift_02,,,,"[375, 876]","[500, 1000]",1.0,124.5,00:00:06,6.238206699999864,0.0044558619285713,0.1,100.0,400.0,,,,,
LCDD,AdditionalLogs,gradual_drift_02,200.0,200.0,150.0,"[231, 442, 651, 887, 1105, 1319]","[500, 1000]",0.5,81.5,00:00:00,0.0204372000007424,1.4598000000530322e-05,,,,,,,,
Process Graph Metrics,AdditionalLogs,sudden_drift_00,,,,"[551, 1154]","[500, 1000]",1.0,102.5,00:00:02,2.670217099999718,0.0017801447333331,0.05,200.0,700.0,,,,,
Process Graph Metrics,AdditionalLogs,recurring_drift_03,,,,"[571, 1038]","[500, 1000]",1.0,54.5,00:00:03,3.3626862000019173,0.0022417908000012,0.1,300.0,400.0,,,,,
Process Graph Metrics,AdditionalLogs,recurring_drift_06,,,,"[812, 1566]","[500, 1000]",0.5,188.0,00:00:37,37.76291239999409,0.0251752749333293,0.05,300.0,500.0,,,,,
LCDD,AdditionalLogs,gradual_drift_00,200.0,200.0,150.0,"[413, 613, 912, 1206]","[500, 1000]",0.6666666666666666,87.5,00:00:00,0.0106386999977985,7.599071426998957e-06,,,,,,,,
LCDD,AdditionalLogs,recurring_drift_02,1200.0,1200.0,5.0,[1269],"[500, 1000]",,,00:00:00,0.0254074999975273,1.6938333331684892e-05,,,,,,,,
LCDD,AdditionalLogs,recurring_drift_06,200.0,200.0,50.0,"[309, 532, 732, 939, 1231, 1454]","[500, 1000]",0.5,46.5,00:00:00,0.0763145000018994,5.087633333459962e-05,,,,,,,,
Process Graph Metrics,AdditionalLogs,gradual_drift_02,,,,"[450, 1229]","[500, 1000]",0.5,50.0,00:00:00,0.8149728999997023,0.0005821234999997,0.0001,300.0,700.0,,,,,
Process Graph Metrics,AdditionalLogs,gradual_drift_02,,,,"[360, 871]","[500, 1000]",1.0,134.5,00:00:16,16.186288500000956,0.0115616346428578,0.05,200.0,600.0,,,,,
Process Graph Metrics,AdditionalLogs,recurring_drift_02,,,,"[704, 1353]","[500, 1000]",,,00:00:05,5.649643299999298,0.0037664288666661,0.1,300.0,600.0,,,,,
Process Graph Metrics,AdditionalLogs,recurring_drift_02,,,,"[624, 1259]","[500, 1000]",0.5,124.0,00:00:01,1.582111999996414,0.0010547413333309,0.1,200.0,700.0,,,,,
Process Graph Metrics,AdditionalLogs,gradual_drift_00,,,,"[638, 1262]","[500, 1000]",0.5,138.0,00:00:00,0.6064804000052391,0.000433200285718,0.005,200.0,500.0,,,,,
Process Graph Metrics,AdditionalLogs,gradual_drift_03,,,,"[530, 1083]","[500, 1000]",1.0,56.5,00:00:02,2.356029599999601,0.001682878285714,0.005,100.0,500.0,,,,,
LCDD,AdditionalLogs,sudden_drift_03,100.0,100.0,100.0,"[133, 242, 359, 500, 604, 719, 880, 980, 1095, 1195, 1302, 1457]","[500, 1000]",0.2857142857142857,10.0,00:00:00,0.0101697000063722,6.779800004248197e-06,,,,,,,,
LCDD,AdditionalLogs,recurring_drift_01,400.0,400.0,100.0,"[424, 1043]","[500, 1000]",1.0,59.5,00:00:00,0.0291475999983958,1.943173333226393e-05,,,,,,,,
LCDD,AdditionalLogs,recurring_drift_02,1200.0,1200.0,100.0,[1269],"[500, 1000]",,,00:00:00,0.0291465000045718,1.943100000304791e-05,,,,,,,,
Process Graph Metrics,AdditionalLogs,gradual_drift_08,,,,"[612, 1152]","[500, 1000]",1.0,132.0,00:00:02,2.4098524000000907,0.0017213231428572,0.005,100.0,400.0,,,,,
Process Graph Metrics,AdditionalLogs,recurring_drift_09,,,,"[600, 1349]","[500, 1000]",0.5,100.0,00:00:01,1.3850108999977238,0.0009233405999984,0.1,400.0,400.0,,,,,
LCDD,AdditionalLogs,gradual_drift_01,300.0,300.0,100.0,"[303, 639, 951, 1256]","[500, 1000]",0.6666666666666666,94.0,00:00:00,0.0243808000013814,1.7414857143843878e-05,,,,,,,,
Process Graph Metrics,AdditionalLogs,sudden_drift_01,,,,"[600, 1200]","[500, 1000]",1.0,150.0,00:00:00,0.3984768000009353,0.0002656512000006,0.05,400.0,700.0,,,,,
Process Graph Metrics,AdditionalLogs,gradual_drift_05,,,,"[466, 1012, 1336]","[500, 1000]",0.8,23.0,00:00:01,1.0909728000042378,0.0007792662857173,0.05,300.0,600.0,,,,,
Process Graph Metrics,AdditionalLogs,recurring_drift_07,,,,"[600, 1200]","[500, 1000]",1.0,150.0,00:00:00,0.1782221999965259,0.0001188147999976,0.1,400.0,700.0,,,,,
Process Graph Metrics,AdditionalLogs,sudden_drift_04,,,,"[600, 1320]","[500, 1000]",0.5,100.0,00:00:00,0.2767061999984435,0.0001844707999989,0.1,400.0,700.0,,,,,
LCDD,AdditionalLogs,recurring_drift_06,600.0,600.0,200.0,[672],"[500, 1000]",0.6666666666666666,172.0,00:00:00,0.0705017000000225,4.700113333334836e-05,,,,,,,,
Process Graph Metrics,AdditionalLogs,sudden_drift_01,,,,"[540, 1080]","[500, 1000]",1.0,60.0,00:00:00,0.5630578999989666,0.0003753719333326,0.1,300.0,500.0,,,,,
LCDD,AdditionalLogs,sudden_drift_01,300.0,300.0,5.0,"[354, 921, 1254]","[500, 1000]",0.8,112.5,00:00:00,0.0308288000014727,2.0552533334315133e-05,,,,,,,,
LCDD,AdditionalLogs,gradual_drift_00,200.0,200.0,5.0,"[413, 613, 912, 1206]","[500, 1000]",0.6666666666666666,87.5,00:00:00,0.0096023999940371,6.858857138597939e-06,,,,,,,,
LCDD,AdditionalLogs,recurring_drift_09,1200.0,1200.0,100.0,[],"[500, 1000]",,,00:00:00,0.0238074000008055,1.5871600000537e-05,,,,,,,,
LCDD,AdditionalLogs,gradual_drift_06,600.0,600.0,150.0,[923],"[500, 1000]",0.6666666666666666,77.0,00:00:00,0.0625109999964479,4.4650714283177095e-05,,,,,,,,
Process Graph Metrics,AdditionalLogs,gradual_drift_04,,,,"[600, 1200]","[500, 1000]",1.0,150.0,00:00:00,0.1915855000042938,0.0001368467857173,0.05,400.0,600.0,,,,,
LCDD,AdditionalLogs,recurring_drift_04,400.0,400.0,5.0,"[500, 1000, 1475]","[500, 1000]",0.8,0.0,00:00:00,0.0081926999991992,5.461799999466166e-06,,,,,,,,
LCDD,AdditionalLogs,sudden_drift_04,300.0,300.0,200.0,"[337, 849, 1186, 1492]","[500, 1000]",0.6666666666666666,157.0,00:00:00,0.0190052000034484,1.2670133335632271e-05,,,,,,,,
Process Graph Metrics,AdditionalLogs,recurring_drift_02,,,,[1078],"[500, 1000]",0.6666666666666666,78.0,00:00:11,11.866518299997551,0.0079110121999983,0.005,400.0,500.0,,,,,
LCDD,AdditionalLogs,gradual_drift_05,300.0,300.0,200.0,"[318, 627, 935, 1251]","[500, 1000]",0.6666666666666666,96.0,00:00:00,0.0211646000025211,1.5117571430372272e-05,,,,,,,,
Process Graph Metrics,AdditionalLogs,gradual_drift_08,,,,"[495, 1270]","[500, 1000]",0.5,5.0,00:00:01,1.309976999997161,0.0009356978571408,0.1,300.0,400.0,,,,,
Process Graph Metrics,AdditionalLogs,recurring_drift_06,,,,[812],"[500, 1000]",0.6666666666666666,188.0,00:00:03,3.668764900001406,0.0024458432666676,0.005,300.0,500.0,,,,,
Process Graph Metrics,AdditionalLogs,sudden_drift_01,,,,"[542, 1092]","[500, 1000]",1.0,67.0,00:00:01,1.8309241000024483,0.0012206160666682,0.005,100.0,600.0,,,,,
Process Graph Metrics,AdditionalLogs,recurring_drift_06,,,,[812],"[500, 1000]",0.6666666666666666,188.0,00:00:04,4.099698600002739,0.0027331324000018,0.005,200.0,500.0,,,,,
Process Graph Metrics,AdditionalLogs,sudden_drift_04,,,,"[584, 1232]","[500, 1000]",0.5,84.0,00:00:01,1.6786787000019103,0.0011191191333346,0.005,100.0,500.0,,,,,
Zheng DBSCAN,AdditionalLogs,recurring_drift_09,,,,[],"[500, 1000]",,,00:00:00,0.3096472000033827,0.0002064314666689,,,,700.0,70.0,,,
Zheng DBSCAN,AdditionalLogs,recurring_drift_09,,,,[],"[500, 1000]",,,00:00:00,0.3096472000033827,0.0002064314666689,,,,700.0,140.0,,,
Zheng DBSCAN,AdditionalLogs,recurring_drift_09,,,,[],"[500, 1000]",,,00:00:00,0.3096472000033827,0.0002064314666689,,,,700.0,210.0,,,
Zheng DBSCAN,AdditionalLogs,recurring_drift_09,,,,[],"[500, 1000]",,,00:00:00,0.3096472000033827,0.0002064314666689,,,,700.0,280.0,,,
Zheng DBSCAN,AdditionalLogs,recurring_drift_09,,,,[],"[500, 1000]",,,00:00:00,0.3096472000033827,0.0002064314666689,,,,700.0,350.0,,,
Zheng DBSCAN,AdditionalLogs,recurring_drift_08,,,,"[np.float64(730.6), np.float64(1045.1666666666667), np.float64(1234.3333333333333), np.float64(1354.5), np.float64(1496.5)]","[500, 1000]",0.2857142857142857,45.16666666666674,00:00:00,0.515684499994677,0.0003437896666631,,,,700.0,70.0,,,
Zheng DBSCAN,AdditionalLogs,recurring_drift_08,,,,[np.float64(717.3023255813954)],"[500, 1000]",,,00:00:00,0.515684499994677,0.0003437896666631,,,,700.0,140.0,,,
Zheng DBSCAN,AdditionalLogs,recurring_drift_08,,,,[np.float64(717.3023255813954)],"[500, 1000]",,,00:00:00,0.515684499994677,0.0003437896666631,,,,700.0,210.0,,,
Zheng DBSCAN,AdditionalLogs,recurring_drift_08,,,,[np.float64(717.3023255813954)],"[500, 1000]",,,00:00:00,0.515684499994677,0.0003437896666631,,,,700.0,280.0,,,
Zheng DBSCAN,AdditionalLogs,recurring_drift_08,,,,[np.float64(717.3023255813954)],"[500, 1000]",,,00:00:00,0.515684499994677,0.0003437896666631,,,,700.0,350.0,,,
Process Graph Metrics,AdditionalLogs,sudden_drift_09,,,,"[600, 1200]","[500, 1000]",1.0,150.0,00:00:00,0.3361615000030724,0.0002241076666687,0.1,400.0,700.0,,,,,
LCDD,AdditionalLogs,gradual_drift_06,300.0,300.0,150.0,"[411, 725, 1028, 1392]","[500, 1000]",0.6666666666666666,58.5,00:00:00,0.0627148999992641,4.4796357142331546e-05,,,,,,,,
LCDD,AdditionalLogs,sudden_drift_04,100.0,100.0,5.0,"[108, 209, 309, 409, 512, 633, 757, 865, 980, 1080, 1186, 1295, 1415]","[500, 1000]",0.2666666666666667,16.0,00:00:00,0.0159685000035096,1.064566666900646e-05,,,,,,,,
LCDD,AdditionalLogs,gradual_drift_09,600.0,600.0,200.0,[920],"[500, 1000]",0.6666666666666666,80.0,00:00:00,0.0209628999946289,1.497349999616355e-05,,,,,,,,
Process Graph Metrics,AdditionalLogs,recurring_drift_00,,,,"[553, 1072]","[500, 1000]",1.0,62.5,00:00:00,0.972688300003938,0.0006484588666692,0.1,200.0,600.0,,,,,
Process Graph Metrics,AdditionalLogs,recurring_drift_05,,,,"[602, 1202]","[500, 1000]",0.5,102.0,00:00:00,0.3966827000040211,0.000264455133336,0.1,400.0,600.0,,,,,
Zheng DBSCAN,AdditionalLogs,sudden_drift_06,,,,"[np.float64(842.8), np.float64(1028.5714285714287), np.float64(1219.25), np.float64(1452.0)]","[500, 1000]",0.3333333333333333,28.57142857142867,00:00:01,1.2378995000035502,0.0008252663333357,,,,600.0,60.0,,,
Zheng DBSCAN,AdditionalLogs,sudden_drift_06,,,,"[np.float64(1021.3478260869565), np.float64(1452.0)]","[500, 1000]",0.5,21.347826086956506,00:00:01,1.2378995000035502,0.0008252663333357,,,,600.0,120.0,,,
Zheng DBSCAN,AdditionalLogs,sudden_drift_06,,,,"[np.float64(1021.3478260869565), np.float64(1452.0)]","[500, 1000]",0.5,21.347826086956506,00:00:01,1.2378995000035502,0.0008252663333357,,,,600.0,180.0,,,
Zheng DBSCAN,AdditionalLogs,sudden_drift_06,,,,[np.float64(919.483870967742)],"[500, 1000]",0.6666666666666666,80.51612903225805,00:00:01,1.2378995000035502,0.0008252663333357,,,,600.0,240.0,,,
Zheng DBSCAN,AdditionalLogs,sudden_drift_06,,,,[np.float64(919.483870967742)],"[500, 1000]",0.6666666666666666,80.51612903225805,00:00:01,1.2378995000035502,0.0008252663333357,,,,600.0,300.0,,,
LCDD,AdditionalLogs,recurring_drift_04,1200.0,1200.0,200.0,[],"[500, 1000]",,,00:00:00,0.012740300000587,8.493533333724675e-06,,,,,,,,
Process Graph Metrics,AdditionalLogs,gradual_drift_06,,,,"[464, 1004]","[500, 1000]",1.0,20.0,00:00:04,4.137183399994683,0.0029551309999962,0.1,300.0,500.0,,,,,
Process Graph Metrics,AdditionalLogs,sudden_drift_02,,,,"[562, 1081]","[500, 1000]",1.0,71.5,00:00:04,4.039956200002052,0.0026933041333347,0.0001,200.0,600.0,,,,,
Process Graph Metrics,AdditionalLogs,recurring_drift_04,,,,"[622, 1162]","[500, 1000]",1.0,142.0,00:00:02,2.886667799997668,0.0019244451999984,0.1,100.0,400.0,,,,,
Process Graph Metrics,AdditionalLogs,sudden_drift_04,,,,"[613, 1213]","[500, 1000]",0.5,113.0,00:00:00,0.6625421999997343,0.0004416947999998,0.0001,400.0,700.0,,,,,
LCDD,AdditionalLogs,recurring_drift_00,600.0,600.0,10.0,"[601, 1259]","[500, 1000]",0.5,101.0,00:00:00,0.008592199999839,5.728133333226045e-06,,,,,,,,
Process Graph Metrics,AdditionalLogs,gradual_drift_05,,,,"[472, 863, 1422]","[500, 1000]",0.8,82.5,00:00:04,4.463438799997675,0.0031881705714269,0.05,100.0,400.0,,,,,
LCDD,AdditionalLogs,gradual_drift_09,800.0,800.0,150.0,[920],"[500, 1000]",0.6666666666666666,80.0,00:00:00,0.017755599998054,1.2682571427181496e-05,,,,,,,,
LCDD,AdditionalLogs,gradual_drift_06,200.0,200.0,10.0,"[281, 543, 913, 1135, 1392]","[500, 1000]",0.5714285714285715,65.0,00:00:00,0.064439299996593,4.602807142613788e-05,,,,,,,,
LCDD,AdditionalLogs,gradual_drift_03,1200.0,1200.0,100.0,[1390],"[500, 1000]",,,00:00:00,0.0100893999988329,7.206714284880685e-06,,,,,,,,
Process Graph Metrics,AdditionalLogs,sudden_drift_08,,,,"[720, 1620]","[500, 1000]",,,00:00:08,8.103804500002298,0.0054025363333348,0.05,400.0,600.0,,,,,
Process Graph Metrics,AdditionalLogs,sudden_drift_03,,,,"[624, 1143]","[500, 1000]",1.0,133.5,00:00:03,3.036476599998423,0.0020243177333322,0.1,200.0,700.0,,,,,
Process Graph Metrics,AdditionalLogs,recurring_drift_05,,,,"[578, 1118]","[500, 1000]",1.0,98.0,00:00:02,2.563490100001218,0.0017089934000008,0.05,100.0,600.0,,,,,
LCDD,AdditionalLogs,sudden_drift_05,1200.0,1200.0,5.0,[1204],"[500, 1000]",,,00:00:00,0.0149625999983982,9.975066665598813e-06,,,,,,,,
LCDD,AdditionalLogs,recurring_drift_01,600.0,600.0,150.0,"[618, 1261]","[500, 1000]",0.5,118.0,00:00:00,0.0262452000024495,1.7496800001633044e-05,,,,,,,,
Zheng DBSCAN,AdditionalLogs,gradual_drift_02,,,,"[np.float64(448.96), np.float64(904.2615384615384), np.float64(1245.0), np.float64(1332.5)]","[500, 1000]",0.6666666666666666,73.3892307692308,00:00:00,0.4345672999988892,0.0003104052142849,,,,400.0,40.0,,,
Zheng DBSCAN,AdditionalLogs,gradual_drift_02,,,,"[np.float64(755.6354166666666), np.float64(1332.5)]","[500, 1000]",,,00:00:00,0.4345672999988892,0.0003104052142849,,,,400.0,80.0,,,
Zheng DBSCAN,AdditionalLogs,gradual_drift_02,,,,[np.float64(746.7524752475248)],"[500, 1000]",,,00:00:00,0.4345672999988892,0.0003104052142849,,,,400.0,120.0,,,
Zheng DBSCAN,AdditionalLogs,gradual_drift_02,,,,[np.float64(746.7524752475248)],"[500, 1000]",,,00:00:00,0.4345672999988892,0.0003104052142849,,,,400.0,160.0,,,
Zheng DBSCAN,AdditionalLogs,gradual_drift_02,,,,[np.float64(746.7524752475248)],"[500, 1000]",,,00:00:00,0.4345672999988892,0.0003104052142849,,,,400.0,200.0,,,
Process Graph Metrics,AdditionalLogs,recurring_drift_04,,,,"[634, 1234]","[500, 1000]",0.5,134.0,00:00:01,1.342340700000932,0.0008948938000006,0.05,400.0,500.0,,,,,
LCDD,AdditionalLogs,gradual_drift_08,800.0,800.0,50.0,[862],"[500, 1000]",0.6666666666666666,138.0,00:00:00,0.0086433999967994,6.173857140571012e-06,,,,,,,,
LCDD,AdditionalLogs,gradual_drift_05,100.0,100.0,200.0,"[104, 207, 312, 425, 580, 680, 780, 891, 991, 1104, 1206, 1306]","[500, 1000]",0.2857142857142857,42.0,00:00:00,0.0229106999977375,1.636478571266967e-05,,,,,,,,
LCDD,AdditionalLogs,recurring_drift_09,600.0,600.0,100.0,[],"[500, 1000]",,,00:00:00,0.0362929000039002,2.4195266669266856e-05,,,,,,,,
Process Graph Metrics,AdditionalLogs,gradual_drift_06,,,,"[323, 997]","[500, 1000]",1.0,90.0,00:00:05,5.618892499995127,0.0040134946428536,0.05,200.0,700.0,,,,,
LCDD,AdditionalLogs,gradual_drift_02,100.0,100.0,5.0,"[102, 231, 334, 436, 540, 642, 743, 856, 956, 1063, 1167, 1272, 1374]","[500, 1000]",0.2666666666666667,42.0,00:00:00,0.0210228000069037,1.5016285719216934e-05,,,,,,,,
LCDD,AdditionalLogs,gradual_drift_00,600.0,600.0,200.0,[912],"[500, 1000]",0.6666666666666666,88.0,00:00:00,0.0100793000019621,7.199500001401508e-06,,,,,,,,
Process Graph Metrics,AdditionalLogs,recurring_drift_08,,,,"[580, 868, 1413]","[500, 1000]",0.8,106.0,00:00:02,2.907978600000206,0.0019386524000001,0.1,300.0,400.0,,,,,
LCDD,AdditionalLogs,recurring_drift_01,100.0,100.0,50.0,"[101, 263, 363, 504, 618, 734, 838, 977, 1090, 1207, 1382]","[500, 1000]",0.3076923076923077,13.5,00:00:00,0.0247817000054055,1.6521133336937056e-05,,,,,,,,
Process Graph Metrics,AdditionalLogs,sudden_drift_09,,,,"[574, 1114]","[500, 1000]",1.0,94.0,00:00:07,7.419154800001706,0.0049461032000011,0.0001,100.0,400.0,,,,,
Process Graph Metrics,AdditionalLogs,recurring_drift_05,,,,"[578, 1118]","[500, 1000]",1.0,98.0,00:00:02,2.3405660999997053,0.0015603773999998,0.05,100.0,500.0,,,,,
LCDD,AdditionalLogs,gradual_drift_07,800.0,800.0,10.0,[915],"[500, 1000]",0.6666666666666666,85.0,00:00:00,0.0108030999981565,7.716499998683243e-06,,,,,,,,
Process Graph Metrics,AdditionalLogs,recurring_drift_02,,,,"[580, 1071]","[500, 1000]",1.0,75.5,00:00:03,3.965332399995532,0.0026435549333303,0.005,100.0,400.0,,,,,
Process Graph Metrics,AdditionalLogs,gradual_drift_05,,,,"[466, 1009, 1335]","[500, 1000]",0.8,21.5,00:00:01,1.0555004999987432,0.0007539289285705,0.1,300.0,500.0,,,,,
LCDD,AdditionalLogs,sudden_drift_07,100.0,100.0,50.0,"[100, 206, 319, 436, 567, 675, 782, 885, 1004, 1324, 1432]","[500, 1000]",0.3076923076923077,34.0,00:00:00,0.0101140000042505,6.742666669500371e-06,,,,,,,,
Process Graph Metrics,AdditionalLogs,gradual_drift_04,,,,"[490, 1240]","[500, 1000]",0.5,10.0,00:00:04,4.064212500001304,0.0029030089285723,0.05,200.0,700.0,,,,,
Process Graph Metrics,AdditionalLogs,sudden_drift_09,,,,"[600, 1200]","[500, 1000]",1.0,150.0,00:00:00,0.3414799999954994,0.0002276533333303,0.0001,400.0,700.0,,,,,
LCDD,AdditionalLogs,recurring_drift_01,300.0,300.0,200.0,"[348, 660, 977, 1277]","[500, 1000]",0.6666666666666666,87.5,00:00:00,0.0286799000023165,1.9119933334877715e-05,,,,,,,,
Zheng DBSCAN,AdditionalLogs,sudden_drift_05,,,,"[np.float64(1075.235294117647), np.float64(1357.0), np.float64(1497.0)]","[500, 1000]",0.4,75.23529411764707,00:00:00,0.3069778999997652,0.0002046519333331,,,,800.0,80.0,,,
Zheng DBSCAN,AdditionalLogs,sudden_drift_05,,,,[np.float64(1112.2631578947369)],"[500, 1000]",0.6666666666666666,112.26315789473688,00:00:00,0.3069778999997652,0.0002046519333331,,,,800.0,160.0,,,
Zheng DBSCAN,AdditionalLogs,sudden_drift_05,,,,[np.float64(1112.2631578947369)],"[500, 1000]",0.6666666666666666,112.26315789473688,00:00:00,0.3069778999997652,0.0002046519333331,,,,800.0,240.0,,,
Zheng DBSCAN,AdditionalLogs,sudden_drift_05,,,,[np.float64(1112.2631578947369)],"[500, 1000]",0.6666666666666666,112.26315789473688,00:00:00,0.3069778999997652,0.0002046519333331,,,,800.0,320.0,,,
Zheng DBSCAN,AdditionalLogs,sudden_drift_05,,,,[],"[500, 1000]",,,00:00:00,0.3069778999997652,0.0002046519333331,,,,800.0,400.0,,,
Process Graph Metrics,AdditionalLogs,gradual_drift_08,,,,"[569, 1193]","[500, 1000]",1.0,131.0,00:00:01,1.718156599999929,0.0012272547142856,0.005,200.0,500.0,,,,,
Process Graph Metrics,AdditionalLogs,sudden_drift_00,,,,"[557, 1181]","[500, 1000]",1.0,119.0,00:00:02,2.4087049000008847,0.0016058032666672,0.05,300.0,500.0,,,,,
Process Graph Metrics,AdditionalLogs,recurring_drift_06,,,,[],"[500, 1000]",,,00:00:12,12.75103030000173,0.0085006868666678,0.0001,100.0,400.0,,,,,
LCDD,AdditionalLogs,sudden_drift_08,300.0,300.0,150.0,"[308, 626, 932, 1233]","[500, 1000]",0.6666666666666666,97.0,00:00:00,0.011713799998688,7.809199999125364e-06,,,,,,,,
Process Graph Metrics,AdditionalLogs,sudden_drift_07,,,,"[470, 1001]","[500, 1000]",1.0,15.5,00:00:02,2.7174371000000974,0.0018116247333333,0.05,200.0,500.0,,,,,
Process Graph Metrics,AdditionalLogs,gradual_drift_04,,,,"[540, 1188]","[500, 1000]",1.0,114.0,00:00:00,0.4286548999953083,0.0003061820714252,0.005,100.0,500.0,,,,,
LCDD,AdditionalLogs,gradual_drift_05,800.0,800.0,50.0,[935],"[500, 1000]",0.6666666666666666,65.0,00:00:00,0.124078399996506,8.86274285689329e-05,,,,,,,,
Process Graph Metrics,AdditionalLogs,sudden_drift_04,,,,"[547, 1326]","[500, 1000]",0.5,47.0,00:00:03,3.022843200000352,0.0020152288000002,0.1,300.0,600.0,,,,,
LCDD,AdditionalLogs,recurring_drift_09,100.0,100.0,20.0,"[108, 500, 1000]","[500, 1000]",0.8,0.0,00:00:00,0.0351538999966578,2.343593333110524e-05,,,,,,,,
Process Graph Metrics,AdditionalLogs,sudden_drift_04,,,,"[547, 1326]","[500, 1000]",0.5,47.0,00:00:03,3.232291700005589,0.002154861133337,0.1,100.0,600.0,,,,,
LCDD,AdditionalLogs,recurring_drift_06,800.0,800.0,50.0,[939],"[500, 1000]",0.6666666666666666,61.0,00:00:00,0.2519408999942243,0.0001679605999961,,,,,,,,
LCDD,AdditionalLogs,sudden_drift_00,200.0,200.0,10.0,"[502, 1000, 1246]","[500, 1000]",0.8,1.0,00:00:00,0.0118350999982794,7.89006666551965e-06,,,,,,,,
Process Graph Metrics,AdditionalLogs,gradual_drift_04,,,,[490],"[500, 1000]",0.6666666666666666,10.0,00:00:04,4.470293500002299,0.0031930667857159,0.05,200.0,500.0,,,,,
LCDD,AdditionalLogs,gradual_drift_09,1200.0,1200.0,200.0,[],"[500, 1000]",,,00:00:00,0.0197329000002355,1.4094928571596807e-05,,,,,,,,
Process Graph Metrics,AdditionalLogs,recurring_drift_09,,,,"[547, 1014]","[500, 1000]",1.0,30.5,00:00:06,6.189122099996894,0.0041260813999979,0.05,300.0,500.0,,,,,
Process Graph Metrics,AdditionalLogs,gradual_drift_03,,,,"[526, 1079]","[500, 1000]",1.0,52.5,00:00:02,2.30373210000107,0.0016455229285721,0.05,100.0,700.0,,,,,
Zheng DBSCAN,AdditionalLogs,recurring_drift_02,,,,"[np.float64(909.6666666666666), np.float64(1167.0), np.float64(1263.5)]","[500, 1000]",0.4,90.33333333333336,00:00:00,0.521231099999568,0.0003474873999997,,,,800.0,80.0,,,
Zheng DBSCAN,AdditionalLogs,recurring_drift_02,,,,"[np.float64(909.6666666666666), np.float64(1231.3333333333333)]","[500, 1000]",0.5,90.33333333333336,00:00:00,0.521231099999568,0.0003474873999997,,,,800.0,160.0,,,
Zheng DBSCAN,AdditionalLogs,recurring_drift_02,,,,[np.float64(848.2)],"[500, 1000]",0.6666666666666666,151.79999999999995,00:00:00,0.521231099999568,0.0003474873999997,,,,800.0,240.0,,,
Zheng DBSCAN,AdditionalLogs,recurring_drift_02,,,,[np.float64(848.2)],"[500, 1000]",0.6666666666666666,151.79999999999995,00:00:00,0.521231099999568,0.0003474873999997,,,,800.0,320.0,,,
Zheng DBSCAN,AdditionalLogs,recurring_drift_02,,,,[],"[500, 1000]",,,00:00:00,0.521231099999568,0.0003474873999997,,,,800.0,400.0,,,
Process Graph Metrics,AdditionalLogs,recurring_drift_03,,,,"[600, 1200]","[500, 1000]",1.0,150.0,00:00:00,0.172928399995726,0.0001152855999971,0.005,400.0,700.0,,,,,
Process Graph Metrics,AdditionalLogs,sudden_drift_01,,,,"[192, 410, 590, 887, 1147, 1407]","[500, 1000]",0.5,101.5,00:00:03,3.3793808999980683,0.0022529205999987,0.1,100.0,400.0,,,,,
Process Graph Metrics,AdditionalLogs,gradual_drift_00,,,,"[681, 1329]","[500, 1000]",0.5,181.0,00:00:01,1.2825230000016743,0.000916087857144,0.005,100.0,700.0,,,,,
Process Graph Metrics,AdditionalLogs,gradual_drift_08,,,,[1140],"[500, 1000]",0.6666666666666666,140.0,00:00:13,13.612777899994398,0.0097234127857102,0.0001,400.0,400.0,,,,,
LCDD,AdditionalLogs,sudden_drift_01,300.0,300.0,50.0,"[354, 921, 1254]","[500, 1000]",0.8,112.5,00:00:00,0.0330786999984411,2.2052466665627434e-05,,,,,,,,
LCDD,AdditionalLogs,gradual_drift_03,100.0,100.0,10.0,"[127, 246, 361, 475, 581, 738, 865, 972, 1082, 1187, 1299]","[500, 1000]",0.3076923076923077,26.5,00:00:00,0.0123823000030824,8.844500002201779e-06,,,,,,,,
LCDD,AdditionalLogs,gradual_drift_03,600.0,600.0,200.0,"[600, 1390]","[500, 1000]",0.5,100.0,00:00:00,0.019685399995069,1.406099999647787e-05,,,,,,,,
Process Graph Metrics,AdditionalLogs,gradual_drift_02,,,,"[600, 1233]","[500, 1000]",0.5,100.0,00:00:02,2.031541299998935,0.0014511009285706,0.05,400.0,400.0,,,,,
Process Graph Metrics,AdditionalLogs,sudden_drift_06,,,,"[216, 470, 686, 1109, 1363]","[500, 1000]",0.5714285714285715,69.5,00:00:04,4.862080599996261,0.0032413870666641,0.1,100.0,700.0,,,,,
LCDD,AdditionalLogs,sudden_drift_07,600.0,600.0,20.0,[913],"[500, 1000]",0.6666666666666666,87.0,00:00:00,0.012998799997149,8.665866664766024e-06,,,,,,,,
Process Graph Metrics,AdditionalLogs,sudden_drift_06,,,,"[216, 470, 782, 1094, 1414]","[500, 1000]",0.5714285714285715,62.0,00:00:05,5.902442299993709,0.0039349615333291,0.05,100.0,500.0,,,,,
LCDD,AdditionalLogs,sudden_drift_08,1200.0,1200.0,150.0,[1233],"[500, 1000]",,,00:00:00,0.0122399000028963,8.159933335264214e-06,,,,,,,,
Zheng DBSCAN,AdditionalLogs,sudden_drift_03,,,,"[np.float64(816.5), np.float64(914.0), np.float64(994.5), np.float64(1095.0), np.float64(1184.5)]","[500, 1000]",0.2857142857142857,5.5,00:00:00,0.3452008999956888,0.0002301339333304,,,,600.0,60.0,,,
Zheng DBSCAN,AdditionalLogs,sudden_drift_03,,,,[np.float64(1000.0)],"[500, 1000]",0.6666666666666666,0.0,00:00:00,0.3452008999956888,0.0002301339333304,,,,600.0,120.0,,,
Zheng DBSCAN,AdditionalLogs,sudden_drift_03,,,,[np.float64(1000.0)],"[500, 1000]",0.6666666666666666,0.0,00:00:00,0.3452008999956888,0.0002301339333304,,,,600.0,180.0,,,
Zheng DBSCAN,AdditionalLogs,sudden_drift_03,,,,[np.float64(1000.0)],"[500, 1000]",0.6666666666666666,0.0,00:00:00,0.3452008999956888,0.0002301339333304,,,,600.0,240.0,,,
Zheng DBSCAN,AdditionalLogs,sudden_drift_03,,,,[np.float64(1000.0)],"[500, 1000]",0.6666666666666666,0.0,00:00:00,0.3452008999956888,0.0002301339333304,,,,600.0,300.0,,,
LCDD,AdditionalLogs,sudden_drift_03,100.0,100.0,150.0,"[133, 242, 359, 500, 604, 719, 880, 980, 1095, 1195, 1302, 1457]","[500, 1000]",0.2857142857142857,10.0,00:00:00,0.0166796999983489,1.11197999988993e-05,,,,,,,,
LCDD,AdditionalLogs,sudden_drift_01,100.0,100.0,20.0,"[102, 213, 354, 503, 616, 740, 845, 954, 1059, 1173, 1325, 1428]","[500, 1000]",0.2857142857142857,24.5,00:00:00,0.0222361999985878,1.4824133332391893e-05,,,,,,,,
LCDD,AdditionalLogs,gradual_drift_06,100.0,100.0,20.0,"[103, 251, 401, 503, 627, 768, 913, 1013, 1121, 1239, 1343]","[500, 1000]",0.3076923076923077,8.0,00:00:00,0.0612900999985868,4.377864285613344e-05,,,,,,,,
Process Graph Metrics,AdditionalLogs,gradual_drift_00,,,,"[1069, 1519]","[500, 1000]",0.5,69.0,00:00:01,1.4924269000039203,0.0010660192142885,0.0001,100.0,400.0,,,,,
Process Graph Metrics,AdditionalLogs,recurring_drift_04,,,,"[610, 1175]","[500, 1000]",1.0,142.5,00:00:05,5.753540899997461,0.0038356939333316,0.05,200.0,700.0,,,,,
LCDD,AdditionalLogs,gradual_drift_03,100.0,100.0,100.0,"[127, 246, 361, 475, 581, 738, 865, 972, 1082, 1187, 1299]","[500, 1000]",0.3076923076923077,26.5,00:00:00,0.0154640999971888,1.1045785712277784e-05,,,,,,,,
LCDD,AdditionalLogs,recurring_drift_00,300.0,300.0,100.0,"[502, 836, 1259]","[500, 1000]",0.8,83.0,00:00:00,0.0095648999995319,6.376599999687945e-06,,,,,,,,
Process Graph Metrics,AdditionalLogs,sudden_drift_09,,,,"[574, 1114]","[500, 1000]",1.0,94.0,00:00:07,7.299810999997135,0.0048665406666647,0.0001,100.0,700.0,,,,,
LCDD,AdditionalLogs,recurring_drift_07,300.0,300.0,5.0,"[502, 1000]","[500, 1000]",1.0,1.0,00:00:00,0.0126355999964289,8.423733330952624e-06,,,,,,,,
Process Graph Metrics,AdditionalLogs,sudden_drift_06,,,,"[519, 1040]","[500, 1000]",1.0,29.5,00:00:02,2.271939799997199,0.0015146265333314,0.1,200.0,400.0,,,,,
Process Graph Metrics,AdditionalLogs,recurring_drift_03,,,,"[300, 600, 960, 1710]","[500, 1000]",0.6666666666666666,70.0,00:00:00,0.3671522000004188,0.0002447681333336,0.1,200.0,700.0,,,,,
Process Graph Metrics,AdditionalLogs,sudden_drift_00,,,,"[553, 1174]","[500, 1000]",1.0,113.5,00:00:03,3.1177180000013323,0.0020784786666675,0.005,200.0,400.0,,,,,
Process Graph Metrics,AdditionalLogs,sudden_drift_05,,,,[600],"[500, 1000]",0.6666666666666666,100.0,00:00:00,0.5574024000015925,0.000371601600001,0.0001,400.0,700.0,,,,,
Process Graph Metrics,AdditionalLogs,gradual_drift_06,,,,"[315, 824, 1190]","[500, 1000]",0.8,180.5,00:00:30,30.35907120000047,0.0216850508571431,0.1,100.0,400.0,,,,,
Process Graph Metrics,AdditionalLogs,gradual_drift_01,,,,"[314, 658, 970, 1282]","[500, 1000]",0.6666666666666666,94.0,00:00:02,2.1719874999980675,0.0015514196428557,0.1,100.0,400.0,,,,,
Process Graph Metrics,AdditionalLogs,sudden_drift_07,,,,"[551, 1087]","[500, 1000]",1.0,69.0,00:00:01,1.5610119999983,0.0010406746666655,0.0001,200.0,700.0,,,,,
LCDD,AdditionalLogs,gradual_drift_09,600.0,600.0,150.0,[920],"[500, 1000]",0.6666666666666666,80.0,00:00:00,0.0216237999993609,1.544557142811495e-05,,,,,,,,
LCDD,AdditionalLogs,recurring_drift_05,1200.0,1200.0,10.0,[1228],"[500, 1000]",,,00:00:00,0.0175463999985368,1.1697599999024533e-05,,,,,,,,
LCDD,AdditionalLogs,recurring_drift_06,600.0,600.0,20.0,[672],"[500, 1000]",0.6666666666666666,172.0,00:00:00,0.071090000004915,4.739333333661004e-05,,,,,,,,
Process Graph Metrics,AdditionalLogs,gradual_drift_05,,,,"[472, 863]","[500, 1000]",1.0,82.5,00:00:03,3.904246799997054,0.0027887477142836,0.05,100.0,700.0,,,,,
LCDD,AdditionalLogs,recurring_drift_06,400.0,400.0,200.0,"[500, 939, 1401]","[500, 1000]",0.8,30.5,00:00:00,0.0758272999955806,5.055153333038713e-05,,,,,,,,
LCDD,AdditionalLogs,gradual_drift_08,300.0,300.0,150.0,"[323, 649, 950, 1278]","[500, 1000]",0.6666666666666666,99.5,00:00:00,0.0103005000055418,7.357500003958454e-06,,,,,,,,
LCDD,AdditionalLogs,recurring_drift_03,800.0,800.0,100.0,[1348],"[500, 1000]",,,00:00:00,0.0175173000025097,1.1678200001673152e-05,,,,,,,,
LCDD,AdditionalLogs,sudden_drift_02,300.0,300.0,50.0,"[336, 641, 1003, 1338]","[500, 1000]",0.6666666666666666,72.0,00:00:00,0.0299213000034797,1.994753333565313e-05,,,,,,,,
Process Graph Metrics,AdditionalLogs,recurring_drift_09,,,,"[553, 1014]","[500, 1000]",1.0,33.5,00:00:06,6.574774099994102,0.0043831827333294,0.005,100.0,500.0,,,,,
Process Graph Metrics,AdditionalLogs,gradual_drift_09,,,,"[537, 1042, 1492]","[500, 1000]",0.8,39.5,00:00:06,6.9070006999972975,0.0049335719285694,0.05,300.0,600.0,,,,,
LCDD,AdditionalLogs,gradual_drift_08,300.0,300.0,20.0,"[323, 649, 950, 1278]","[500, 1000]",0.6666666666666666,99.5,00:00:00,0.0154000000038649,1.1000000002760704e-05,,,,,,,,
LCDD,AdditionalLogs,recurring_drift_02,300.0,300.0,150.0,"[381, 686, 995, 1307]","[500, 1000]",0.6666666666666666,62.0,00:00:00,0.0206895000010263,1.3793000000684213e-05,,,,,,,,
Process Graph Metrics,AdditionalLogs,sudden_drift_06,,,,"[612, 1212]","[500, 1000]",0.5,112.0,00:00:03,3.698535800001992,0.0024656905333346,0.1,400.0,700.0,,,,,
LCDD,AdditionalLogs,sudden_drift_06,400.0,400.0,200.0,"[500, 919, 1452]","[500, 1000]",0.8,40.5,00:00:00,0.0752244000032078,5.014960000213857e-05,,,,,,,,
LCDD,AdditionalLogs,gradual_drift_09,200.0,200.0,150.0,"[408, 608, 920, 1120, 1373]","[500, 1000]",0.5714285714285715,86.0,00:00:00,0.0269315000041387,1.9236785717242e-05,,,,,,,,
Process Graph Metrics,AdditionalLogs,gradual_drift_00,,,,"[594, 1113]","[500, 1000]",1.0,103.5,00:00:01,1.5759935999958543,0.0011257097142827,0.1,200.0,500.0,,,,,
Process Graph Metrics,AdditionalLogs,gradual_drift_07,,,,"[625, 1456]","[500, 1000]",0.5,125.0,00:00:05,5.747675999999046,0.0041054828571421,0.1,200.0,500.0,,,,,
LCDD,AdditionalLogs,recurring_drift_01,600.0,600.0,100.0,"[618, 1261]","[500, 1000]",0.5,118.0,00:00:00,0.0292091000010259,1.9472733334017296e-05,,,,,,,,
Process Graph Metrics,AdditionalLogs,sudden_drift_05,,,,[564],"[500, 1000]",0.6666666666666666,64.0,00:00:04,4.642178099995363,0.0030947853999969,0.005,300.0,700.0,,,,,
Process Graph Metrics,AdditionalLogs,recurring_drift_09,,,,"[600, 1200]","[500, 1000]",1.0,150.0,00:00:00,0.4805644000007305,0.0003203762666671,0.1,400.0,600.0,,,,,
Process Graph Metrics,AdditionalLogs,gradual_drift_02,,,,"[600, 1200]","[500, 1000]",1.0,150.0,00:00:00,0.3649234999975306,0.0002606596428553,0.005,400.0,600.0,,,,,
Process Graph Metrics,AdditionalLogs,sudden_drift_06,,,,"[216, 470, 782, 1094, 1414]","[500, 1000]",0.5714285714285715,62.0,00:00:06,6.477223199995933,0.0043181487999972,0.05,100.0,600.0,,,,,
LCDD,AdditionalLogs,recurring_drift_02,300.0,300.0,5.0,"[381, 686, 995, 1307]","[500, 1000]",0.6666666666666666,62.0,00:00:00,0.0269734999965294,1.7982333331019618e-05,,,,,,,,
LCDD,AdditionalLogs,gradual_drift_04,1200.0,1200.0,5.0,[1241],"[500, 1000]",,,00:00:00,0.0158357999971485,1.131128571224898e-05,,,,,,,,
LCDD,AdditionalLogs,sudden_drift_04,100.0,100.0,10.0,"[108, 209, 309, 409, 512, 633, 757, 865, 980, 1080, 1186, 1295, 1415]","[500, 1000]",0.2666666666666667,16.0,00:00:00,0.0128211999981431,8.547466665428752e-06,,,,,,,,
Process Graph Metrics,AdditionalLogs,recurring_drift_03,,,,"[571, 1038]","[500, 1000]",1.0,54.5,00:00:03,3.5332688999988022,0.0023555125999992,0.1,300.0,500.0,,,,,
LCDD,AdditionalLogs,gradual_drift_02,800.0,800.0,5.0,[815],"[500, 1000]",0.6666666666666666,185.0,00:00:00,0.0248161999988951,1.772585714206798e-05,,,,,,,,
LCDD,AdditionalLogs,sudden_drift_05,1200.0,1200.0,100.0,[1204],"[500, 1000]",,,00:00:00,0.0195269999967422,1.3017999997828156e-05,,,,,,,,
Process Graph Metrics,AdditionalLogs,gradual_drift_03,,,,"[600, 1263]","[500, 1000]",0.5,100.0,00:00:00,0.198544300001231,0.0001418173571437,0.0001,400.0,400.0,,,,,
LCDD,AdditionalLogs,recurring_drift_05,400.0,400.0,150.0,"[504, 929, 1337]","[500, 1000]",0.8,37.5,00:00:00,0.0215065000011236,1.433766666741576e-05,,,,,,,,
Process Graph Metrics,AdditionalLogs,sudden_drift_05,,,,[564],"[500, 1000]",0.6666666666666666,64.0,00:00:05,5.160584400000516,0.0034403896000003,0.0001,100.0,400.0,,,,,
LCDD,AdditionalLogs,recurring_drift_00,600.0,600.0,100.0,"[601, 1259]","[500, 1000]",0.5,101.0,00:00:00,0.0082375999991199,5.491733332746663e-06,,,,,,,,
Process Graph Metrics,AdditionalLogs,gradual_drift_03,,,,"[558, 1098]","[500, 1000]",1.0,78.0,00:00:00,0.8520236000040313,0.0006085882857171,0.0001,100.0,600.0,,,,,
Process Graph Metrics,AdditionalLogs,sudden_drift_01,,,,"[192, 411, 591, 966, 1441]","[500, 1000]",0.5714285714285715,61.5,00:00:03,3.487691399997857,0.0023251275999985,0.05,100.0,500.0,,,,,
Process Graph Metrics,AdditionalLogs,recurring_drift_05,,,,"[412, 1038, 1494]","[500, 1000]",0.8,63.0,00:00:06,6.400647999995272,0.0042670986666635,0.1,200.0,600.0,,,,,
Process Graph Metrics,AdditionalLogs,gradual_drift_05,,,,"[435, 795, 1288]","[500, 1000]",0.4,65.0,00:00:02,2.7468920000028447,0.0019620657142877,0.1,200.0,700.0,,,,,
LCDD,AdditionalLogs,recurring_drift_03,800.0,800.0,10.0,[1348],"[500, 1000]",,,00:00:00,0.0100747000033152,6.71646666887682e-06,,,,,,,,
Process Graph Metrics,AdditionalLogs,gradual_drift_03,,,,"[551, 1077]","[500, 1000]",1.0,64.0,00:00:01,1.2677199999961886,0.0009055142857115,0.0001,200.0,500.0,,,,,
Process Graph Metrics,AdditionalLogs,recurring_drift_03,,,,[676],"[500, 1000]",0.6666666666666666,176.0,00:00:04,4.436183400001028,0.0029574556000006,0.0001,100.0,400.0,,,,,
LCDD,AdditionalLogs,recurring_drift_08,300.0,300.0,200.0,"[324, 699, 1002, 1324]","[500, 1000]",0.6666666666666666,89.0,00:00:00,0.0116218000039225,7.747866669281697e-06,,,,,,,,
LCDD,AdditionalLogs,sudden_drift_03,1200.0,1200.0,100.0,[],"[500, 1000]",,,00:00:00,0.0177263000005041,1.1817533333669416e-05,,,,,,,,
Process Graph Metrics,AdditionalLogs,gradual_drift_08,,,,[495],"[500, 1000]",0.6666666666666666,5.0,00:00:03,3.83179669999663,0.0027369976428547,0.05,300.0,500.0,,,,,
Process Graph Metrics,AdditionalLogs,recurring_drift_01,,,,"[335, 647, 959, 1738]","[500, 1000]",0.6666666666666666,94.0,00:00:02,2.200189000002865,0.0014667926666685,0.1,100.0,700.0,,,,,
Process Graph Metrics,AdditionalLogs,gradual_drift_01,,,,"[432, 982, 1522]","[500, 1000]",0.8,43.0,00:00:01,1.3998047999994014,0.0009998605714281,0.005,200.0,400.0,,,,,
Process Graph Metrics,AdditionalLogs,recurring_drift_06,,,,[],"[500, 1000]",,,00:00:05,5.344866999999795,0.0035632446666665,0.0001,200.0,600.0,,,,,
LCDD,AdditionalLogs,gradual_drift_05,1200.0,1200.0,100.0,[1316],"[500, 1000]",,,00:00:00,0.0147485999987111,1.0534714284793674e-05,,,,,,,,
Process Graph Metrics,AdditionalLogs,sudden_drift_08,,,,[790],"[500, 1000]",,,00:00:00,0.827632900000026,0.0005517552666666,0.005,300.0,600.0,,,,,
Process Graph Metrics,AdditionalLogs,recurring_drift_01,,,,"[676, 1693]","[500, 1000]",0.5,176.0,00:00:03,3.945065199994133,0.0026300434666627,0.1,300.0,600.0,,,,,
Process Graph Metrics,AdditionalLogs,sudden_drift_03,,,,[1071],"[500, 1000]",0.6666666666666666,71.0,00:00:00,0.8330914999969536,0.0005553943333313,0.0001,100.0,400.0,,,,,
LCDD,AdditionalLogs,sudden_drift_01,400.0,400.0,10.0,"[448, 921, 1337]","[500, 1000]",0.8,65.5,00:00:00,0.0226342999958433,1.5089533330562214e-05,,,,,,,,
LCDD,AdditionalLogs,recurring_drift_04,800.0,800.0,10.0,[],"[500, 1000]",,,00:00:00,0.0200814999989233,1.3387666665948929e-05,,,,,,,,
Process Graph Metrics,AdditionalLogs,recurring_drift_04,,,,"[651, 1251]","[500, 1000]",0.5,151.0,00:00:02,2.09120350000012,0.0013941356666667,0.005,400.0,500.0,,,,,
Zheng DBSCAN,AdditionalLogs,recurring_drift_08,,,,"[np.float64(890.5), np.float64(1088.5714285714287), np.float64(1234.3333333333333), np.float64(1354.5), np.float64(1496.5)]","[500, 1000]",0.2857142857142857,88.57142857142867,00:00:00,0.5344448000032571,0.0003562965333355,,,,800.0,80.0,,,
Zheng DBSCAN,AdditionalLogs,recurring_drift_08,,,,[np.float64(1175.375)],"[500, 1000]",0.6666666666666666,175.375,00:00:00,0.5344448000032571,0.0003562965333355,,,,800.0,160.0,,,
Zheng DBSCAN,AdditionalLogs,recurring_drift_08,,,,[],"[500, 1000]",,,00:00:00,0.5344448000032571,0.0003562965333355,,,,800.0,240.0,,,
Zheng DBSCAN,AdditionalLogs,recurring_drift_08,,,,[],"[500, 1000]",,,00:00:00,0.5344448000032571,0.0003562965333355,,,,800.0,320.0,,,
Zheng DBSCAN,AdditionalLogs,recurring_drift_08,,,,[],"[500, 1000]",,,00:00:00,0.5344448000032571,0.0003562965333355,,,,800.0,400.0,,,
Zheng DBSCAN,AdditionalLogs,gradual_drift_08,,,,"[np.float64(543.7045454545455), np.float64(787.5), np.float64(938.375), np.float64(1143.0), np.float64(1239.0), np.float64(1348.0)]","[500, 1000]",0.5,52.66477272727275,00:00:00,0.5854264000008698,0.0004181617142863,,,,400.0,40.0,,,
Zheng DBSCAN,AdditionalLogs,gradual_drift_08,,,,"[np.float64(664.4044943820224), np.float64(1304.4)]","[500, 1000]",0.5,164.40449438202245,00:00:00,0.5854264000008698,0.0004181617142863,,,,400.0,80.0,,,
Zheng DBSCAN,AdditionalLogs,gradual_drift_08,,,,[np.float64(698.4468085106383)],"[500, 1000]",0.6666666666666666,198.4468085106384,00:00:00,0.5854264000008698,0.0004181617142863,,,,400.0,120.0,,,
Zheng DBSCAN,AdditionalLogs,gradual_drift_08,,,,[np.float64(698.4468085106383)],"[500, 1000]",0.6666666666666666,198.4468085106384,00:00:00,0.5854264000008698,0.0004181617142863,,,,400.0,160.0,,,
Zheng DBSCAN,AdditionalLogs,gradual_drift_08,,,,[np.float64(698.4468085106383)],"[500, 1000]",0.6666666666666666,198.4468085106384,00:00:00,0.5854264000008698,0.0004181617142863,,,,400.0,200.0,,,
LCDD,AdditionalLogs,gradual_drift_07,200.0,200.0,100.0,"[416, 713, 915, 1220]","[500, 1000]",0.6666666666666666,84.5,00:00:00,0.0109339999980875,7.809999998633949e-06,,,,,,,,
Process Graph Metrics,AdditionalLogs,sudden_drift_01,,,,"[526, 1045, 1564]","[500, 1000]",0.8,35.5,00:00:01,1.398824500000046,0.0009325496666666,0.05,200.0,400.0,,,,,
Process Graph Metrics,AdditionalLogs,recurring_drift_07,,,,"[512, 962]","[500, 1000]",1.0,25.0,00:00:01,1.900615899998229,0.0012670772666654,0.005,300.0,500.0,,,,,
LCDD,AdditionalLogs,gradual_drift_01,100.0,100.0,200.0,"[104, 221, 331, 441, 542, 647, 749, 860, 964, 1072, 1179, 1281, 1384]","[500, 1000]",0.2666666666666667,39.0,00:00:00,0.0335650999986683,2.3975071427620217e-05,,,,,,,,
Process Graph Metrics,AdditionalLogs,sudden_drift_06,,,,"[632, 1256]","[500, 1000]",0.5,132.0,00:00:04,4.2783123000044725,0.0028522082000029,0.005,200.0,500.0,,,,,
LCDD,AdditionalLogs,sudden_drift_04,300.0,300.0,10.0,"[337, 849, 1186, 1492]","[500, 1000]",0.6666666666666666,157.0,00:00:00,0.0156005000026198,1.0400333335079874e-05,,,,,,,,
Process Graph Metrics,AdditionalLogs,sudden_drift_05,,,,[564],"[500, 1000]",0.6666666666666666,64.0,00:00:05,5.312197600003856,0.0035414650666692,0.005,100.0,400.0,,,,,
Process Graph Metrics,AdditionalLogs,gradual_drift_03,,,,"[530, 1083]","[500, 1000]",1.0,56.5,00:00:02,2.311129699999583,0.0016508069285711,0.005,100.0,400.0,,,,,
Process Graph Metrics,AdditionalLogs,recurring_drift_01,,,,"[600, 1584]","[500, 1000]",0.5,100.0,00:00:22,22.41813600000023,0.0149454240000001,0.1,400.0,700.0,,,,,
Process Graph Metrics,AdditionalLogs,sudden_drift_08,,,,"[694, 1057, 1345]","[500, 1000]",0.8,125.5,00:00:01,1.2584771000038018,0.0008389847333358,0.05,200.0,500.0,,,,,
Process Graph Metrics,AdditionalLogs,recurring_drift_08,,,,[741],"[500, 1000]",,,00:00:01,1.2508842000024742,0.0008339228000016,0.0001,400.0,700.0,,,,,
LCDD,AdditionalLogs,sudden_drift_03,800.0,800.0,10.0,[816],"[500, 1000]",0.6666666666666666,184.0,00:00:00,0.0109798999983468,7.319933332231206e-06,,,,,,,,
Process Graph Metrics,AdditionalLogs,gradual_drift_03,,,,"[558, 1098]","[500, 1000]",1.0,78.0,00:00:00,0.8416926999998395,0.0006012090714284,0.0001,100.0,400.0,,,,,
LCDD,AdditionalLogs,sudden_drift_04,600.0,600.0,150.0,"[633, 1492]","[500, 1000]",0.5,133.0,00:00:00,0.0196310999963316,1.3087399997554409e-05,,,,,,,,
Process Graph Metrics,AdditionalLogs,sudden_drift_02,,,,"[557, 1076]","[500, 1000]",1.0,66.5,00:00:03,3.859449600000517,0.0025729664000003,0.005,200.0,700.0,,,,,
LCDD,AdditionalLogs,sudden_drift_03,400.0,400.0,20.0,"[417, 914]","[500, 1000]",1.0,84.5,00:00:00,0.0121246999988215,8.083133332547731e-06,,,,,,,,
LCDD,AdditionalLogs,gradual_drift_01,600.0,600.0,150.0,"[658, 1302]","[500, 1000]",0.5,158.0,00:00:00,0.0275694000010844,1.9692428572203165e-05,,,,,,,,
LCDD,AdditionalLogs,gradual_drift_03,400.0,400.0,150.0,"[412, 830, 1390]","[500, 1000]",0.8,129.0,00:00:00,0.0111218000020016,7.944142858572637e-06,,,,,,,,
Process Graph Metrics,AdditionalLogs,sudden_drift_07,,,,"[468, 1040]","[500, 1000]",1.0,36.0,00:00:00,0.7494987000027322,0.0004996658000018,0.05,100.0,600.0,,,,,
LCDD,AdditionalLogs,sudden_drift_02,600.0,600.0,5.0,"[607, 1224]","[500, 1000]",0.5,107.0,00:00:00,0.2169508999941172,0.0001446339333294,,,,,,,,
LCDD,AdditionalLogs,gradual_drift_02,100.0,100.0,10.0,"[102, 231, 334, 436, 540, 642, 743, 856, 956, 1063, 1167, 1272, 1374]","[500, 1000]",0.2666666666666667,42.0,00:00:00,0.0213402999943355,1.5243071424525363e-05,,,,,,,,
LCDD,AdditionalLogs,sudden_drift_06,1200.0,1200.0,100.0,[1205],"[500, 1000]",,,00:00:00,0.0717987000025459,4.78658000016973e-05,,,,,,,,
LCDD,AdditionalLogs,recurring_drift_02,1200.0,1200.0,10.0,[1269],"[500, 1000]",,,00:00:00,0.0250317999962135,1.668786666414235e-05,,,,,,,,
LCDD,AdditionalLogs,recurring_drift_02,1200.0,1200.0,200.0,[1269],"[500, 1000]",,,00:00:00,0.0242284999985713,1.61523333323809e-05,,,,,,,,
LCDD,AdditionalLogs,gradual_drift_01,600.0,600.0,100.0,"[658, 1302]","[500, 1000]",0.5,158.0,00:00:00,0.0324408000014955,2.3172000001068228e-05,,,,,,,,
Process Graph Metrics,AdditionalLogs,gradual_drift_05,,,,"[472, 863]","[500, 1000]",1.0,82.5,00:00:04,4.428967399995599,0.0031635481428539,0.05,100.0,500.0,,,,,
Zheng DBSCAN,AdditionalLogs,gradual_drift_04,,,,"[np.float64(743.6428571428571), np.float64(985.047619047619), np.float64(1241.0), np.float64(1334.0)]","[500, 1000]",0.3333333333333333,14.952380952380963,00:00:00,0.4468663000006927,0.0003191902142862,,,,600.0,60.0,,,
Zheng DBSCAN,AdditionalLogs,gradual_drift_04,,,,"[np.float64(888.4857142857143), np.float64(1287.5)]","[500, 1000]",0.5,111.51428571428572,00:00:00,0.4468663000006927,0.0003191902142862,,,,600.0,120.0,,,
Zheng DBSCAN,AdditionalLogs,gradual_drift_04,,,,[np.float64(720.5344827586207)],"[500, 1000]",,,00:00:00,0.4468663000006927,0.0003191902142862,,,,600.0,180.0,,,
Zheng DBSCAN,AdditionalLogs,gradual_drift_04,,,,[np.float64(720.5344827586207)],"[500, 1000]",,,00:00:00,0.4468663000006927,0.0003191902142862,,,,600.0,240.0,,,
Zheng DBSCAN,AdditionalLogs,gradual_drift_04,,,,[np.float64(720.5344827586207)],"[500, 1000]",,,00:00:00,0.4468663000006927,0.0003191902142862,,,,600.0,300.0,,,
LCDD,AdditionalLogs,gradual_drift_00,300.0,300.0,150.0,"[413, 912]","[500, 1000]",1.0,87.5,00:00:00,0.0093822999988333,6.701642856309523e-06,,,,,,,,
Process Graph Metrics,AdditionalLogs,recurring_drift_03,,,,"[312, 624, 1050]","[500, 1000]",0.8,87.0,00:00:01,1.3184061000065412,0.0008789374000043,0.005,100.0,600.0,,,,,
Process Graph Metrics,AdditionalLogs,gradual_drift_08,,,,"[553, 1114]","[500, 1000]",1.0,83.5,00:00:02,2.519387899999856,0.0017995627857141,0.1,200.0,700.0,,,,,
Process Graph Metrics,AdditionalLogs,gradual_drift_01,,,,"[450, 1098]","[500, 1000]",1.0,74.0,00:00:00,0.6402295000007143,0.0004573067857147,0.1,300.0,600.0,,,,,
Process Graph Metrics,AdditionalLogs,sudden_drift_07,,,,"[300, 600, 1073, 1478]","[500, 1000]",0.6666666666666666,86.5,00:00:00,0.4766642000031424,0.0003177761333354,0.1,200.0,600.0,,,,,
LCDD,AdditionalLogs,recurring_drift_03,600.0,600.0,50.0,"[631, 1348]","[500, 1000]",0.5,131.0,00:00:00,0.0116076000049361,7.738400003290735e-06,,,,,,,,
Process Graph Metrics,AdditionalLogs,gradual_drift_04,,,,"[486, 1135]","[500, 1000]",1.0,74.5,00:00:04,4.803493600004003,0.0034310668571457,0.1,200.0,600.0,,,,,
Process Graph Metrics,AdditionalLogs,sudden_drift_07,,,,"[600, 1207]","[500, 1000]",0.5,100.0,00:00:00,0.4273898000028566,0.0002849265333352,0.05,400.0,700.0,,,,,
LCDD,AdditionalLogs,sudden_drift_09,200.0,200.0,100.0,"[502, 1000, 1236]","[500, 1000]",0.8,1.0,00:00:00,0.0243424999935086,1.6228333329005786e-05,,,,,,,,
Process Graph Metrics,AdditionalLogs,recurring_drift_09,,,,"[600, 1320]","[500, 1000]",0.5,100.0,00:00:00,0.5338044999953127,0.0003558696666635,0.005,400.0,700.0,,,,,
Process Graph Metrics,AdditionalLogs,gradual_drift_06,,,,"[600, 1200]","[500, 1000]",1.0,150.0,00:00:01,1.044203199999174,0.0007458594285708,0.1,400.0,500.0,,,,,
Process Graph Metrics,AdditionalLogs,recurring_drift_09,,,,"[553, 1014]","[500, 1000]",1.0,33.5,00:00:06,6.077767999995558,0.0040518453333303,0.005,300.0,700.0,,,,,
LCDD,AdditionalLogs,sudden_drift_09,200.0,200.0,200.0,"[502, 1000, 1236]","[500, 1000]",0.8,1.0,00:00:00,0.0196641000002273,1.3109400000151556e-05,,,,,,,,
LCDD,AdditionalLogs,sudden_drift_06,200.0,200.0,5.0,"[210, 410, 610, 822, 1022, 1227, 1429]","[500, 1000]",0.4444444444444445,56.0,00:00:00,0.0770350000020698,5.1356666668046574e-05,,,,,,,,
LCDD,AdditionalLogs,sudden_drift_03,100.0,100.0,10.0,"[133, 242, 359, 500, 604, 719, 880, 980, 1095, 1195, 1302, 1457]","[500, 1000]",0.2857142857142857,10.0,00:00:00,0.0183871999979601,1.2258133331973416e-05,,,,,,,,
LCDD,AdditionalLogs,gradual_drift_08,100.0,100.0,100.0,"[105, 208, 312, 416, 530, 649, 757, 858, 976, 1096, 1197, 1306]","[500, 1000]",0.2857142857142857,27.0,00:00:00,0.0111284999948111,7.94892856772224e-06,,,,,,,,
Process Graph Metrics,AdditionalLogs,gradual_drift_01,,,,"[435, 1583]","[500, 1000]",0.5,65.0,00:00:01,1.4286876000041957,0.0010204911428601,0.0001,200.0,500.0,,,,,
LCDD,AdditionalLogs,sudden_drift_00,400.0,400.0,20.0,"[502, 1000]","[500, 1000]",1.0,1.0,00:00:00,0.0111295000024256,7.419666668283753e-06,,,,,,,,
LCDD,AdditionalLogs,sudden_drift_05,800.0,800.0,50.0,[1000],"[500, 1000]",0.6666666666666666,0.0,00:00:00,0.0222228999991784,1.4815266666118987e-05,,,,,,,,
LCDD,AdditionalLogs,recurring_drift_00,800.0,800.0,200.0,[881],"[500, 1000]",0.6666666666666666,119.0,00:00:00,0.0096208000031765,6.41386666878437e-06,,,,,,,,
Process Graph Metrics,AdditionalLogs,gradual_drift_03,,,,"[600, 1200]","[500, 1000]",1.0,150.0,00:00:00,0.1687713999999687,0.0001205509999999,0.0001,400.0,500.0,,,,,
LCDD,AdditionalLogs,recurring_drift_02,600.0,600.0,10.0,"[637, 1258]","[500, 1000]",0.5,137.0,00:00:00,0.1648453000016161,0.0001098968666677,,,,,,,,
Process Graph Metrics,AdditionalLogs,gradual_drift_05,,,,"[488, 1033]","[500, 1000]",1.0,22.5,00:00:03,3.4416945000048145,0.0024583532142891,0.005,200.0,600.0,,,,,
Process Graph Metrics,AdditionalLogs,gradual_drift_05,,,,"[492, 1040]","[500, 1000]",1.0,24.0,00:00:03,3.6407207000011113,0.002600514785715,0.0001,200.0,700.0,,,,,
LCDD,AdditionalLogs,sudden_drift_06,200.0,200.0,150.0,"[210, 410, 610, 822, 1022, 1227, 1429]","[500, 1000]",0.4444444444444445,56.0,00:00:00,0.0783605000033276,5.224033333555174e-05,,,,,,,,
Zheng DBSCAN,AdditionalLogs,gradual_drift_01,,,,"[np.float64(664.25), np.float64(753.8333333333334), np.float64(952.0), np.float64(1117.0), np.float64(1308.6)]","[500, 1000]",0.5714285714285715,106.125,00:00:00,0.5073749000002863,0.0003624106428573,,,,600.0,60.0,,,
Zheng DBSCAN,AdditionalLogs,gradual_drift_01,,,,"[np.float64(718.0), np.float64(1069.388888888889)]","[500, 1000]",0.5,69.38888888888891,00:00:00,0.5073749000002863,0.0003624106428573,,,,600.0,120.0,,,
Zheng DBSCAN,AdditionalLogs,gradual_drift_01,,,,[np.float64(879.40625)],"[500, 1000]",0.6666666666666666,120.59375,00:00:00,0.5073749000002863,0.0003624106428573,,,,600.0,180.0,,,
Zheng DBSCAN,AdditionalLogs,gradual_drift_01,,,,[np.float64(879.40625)],"[500, 1000]",0.6666666666666666,120.59375,00:00:00,0.5073749000002863,0.0003624106428573,,,,600.0,240.0,,,
Zheng DBSCAN,AdditionalLogs,gradual_drift_01,,,,[np.float64(879.40625)],"[500, 1000]",0.6666666666666666,120.59375,00:00:00,0.5073749000002863,0.0003624106428573,,,,600.0,300.0,,,
LCDD,AdditionalLogs,gradual_drift_07,100.0,100.0,200.0,"[182, 291, 416, 516, 650, 759, 863, 975, 1090, 1197, 1297]","[500, 1000]",0.3076923076923077,20.5,00:00:00,0.0192564999961177,1.3754642854369844e-05,,,,,,,,
Process Graph Metrics,AdditionalLogs,sudden_drift_07,,,,"[560, 1100]","[500, 1000]",1.0,80.0,00:00:01,1.0404210000051537,0.0006936140000034,0.0001,100.0,500.0,,,,,
Process Graph Metrics,AdditionalLogs,sudden_drift_07,,,,"[501, 1028]","[500, 1000]",1.0,14.5,00:00:03,3.1441512999954284,0.0020961008666636,0.005,200.0,500.0,,,,,
Process Graph Metrics,AdditionalLogs,recurring_drift_05,,,,"[413, 1037, 1661]","[500, 1000]",0.8,62.0,00:00:02,2.2858918999991147,0.0015239279333327,0.05,200.0,600.0,,,,,
LCDD,AdditionalLogs,recurring_drift_06,600.0,600.0,50.0,[672],"[500, 1000]",0.6666666666666666,172.0,00:00:00,0.0764879000053042,5.09919333368695e-05,,,,,,,,
LCDD,AdditionalLogs,sudden_drift_01,1200.0,1200.0,100.0,[1254],"[500, 1000]",,,00:00:00,0.0271124999999301,1.8074999999953432e-05,,,,,,,,
Process Graph Metrics,AdditionalLogs,sudden_drift_01,,,,"[523, 1044, 1563]","[500, 1000]",0.8,33.5,00:00:01,1.1309614000056172,0.0007539742666704,0.1,200.0,600.0,,,,,
Process Graph Metrics,AdditionalLogs,gradual_drift_06,,,,"[464, 972]","[500, 1000]",1.0,32.0,00:00:16,16.94405790000019,0.0121028985000001,0.005,200.0,400.0,,,,,
LCDD,AdditionalLogs,recurring_drift_01,800.0,800.0,10.0,[1261],"[500, 1000]",,,00:00:00,0.0307981000005383,2.05320666670256e-05,,,,,,,,
Process Graph Metrics,AdditionalLogs,gradual_drift_06,,,,"[464, 1004]","[500, 1000]",1.0,20.0,00:00:04,4.056393200000457,0.002897423714286,0.1,300.0,700.0,,,,,
Process Graph Metrics,AdditionalLogs,recurring_drift_02,,,,"[704, 1353]","[500, 1000]",,,00:00:06,6.35122009999759,0.0042341467333317,0.1,100.0,700.0,,,,,
LCDD,AdditionalLogs,gradual_drift_01,600.0,600.0,10.0,"[658, 1302]","[500, 1000]",0.5,158.0,00:00:00,0.0221579999997629,1.5827142856973554e-05,,,,,,,,
LCDD,AdditionalLogs,sudden_drift_02,400.0,400.0,50.0,"[467, 1003, 1469]","[500, 1000]",0.8,18.0,00:00:00,0.0253700999965076,1.6913399997671757e-05,,,,,,,,
Process Graph Metrics,AdditionalLogs,sudden_drift_03,,,,"[637, 1397]","[500, 1000]",0.5,137.0,00:00:01,1.335248399998818,0.0008901655999992,0.05,400.0,500.0,,,,,
LCDD,AdditionalLogs,sudden_drift_03,800.0,800.0,200.0,[816],"[500, 1000]",0.6666666666666666,184.0,00:00:00,0.011074499998358,7.3829999989053855e-06,,,,,,,,
LCDD,AdditionalLogs,sudden_drift_00,800.0,800.0,100.0,[1000],"[500, 1000]",0.6666666666666666,0.0,00:00:00,0.0095749000029172,6.3832666686115164e-06,,,,,,,,
Process Graph Metrics,AdditionalLogs,gradual_drift_03,,,,"[525, 1075]","[500, 1000]",1.0,50.0,00:00:02,2.090132100005576,0.0014929515000039,0.1,300.0,500.0,,,,,
Process Graph Metrics,AdditionalLogs,gradual_drift_05,,,,"[492, 1040]","[500, 1000]",1.0,24.0,00:00:03,3.83563359999971,0.002739738285714,0.0001,200.0,600.0,,,,,
LCDD,AdditionalLogs,recurring_drift_02,400.0,400.0,150.0,"[440, 841, 1258]","[500, 1000]",0.8,109.5,00:00:00,0.0252079000056255,1.680526667041704e-05,,,,,,,,
Zheng DBSCAN,AdditionalLogs,sudden_drift_03,,,,"[np.float64(816.0), np.float64(914.0), np.float64(1009.0), np.float64(1184.5)]","[500, 1000]",0.3333333333333333,9.0,00:00:00,0.3655615000025136,0.0002437076666683,,,,800.0,80.0,,,
Zheng DBSCAN,AdditionalLogs,sudden_drift_03,,,,"[np.float64(913.0), np.float64(1184.5)]","[500, 1000]",0.5,87.0,00:00:00,0.3655615000025136,0.0002437076666683,,,,800.0,160.0,,,
Zheng DBSCAN,AdditionalLogs,sudden_drift_03,,,,[np.float64(1021.6)],"[500, 1000]",0.6666666666666666,21.600000000000023,00:00:00,0.3655615000025136,0.0002437076666683,,,,800.0,240.0,,,
Zheng DBSCAN,AdditionalLogs,sudden_drift_03,,,,[],"[500, 1000]",,,00:00:00,0.3655615000025136,0.0002437076666683,,,,800.0,320.0,,,
Zheng DBSCAN,AdditionalLogs,sudden_drift_03,,,,[],"[500, 1000]",,,00:00:00,0.3655615000025136,0.0002437076666683,,,,800.0,400.0,,,
LCDD,AdditionalLogs,sudden_drift_01,300.0,300.0,100.0,"[354, 921, 1254]","[500, 1000]",0.8,112.5,00:00:00,0.0276723999995738,1.8448266666382552e-05,,,,,,,,
Process Graph Metrics,AdditionalLogs,recurring_drift_05,,,,"[412, 1038, 1494]","[500, 1000]",0.8,63.0,00:00:06,6.20415199999843,0.0041361013333322,0.1,200.0,500.0,,,,,
LCDD,AdditionalLogs,gradual_drift_08,600.0,600.0,100.0,"[607, 1235]","[500, 1000]",0.5,107.0,00:00:00,0.0109714999998686,7.836785714191916e-06,,,,,,,,
LCDD,AdditionalLogs,gradual_drift_07,600.0,600.0,200.0,[713],"[500, 1000]",,,00:00:00,0.0100571000002673,7.1836428573338445e-06,,,,,,,,
LCDD,AdditionalLogs,recurring_drift_03,800.0,800.0,150.0,[1348],"[500, 1000]",,,00:00:00,0.0124456000048667,8.297066669911146e-06,,,,,,,,
LCDD,AdditionalLogs,recurring_drift_09,300.0,300.0,200.0,"[500, 1000]","[500, 1000]",1.0,0.0,00:00:00,0.0257677999979932,1.717853333199552e-05,,,,,,,,
LCDD,AdditionalLogs,sudden_drift_05,300.0,300.0,50.0,"[334, 643, 995, 1357]","[500, 1000]",0.6666666666666666,74.0,00:00:00,0.0157661999983247,1.0510799998883158e-05,,,,,,,,
Zheng DBSCAN,AdditionalLogs,recurring_drift_06,,,,"[np.float64(532.3333333333334), np.float64(693.0), np.float64(838.5), np.float64(975.0), np.float64(1080.0), np.float64(1231.0), np.float64(1401.0)]","[500, 1000]",0.4444444444444445,28.66666666666669,00:00:00,0.8074485999968601,0.0005382990666645,,,,400.0,40.0,,,
Zheng DBSCAN,AdditionalLogs,recurring_drift_06,,,,"[np.float64(532.3333333333334), np.float64(693.0), np.float64(969.75), np.float64(1231.0), np.float64(1401.0)]","[500, 1000]",0.5714285714285715,31.29166666666669,00:00:00,0.8074485999968601,0.0005382990666645,,,,400.0,80.0,,,
Zheng DBSCAN,AdditionalLogs,recurring_drift_06,,,,"[np.float64(768.0), np.float64(1231.0), np.float64(1401.0)]","[500, 1000]",,,00:00:00,0.8074485999968601,0.0005382990666645,,,,400.0,120.0,,,
Zheng DBSCAN,AdditionalLogs,recurring_drift_06,,,,"[np.float64(785.8076923076923), np.float64(1401.0)]","[500, 1000]",,,00:00:00,0.8074485999968601,0.0005382990666645,,,,400.0,160.0,,,
Zheng DBSCAN,AdditionalLogs,recurring_drift_06,,,,[np.float64(808.5925925925926)],"[500, 1000]",0.6666666666666666,191.4074074074074,00:00:00,0.8074485999968601,0.0005382990666645,,,,400.0,200.0,,,
Process Graph Metrics,AdditionalLogs,sudden_drift_01,,,,"[542, 1092]","[500, 1000]",1.0,67.0,00:00:01,1.6307233999978052,0.0010871489333318,0.005,100.0,700.0,,,,,
Zheng DBSCAN,AdditionalLogs,recurring_drift_08,,,,"[np.float64(725.3333333333334), np.float64(1052.5238095238096), np.float64(1324.0), np.float64(1385.0), np.float64(1496.5)]","[500, 1000]",0.2857142857142857,52.52380952380963,00:00:00,0.4709854999964591,0.0003139903333309,,,,600.0,60.0,,,
Zheng DBSCAN,AdditionalLogs,recurring_drift_08,,,,[np.float64(727.8363636363637)],"[500, 1000]",,,00:00:00,0.4709854999964591,0.0003139903333309,,,,600.0,120.0,,,
Zheng DBSCAN,AdditionalLogs,recurring_drift_08,,,,[np.float64(727.8363636363637)],"[500, 1000]",,,00:00:00,0.4709854999964591,0.0003139903333309,,,,600.0,180.0,,,
Zheng DBSCAN,AdditionalLogs,recurring_drift_08,,,,[np.float64(727.8363636363637)],"[500, 1000]",,,00:00:00,0.4709854999964591,0.0003139903333309,,,,600.0,240.0,,,
Zheng DBSCAN,AdditionalLogs,recurring_drift_08,,,,[np.float64(727.8363636363637)],"[500, 1000]",,,00:00:00,0.4709854999964591,0.0003139903333309,,,,600.0,300.0,,,
LCDD,AdditionalLogs,gradual_drift_06,300.0,300.0,50.0,"[411, 725, 1028, 1392]","[500, 1000]",0.6666666666666666,58.5,00:00:00,0.0646395000003394,4.61710714288139e-05,,,,,,,,
Process Graph Metrics,AdditionalLogs,sudden_drift_05,,,,[557],"[500, 1000]",0.6666666666666666,57.0,00:00:04,4.614709600005881,0.0030764730666705,0.1,300.0,700.0,,,,,
LCDD,AdditionalLogs,recurring_drift_02,600.0,600.0,5.0,"[637, 1258]","[500, 1000]",0.5,137.0,00:00:00,0.0248632000002544,1.657546666683629e-05,,,,,,,,
Process Graph Metrics,AdditionalLogs,sudden_drift_01,,,,"[546, 1134]","[500, 1000]",1.0,90.0,00:00:03,3.932077299999946,0.0026213848666666,0.0001,300.0,600.0,,,,,
LCDD,AdditionalLogs,recurring_drift_05,200.0,200.0,10.0,"[205, 453, 696, 929, 1138, 1339]","[500, 1000]",0.5,59.0,00:00:00,0.0182291999954031,1.2152799996935452e-05,,,,,,,,
Process Graph Metrics,AdditionalLogs,sudden_drift_02,,,,"[562, 1081]","[500, 1000]",1.0,71.5,00:00:04,4.094802199993865,0.0027298681333292,0.0001,200.0,700.0,,,,,
Process Graph Metrics,AdditionalLogs,recurring_drift_01,,,,"[600, 1584]","[500, 1000]",0.5,100.0,00:00:21,21.647329800005537,0.0144315532000036,0.1,400.0,500.0,,,,,
Process Graph Metrics,AdditionalLogs,gradual_drift_04,,,,[600],"[500, 1000]",0.6666666666666666,100.0,00:00:00,0.2500648999994155,0.0001786177857138,0.005,400.0,400.0,,,,,
Process Graph Metrics,AdditionalLogs,sudden_drift_02,,,,"[451, 1056, 1493]","[500, 1000]",0.8,52.5,00:00:02,2.161405200000445,0.0014409368000002,0.1,200.0,700.0,,,,,
Zheng DBSCAN,AdditionalLogs,sudden_drift_03,,,,"[np.float64(816.0), np.float64(914.0), np.float64(1009.0), np.float64(1184.5)]","[500, 1000]",0.3333333333333333,9.0,00:00:00,0.3383749999993597,0.0002255833333329,,,,700.0,70.0,,,
Zheng DBSCAN,AdditionalLogs,sudden_drift_03,,,,"[np.float64(913.0), np.float64(1184.5)]","[500, 1000]",0.5,87.0,00:00:00,0.3383749999993597,0.0002255833333329,,,,700.0,140.0,,,
Zheng DBSCAN,AdditionalLogs,sudden_drift_03,,,,[np.float64(1021.6)],"[500, 1000]",0.6666666666666666,21.600000000000023,00:00:00,0.3383749999993597,0.0002255833333329,,,,700.0,210.0,,,
Zheng DBSCAN,AdditionalLogs,sudden_drift_03,,,,[np.float64(1021.6)],"[500, 1000]",0.6666666666666666,21.600000000000023,00:00:00,0.3383749999993597,0.0002255833333329,,,,700.0,280.0,,,
Zheng DBSCAN,AdditionalLogs,sudden_drift_03,,,,[],"[500, 1000]",,,00:00:00,0.3383749999993597,0.0002255833333329,,,,700.0,350.0,,,
LCDD,AdditionalLogs,sudden_drift_01,300.0,300.0,200.0,"[354, 921, 1254]","[500, 1000]",0.8,112.5,00:00:00,0.0268911999955889,1.7927466663725986e-05,,,,,,,,
Process Graph Metrics,AdditionalLogs,sudden_drift_05,,,,"[539, 1471]","[500, 1000]",0.5,39.0,00:00:06,6.038111499998195,0.0040254076666654,0.1,100.0,400.0,,,,,
Process Graph Metrics,AdditionalLogs,recurring_drift_06,,,,[807],"[500, 1000]",0.6666666666666666,193.0,00:00:12,12.147058299997298,0.0080980388666648,0.005,100.0,400.0,,,,,
LCDD,AdditionalLogs,gradual_drift_01,100.0,100.0,100.0,"[104, 221, 331, 441, 542, 647, 749, 860, 964, 1072, 1179, 1281, 1384]","[500, 1000]",0.2666666666666667,39.0,00:00:00,0.028882300000987,2.063021428641929e-05,,,,,,,,
LCDD,AdditionalLogs,recurring_drift_05,100.0,100.0,10.0,"[113, 215, 315, 423, 523, 632, 734, 836, 945, 1053, 1154, 1259, 1361, 1465]","[500, 1000]",0.25,38.0,00:00:00,0.0198763000007602,1.3250866667173493e-05,,,,,,,,
Process Graph Metrics,AdditionalLogs,gradual_drift_02,,,,"[557, 1106]","[500, 1000]",1.0,81.5,00:00:09,9.372850200001269,0.0066948930000009,0.0001,200.0,400.0,,,,,
Process Graph Metrics,AdditionalLogs,gradual_drift_05,,,,"[483, 1009, 1332]","[500, 1000]",0.8,13.0,00:00:02,2.302706299997226,0.0016447902142837,0.05,200.0,500.0,,,,,
Process Graph Metrics,AdditionalLogs,recurring_drift_06,,,,"[812, 1566]","[500, 1000]",0.5,188.0,00:00:40,40.29654819999996,0.0268643654666666,0.05,100.0,500.0,,,,,
Process Graph Metrics,AdditionalLogs,gradual_drift_09,,,,"[537, 1042, 1492]","[500, 1000]",0.8,39.5,00:00:07,7.257904700003564,0.0051842176428596,0.05,300.0,400.0,,,,,
Process Graph Metrics,AdditionalLogs,sudden_drift_01,,,,"[546, 1134]","[500, 1000]",1.0,90.0,00:00:04,4.430662699996901,0.0029537751333312,0.0001,100.0,500.0,,,,,
LCDD,AdditionalLogs,sudden_drift_01,400.0,400.0,200.0,"[448, 921, 1337]","[500, 1000]",0.8,65.5,00:00:00,0.0342507999957888,2.2833866663859225e-05,,,,,,,,
LCDD,AdditionalLogs,gradual_drift_06,1200.0,1200.0,150.0,[1206],"[500, 1000]",,,00:00:00,0.0655474000013782,4.68195714295559e-05,,,,,,,,
LCDD,AdditionalLogs,sudden_drift_07,100.0,100.0,100.0,"[100, 206, 319, 436, 567, 675, 782, 885, 1004, 1324, 1432]","[500, 1000]",0.3076923076923077,34.0,00:00:00,0.0191056999974534,1.2737133331635656e-05,,,,,,,,
Process Graph Metrics,AdditionalLogs,gradual_drift_06,,,,"[468, 1008]","[500, 1000]",1.0,20.0,00:00:05,5.796337899999344,0.0041402413571423,0.005,100.0,400.0,,,,,
Process Graph Metrics,AdditionalLogs,recurring_drift_04,,,,"[622, 1162]","[500, 1000]",1.0,142.0,00:00:02,2.7531706000008853,0.0018354470666672,0.1,100.0,700.0,,,,,
LCDD,AdditionalLogs,gradual_drift_05,100.0,100.0,20.0,"[104, 207, 312, 425, 580, 680, 780, 891, 991, 1104, 1206, 1306]","[500, 1000]",0.2857142857142857,42.0,00:00:00,0.0124820000055478,8.915714289677064e-06,,,,,,,,
LCDD,AdditionalLogs,sudden_drift_09,100.0,100.0,100.0,"[157, 268, 502, 1000, 1197, 1308, 1417]","[500, 1000]",0.4444444444444445,1.0,00:00:00,0.0261791000011726,1.7452733334115087e-05,,,,,,,,
Process Graph Metrics,AdditionalLogs,recurring_drift_03,,,,"[312, 624, 1027]","[500, 1000]",0.8,75.5,00:00:00,0.7937154000028386,0.0005291436000018,0.05,100.0,400.0,,,,,
LCDD,AdditionalLogs,recurring_drift_03,200.0,200.0,200.0,"[219, 446, 657, 911, 1116, 1333]","[500, 1000]",0.5,71.5,00:00:00,0.0123213999977451,8.21426666516345e-06,,,,,,,,
Process Graph Metrics,AdditionalLogs,gradual_drift_08,,,,"[495, 1274]","[500, 1000]",0.5,5.0,00:00:01,1.4099680999934208,0.0010071200714238,0.05,300.0,600.0,,,,,
LCDD,AdditionalLogs,sudden_drift_05,400.0,400.0,20.0,"[423, 995, 1497]","[500, 1000]",0.8,41.0,00:00:00,0.0145864000005531,9.724266667035408e-06,,,,,,,,
LCDD,AdditionalLogs,gradual_drift_03,300.0,300.0,100.0,"[315, 626, 931, 1390]","[500, 1000]",0.6666666666666666,97.5,00:00:00,0.0115339999974821,8.238571426772978e-06,,,,,,,,
Process Graph Metrics,AdditionalLogs,sudden_drift_02,,,,"[600, 1320]","[500, 1000]",0.5,100.0,00:00:00,0.6450458999970579,0.000430030599998,0.005,400.0,700.0,,,,,
Zheng DBSCAN,AdditionalLogs,sudden_drift_04,,,,"[np.float64(835.75), np.float64(1012.95), np.float64(1186.0), np.float64(1492.0)]","[500, 1000]",0.3333333333333333,12.950000000000044,00:00:00,0.4643653999955859,0.0003095769333303,,,,500.0,50.0,,,
Zheng DBSCAN,AdditionalLogs,sudden_drift_04,,,,"[np.float64(991.52), np.float64(1492.0)]","[500, 1000]",0.5,8.480000000000018,00:00:00,0.4643653999955859,0.0003095769333303,,,,500.0,100.0,,,
Zheng DBSCAN,AdditionalLogs,sudden_drift_04,,,,"[np.float64(991.52), np.float64(1492.0)]","[500, 1000]",0.5,8.480000000000018,00:00:00,0.4643653999955859,0.0003095769333303,,,,500.0,150.0,,,
Zheng DBSCAN,AdditionalLogs,sudden_drift_04,,,,"[np.float64(653.304347826087), np.float64(1492.0)]","[500, 1000]",0.5,153.304347826087,00:00:00,0.4643653999955859,0.0003095769333303,,,,500.0,200.0,,,
Zheng DBSCAN,AdditionalLogs,sudden_drift_04,,,,"[np.float64(653.304347826087), np.float64(1492.0)]","[500, 1000]",0.5,153.304347826087,00:00:00,0.4643653999955859,0.0003095769333303,,,,500.0,250.0,,,
Zheng DBSCAN,AdditionalLogs,gradual_drift_02,,,,"[np.float64(715.1), np.float64(1043.4074074074074), np.float64(1332.5)]","[500, 1000]",0.4,43.40740740740739,00:00:00,0.4405813999983365,0.0003147009999988,,,,700.0,70.0,,,
Zheng DBSCAN,AdditionalLogs,gradual_drift_02,,,,[np.float64(813.7222222222222)],"[500, 1000]",0.6666666666666666,186.27777777777783,00:00:00,0.4405813999983365,0.0003147009999988,,,,700.0,140.0,,,
Zheng DBSCAN,AdditionalLogs,gradual_drift_02,,,,[np.float64(786.1071428571429)],"[500, 1000]",,,00:00:00,0.4405813999983365,0.0003147009999988,,,,700.0,210.0,,,
Zheng DBSCAN,AdditionalLogs,gradual_drift_02,,,,[np.float64(786.1071428571429)],"[500, 1000]",,,00:00:00,0.4405813999983365,0.0003147009999988,,,,700.0,280.0,,,
Zheng DBSCAN,AdditionalLogs,gradual_drift_02,,,,[np.float64(786.1071428571429)],"[500, 1000]",,,00:00:00,0.4405813999983365,0.0003147009999988,,,,700.0,350.0,,,
LCDD,AdditionalLogs,sudden_drift_08,200.0,200.0,50.0,"[225, 426, 626, 828, 1032, 1233, 1435]","[500, 1000]",0.4444444444444445,53.0,00:00:00,0.0127615000019432,8.507666667962136e-06,,,,,,,,
Process Graph Metrics,AdditionalLogs,gradual_drift_00,,,,"[611, 1151]","[500, 1000]",1.0,131.0,00:00:01,1.8083346000057643,0.0012916675714326,0.1,100.0,700.0,,,,,
Process Graph Metrics,AdditionalLogs,sudden_drift_02,,,,"[600, 1320]","[500, 1000]",0.5,100.0,00:00:00,0.6571609000020544,0.000438107266668,0.005,400.0,500.0,,,,,
LCDD,AdditionalLogs,recurring_drift_09,100.0,100.0,200.0,"[108, 500, 1000]","[500, 1000]",0.8,0.0,00:00:00,0.0361119999943184,2.4074666662878978e-05,,,,,,,,
Process Graph Metrics,AdditionalLogs,sudden_drift_00,,,,"[528, 1091, 1424]","[500, 1000]",0.8,59.5,00:00:01,1.8050763999999613,0.0012033842666666,0.1,300.0,700.0,,,,,
LCDD,AdditionalLogs,gradual_drift_07,400.0,400.0,150.0,"[416, 915]","[500, 1000]",1.0,84.5,00:00:00,0.009270300004573,6.621642860409338e-06,,,,,,,,
LCDD,AdditionalLogs,gradual_drift_01,800.0,800.0,200.0,[911],"[500, 1000]",0.6666666666666666,89.0,00:00:00,0.0265170999991823,1.894078571370171e-05,,,,,,,,
LCDD,AdditionalLogs,sudden_drift_08,100.0,100.0,20.0,"[101, 208, 308, 415, 529, 650, 808, 911, 1014, 1145, 1256, 1357, 1458]","[500, 1000]",0.2666666666666667,21.5,00:00:00,0.0139687999981106,9.31253333207375e-06,,,,,,,,
LCDD,AdditionalLogs,gradual_drift_08,600.0,600.0,10.0,"[607, 1235]","[500, 1000]",0.5,107.0,00:00:00,0.0169139999998151,1.2081428571296524e-05,,,,,,,,
Process Graph Metrics,AdditionalLogs,gradual_drift_06,,,,"[465, 1005]","[500, 1000]",1.0,20.0,00:00:05,5.143751099996734,0.003674107928569,0.05,100.0,700.0,,,,,
Process Graph Metrics,AdditionalLogs,recurring_drift_07,,,,"[541, 1114]","[500, 1000]",1.0,77.5,00:00:02,2.529315300002054,0.0016862102000013,0.0001,200.0,400.0,,,,,
Process Graph Metrics,AdditionalLogs,sudden_drift_04,,,,"[555, 1118, 1289]","[500, 1000]",0.8,86.5,00:00:03,3.682631499999843,0.0024550876666665,0.05,300.0,400.0,,,,,
LCDD,AdditionalLogs,gradual_drift_07,100.0,100.0,50.0,"[182, 291, 416, 516, 650, 759, 863, 975, 1090, 1197, 1297]","[500, 1000]",0.3076923076923077,20.5,00:00:00,0.018228300003102,1.3020214287930036e-05,,,,,,,,
Process Graph Metrics,AdditionalLogs,recurring_drift_06,,,,[],"[500, 1000]",,,00:00:13,13.0590591999935,0.0087060394666623,0.0001,200.0,400.0,,,,,
Process Graph Metrics,AdditionalLogs,recurring_drift_00,,,,"[600, 1200]","[500, 1000]",1.0,150.0,00:00:00,0.1234924000018509,8.232826666790061e-05,0.05,400.0,500.0,,,,,
Process Graph Metrics,AdditionalLogs,gradual_drift_08,,,,[1057],"[500, 1000]",0.6666666666666666,57.0,00:00:17,17.23504149999644,0.0123107439285688,0.0001,100.0,400.0,,,,,
Process Graph Metrics,AdditionalLogs,sudden_drift_05,,,,[600],"[500, 1000]",0.6666666666666666,100.0,00:00:00,0.5353622999973595,0.0003569081999982,0.05,400.0,400.0,,,,,
Process Graph Metrics,AdditionalLogs,recurring_drift_02,,,,"[741, 1474]","[500, 1000]",,,00:00:03,3.558881000004476,0.0023725873333363,0.05,400.0,600.0,,,,,
Process Graph Metrics,AdditionalLogs,recurring_drift_00,,,,"[554, 1073]","[500, 1000]",1.0,63.5,00:00:00,0.9589306999987456,0.0006392871333324,0.005,200.0,500.0,,,,,
Process Graph Metrics,AdditionalLogs,gradual_drift_02,,,,"[450, 1229]","[500, 1000]",0.5,50.0,00:00:01,1.135469999993802,0.0008110499999955,0.0001,100.0,600.0,,,,,
Zheng DBSCAN,AdditionalLogs,sudden_drift_05,,,,"[np.float64(622.0), np.float64(721.0), np.float64(805.0), np.float64(882.0), np.float64(1082.5555555555557), np.float64(1371.0), np.float64(1497.0)]","[500, 1000]",0.4444444444444445,102.27777777777784,00:00:00,0.3048517999995965,0.000203234533333,,,,600.0,60.0,,,
Zheng DBSCAN,AdditionalLogs,sudden_drift_05,,,,"[np.float64(701.8636363636364), np.float64(1413.0)]","[500, 1000]",,,00:00:00,0.3048517999995965,0.000203234533333,,,,600.0,120.0,,,
Zheng DBSCAN,AdditionalLogs,sudden_drift_05,,,,[np.float64(747.2553191489362)],"[500, 1000]",,,00:00:00,0.3048517999995965,0.000203234533333,,,,600.0,180.0,,,
Zheng DBSCAN,AdditionalLogs,sudden_drift_05,,,,[np.float64(747.2553191489362)],"[500, 1000]",,,00:00:00,0.3048517999995965,0.000203234533333,,,,600.0,240.0,,,
Zheng DBSCAN,AdditionalLogs,sudden_drift_05,,,,[np.float64(747.2553191489362)],"[500, 1000]",,,00:00:00,0.3048517999995965,0.000203234533333,,,,600.0,300.0,,,
LCDD,AdditionalLogs,recurring_drift_01,1200.0,1200.0,100.0,[1261],"[500, 1000]",,,00:00:00,0.0202989999961573,1.3532666664104909e-05,,,,,,,,
Process Graph Metrics,AdditionalLogs,gradual_drift_08,,,,"[600, 1200]","[500, 1000]",1.0,150.0,00:00:00,0.1854018999947584,0.0001324299285676,0.05,400.0,700.0,,,,,
Process Graph Metrics,AdditionalLogs,gradual_drift_02,,,,[450],"[500, 1000]",0.6666666666666666,50.0,00:00:04,4.42577270000038,0.0031612662142859,0.005,100.0,400.0,,,,,
Process Graph Metrics,AdditionalLogs,sudden_drift_04,,,,"[613, 1213]","[500, 1000]",0.5,113.0,00:00:00,0.616058300001896,0.0004107055333345,0.0001,400.0,600.0,,,,,
LCDD,AdditionalLogs,recurring_drift_05,800.0,800.0,5.0,[888],"[500, 1000]",0.6666666666666666,112.0,00:00:00,0.0183145999981206,1.2209733332080456e-05,,,,,,,,
Process Graph Metrics,AdditionalLogs,recurring_drift_02,,,,[1115],"[500, 1000]",0.6666666666666666,115.0,00:00:06,6.833928600004583,0.004555952400003,0.0001,200.0,500.0,,,,,
Process Graph Metrics,AdditionalLogs,recurring_drift_08,,,,"[945, 1529]","[500, 1000]",0.5,55.0,00:00:02,2.3211309000034817,0.0015474206000023,0.005,200.0,400.0,,,,,
LCDD,AdditionalLogs,recurring_drift_06,600.0,600.0,150.0,[672],"[500, 1000]",0.6666666666666666,172.0,00:00:00,0.0724088999995729,4.8272599999715264e-05,,,,,,,,
Process Graph Metrics,AdditionalLogs,sudden_drift_02,,,,"[572, 1080]","[500, 1000]",1.0,76.0,00:00:12,12.375152000000526,0.0082501013333336,0.0001,100.0,500.0,,,,,
Process Graph Metrics,AdditionalLogs,gradual_drift_06,,,,"[468, 1008]","[500, 1000]",1.0,20.0,00:00:05,5.728870200000529,0.0040920501428575,0.005,100.0,600.0,,,,,
LCDD,AdditionalLogs,recurring_drift_00,300.0,300.0,150.0,"[502, 836, 1259]","[500, 1000]",0.8,83.0,00:00:00,0.0148116999989724,9.874466665981647e-06,,,,,,,,
Process Graph Metrics,AdditionalLogs,sudden_drift_03,,,,[672],"[500, 1000]",0.6666666666666666,172.0,00:00:02,2.5732420999993337,0.0017154947333328,0.0001,300.0,500.0,,,,,
LCDD,AdditionalLogs,gradual_drift_03,400.0,400.0,20.0,"[412, 830, 1390]","[500, 1000]",0.8,129.0,00:00:00,0.0165217999965534,1.1801285711823896e-05,,,,,,,,
Process Graph Metrics,AdditionalLogs,sudden_drift_09,,,,"[574, 1114]","[500, 1000]",1.0,94.0,00:00:07,7.509721499998704,0.0050064809999991,0.0001,300.0,500.0,,,,,
Process Graph Metrics,AdditionalLogs,gradual_drift_03,,,,"[529, 1062]","[500, 1000]",1.0,45.5,00:00:02,2.754221099996357,0.0019673007857116,0.005,200.0,700.0,,,,,
Zheng DBSCAN,AdditionalLogs,gradual_drift_08,,,,"[np.float64(553.921052631579), np.float64(787.5), np.float64(939.5217391304348), np.float64(1143.0), np.float64(1239.0), np.float64(1348.0)]","[500, 1000]",0.5,57.1996567505721,00:00:00,0.5961789000066346,0.0004258420714333,,,,500.0,50.0,,,
Zheng DBSCAN,AdditionalLogs,gradual_drift_08,,,,[np.float64(688.1139240506329)],"[500, 1000]",0.6666666666666666,188.11392405063293,00:00:00,0.5961789000066346,0.0004258420714333,,,,500.0,100.0,,,
Zheng DBSCAN,AdditionalLogs,gradual_drift_08,,,,[np.float64(688.1139240506329)],"[500, 1000]",0.6666666666666666,188.11392405063293,00:00:00,0.5961789000066346,0.0004258420714333,,,,500.0,150.0,,,
Zheng DBSCAN,AdditionalLogs,gradual_drift_08,,,,[np.float64(688.1139240506329)],"[500, 1000]",0.6666666666666666,188.11392405063293,00:00:00,0.5961789000066346,0.0004258420714333,,,,500.0,200.0,,,
Zheng DBSCAN,AdditionalLogs,gradual_drift_08,,,,[np.float64(688.1139240506329)],"[500, 1000]",0.6666666666666666,188.11392405063293,00:00:00,0.5961789000066346,0.0004258420714333,,,,500.0,250.0,,,
Zheng DBSCAN,AdditionalLogs,sudden_drift_07,,,,"[np.float64(498.2), np.float64(567.0), np.float64(913.0), np.float64(1025.875), np.float64(1324.0)]","[500, 1000]",0.5714285714285715,13.837500000000006,00:00:00,0.3306921999974292,0.0002204614666649,,,,400.0,40.0,,,
Zheng DBSCAN,AdditionalLogs,sudden_drift_07,,,,"[np.float64(509.6666666666667), np.float64(1013.3333333333334), np.float64(1324.0)]","[500, 1000]",0.8,11.500000000000028,00:00:00,0.3306921999974292,0.0002204614666649,,,,400.0,80.0,,,
Zheng DBSCAN,AdditionalLogs,sudden_drift_07,,,,"[np.float64(509.6666666666667), np.float64(1013.3333333333334), np.float64(1324.0)]","[500, 1000]",0.8,11.500000000000028,00:00:00,0.3306921999974292,0.0002204614666649,,,,400.0,120.0,,,
Zheng DBSCAN,AdditionalLogs,sudden_drift_07,,,,"[np.float64(509.6666666666667), np.float64(1013.3333333333334), np.float64(1324.0)]","[500, 1000]",0.8,11.500000000000028,00:00:00,0.3306921999974292,0.0002204614666649,,,,400.0,160.0,,,
Zheng DBSCAN,AdditionalLogs,sudden_drift_07,,,,"[np.float64(509.6666666666667), np.float64(1013.3333333333334), np.float64(1324.0)]","[500, 1000]",0.8,11.500000000000028,00:00:00,0.3306921999974292,0.0002204614666649,,,,400.0,200.0,,,
LCDD,AdditionalLogs,sudden_drift_01,600.0,600.0,100.0,"[616, 1254]","[500, 1000]",0.5,116.0,00:00:00,0.0294948000009753,1.966320000065025e-05,,,,,,,,
Process Graph Metrics,AdditionalLogs,gradual_drift_09,,,,"[600, 1200]","[500, 1000]",1.0,150.0,00:00:00,0.5371023999978206,0.000383644571427,0.1,400.0,600.0,,,,,
Process Graph Metrics,AdditionalLogs,sudden_drift_01,,,,"[529, 1048, 1672]","[500, 1000]",0.8,38.5,00:00:01,1.603076699997473,0.0010687177999983,0.005,200.0,500.0,,,,,
LCDD,AdditionalLogs,recurring_drift_08,300.0,300.0,10.0,"[324, 699, 1002, 1324]","[500, 1000]",0.6666666666666666,89.0,00:00:00,0.0164679999943473,1.0978666662898226e-05,,,,,,,,
Process Graph Metrics,AdditionalLogs,recurring_drift_04,,,,"[644, 1185]","[500, 1000]",1.0,164.5,00:00:03,3.5975402999974904,0.0023983601999983,0.0001,100.0,500.0,,,,,
LCDD,AdditionalLogs,sudden_drift_01,400.0,400.0,150.0,"[448, 921, 1337]","[500, 1000]",0.8,65.5,00:00:00,0.0269518999994033,1.7967933332935595e-05,,,,,,,,
LCDD,AdditionalLogs,gradual_drift_03,400.0,400.0,5.0,"[412, 830, 1390]","[500, 1000]",0.8,129.0,00:00:00,0.0105901999995694,7.5644285711210354e-06,,,,,,,,
Process Graph Metrics,AdditionalLogs,sudden_drift_05,,,,[600],"[500, 1000]",0.6666666666666666,100.0,00:00:00,0.5261357999988832,0.0003507571999992,0.005,400.0,600.0,,,,,
LCDD,AdditionalLogs,gradual_drift_04,100.0,100.0,5.0,"[104, 215, 316, 416, 521, 642, 745, 847, 947, 1052, 1158, 1271, 1396]","[500, 1000]",0.2666666666666667,36.5,00:00:00,0.0079437000022153,5.674071430153812e-06,,,,,,,,
LCDD,AdditionalLogs,sudden_drift_09,100.0,100.0,5.0,"[157, 268, 502, 1000, 1197, 1308, 1417]","[500, 1000]",0.4444444444444445,1.0,00:00:00,0.0212492999999085,1.4166199999939027e-05,,,,,,,,
LCDD,AdditionalLogs,gradual_drift_06,1200.0,1200.0,200.0,[1206],"[500, 1000]",,,00:00:00,0.0653352000008453,4.666800000060383e-05,,,,,,,,
Process Graph Metrics,AdditionalLogs,sudden_drift_07,,,,"[551, 1087]","[500, 1000]",1.0,69.0,00:00:01,1.6877429000014672,0.0011251619333343,0.0001,200.0,600.0,,,,,
Process Graph Metrics,AdditionalLogs,gradual_drift_02,,,,"[450, 1074]","[500, 1000]",1.0,62.0,00:00:10,10.04650319999928,0.0071760737142851,0.05,300.0,600.0,,,,,
LCDD,AdditionalLogs,gradual_drift_05,400.0,400.0,20.0,"[425, 845, 1251]","[500, 1000]",0.8,115.0,00:00:00,0.0217039999988628,1.5502857142044897e-05,,,,,,,,
LCDD,AdditionalLogs,recurring_drift_07,200.0,200.0,150.0,"[203, 502, 1000, 1231]","[500, 1000]",0.6666666666666666,1.0,00:00:00,0.0188505000041914,1.256700000279428e-05,,,,,,,,
Process Graph Metrics,AdditionalLogs,recurring_drift_08,,,,"[717, 1674]","[500, 1000]",,,00:00:11,11.993463700004211,0.0079956424666694,0.005,100.0,500.0,,,,,
Process Graph Metrics,AdditionalLogs,sudden_drift_01,,,,"[192, 410, 590, 887, 1147, 1407]","[500, 1000]",0.5,101.5,00:00:03,3.297774600003322,0.0021985164000022,0.1,100.0,600.0,,,,,
LCDD,AdditionalLogs,gradual_drift_04,800.0,800.0,5.0,[909],"[500, 1000]",0.6666666666666666,91.0,00:00:00,0.0115831000002799,8.273642857342825e-06,,,,,,,,
Process Graph Metrics,AdditionalLogs,gradual_drift_06,,,,"[465, 1005]","[500, 1000]",1.0,20.0,00:00:05,5.115257400000701,0.0036537552857147,0.05,100.0,600.0,,,,,
Process Graph Metrics,AdditionalLogs,sudden_drift_07,,,,"[501, 1028]","[500, 1000]",1.0,14.5,00:00:03,3.1081617000018014,0.0020721078000012,0.005,200.0,600.0,,,,,
Process Graph Metrics,AdditionalLogs,sudden_drift_02,,,,"[600, 1320]","[500, 1000]",0.5,100.0,00:00:00,0.622302399999171,0.0004148682666661,0.0001,400.0,500.0,,,,,
LCDD,AdditionalLogs,recurring_drift_05,300.0,300.0,20.0,"[302, 645, 951, 1319]","[500, 1000]",0.6666666666666666,97.0,00:00:00,0.023996600000828,1.599773333388536e-05,,,,,,,,
LCDD,AdditionalLogs,gradual_drift_05,400.0,400.0,200.0,"[425, 845, 1251]","[500, 1000]",0.8,115.0,00:00:00,0.0142885000022943,1.0206071430210224e-05,,,,,,,,
Process Graph Metrics,AdditionalLogs,gradual_drift_04,,,,[541],"[500, 1000]",0.6666666666666666,41.0,00:00:00,0.5996218000000226,0.0004283012857143,0.0001,100.0,400.0,,,,,
LCDD,AdditionalLogs,recurring_drift_05,1200.0,1200.0,20.0,[1228],"[500, 1000]",,,00:00:00,0.0203719999990426,1.3581333332695069e-05,,,,,,,,
Process Graph Metrics,AdditionalLogs,gradual_drift_05,,,,"[494, 1022]","[500, 1000]",1.0,14.0,00:00:04,4.8157263999964925,0.003439804571426,0.005,300.0,600.0,,,,,
Process Graph Metrics,AdditionalLogs,sudden_drift_02,,,,"[463, 1091, 1468]","[500, 1000]",0.8,64.0,00:00:01,1.5081655999965733,0.001005443733331,0.005,300.0,600.0,,,,,
LCDD,AdditionalLogs,sudden_drift_06,400.0,400.0,5.0,"[500, 919, 1452]","[500, 1000]",0.8,40.5,00:00:00,0.2795379000017419,0.0001863586000011,,,,,,,,
LCDD,AdditionalLogs,gradual_drift_06,100.0,100.0,200.0,"[103, 251, 401, 503, 627, 768, 913, 1013, 1121, 1239, 1343]","[500, 1000]",0.3076923076923077,8.0,00:00:00,0.0703867999982321,5.0276285713022974e-05,,,,,,,,
LCDD,AdditionalLogs,recurring_drift_03,600.0,600.0,100.0,"[631, 1348]","[500, 1000]",0.5,131.0,00:00:00,0.1491906000010203,9.946040000068024e-05,,,,,,,,
Process Graph Metrics,AdditionalLogs,gradual_drift_02,,,,[450],"[500, 1000]",0.6666666666666666,50.0,00:00:04,4.228802199999336,0.0030205729999995,0.0001,100.0,400.0,,,,,
Process Graph Metrics,AdditionalLogs,recurring_drift_05,,,,"[604, 1144]","[500, 1000]",1.0,124.0,00:00:03,3.640438800000993,0.0024269592000006,0.0001,100.0,500.0,,,,,
Process Graph Metrics,AdditionalLogs,gradual_drift_07,,,,"[205, 465, 856, 1546]","[500, 1000]",0.6666666666666666,89.5,00:00:01,1.862360599996464,0.001330257571426,0.1,100.0,700.0,,,,,
Zheng DBSCAN,AdditionalLogs,gradual_drift_03,,,,"[np.float64(362.0), np.float64(451.5), np.float64(551.0), np.float64(620.6), np.float64(689.0), np.float64(787.0), np.float64(829.6666666666666), np.float64(872.0), np.float64(966.1111111111111), np.float64(1102.0), np.float64(1175.75), np.float64(1390.0)]","[500, 1000]",0.2857142857142857,41.19444444444446,00:00:00,0.3735665999993216,0.0002668332857138,,,,300.0,30.0,,,
Zheng DBSCAN,AdditionalLogs,gradual_drift_03,,,,"[np.float64(489.77777777777777), np.float64(958.15625), np.float64(1390.0)]","[500, 1000]",0.8,26.032986111111114,00:00:00,0.3735665999993216,0.0002668332857138,,,,300.0,60.0,,,
Zheng DBSCAN,AdditionalLogs,gradual_drift_03,,,,"[np.float64(489.77777777777777), np.float64(958.15625), np.float64(1390.0)]","[500, 1000]",0.8,26.032986111111114,00:00:00,0.3735665999993216,0.0002668332857138,,,,300.0,90.0,,,
Zheng DBSCAN,AdditionalLogs,gradual_drift_03,,,,"[np.float64(743.8135593220339), np.float64(1390.0)]","[500, 1000]",,,00:00:00,0.3735665999993216,0.0002668332857138,,,,300.0,120.0,,,
Zheng DBSCAN,AdditionalLogs,gradual_drift_03,,,,"[np.float64(723.8524590163935), np.float64(1390.0)]","[500, 1000]",,,00:00:00,0.3735665999993216,0.0002668332857138,,,,300.0,150.0,,,
LCDD,AdditionalLogs,recurring_drift_04,1200.0,1200.0,20.0,[],"[500, 1000]",,,00:00:00,0.0159510999947087,1.063406666313919e-05,,,,,,,,
LCDD,AdditionalLogs,sudden_drift_00,1200.0,1200.0,10.0,[],"[500, 1000]",,,00:00:00,0.0107521999962045,7.168133330803054e-06,,,,,,,,
Process Graph Metrics,AdditionalLogs,recurring_drift_03,,,,"[312, 624, 1022]","[500, 1000]",0.8,73.0,00:00:00,0.7563368999981321,0.0005042245999987,0.1,100.0,400.0,,,,,
LCDD,AdditionalLogs,sudden_drift_02,600.0,600.0,100.0,"[607, 1224]","[500, 1000]",0.5,107.0,00:00:00,0.0304761000006692,2.031740000044617e-05,,,,,,,,
Process Graph Metrics,AdditionalLogs,recurring_drift_02,,,,"[741, 1474]","[500, 1000]",,,00:00:03,3.501415600003384,0.0023342770666689,0.05,400.0,700.0,,,,,
Process Graph Metrics,AdditionalLogs,recurring_drift_03,,,,[676],"[500, 1000]",0.6666666666666666,176.0,00:00:04,4.256850000005215,0.0028379000000034,0.0001,100.0,700.0,,,,,
Process Graph Metrics,AdditionalLogs,gradual_drift_09,,,,"[543, 1083]","[500, 1000]",1.0,63.0,00:00:00,0.5751751999996486,0.0004108394285711,0.0001,300.0,400.0,,,,,
LCDD,AdditionalLogs,recurring_drift_05,300.0,300.0,5.0,"[302, 645, 951, 1319]","[500, 1000]",0.6666666666666666,97.0,00:00:00,0.0134369000006699,8.957933333779995e-06,,,,,,,,
LCDD,AdditionalLogs,recurring_drift_04,400.0,400.0,10.0,"[500, 1000, 1475]","[500, 1000]",0.8,0.0,00:00:00,0.0164973999999347,1.0998266666623142e-05,,,,,,,,
Process Graph Metrics,AdditionalLogs,gradual_drift_02,,,,"[557, 1106]","[500, 1000]",1.0,81.5,00:00:09,9.11001650000253,0.0065071546428589,0.0001,200.0,500.0,,,,,
LCDD,AdditionalLogs,gradual_drift_07,1200.0,1200.0,20.0,[],"[500, 1000]",,,00:00:00,0.0108514000021386,7.751000001527635e-06,,,,,,,,
Process Graph Metrics,AdditionalLogs,gradual_drift_02,,,,"[600, 1200]","[500, 1000]",1.0,150.0,00:00:00,0.4119140999973751,0.0002942243571409,0.0001,400.0,600.0,,,,,
Process Graph Metrics,AdditionalLogs,recurring_drift_05,,,,"[578, 1118]","[500, 1000]",1.0,98.0,00:00:02,2.406948399999237,0.0016046322666661,0.05,100.0,700.0,,,,,
LCDD,AdditionalLogs,recurring_drift_04,200.0,200.0,20.0,"[261, 500, 719, 928, 1177, 1391]","[500, 1000]",0.5,36.0,00:00:00,0.0117919000040274,7.861266669351607e-06,,,,,,,,
LCDD,AdditionalLogs,sudden_drift_09,1200.0,1200.0,10.0,[1236],"[500, 1000]",,,00:00:00,0.0219775000005029,1.4651666667001943e-05,,,,,,,,
LCDD,AdditionalLogs,gradual_drift_08,800.0,800.0,10.0,[862],"[500, 1000]",0.6666666666666666,138.0,00:00:00,0.0107989000025554,7.713500001825325e-06,,,,,,,,
LCDD,AdditionalLogs,recurring_drift_01,400.0,400.0,150.0,"[424, 1043]","[500, 1000]",1.0,59.5,00:00:00,0.0302975000013248,2.0198333334216537e-05,,,,,,,,
Process Graph Metrics,AdditionalLogs,sudden_drift_09,,,,"[458, 908, 1363]","[500, 1000]",0.8,67.0,00:00:00,0.9645665999996708,0.0006430443999997,0.1,300.0,600.0,,,,,
Process Graph Metrics,AdditionalLogs,recurring_drift_00,,,,"[567, 1086]","[500, 1000]",1.0,76.5,00:00:01,1.1888642000049003,0.0007925761333366,0.0001,200.0,500.0,,,,,
Process Graph Metrics,AdditionalLogs,sudden_drift_02,,,,"[557, 1076]","[500, 1000]",1.0,66.5,00:00:03,3.850624399994558,0.0025670829333297,0.005,200.0,500.0,,,,,
LCDD,AdditionalLogs,gradual_drift_04,400.0,400.0,10.0,"[401, 809, 1212]","[500, 1000]",0.8,145.0,00:00:00,0.009372099993925,6.694357138517912e-06,,,,,,,,
Process Graph Metrics,AdditionalLogs,sudden_drift_07,,,,"[470, 1001]","[500, 1000]",1.0,15.5,00:00:02,2.740433999999368,0.0018269559999995,0.05,200.0,400.0,,,,,
LCDD,AdditionalLogs,recurring_drift_00,400.0,400.0,5.0,"[502, 1004]","[500, 1000]",1.0,3.0,00:00:00,0.0091897999955108,6.126533330340559e-06,,,,,,,,
LCDD,AdditionalLogs,recurring_drift_05,200.0,200.0,150.0,"[205, 453, 696, 929, 1138, 1339]","[500, 1000]",0.5,59.0,00:00:00,0.0255152999961865,1.7010199997457677e-05,,,,,,,,
LCDD,AdditionalLogs,gradual_drift_07,600.0,600.0,5.0,[713],"[500, 1000]",,,00:00:00,0.0155300999977043,1.1092928569788843e-05,,,,,,,,
LCDD,AdditionalLogs,recurring_drift_02,400.0,400.0,50.0,"[440, 841, 1258]","[500, 1000]",0.8,109.5,00:00:00,0.0242437999986577,1.6162533332438517e-05,,,,,,,,
LCDD,AdditionalLogs,gradual_drift_00,300.0,300.0,100.0,"[413, 912]","[500, 1000]",1.0,87.5,00:00:00,0.0091772000014316,6.55514285816545e-06,,,,,,,,
Process Graph Metrics,AdditionalLogs,gradual_drift_01,,,,"[360, 981, 1520]","[500, 1000]",0.8,79.5,00:00:01,1.1042395000040417,0.0007887425000028,0.1,200.0,700.0,,,,,
Process Graph Metrics,AdditionalLogs,gradual_drift_01,,,,"[600, 1540]","[500, 1000]",0.5,100.0,00:00:00,0.760905900002399,0.0005435042142874,0.005,400.0,400.0,,,,,
LCDD,AdditionalLogs,recurring_drift_04,100.0,100.0,200.0,"[109, 215, 316, 417, 517, 627, 729, 835, 935, 1036, 1159, 1262, 1362, 1463]","[500, 1000]",0.25,26.5,00:00:00,0.0123373000024002,8.224866668266866e-06,,,,,,,,
LCDD,AdditionalLogs,gradual_drift_05,1200.0,1200.0,50.0,[1316],"[500, 1000]",,,00:00:00,0.0208486000046832,1.489185714620232e-05,,,,,,,,
LCDD,AdditionalLogs,gradual_drift_06,400.0,400.0,200.0,"[411, 913, 1392]","[500, 1000]",0.8,88.0,00:00:00,0.0702696000007563,5.019257142911166e-05,,,,,,,,
LCDD,AdditionalLogs,gradual_drift_06,200.0,200.0,150.0,"[281, 543, 913, 1135, 1392]","[500, 1000]",0.5714285714285715,65.0,00:00:00,0.0588945999988936,4.20675714277812e-05,,,,,,,,
LCDD,AdditionalLogs,gradual_drift_05,200.0,200.0,50.0,"[201, 403, 627, 828, 1104, 1309]","[500, 1000]",0.5,100.5,00:00:00,0.0171425999942584,1.2244714281613206e-05,,,,,,,,
Process Graph Metrics,AdditionalLogs,sudden_drift_08,,,,"[720, 1620]","[500, 1000]",,,00:00:07,7.965551100001903,0.0053103674000012,0.05,400.0,500.0,,,,,
Process Graph Metrics,AdditionalLogs,recurring_drift_07,,,,"[519, 1038]","[500, 1000]",1.0,28.5,00:00:00,0.312243699998362,0.0002081624666655,0.05,200.0,400.0,,,,,
LCDD,AdditionalLogs,recurring_drift_02,400.0,400.0,20.0,"[440, 841, 1258]","[500, 1000]",0.8,109.5,00:00:00,0.0282743999996455,1.884959999976369e-05,,,,,,,,
LCDD,AdditionalLogs,gradual_drift_07,800.0,800.0,5.0,[915],"[500, 1000]",0.6666666666666666,85.0,00:00:00,0.0085317999983089,6.094142855934998e-06,,,,,,,,
Process Graph Metrics,AdditionalLogs,gradual_drift_03,,,,"[530, 1083]","[500, 1000]",1.0,56.5,00:00:02,2.0468868000025395,0.0014620620000018,0.005,300.0,600.0,,,,,
Process Graph Metrics,AdditionalLogs,gradual_drift_07,,,,"[625, 1545]","[500, 1000]",0.5,125.0,00:00:07,7.902672399999574,0.0056447659999996,0.005,200.0,700.0,,,,,
LCDD,AdditionalLogs,recurring_drift_03,200.0,200.0,5.0,"[219, 446, 657, 911, 1116, 1333]","[500, 1000]",0.5,71.5,00:00:00,0.0124647999982698,8.309866665513255e-06,,,,,,,,
Process Graph Metrics,AdditionalLogs,sudden_drift_08,,,,[726],"[500, 1000]",,,00:00:02,2.887773700000253,0.0019251824666668,0.0001,300.0,500.0,,,,,
LCDD,AdditionalLogs,sudden_drift_07,1200.0,1200.0,200.0,[1324],"[500, 1000]",,,00:00:00,0.0137460000041755,9.164000002783724e-06,,,,,,,,
Process Graph Metrics,AdditionalLogs,sudden_drift_06,,,,"[612, 1212]","[500, 1000]",0.5,112.0,00:00:03,3.675741999999445,0.0024504946666662,0.05,400.0,500.0,,,,,
LCDD,AdditionalLogs,recurring_drift_01,200.0,200.0,200.0,"[263, 504, 708, 977, 1261]","[500, 1000]",0.5714285714285715,13.5,00:00:00,0.0241271999984746,1.608479999898312e-05,,,,,,,,
Process Graph Metrics,AdditionalLogs,gradual_drift_05,,,,"[498, 1041]","[500, 1000]",1.0,21.5,00:00:05,5.377315500001714,0.0038409396428583,0.0001,300.0,500.0,,,,,
Process Graph Metrics,AdditionalLogs,sudden_drift_00,,,,"[558, 1181]","[500, 1000]",1.0,119.5,00:00:02,2.2870040999987395,0.0015246693999991,0.005,300.0,600.0,,,,,
Zheng DBSCAN,AdditionalLogs,gradual_drift_08,,,,"[np.float64(342.85714285714283), np.float64(439.73333333333335), np.float64(571.6153846153846), np.float64(689.0), np.float64(777.3333333333334), np.float64(946.1666666666666), np.float64(1143.0), np.float64(1239.0), np.float64(1278.0), np.float64(1314.5), np.float64(1364.5)]","[500, 1000]",0.3076923076923077,57.05000000000001,00:00:00,0.5780819999999949,0.0004129157142857,,,,300.0,30.0,,,
Zheng DBSCAN,AdditionalLogs,gradual_drift_08,,,,"[np.float64(704.9333333333333), np.float64(1143.0), np.float64(1302.0)]","[500, 1000]",0.4,143.0,00:00:00,0.5780819999999949,0.0004129157142857,,,,300.0,60.0,,,
Zheng DBSCAN,AdditionalLogs,gradual_drift_08,,,,"[np.float64(653.4466019417475), np.float64(1302.0)]","[500, 1000]",0.5,153.44660194174753,00:00:00,0.5780819999999949,0.0004129157142857,,,,300.0,90.0,,,
Zheng DBSCAN,AdditionalLogs,gradual_drift_08,,,,[np.float64(694.7181818181818)],"[500, 1000]",0.6666666666666666,194.71818181818185,00:00:00,0.5780819999999949,0.0004129157142857,,,,300.0,120.0,,,
Zheng DBSCAN,AdditionalLogs,gradual_drift_08,,,,[np.float64(694.7181818181818)],"[500, 1000]",0.6666666666666666,194.71818181818185,00:00:00,0.5780819999999949,0.0004129157142857,,,,300.0,150.0,,,
LCDD,AdditionalLogs,recurring_drift_09,600.0,600.0,20.0,[],"[500, 1000]",,,00:00:00,0.0276844000036362,1.845626666909084e-05,,,,,,,,
Process Graph Metrics,AdditionalLogs,recurring_drift_02,,,,"[717, 1368]","[500, 1000]",,,00:00:07,7.080432399998244,0.0047202882666654,0.05,300.0,700.0,,,,,
LCDD,AdditionalLogs,recurring_drift_01,1200.0,1200.0,150.0,[1261],"[500, 1000]",,,00:00:00,0.1609262999991187,0.0001072841999994,,,,,,,,
LCDD,AdditionalLogs,sudden_drift_01,200.0,200.0,150.0,"[213, 448, 795, 1000, 1254]","[500, 1000]",0.5714285714285715,26.0,00:00:00,0.0275456999952439,1.836379999682928e-05,,,,,,,,
Process Graph Metrics,AdditionalLogs,recurring_drift_01,,,,"[335, 647, 959, 1738]","[500, 1000]",0.6666666666666666,94.0,00:00:02,2.325183900000411,0.0015501226000002,0.1,100.0,600.0,,,,,
Process Graph Metrics,AdditionalLogs,gradual_drift_04,,,,"[540, 1188]","[500, 1000]",1.0,114.0,00:00:00,0.2876332000014372,0.0002054522857153,0.005,300.0,700.0,,,,,
Process Graph Metrics,AdditionalLogs,gradual_drift_01,,,,"[600, 1200]","[500, 1000]",1.0,150.0,00:00:00,0.4233821000016178,0.0003024157857154,0.0001,400.0,700.0,,,,,
Process Graph Metrics,AdditionalLogs,recurring_drift_04,,,,"[660, 1260]","[500, 1000]",0.5,160.0,00:00:02,2.1841786000004504,0.0014561190666669,0.0001,400.0,600.0,,,,,
LCDD,AdditionalLogs,gradual_drift_07,200.0,200.0,5.0,"[416, 713, 915, 1220]","[500, 1000]",0.6666666666666666,84.5,00:00:00,0.0113095999986398,8.078285713314211e-06,,,,,,,,
Process Graph Metrics,AdditionalLogs,gradual_drift_04,,,,"[490, 1143]","[500, 1000]",1.0,76.5,00:00:01,1.432156800001394,0.0010229691428581,0.05,300.0,600.0,,,,,
LCDD,AdditionalLogs,gradual_drift_03,600.0,600.0,20.0,"[600, 1390]","[500, 1000]",0.5,100.0,00:00:00,0.0080030999961309,5.716499997236366e-06,,,,,,,,
Process Graph Metrics,AdditionalLogs,recurring_drift_06,,,,"[812, 1262]","[500, 1000]",0.5,188.0,00:00:02,2.614437700001872,0.0017429584666679,0.1,400.0,500.0,,,,,
Process Graph Metrics,AdditionalLogs,recurring_drift_02,,,,"[550, 925]","[500, 1000]",1.0,62.5,00:00:01,1.4245931999976165,0.0009497287999984,0.1,100.0,400.0,,,,,
LCDD,AdditionalLogs,sudden_drift_06,100.0,100.0,20.0,"[127, 235, 336, 451, 553, 666, 768, 878, 986, 1088, 1195, 1297, 1397]","[500, 1000]",0.2666666666666667,31.5,00:00:00,0.0812882999962312,5.419219999748748e-05,,,,,,,,
Process Graph Metrics,AdditionalLogs,recurring_drift_06,,,,"[550, 862, 1442]","[500, 1000]",0.8,94.0,00:00:09,9.19425179999962,0.0061295011999997,0.05,100.0,400.0,,,,,
Process Graph Metrics,AdditionalLogs,gradual_drift_02,,,,"[600, 1200]","[500, 1000]",1.0,150.0,00:00:00,0.4039286999977776,0.0002885204999984,0.1,400.0,500.0,,,,,
Process Graph Metrics,AdditionalLogs,sudden_drift_07,,,,"[528, 1062]","[500, 1000]",1.0,45.0,00:00:04,4.305647199995292,0.0028704314666635,0.005,300.0,700.0,,,,,
LCDD,AdditionalLogs,recurring_drift_07,300.0,300.0,150.0,"[502, 1000]","[500, 1000]",1.0,1.0,00:00:00,0.0114663000058499,7.644200003899945e-06,,,,,,,,
Process Graph Metrics,AdditionalLogs,sudden_drift_08,,,,[726],"[500, 1000]",,,00:00:03,3.889324399999168,0.0025928829333327,0.0001,400.0,400.0,,,,,
Process Graph Metrics,AdditionalLogs,sudden_drift_08,,,,"[716, 1079]","[500, 1000]",0.5,79.0,00:00:00,0.5644100999998045,0.0003762733999998,0.005,400.0,500.0,,,,,
LCDD,AdditionalLogs,sudden_drift_07,600.0,600.0,5.0,[913],"[500, 1000]",0.6666666666666666,87.0,00:00:00,0.0121922999969683,8.128199997978906e-06,,,,,,,,
Process Graph Metrics,AdditionalLogs,sudden_drift_08,,,,"[704, 1046, 1306]","[500, 1000]",0.4,46.0,00:00:02,2.711252400004014,0.0018075016000026,0.005,100.0,400.0,,,,,
Process Graph Metrics,AdditionalLogs,recurring_drift_02,,,,"[741, 1474]","[500, 1000]",,,00:00:03,3.5406671999953687,0.0023604447999969,0.05,400.0,500.0,,,,,
Process Graph Metrics,AdditionalLogs,recurring_drift_04,,,,[634],"[500, 1000]",0.6666666666666666,134.0,00:00:01,1.4238591999965138,0.0009492394666643,0.05,400.0,400.0,,,,,
Zheng DBSCAN,AdditionalLogs,sudden_drift_08,,,,"[np.float64(547.125), np.float64(715.5), np.float64(822.5), np.float64(995.5), np.float64(1145.0), np.float64(1189.0), np.float64(1263.4), np.float64(1437.125)]","[500, 1000]",0.4,25.8125,00:00:00,0.5426571000061813,0.0003617714000041,,,,400.0,40.0,,,
Zheng DBSCAN,AdditionalLogs,sudden_drift_08,,,,[np.float64(875.1827956989247)],"[500, 1000]",0.6666666666666666,124.81720430107532,00:00:00,0.5426571000061813,0.0003617714000041,,,,400.0,80.0,,,
Zheng DBSCAN,AdditionalLogs,sudden_drift_08,,,,[np.float64(814.980198019802)],"[500, 1000]",0.6666666666666666,185.01980198019805,00:00:00,0.5426571000061813,0.0003617714000041,,,,400.0,120.0,,,
Zheng DBSCAN,AdditionalLogs,sudden_drift_08,,,,[np.float64(814.980198019802)],"[500, 1000]",0.6666666666666666,185.01980198019805,00:00:00,0.5426571000061813,0.0003617714000041,,,,400.0,160.0,,,
Zheng DBSCAN,AdditionalLogs,sudden_drift_08,,,,[np.float64(814.980198019802)],"[500, 1000]",0.6666666666666666,185.01980198019805,00:00:00,0.5426571000061813,0.0003617714000041,,,,400.0,200.0,,,
Zheng DBSCAN,AdditionalLogs,sudden_drift_02,,,,"[np.float64(654.5714285714286), np.float64(846.25), np.float64(1057.52), np.float64(1377.0), np.float64(1474.0)]","[500, 1000]",0.5714285714285715,106.04571428571428,00:00:00,0.5865201999986311,0.0003910134666657,,,,600.0,60.0,,,
Zheng DBSCAN,AdditionalLogs,sudden_drift_02,,,,"[np.float64(897.6585365853658), np.float64(1425.5)]","[500, 1000]",0.5,102.34146341463418,00:00:00,0.5865201999986311,0.0003910134666657,,,,600.0,120.0,,,
Zheng DBSCAN,AdditionalLogs,sudden_drift_02,,,,[np.float64(944.5777777777778)],"[500, 1000]",0.6666666666666666,55.42222222222222,00:00:00,0.5865201999986311,0.0003910134666657,,,,600.0,180.0,,,
Zheng DBSCAN,AdditionalLogs,sudden_drift_02,,,,[np.float64(929.2173913043479)],"[500, 1000]",0.6666666666666666,70.78260869565213,00:00:00,0.5865201999986311,0.0003910134666657,,,,600.0,240.0,,,
Zheng DBSCAN,AdditionalLogs,sudden_drift_02,,,,[np.float64(929.2173913043479)],"[500, 1000]",0.6666666666666666,70.78260869565213,00:00:00,0.5865201999986311,0.0003910134666657,,,,600.0,300.0,,,
LCDD,AdditionalLogs,recurring_drift_03,800.0,800.0,50.0,[1348],"[500, 1000]",,,00:00:00,0.0167058000006363,1.1137200000424247e-05,,,,,,,,
Zheng DBSCAN,AdditionalLogs,recurring_drift_07,,,,[],"[500, 1000]",,,00:00:00,0.2722176999959629,0.0001814784666639,,,,700.0,70.0,,,
Zheng DBSCAN,AdditionalLogs,recurring_drift_07,,,,[],"[500, 1000]",,,00:00:00,0.2722176999959629,0.0001814784666639,,,,700.0,140.0,,,
Zheng DBSCAN,AdditionalLogs,recurring_drift_07,,,,[],"[500, 1000]",,,00:00:00,0.2722176999959629,0.0001814784666639,,,,700.0,210.0,,,
Zheng DBSCAN,AdditionalLogs,recurring_drift_07,,,,[],"[500, 1000]",,,00:00:00,0.2722176999959629,0.0001814784666639,,,,700.0,280.0,,,
Zheng DBSCAN,AdditionalLogs,recurring_drift_07,,,,[],"[500, 1000]",,,00:00:00,0.2722176999959629,0.0001814784666639,,,,700.0,350.0,,,
Process Graph Metrics,AdditionalLogs,gradual_drift_01,,,,"[600, 1200]","[500, 1000]",1.0,150.0,00:00:00,0.4586447999972733,0.0003276034285694,0.005,400.0,700.0,,,,,
Process Graph Metrics,AdditionalLogs,gradual_drift_00,,,,"[716, 1364]","[500, 1000]",,,00:00:02,2.247697099999641,0.0016054979285711,0.0001,100.0,500.0,,,,,
LCDD,AdditionalLogs,recurring_drift_07,1200.0,1200.0,200.0,[],"[500, 1000]",,,00:00:00,0.0114135999974678,7.609066664978552e-06,,,,,,,,
Process Graph Metrics,AdditionalLogs,sudden_drift_06,,,,"[216, 470, 686, 1109, 1363]","[500, 1000]",0.5714285714285715,69.5,00:00:05,5.455742300000566,0.0036371615333337,0.1,100.0,500.0,,,,,
LCDD,AdditionalLogs,gradual_drift_04,600.0,600.0,200.0,"[655, 1334]","[500, 1000]",0.5,155.0,00:00:00,0.011804600006144,8.431857147245735e-06,,,,,,,,
Process Graph Metrics,AdditionalLogs,recurring_drift_03,,,,"[607, 1147]","[500, 1000]",1.0,127.0,00:00:02,2.1544748000014806,0.0014363165333343,0.005,300.0,600.0,,,,,
Process Graph Metrics,AdditionalLogs,sudden_drift_06,,,,[728],"[500, 1000]",,,00:00:59,59.41279029999714,0.0396085268666647,0.0001,400.0,700.0,,,,,
Process Graph Metrics,AdditionalLogs,recurring_drift_03,,,,[676],"[500, 1000]",0.6666666666666666,176.0,00:00:04,4.3185126000025775,0.0028790084000017,0.0001,100.0,600.0,,,,,
LCDD,AdditionalLogs,recurring_drift_03,400.0,400.0,50.0,"[500, 911, 1348]","[500, 1000]",0.8,44.5,00:00:00,0.0129878999941865,8.658599996124394e-06,,,,,,,,
LCDD,AdditionalLogs,sudden_drift_03,800.0,800.0,150.0,[816],"[500, 1000]",0.6666666666666666,184.0,00:00:00,0.01218869999866,8.125799999106676e-06,,,,,,,,
Process Graph Metrics,AdditionalLogs,sudden_drift_02,,,,"[562, 1081]","[500, 1000]",1.0,71.5,00:00:04,4.049738100002287,0.0026998254000015,0.0001,200.0,500.0,,,,,
LCDD,AdditionalLogs,gradual_drift_02,600.0,600.0,50.0,"[612, 1245]","[500, 1000]",0.5,112.0,00:00:00,0.0276746999952592,1.976764285375664e-05,,,,,,,,
Process Graph Metrics,AdditionalLogs,sudden_drift_06,,,,"[519, 1040]","[500, 1000]",1.0,29.5,00:00:02,2.56565910000063,0.0017104394000004,0.1,200.0,600.0,,,,,
LCDD,AdditionalLogs,recurring_drift_08,400.0,400.0,100.0,"[426, 874, 1324]","[500, 1000]",0.8,100.0,00:00:00,0.0147677999993902,9.845199999593507e-06,,,,,,,,
Process Graph Metrics,AdditionalLogs,sudden_drift_03,,,,[672],"[500, 1000]",0.6666666666666666,172.0,00:00:01,1.0566601999962586,0.0007044401333308,0.0001,300.0,700.0,,,,,
LCDD,AdditionalLogs,sudden_drift_05,400.0,400.0,10.0,"[423, 995, 1497]","[500, 1000]",0.8,41.0,00:00:00,0.0183475000012549,1.2231666667503303e-05,,,,,,,,
Zheng DBSCAN,AdditionalLogs,gradual_drift_06,,,,"[np.float64(970.0), np.float64(1170.5), np.float64(1392.0)]","[500, 1000]",0.4,30.0,00:00:00,0.748362599995744,0.0005345447142826,,,,800.0,80.0,,,
Zheng DBSCAN,AdditionalLogs,gradual_drift_06,,,,"[np.float64(992.2777777777778), np.float64(1392.0)]","[500, 1000]",0.5,7.722222222222172,00:00:00,0.748362599995744,0.0005345447142826,,,,800.0,160.0,,,
Zheng DBSCAN,AdditionalLogs,gradual_drift_06,,,,[np.float64(1013.3157894736842)],"[500, 1000]",0.6666666666666666,13.315789473684164,00:00:00,0.748362599995744,0.0005345447142826,,,,800.0,240.0,,,
Zheng DBSCAN,AdditionalLogs,gradual_drift_06,,,,[np.float64(1013.3157894736842)],"[500, 1000]",0.6666666666666666,13.315789473684164,00:00:00,0.748362599995744,0.0005345447142826,,,,800.0,320.0,,,
Zheng DBSCAN,AdditionalLogs,gradual_drift_06,,,,[np.float64(853.9230769230769)],"[500, 1000]",0.6666666666666666,146.0769230769231,00:00:00,0.748362599995744,0.0005345447142826,,,,800.0,400.0,,,
Process Graph Metrics,AdditionalLogs,recurring_drift_02,,,,[779],"[500, 1000]",,,00:00:00,0.9026853999966988,0.0006017902666644,0.0001,300.0,700.0,,,,,
LCDD,AdditionalLogs,recurring_drift_04,300.0,300.0,150.0,"[306, 628, 1000, 1475]","[500, 1000]",0.6666666666666666,64.0,00:00:00,0.0172033999988343,1.1468933332556238e-05,,,,,,,,
LCDD,AdditionalLogs,gradual_drift_05,600.0,600.0,150.0,"[657, 1309]","[500, 1000]",0.5,157.0,00:00:00,0.1532565000015893,0.0001094689285725,,,,,,,,
Process Graph Metrics,AdditionalLogs,gradual_drift_03,,,,"[526, 1079]","[500, 1000]",1.0,52.5,00:00:02,2.001320299998042,0.0014295144999986,0.05,300.0,700.0,,,,,
LCDD,AdditionalLogs,sudden_drift_05,800.0,800.0,150.0,[1000],"[500, 1000]",0.6666666666666666,0.0,00:00:00,0.0158214000039151,1.0547600002610124e-05,,,,,,,,
Process Graph Metrics,AdditionalLogs,gradual_drift_06,,,,"[600, 1200]","[500, 1000]",1.0,150.0,00:00:01,1.0794603000031202,0.0007710430714308,0.0001,400.0,700.0,,,,,
LCDD,AdditionalLogs,recurring_drift_01,400.0,400.0,50.0,"[424, 1043]","[500, 1000]",1.0,59.5,00:00:00,0.0317795000009937,2.1186333333995816e-05,,,,,,,,
Process Graph Metrics,AdditionalLogs,sudden_drift_01,,,,"[529, 1048]","[500, 1000]",1.0,38.5,00:00:01,1.4652820000046631,0.0009768546666697,0.005,200.0,400.0,,,,,
Zheng DBSCAN,AdditionalLogs,gradual_drift_06,,,,"[np.float64(422.5), np.float64(483.0), np.float64(556.5), np.float64(627.5), np.float64(726.5), np.float64(962.8275862068965), np.float64(1135.0), np.float64(1208.0), np.float64(1392.0)]","[500, 1000]",0.3636363636363636,27.086206896551744,00:00:00,0.7555332999982056,0.0005396666428558,,,,300.0,30.0,,,
Zheng DBSCAN,AdditionalLogs,gradual_drift_06,,,,"[np.float64(489.0833333333333), np.float64(726.5), np.float64(962.8275862068965), np.float64(1135.0), np.float64(1208.0), np.float64(1392.0)]","[500, 1000]",0.5,24.044540229885087,00:00:00,0.7555332999982056,0.0005396666428558,,,,300.0,60.0,,,
Zheng DBSCAN,AdditionalLogs,gradual_drift_06,,,,"[np.float64(489.0833333333333), np.float64(726.5), np.float64(983.53125), np.float64(1392.0)]","[500, 1000]",0.6666666666666666,13.692708333333345,00:00:00,0.7555332999982056,0.0005396666428558,,,,300.0,90.0,,,
Zheng DBSCAN,AdditionalLogs,gradual_drift_06,,,,"[np.float64(453.05555555555554), np.float64(983.53125), np.float64(1392.0)]","[500, 1000]",0.8,31.70659722222223,00:00:00,0.7555332999982056,0.0005396666428558,,,,300.0,120.0,,,
Zheng DBSCAN,AdditionalLogs,gradual_drift_06,,,,"[np.float64(429.3157894736842), np.float64(983.53125), np.float64(1392.0)]","[500, 1000]",0.8,43.57648026315789,00:00:00,0.7555332999982056,0.0005396666428558,,,,300.0,150.0,,,
Process Graph Metrics,AdditionalLogs,recurring_drift_07,,,,"[519, 1038]","[500, 1000]",1.0,28.5,00:00:00,0.3281387000024551,0.0002187591333349,0.05,200.0,700.0,,,,,
Process Graph Metrics,AdditionalLogs,recurring_drift_09,,,,"[600, 1349]","[500, 1000]",0.5,100.0,00:00:01,1.462806499999715,0.0009752043333331,0.05,400.0,400.0,,,,,
Process Graph Metrics,AdditionalLogs,sudden_drift_06,,,,"[551, 811, 1071]","[500, 1000]",0.8,61.0,00:00:03,3.1016254999995,0.002067750333333,0.005,300.0,400.0,,,,,
LCDD,AdditionalLogs,sudden_drift_04,800.0,800.0,150.0,[849],"[500, 1000]",0.6666666666666666,151.0,00:00:00,0.0182352000047103,1.2156800003140234e-05,,,,,,,,
Process Graph Metrics,AdditionalLogs,gradual_drift_04,,,,"[600, 1200]","[500, 1000]",1.0,150.0,00:00:00,0.1681651000035344,0.0001201179285739,0.05,400.0,700.0,,,,,
LCDD,AdditionalLogs,gradual_drift_08,600.0,600.0,50.0,"[607, 1235]","[500, 1000]",0.5,107.0,00:00:00,0.0102583000043523,7.327357145965964e-06,,,,,,,,
Process Graph Metrics,AdditionalLogs,recurring_drift_01,,,,[600],"[500, 1000]",0.6666666666666666,100.0,00:00:00,0.731867800001055,0.0004879118666673,0.1,400.0,400.0,,,,,
Process Graph Metrics,AdditionalLogs,sudden_drift_04,,,,"[584, 1232]","[500, 1000]",0.5,84.0,00:00:01,1.755963099996734,0.0011706420666644,0.005,300.0,500.0,,,,,
LCDD,AdditionalLogs,recurring_drift_07,400.0,400.0,20.0,"[502, 1000]","[500, 1000]",1.0,1.0,00:00:00,0.013422800002445,8.948533334963334e-06,,,,,,,,
Process Graph Metrics,AdditionalLogs,recurring_drift_04,,,,"[640, 1178]","[500, 1000]",1.0,159.0,00:00:04,4.640780300003826,0.0030938535333358,0.0001,200.0,600.0,,,,,
LCDD,AdditionalLogs,gradual_drift_03,100.0,100.0,150.0,"[127, 246, 361, 475, 581, 738, 865, 972, 1082, 1187, 1299]","[500, 1000]",0.3076923076923077,26.5,00:00:00,0.0159260000000358,1.1375714285739895e-05,,,,,,,,
LCDD,AdditionalLogs,recurring_drift_06,600.0,600.0,5.0,[672],"[500, 1000]",0.6666666666666666,172.0,00:00:00,0.0748318999976618,4.988793333177455e-05,,,,,,,,
Process Graph Metrics,AdditionalLogs,sudden_drift_04,,,,"[567, 1317]","[500, 1000]",0.5,67.0,00:00:01,1.9849543999953312,0.0013233029333302,0.1,200.0,600.0,,,,,
Process Graph Metrics,AdditionalLogs,recurring_drift_01,,,,"[587, 1136]","[500, 1000]",1.0,111.5,00:00:06,6.312082899996312,0.0042080552666642,0.0001,300.0,400.0,,,,,
Process Graph Metrics,AdditionalLogs,recurring_drift_09,,,,"[600, 1320]","[500, 1000]",0.5,100.0,00:00:00,0.5176809000040521,0.0003451206000027,0.0001,400.0,600.0,,,,,
Process Graph Metrics,AdditionalLogs,recurring_drift_06,,,,[],"[500, 1000]",,,00:00:11,11.767776699998649,0.0078451844666657,0.0001,400.0,400.0,,,,,
Process Graph Metrics,AdditionalLogs,sudden_drift_01,,,,"[539, 1127]","[500, 1000]",1.0,83.0,00:00:06,6.440676899997925,0.0042937845999986,0.0001,200.0,500.0,,,,,
LCDD,AdditionalLogs,recurring_drift_00,100.0,100.0,50.0,"[100, 200, 328, 502, 604, 706, 836, 942, 1043, 1210, 1310, 1435]","[500, 1000]",0.2857142857142857,22.5,00:00:00,0.0101039000001037,6.7359333334025e-06,,,,,,,,
LCDD,AdditionalLogs,gradual_drift_08,200.0,200.0,50.0,"[208, 416, 649, 862, 1070, 1278]","[500, 1000]",0.5,77.0,00:00:00,0.0121763000061037,8.69735714721693e-06,,,,,,,,
LCDD,AdditionalLogs,gradual_drift_08,1200.0,1200.0,10.0,[1235],"[500, 1000]",,,00:00:00,0.0170311999972909,1.2165142855207836e-05,,,,,,,,
Process Graph Metrics,AdditionalLogs,sudden_drift_03,,,,"[626, 1166]","[500, 1000]",1.0,146.0,00:00:02,2.719222799998533,0.001812815199999,0.1,100.0,600.0,,,,,
Process Graph Metrics,AdditionalLogs,sudden_drift_09,,,,"[454, 973]","[500, 1000]",1.0,36.5,00:00:01,1.7664723000052618,0.0011776482000035,0.1,200.0,500.0,,,,,
Process Graph Metrics,AdditionalLogs,sudden_drift_06,,,,"[551, 1035]","[500, 1000]",1.0,43.0,00:00:24,24.34305630000017,0.0162287042000001,0.0001,300.0,400.0,,,,,
Process Graph Metrics,AdditionalLogs,sudden_drift_08,,,,"[541, 1081]","[500, 1000]",1.0,61.0,00:00:00,0.3005315999980666,0.0002003543999987,0.05,300.0,700.0,,,,,
Process Graph Metrics,AdditionalLogs,sudden_drift_01,,,,"[600, 1216, 1432]","[500, 1000]",0.4,100.0,00:00:00,0.5820782000009785,0.0003880521333339,0.005,400.0,400.0,,,,,
Process Graph Metrics,AdditionalLogs,recurring_drift_06,,,,[],"[500, 1000]",,,00:00:04,4.808020399999805,0.0032053469333332,0.0001,300.0,600.0,,,,,
LCDD,AdditionalLogs,recurring_drift_01,300.0,300.0,20.0,"[348, 660, 977, 1277]","[500, 1000]",0.6666666666666666,87.5,00:00:00,0.0306526000058511,2.043506667056742e-05,,,,,,,,
Process Graph Metrics,AdditionalLogs,sudden_drift_08,,,,[864],"[500, 1000]",0.6666666666666666,136.0,00:00:00,0.3192400999978417,0.0002128267333318,0.005,400.0,600.0,,,,,
LCDD,AdditionalLogs,recurring_drift_03,100.0,100.0,100.0,"[122, 252, 370, 499, 603, 786, 893, 1019, 1120, 1231, 1333]","[500, 1000]",0.3076923076923077,10.0,00:00:00,0.0112560999987181,7.504066665812085e-06,,,,,,,,
Process Graph Metrics,AdditionalLogs,sudden_drift_04,,,,"[609, 1257]","[500, 1000]",0.5,109.0,00:00:02,2.4552662999994936,0.0016368441999996,0.0001,300.0,700.0,,,,,
LCDD,AdditionalLogs,recurring_drift_04,600.0,600.0,20.0,"[628, 1277]","[500, 1000]",0.5,128.0,00:00:00,0.0107464000029722,7.164266668648149e-06,,,,,,,,
Process Graph Metrics,AdditionalLogs,gradual_drift_08,,,,"[495, 1157]","[500, 1000]",1.0,81.0,00:00:01,1.8085437000045204,0.0012918169285746,0.1,300.0,600.0,,,,,
Process Graph Metrics,AdditionalLogs,gradual_drift_03,,,,"[529, 1062]","[500, 1000]",1.0,45.5,00:00:02,2.5338316000052146,0.0018098797142894,0.005,200.0,600.0,,,,,
LCDD,AdditionalLogs,recurring_drift_04,600.0,600.0,5.0,"[628, 1277]","[500, 1000]",0.5,128.0,00:00:00,0.0137987999987672,9.19919999917814e-06,,,,,,,,
Process Graph Metrics,AdditionalLogs,recurring_drift_04,,,,[632],"[500, 1000]",0.6666666666666666,132.0,00:00:01,1.3661236999978428,0.0009107491333318,0.1,400.0,400.0,,,,,
Process Graph Metrics,AdditionalLogs,sudden_drift_05,,,,[557],"[500, 1000]",0.6666666666666666,57.0,00:00:04,4.420921699995233,0.0029472811333301,0.05,300.0,400.0,,,,,
LCDD,AdditionalLogs,sudden_drift_00,300.0,300.0,50.0,"[502, 1000]","[500, 1000]",1.0,1.0,00:00:00,0.0098357000024407,6.557133334960478e-06,,,,,,,,
LCDD,AdditionalLogs,sudden_drift_07,600.0,600.0,200.0,[913],"[500, 1000]",0.6666666666666666,87.0,00:00:00,0.010006999997131,6.671333331420708e-06,,,,,,,,
Process Graph Metrics,AdditionalLogs,recurring_drift_09,,,,"[546, 1010, 1658]","[500, 1000]",0.8,28.0,00:00:06,6.641636400003335,0.0044277576000022,0.1,100.0,500.0,,,,,
Process Graph Metrics,AdditionalLogs,gradual_drift_04,,,,"[541, 1616]","[500, 1000]",0.5,41.0,00:00:13,13.184679000005415,0.0094176278571467,0.0001,100.0,700.0,,,,,
Process Graph Metrics,AdditionalLogs,recurring_drift_06,,,,"[750, 980, 1197]","[500, 1000]",0.4,20.0,00:00:04,4.849645599999349,0.0032330970666662,0.05,200.0,600.0,,,,,
Process Graph Metrics,AdditionalLogs,gradual_drift_01,,,,"[600, 1200]","[500, 1000]",1.0,150.0,00:00:00,0.591419099997438,0.0004224422142838,0.1,400.0,500.0,,,,,
Process Graph Metrics,AdditionalLogs,gradual_drift_04,,,,"[490, 1143]","[500, 1000]",1.0,76.5,00:00:01,1.4991407999987132,0.0010708148571419,0.05,300.0,500.0,,,,,
LCDD,AdditionalLogs,sudden_drift_07,800.0,800.0,10.0,[913],"[500, 1000]",0.6666666666666666,87.0,00:00:00,0.0136600000041653,9.10666666944356e-06,,,,,,,,
LCDD,AdditionalLogs,recurring_drift_06,100.0,100.0,200.0,"[143, 248, 356, 464, 569, 672, 778, 882, 986, 1183, 1318, 1454]","[500, 1000]",0.2857142857142857,25.0,00:00:00,0.0742860999962431,4.9524066664162094e-05,,,,,,,,
LCDD,AdditionalLogs,sudden_drift_07,400.0,400.0,150.0,"[501, 913, 1324]","[500, 1000]",0.8,44.0,00:00:00,0.0131956999975955,8.797133331730341e-06,,,,,,,,
LCDD,AdditionalLogs,sudden_drift_06,600.0,600.0,5.0,"[805, 1452]","[500, 1000]",0.5,195.0,00:00:00,0.0758654000019305,5.057693333462036e-05,,,,,,,,
LCDD,AdditionalLogs,sudden_drift_01,1200.0,1200.0,10.0,[1254],"[500, 1000]",,,00:00:00,0.0306991000034031,2.046606666893543e-05,,,,,,,,
LCDD,AdditionalLogs,gradual_drift_03,200.0,200.0,100.0,"[275, 533, 784, 994, 1205]","[500, 1000]",0.5714285714285715,19.5,00:00:00,0.0125063000014051,8.933071429575127e-06,,,,,,,,
LCDD,AdditionalLogs,recurring_drift_01,1200.0,1200.0,10.0,[1261],"[500, 1000]",,,00:00:00,0.0311105999935534,2.074039999570232e-05,,,,,,,,
LCDD,AdditionalLogs,recurring_drift_01,800.0,800.0,150.0,[1261],"[500, 1000]",,,00:00:00,0.0306358999951044,2.0423933330069606e-05,,,,,,,,
Process Graph Metrics,AdditionalLogs,recurring_drift_05,,,,"[604, 1144]","[500, 1000]",1.0,124.0,00:00:03,3.751335099994322,0.0025008900666628,0.0001,100.0,600.0,,,,,
Process Graph Metrics,AdditionalLogs,recurring_drift_00,,,,"[554, 1073]","[500, 1000]",1.0,63.5,00:00:00,0.965768100002606,0.0006438454000017,0.05,200.0,600.0,,,,,
Zheng DBSCAN,AdditionalLogs,gradual_drift_05,,,,"[np.float64(668.0), np.float64(949.4285714285714), np.float64(1133.75), np.float64(1312.5)]","[500, 1000]",0.6666666666666666,109.28571428571428,00:00:00,0.3234019000010448,0.0002310013571436,,,,600.0,60.0,,,
Zheng DBSCAN,AdditionalLogs,gradual_drift_05,,,,"[np.float64(1016.4545454545455), np.float64(1312.5)]","[500, 1000]",0.5,16.454545454545496,00:00:00,0.3234019000010448,0.0002310013571436,,,,600.0,120.0,,,
Zheng DBSCAN,AdditionalLogs,gradual_drift_05,,,,[np.float64(1062.0)],"[500, 1000]",0.6666666666666666,62.0,00:00:00,0.3234019000010448,0.0002310013571436,,,,600.0,180.0,,,
Zheng DBSCAN,AdditionalLogs,gradual_drift_05,,,,[np.float64(1062.0)],"[500, 1000]",0.6666666666666666,62.0,00:00:00,0.3234019000010448,0.0002310013571436,,,,600.0,240.0,,,
Zheng DBSCAN,AdditionalLogs,gradual_drift_05,,,,[],"[500, 1000]",,,00:00:00,0.3234019000010448,0.0002310013571436,,,,600.0,300.0,,,
LCDD,AdditionalLogs,sudden_drift_07,1200.0,1200.0,50.0,[1324],"[500, 1000]",,,00:00:00,0.0105091000004904,7.006066666993623e-06,,,,,,,,
Process Graph Metrics,AdditionalLogs,gradual_drift_08,,,,[],"[500, 1000]",,,00:00:19,19.118323599999712,0.0136559454285712,0.0001,200.0,500.0,,,,,
LCDD,AdditionalLogs,recurring_drift_05,600.0,600.0,150.0,"[645, 1337]","[500, 1000]",0.5,145.0,00:00:00,0.0193327000015415,1.288846666769435e-05,,,,,,,,
Process Graph Metrics,AdditionalLogs,gradual_drift_00,,,,"[594, 1113]","[500, 1000]",1.0,103.5,00:00:01,1.8565883999981447,0.0013261345714272,0.1,200.0,700.0,,,,,
LCDD,AdditionalLogs,sudden_drift_02,1200.0,1200.0,200.0,[1224],"[500, 1000]",,,00:00:00,0.0323319000017363,2.155460000115757e-05,,,,,,,,
Process Graph Metrics,AdditionalLogs,recurring_drift_03,,,,[600],"[500, 1000]",0.6666666666666666,100.0,00:00:00,0.3192096999991918,0.0002128064666661,0.1,400.0,400.0,,,,,
LCDD,AdditionalLogs,recurring_drift_08,400.0,400.0,200.0,"[426, 874, 1324]","[500, 1000]",0.8,100.0,00:00:00,0.0117141000009723,7.809400000648263e-06,,,,,,,,
LCDD,AdditionalLogs,sudden_drift_00,800.0,800.0,200.0,[1000],"[500, 1000]",0.6666666666666666,0.0,00:00:00,0.0094717999963904,6.314533330926982e-06,,,,,,,,
LCDD,AdditionalLogs,recurring_drift_02,800.0,800.0,5.0,[841],"[500, 1000]",0.6666666666666666,159.0,00:00:00,0.0258890999975847,1.7259399998389807e-05,,,,,,,,
Process Graph Metrics,AdditionalLogs,sudden_drift_08,,,,"[540, 1080]","[500, 1000]",1.0,60.0,00:00:00,0.2785994000005303,0.0001857329333336,0.1,300.0,400.0,,,,,
Process Graph Metrics,AdditionalLogs,recurring_drift_00,,,,"[531, 1047]","[500, 1000]",1.0,39.0,00:00:03,3.0811131999944337,0.0020540754666629,0.1,100.0,600.0,,,,,
Process Graph Metrics,AdditionalLogs,gradual_drift_09,,,,"[600, 1200]","[500, 1000]",1.0,150.0,00:00:00,0.3266695999991498,0.0002333354285708,0.05,400.0,600.0,,,,,
LCDD,AdditionalLogs,gradual_drift_03,800.0,800.0,100.0,[830],"[500, 1000]",0.6666666666666666,170.0,00:00:00,0.009694300002593,6.924500001852201e-06,,,,,,,,
LCDD,AdditionalLogs,recurring_drift_09,100.0,100.0,150.0,"[108, 500, 1000]","[500, 1000]",0.8,0.0,00:00:00,0.0295408999954815,1.9693933330321065e-05,,,,,,,,
LCDD,AdditionalLogs,gradual_drift_06,800.0,800.0,10.0,[923],"[500, 1000]",0.6666666666666666,77.0,00:00:00,0.0694358999971882,4.959707142656303e-05,,,,,,,,
LCDD,AdditionalLogs,sudden_drift_06,300.0,300.0,20.0,"[336, 644, 986, 1452]","[500, 1000]",0.6666666666666666,79.0,00:00:00,0.0754821000009542,5.032140000063616e-05,,,,,,,,
Process Graph Metrics,AdditionalLogs,sudden_drift_02,,,,"[557, 1076]","[500, 1000]",1.0,66.5,00:00:03,3.675643199996557,0.0024504287999977,0.005,200.0,400.0,,,,,
Process Graph Metrics,AdditionalLogs,gradual_drift_01,,,,"[450, 1098]","[500, 1000]",1.0,74.0,00:00:00,0.6496021999992081,0.000464001571428,0.1,300.0,700.0,,,,,
Zheng DBSCAN,AdditionalLogs,gradual_drift_00,,,,"[np.float64(434.0), np.float64(498.6666666666667), np.float64(699.0), np.float64(938.125), np.float64(1206.0)]","[500, 1000]",0.5714285714285715,31.604166666666657,00:00:00,0.3713793999995687,0.0002652709999996,,,,400.0,40.0,,,
Zheng DBSCAN,AdditionalLogs,gradual_drift_00,,,,"[np.float64(461.7142857142857), np.float64(699.0), np.float64(938.125), np.float64(1206.0)]","[500, 1000]",0.6666666666666666,50.08035714285714,00:00:00,0.3713793999995687,0.0002652709999996,,,,400.0,80.0,,,
Zheng DBSCAN,AdditionalLogs,gradual_drift_00,,,,"[np.float64(461.7142857142857), np.float64(699.0), np.float64(938.125), np.float64(1206.0)]","[500, 1000]",0.6666666666666666,50.08035714285714,00:00:00,0.3713793999995687,0.0002652709999996,,,,400.0,120.0,,,
Zheng DBSCAN,AdditionalLogs,gradual_drift_00,,,,"[np.float64(461.7142857142857), np.float64(699.0), np.float64(938.125), np.float64(1206.0)]","[500, 1000]",0.6666666666666666,50.08035714285714,00:00:00,0.3713793999995687,0.0002652709999996,,,,400.0,160.0,,,
Zheng DBSCAN,AdditionalLogs,gradual_drift_00,,,,"[np.float64(491.375), np.float64(938.125), np.float64(1206.0)]","[500, 1000]",0.8,35.25,00:00:00,0.3713793999995687,0.0002652709999996,,,,400.0,200.0,,,
Process Graph Metrics,AdditionalLogs,recurring_drift_02,,,,[1097],"[500, 1000]",0.6666666666666666,97.0,00:00:04,4.406612999999197,0.0029377419999994,0.0001,200.0,600.0,,,,,
Process Graph Metrics,AdditionalLogs,recurring_drift_01,,,,[864],"[500, 1000]",0.6666666666666666,136.0,00:00:00,0.8686090999981388,0.000579072733332,0.0001,400.0,600.0,,,,,
Process Graph Metrics,AdditionalLogs,sudden_drift_01,,,,"[546, 1134]","[500, 1000]",1.0,90.0,00:00:04,4.09650959999999,0.0027310063999999,0.0001,300.0,400.0,,,,,
LCDD,AdditionalLogs,recurring_drift_05,600.0,600.0,100.0,"[645, 1337]","[500, 1000]",0.5,145.0,00:00:00,0.0156767000007675,1.0451133333845064e-05,,,,,,,,
Process Graph Metrics,AdditionalLogs,recurring_drift_08,,,,"[945, 1529]","[500, 1000]",0.5,55.0,00:00:02,2.3835499999986496,0.0015890333333324,0.005,100.0,400.0,,,,,
LCDD,AdditionalLogs,sudden_drift_04,600.0,600.0,10.0,"[633, 1492]","[500, 1000]",0.5,133.0,00:00:00,0.01371040000231,9.140266668206702e-06,,,,,,,,
Process Graph Metrics,AdditionalLogs,sudden_drift_01,,,,"[600, 1200]","[500, 1000]",1.0,150.0,00:00:00,0.3915271000005305,0.000261018066667,0.005,400.0,500.0,,,,,
Process Graph Metrics,AdditionalLogs,sudden_drift_04,,,,"[569, 1295]","[500, 1000]",0.5,69.0,00:00:02,2.172969999999623,0.0014486466666664,0.05,200.0,500.0,,,,,
LCDD,AdditionalLogs,gradual_drift_01,100.0,100.0,50.0,"[104, 221, 331, 441, 542, 647, 749, 860, 964, 1072, 1179, 1281, 1384]","[500, 1000]",0.2666666666666667,39.0,00:00:00,0.0269859999971231,1.9275714283659388e-05,,,,,,,,
LCDD,AdditionalLogs,recurring_drift_01,100.0,100.0,100.0,"[101, 263, 363, 504, 618, 734, 838, 977, 1090, 1207, 1382]","[500, 1000]",0.3076923076923077,13.5,00:00:00,0.032276300000376,2.1517533333584047e-05,,,,,,,,
LCDD,AdditionalLogs,sudden_drift_02,800.0,800.0,20.0,[1003],"[500, 1000]",0.6666666666666666,3.0,00:00:00,0.0320305999994161,2.1353733332944103e-05,,,,,,,,
LCDD,AdditionalLogs,gradual_drift_01,1200.0,1200.0,200.0,[1248],"[500, 1000]",,,00:00:00,0.0262275999994017,1.873399999957265e-05,,,,,,,,
Process Graph Metrics,AdditionalLogs,recurring_drift_00,,,,"[531, 1059]","[500, 1000]",1.0,45.0,00:00:03,3.025606199997128,0.002017070799998,0.05,100.0,700.0,,,,,
Process Graph Metrics,AdditionalLogs,recurring_drift_07,,,,"[551, 1091]","[500, 1000]",1.0,71.0,00:00:00,0.6352767999997013,0.0004235178666664,0.0001,100.0,500.0,,,,,
LCDD,AdditionalLogs,gradual_drift_06,800.0,800.0,200.0,[923],"[500, 1000]",0.6666666666666666,77.0,00:00:00,0.0664783999964129,4.748457142600923e-05,,,,,,,,
LCDD,AdditionalLogs,gradual_drift_06,300.0,300.0,20.0,"[411, 725, 1028, 1392]","[500, 1000]",0.6666666666666666,58.5,00:00:00,0.0632772999961162,4.519807142579729e-05,,,,,,,,
Process Graph Metrics,AdditionalLogs,gradual_drift_02,,,,"[450, 1071]","[500, 1000]",1.0,60.5,00:00:10,10.00250909999886,0.007144649357142,0.1,300.0,400.0,,,,,
Process Graph Metrics,AdditionalLogs,sudden_drift_00,,,,"[551, 1154]","[500, 1000]",1.0,102.5,00:00:02,2.6762870000020484,0.0017841913333346,0.05,200.0,600.0,,,,,
Process Graph Metrics,AdditionalLogs,recurring_drift_00,,,,"[600, 1200]","[500, 1000]",1.0,150.0,00:00:00,0.141491299997142,9.432753333142805e-05,0.05,400.0,700.0,,,,,
LCDD,AdditionalLogs,gradual_drift_05,600.0,600.0,10.0,"[657, 1309]","[500, 1000]",0.5,157.0,00:00:00,0.020042199997988,1.4315857141420044e-05,,,,,,,,
Process Graph Metrics,AdditionalLogs,gradual_drift_09,,,,"[513, 1042, 1492]","[500, 1000]",0.8,27.5,00:00:07,7.542958500001987,0.0053878275000014,0.1,300.0,500.0,,,,,
Process Graph Metrics,AdditionalLogs,sudden_drift_00,,,,"[558, 1181]","[500, 1000]",1.0,119.5,00:00:02,2.575532399998337,0.0017170215999988,0.005,100.0,500.0,,,,,
LCDD,AdditionalLogs,sudden_drift_03,600.0,600.0,5.0,[816],"[500, 1000]",0.6666666666666666,184.0,00:00:00,0.0117060999982641,7.804066665509405e-06,,,,,,,,
Process Graph Metrics,AdditionalLogs,recurring_drift_09,,,,"[557, 1069]","[500, 1000]",1.0,63.0,00:00:09,9.086926899995888,0.0060579512666639,0.0001,300.0,500.0,,,,,
LCDD,AdditionalLogs,gradual_drift_09,400.0,400.0,50.0,"[408, 920]","[500, 1000]",1.0,86.0,00:00:00,0.0204114000007393,1.4579571429099557e-05,,,,,,,,
LCDD,AdditionalLogs,sudden_drift_04,200.0,200.0,200.0,"[234, 443, 677, 920, 1186, 1415]","[500, 1000]",0.5,68.5,00:00:00,0.0104225999966729,6.948399997781962e-06,,,,,,,,
LCDD,AdditionalLogs,gradual_drift_00,300.0,300.0,5.0,"[413, 912]","[500, 1000]",1.0,87.5,00:00:00,0.0098136000015074,7.009714286791028e-06,,,,,,,,
LCDD,AdditionalLogs,recurring_drift_08,1200.0,1200.0,50.0,[1234],"[500, 1000]",,,00:00:00,0.0104089999949792,6.93933332998616e-06,,,,,,,,
LCDD,AdditionalLogs,recurring_drift_05,800.0,800.0,100.0,[888],"[500, 1000]",0.6666666666666666,112.0,00:00:00,0.1782808999996632,0.0001188539333331,,,,,,,,
LCDD,AdditionalLogs,recurring_drift_06,300.0,300.0,20.0,"[309, 672, 1008, 1401]","[500, 1000]",0.6666666666666666,90.0,00:00:00,0.0746713999978965,4.978093333193101e-05,,,,,,,,
LCDD,AdditionalLogs,recurring_drift_04,300.0,300.0,100.0,"[306, 628, 1000, 1475]","[500, 1000]",0.6666666666666666,64.0,00:00:00,0.0137131000010413,9.142066667360876e-06,,,,,,,,
Process Graph Metrics,AdditionalLogs,sudden_drift_08,,,,"[548, 1024, 1596]","[500, 1000]",0.8,36.0,00:00:02,2.2870493000009446,0.0015246995333339,0.1,100.0,700.0,,,,,
LCDD,AdditionalLogs,recurring_drift_03,300.0,300.0,5.0,"[301, 631, 962, 1284]","[500, 1000]",0.6666666666666666,84.5,00:00:00,0.0109297000017249,7.286466667816664e-06,,,,,,,,
LCDD,AdditionalLogs,gradual_drift_01,200.0,200.0,200.0,"[303, 509, 712, 918, 1124, 1353]","[500, 1000]",0.5,45.5,00:00:00,0.0322756999958073,2.3054071425576696e-05,,,,,,,,
LCDD,AdditionalLogs,sudden_drift_03,800.0,800.0,100.0,[816],"[500, 1000]",0.6666666666666666,184.0,00:00:00,0.0172349999993457,1.148999999956383e-05,,,,,,,,
LCDD,AdditionalLogs,gradual_drift_06,400.0,400.0,20.0,"[411, 913, 1392]","[500, 1000]",0.8,88.0,00:00:00,0.2483024999964982,0.0001773589285689,,,,,,,,
LCDD,AdditionalLogs,sudden_drift_00,100.0,100.0,5.0,"[100, 200, 329, 502, 609, 709, 829, 1000, 1143, 1246, 1442]","[500, 1000]",0.3076923076923077,1.0,00:00:00,0.0105983000030391,7.065533335359457e-06,,,,,,,,
LCDD,AdditionalLogs,gradual_drift_09,600.0,600.0,5.0,[920],"[500, 1000]",0.6666666666666666,80.0,00:00:00,0.0233154000015929,1.6653857143994953e-05,,,,,,,,
LCDD,AdditionalLogs,gradual_drift_07,1200.0,1200.0,5.0,[],"[500, 1000]",,,00:00:00,0.0153051000015693,1.0932214286835265e-05,,,,,,,,
Process Graph Metrics,AdditionalLogs,recurring_drift_02,,,,[900],"[500, 1000]",0.6666666666666666,100.0,00:00:01,1.147214399999939,0.0007648095999999,0.0001,200.0,700.0,,,,,
LCDD,AdditionalLogs,gradual_drift_08,200.0,200.0,20.0,"[208, 416, 649, 862, 1070, 1278]","[500, 1000]",0.5,77.0,00:00:00,0.0107766999935847,7.697642852560551e-06,,,,,,,,
Process Graph Metrics,AdditionalLogs,recurring_drift_09,,,,"[600, 1349]","[500, 1000]",0.5,100.0,00:00:01,1.327926199999638,0.000885284133333,0.005,400.0,400.0,,,,,
LCDD,AdditionalLogs,gradual_drift_00,800.0,800.0,50.0,[912],"[500, 1000]",0.6666666666666666,88.0,00:00:00,0.0153222000008099,1.0944428572007122e-05,,,,,,,,
Process Graph Metrics,AdditionalLogs,gradual_drift_03,,,,"[558, 1098]","[500, 1000]",1.0,78.0,00:00:00,0.6400886000046739,0.0004572061428604,0.0001,300.0,400.0,,,,,
Process Graph Metrics,AdditionalLogs,sudden_drift_01,,,,"[192, 411, 591, 966, 1441]","[500, 1000]",0.5714285714285715,61.5,00:00:03,3.65725169999496,0.0024381677999966,0.05,100.0,600.0,,,,,
Process Graph Metrics,AdditionalLogs,gradual_drift_01,,,,"[360, 981, 1520]","[500, 1000]",0.8,79.5,00:00:01,1.1655309999987369,0.0008325221428562,0.1,200.0,400.0,,,,,
Zheng DBSCAN,AdditionalLogs,gradual_drift_03,,,,"[np.float64(1008.1428571428571), np.float64(1390.0)]","[500, 1000]",0.5,8.14285714285711,00:00:00,0.3350719000009121,0.0002393370714292,,,,800.0,80.0,,,
Zheng DBSCAN,AdditionalLogs,gradual_drift_03,,,,"[np.float64(1008.1428571428571), np.float64(1390.0)]","[500, 1000]",0.5,8.14285714285711,00:00:00,0.3350719000009121,0.0002393370714292,,,,800.0,160.0,,,
Zheng DBSCAN,AdditionalLogs,gradual_drift_03,,,,[np.float64(1033.6)],"[500, 1000]",0.6666666666666666,33.59999999999991,00:00:00,0.3350719000009121,0.0002393370714292,,,,800.0,240.0,,,
Zheng DBSCAN,AdditionalLogs,gradual_drift_03,,,,[np.float64(1033.6)],"[500, 1000]",0.6666666666666666,33.59999999999991,00:00:00,0.3350719000009121,0.0002393370714292,,,,800.0,320.0,,,
Zheng DBSCAN,AdditionalLogs,gradual_drift_03,,,,[np.float64(808.9166666666666)],"[500, 1000]",0.6666666666666666,191.08333333333337,00:00:00,0.3350719000009121,0.0002393370714292,,,,800.0,400.0,,,
LCDD,AdditionalLogs,gradual_drift_04,200.0,200.0,100.0,"[201, 401, 655, 892, 1092, 1334]","[500, 1000]",0.5,95.5,00:00:00,0.0143792999951983,1.0270928567998844e-05,,,,,,,,
Process Graph Metrics,AdditionalLogs,sudden_drift_06,,,,[750],"[500, 1000]",,,00:00:49,49.25300559999596,0.0328353370666639,0.0001,200.0,700.0,,,,,
LCDD,AdditionalLogs,sudden_drift_06,800.0,800.0,200.0,[805],"[500, 1000]",0.6666666666666666,195.0,00:00:00,0.0773010999982943,5.153406666552958e-05,,,,,,,,
LCDD,AdditionalLogs,sudden_drift_04,100.0,100.0,200.0,"[108, 209, 309, 409, 512, 633, 757, 865, 980, 1080, 1186, 1295, 1415]","[500, 1000]",0.2666666666666667,16.0,00:00:00,0.0189881999976933,1.26587999984622e-05,,,,,,,,
Process Graph Metrics,AdditionalLogs,sudden_drift_05,,,,[564],"[500, 1000]",0.6666666666666666,64.0,00:00:04,4.690600399997493,0.0031270669333316,0.005,300.0,400.0,,,,,
LCDD,AdditionalLogs,gradual_drift_00,600.0,600.0,10.0,[912],"[500, 1000]",0.6666666666666666,88.0,00:00:00,0.012439499994798,8.885357139141498e-06,,,,,,,,
Process Graph Metrics,AdditionalLogs,gradual_drift_05,,,,[600],"[500, 1000]",0.6666666666666666,100.0,00:00:00,0.4251991999990423,0.000303713714285,0.0001,400.0,400.0,,,,,
Process Graph Metrics,AdditionalLogs,recurring_drift_03,,,,[708],"[500, 1000]",,,00:00:03,3.0965579000039725,0.0020643719333359,0.0001,200.0,700.0,,,,,
LCDD,AdditionalLogs,gradual_drift_08,1200.0,1200.0,20.0,[1235],"[500, 1000]",,,00:00:00,0.0100392999956966,7.170928568354741e-06,,,,,,,,
LCDD,AdditionalLogs,sudden_drift_01,200.0,200.0,200.0,"[213, 448, 795, 1000, 1254]","[500, 1000]",0.5714285714285715,26.0,00:00:00,0.1768441000021994,0.0001178960666681,,,,,,,,
Process Graph Metrics,AdditionalLogs,recurring_drift_06,,,,"[550, 766, 1313]","[500, 1000]",0.4,50.0,00:00:05,5.211058799999591,0.0034740391999997,0.1,100.0,400.0,,,,,
Process Graph Metrics,AdditionalLogs,recurring_drift_07,,,,"[600, 1200]","[500, 1000]",1.0,150.0,00:00:00,0.182042000000365,0.0001213613333335,0.05,400.0,500.0,,,,,
Process Graph Metrics,AdditionalLogs,recurring_drift_03,,,,"[312, 624, 1027, 1675]","[500, 1000]",0.6666666666666666,75.5,00:00:00,0.8812617999938084,0.0005875078666625,0.05,100.0,500.0,,,,,
LCDD,AdditionalLogs,gradual_drift_08,600.0,600.0,150.0,"[607, 1235]","[500, 1000]",0.5,107.0,00:00:00,0.0107490999944275,7.677928567448232e-06,,,,,,,,
Process Graph Metrics,AdditionalLogs,gradual_drift_01,,,,"[555, 1095]","[500, 1000]",1.0,75.0,00:00:07,7.341645299995434,0.0052440323571395,0.0001,100.0,600.0,,,,,
Process Graph Metrics,AdditionalLogs,sudden_drift_00,,,,"[651, 1174]","[500, 1000]",1.0,162.5,00:00:03,3.171498699994117,0.0021143324666627,0.0001,200.0,500.0,,,,,
Process Graph Metrics,AdditionalLogs,sudden_drift_09,,,,"[600, 1200]","[500, 1000]",1.0,150.0,00:00:00,0.4551123999990523,0.000303408266666,0.005,400.0,600.0,,,,,
LCDD,AdditionalLogs,gradual_drift_00,400.0,400.0,200.0,"[413, 912]","[500, 1000]",1.0,87.5,00:00:00,0.0090127000003121,6.437642857365843e-06,,,,,,,,
Process Graph Metrics,AdditionalLogs,recurring_drift_04,,,,"[624, 1164]","[500, 1000]",1.0,144.0,00:00:02,2.770007999999507,0.0018466719999996,0.05,300.0,400.0,,,,,
LCDD,AdditionalLogs,recurring_drift_08,800.0,800.0,50.0,[892],"[500, 1000]",0.6666666666666666,108.0,00:00:00,0.0122633999999379,8.17559999995865e-06,,,,,,,,
Process Graph Metrics,AdditionalLogs,gradual_drift_06,,,,"[501, 982]","[500, 1000]",1.0,9.5,00:00:12,12.526422800001455,0.0089474448571438,0.0001,300.0,700.0,,,,,
LCDD,AdditionalLogs,gradual_drift_01,800.0,800.0,20.0,[911],"[500, 1000]",0.6666666666666666,89.0,00:00:00,0.0301494000013917,2.1535285715279835e-05,,,,,,,,
Process Graph Metrics,AdditionalLogs,gradual_drift_05,,,,"[435, 795, 1288]","[500, 1000]",0.4,65.0,00:00:02,2.8936236999943503,0.0020668740714245,0.1,200.0,400.0,,,,,
Process Graph Metrics,AdditionalLogs,recurring_drift_08,,,,"[741, 1553]","[500, 1000]",,,00:00:01,1.1554944000017713,0.0007703296000011,0.05,400.0,500.0,,,,,
Process Graph Metrics,AdditionalLogs,gradual_drift_07,,,,[617],"[500, 1000]",0.6666666666666666,117.0,00:00:00,0.7772121000016341,0.0005551515000011,0.0001,400.0,400.0,,,,,
Process Graph Metrics,AdditionalLogs,sudden_drift_02,,,,[600],"[500, 1000]",0.6666666666666666,100.0,00:00:00,0.8577949000027729,0.0005718632666685,0.0001,400.0,400.0,,,,,
Process Graph Metrics,AdditionalLogs,gradual_drift_01,,,,"[600, 1540]","[500, 1000]",0.5,100.0,00:00:00,0.8004811000064365,0.0005717722142903,0.0001,400.0,400.0,,,,,
Zheng DBSCAN,AdditionalLogs,sudden_drift_08,,,,"[np.float64(1027.8387096774193), np.float64(1423.6666666666667)]","[500, 1000]",0.5,27.83870967741928,00:00:00,0.5505800999962958,0.0003670533999975,,,,600.0,60.0,,,
Zheng DBSCAN,AdditionalLogs,sudden_drift_08,,,,[np.float64(803.6470588235294)],"[500, 1000]",0.6666666666666666,196.3529411764706,00:00:00,0.5505800999962958,0.0003670533999975,,,,600.0,120.0,,,
Zheng DBSCAN,AdditionalLogs,sudden_drift_08,,,,[np.float64(803.6470588235294)],"[500, 1000]",0.6666666666666666,196.3529411764706,00:00:00,0.5505800999962958,0.0003670533999975,,,,600.0,180.0,,,
Zheng DBSCAN,AdditionalLogs,sudden_drift_08,,,,[np.float64(803.6470588235294)],"[500, 1000]",0.6666666666666666,196.3529411764706,00:00:00,0.5505800999962958,0.0003670533999975,,,,600.0,240.0,,,
Zheng DBSCAN,AdditionalLogs,sudden_drift_08,,,,[np.float64(803.6470588235294)],"[500, 1000]",0.6666666666666666,196.3529411764706,00:00:00,0.5505800999962958,0.0003670533999975,,,,600.0,300.0,,,
Process Graph Metrics,AdditionalLogs,sudden_drift_04,,,,"[601, 1201]","[500, 1000]",0.5,101.0,00:00:00,0.228397999999288,0.0001522653333328,0.005,400.0,700.0,,,,,
Process Graph Metrics,AdditionalLogs,gradual_drift_00,,,,"[716, 1364]","[500, 1000]",,,00:00:02,2.039016400005494,0.0014564402857182,0.0001,300.0,700.0,,,,,
Process Graph Metrics,AdditionalLogs,recurring_drift_00,,,,"[554, 1073]","[500, 1000]",1.0,63.5,00:00:01,1.1547447000048123,0.0007698298000032,0.05,200.0,700.0,,,,,
LCDD,AdditionalLogs,gradual_drift_09,400.0,400.0,100.0,"[408, 920]","[500, 1000]",1.0,86.0,00:00:00,0.0210321999984444,1.5022999998888866e-05,,,,,,,,
LCDD,AdditionalLogs,recurring_drift_03,100.0,100.0,200.0,"[122, 252, 370, 499, 603, 786, 893, 1019, 1120, 1231, 1333]","[500, 1000]",0.3076923076923077,10.0,00:00:00,0.0118029000004753,7.868600000316898e-06,,,,,,,,
Process Graph Metrics,AdditionalLogs,sudden_drift_06,,,,"[519, 1040]","[500, 1000]",1.0,29.5,00:00:02,2.8206970000028377,0.0018804646666685,0.1,200.0,500.0,,,,,
LCDD,AdditionalLogs,gradual_drift_06,400.0,400.0,5.0,"[411, 913, 1392]","[500, 1000]",0.8,88.0,00:00:00,0.0666569999957573,4.76121428541124e-05,,,,,,,,
Process Graph Metrics,AdditionalLogs,recurring_drift_08,,,,"[876, 1526]","[500, 1000]",0.5,124.0,00:00:00,0.813657399994554,0.000542438266663,0.005,200.0,500.0,,,,,
LCDD,AdditionalLogs,gradual_drift_00,800.0,800.0,200.0,[912],"[500, 1000]",0.6666666666666666,88.0,00:00:00,0.009073500004888,6.481071432062891e-06,,,,,,,,
Process Graph Metrics,AdditionalLogs,gradual_drift_06,,,,"[501, 982]","[500, 1000]",1.0,9.5,00:00:13,13.9025127000059,0.0099303662142899,0.0001,100.0,600.0,,,,,
LCDD,AdditionalLogs,sudden_drift_01,200.0,200.0,20.0,"[213, 448, 795, 1000, 1254]","[500, 1000]",0.5714285714285715,26.0,00:00:00,0.028206200004206,1.880413333613736e-05,,,,,,,,
Process Graph Metrics,AdditionalLogs,gradual_drift_07,,,,[617],"[500, 1000]",0.6666666666666666,117.0,00:00:09,9.896669000001566,0.0070690492857154,0.0001,400.0,600.0,,,,,
Process Graph Metrics,AdditionalLogs,recurring_drift_09,,,,"[600, 1200]","[500, 1000]",1.0,150.0,00:00:00,0.3944917999979225,0.0002629945333319,0.1,400.0,700.0,,,,,
LCDD,AdditionalLogs,recurring_drift_01,600.0,600.0,5.0,"[618, 1261]","[500, 1000]",0.5,118.0,00:00:00,0.0294126000007963,1.960840000053092e-05,,,,,,,,
LCDD,AdditionalLogs,recurring_drift_02,1200.0,1200.0,20.0,[1269],"[500, 1000]",,,00:00:00,0.0228676000042469,1.524506666949795e-05,,,,,,,,
LCDD,AdditionalLogs,recurring_drift_00,800.0,800.0,5.0,[881],"[500, 1000]",0.6666666666666666,119.0,00:00:00,0.0091671999980462,6.111466665364181e-06,,,,,,,,
Process Graph Metrics,AdditionalLogs,sudden_drift_03,,,,"[629, 1169]","[500, 1000]",1.0,149.0,00:00:02,2.6909975000016857,0.0017939983333344,0.05,300.0,500.0,,,,,
Process Graph Metrics,AdditionalLogs,recurring_drift_03,,,,"[600, 1200]","[500, 1000]",1.0,150.0,00:00:00,0.1762251000036485,0.0001174834000024,0.005,400.0,500.0,,,,,
Zheng DBSCAN,AdditionalLogs,sudden_drift_02,,,,"[np.float64(1057.52), np.float64(1380.0), np.float64(1474.0)]","[500, 1000]",0.4,57.51999999999998,00:00:00,0.5785199000019929,0.0003856799333346,,,,800.0,80.0,,,
Zheng DBSCAN,AdditionalLogs,sudden_drift_02,,,,[np.float64(1098.7857142857142)],"[500, 1000]",0.6666666666666666,98.78571428571422,00:00:00,0.5785199000019929,0.0003856799333346,,,,800.0,160.0,,,
Zheng DBSCAN,AdditionalLogs,sudden_drift_02,,,,[np.float64(1098.7857142857142)],"[500, 1000]",0.6666666666666666,98.78571428571422,00:00:00,0.5785199000019929,0.0003856799333346,,,,800.0,240.0,,,
Zheng DBSCAN,AdditionalLogs,sudden_drift_02,,,,[np.float64(1098.7857142857142)],"[500, 1000]",0.6666666666666666,98.78571428571422,00:00:00,0.5785199000019929,0.0003856799333346,,,,800.0,320.0,,,
Zheng DBSCAN,AdditionalLogs,sudden_drift_02,,,,[np.float64(973.8)],"[500, 1000]",0.6666666666666666,26.200000000000045,00:00:00,0.5785199000019929,0.0003856799333346,,,,800.0,400.0,,,
LCDD,AdditionalLogs,recurring_drift_03,200.0,200.0,150.0,"[219, 446, 657, 911, 1116, 1333]","[500, 1000]",0.5,71.5,00:00:00,0.0113010999994003,7.534066666266881e-06,,,,,,,,
LCDD,AdditionalLogs,gradual_drift_04,300.0,300.0,5.0,"[316, 655, 959, 1334]","[500, 1000]",0.6666666666666666,98.0,00:00:00,0.0125655000010738,8.975357143624153e-06,,,,,,,,
LCDD,AdditionalLogs,sudden_drift_00,400.0,400.0,200.0,"[502, 1000]","[500, 1000]",1.0,1.0,00:00:00,0.0166573000024072,1.1104866668271522e-05,,,,,,,,
Process Graph Metrics,AdditionalLogs,recurring_drift_07,,,,"[600, 1200]","[500, 1000]",1.0,150.0,00:00:00,0.1848887000014656,0.0001232591333343,0.005,400.0,500.0,,,,,
LCDD,AdditionalLogs,sudden_drift_04,200.0,200.0,10.0,"[234, 443, 677, 920, 1186, 1415]","[500, 1000]",0.5,68.5,00:00:00,0.0103900000030989,6.92666666873265e-06,,,,,,,,
Process Graph Metrics,AdditionalLogs,sudden_drift_01,,,,"[600, 1200]","[500, 1000]",1.0,150.0,00:00:00,0.4615844999934779,0.0003077229999956,0.1,400.0,700.0,,,,,
LCDD,AdditionalLogs,gradual_drift_01,100.0,100.0,10.0,"[104, 221, 331, 441, 542, 647, 749, 860, 964, 1072, 1179, 1281, 1384]","[500, 1000]",0.2666666666666667,39.0,00:00:00,0.0278127999990829,1.986628571363066e-05,,,,,,,,
LCDD,AdditionalLogs,gradual_drift_05,800.0,800.0,100.0,[935],"[500, 1000]",0.6666666666666666,65.0,00:00:00,0.0185343000048305,1.3238785717736133e-05,,,,,,,,
Process Graph Metrics,AdditionalLogs,sudden_drift_05,,,,[564],"[500, 1000]",0.6666666666666666,64.0,00:00:04,4.797879199999443,0.0031985861333329,0.0001,300.0,400.0,,,,,
LCDD,AdditionalLogs,gradual_drift_04,200.0,200.0,10.0,"[201, 401, 655, 892, 1092, 1334]","[500, 1000]",0.5,95.5,00:00:00,0.1504666999971959,0.0001074762142837,,,,,,,,
Process Graph Metrics,AdditionalLogs,sudden_drift_03,,,,[720],"[500, 1000]",,,00:00:01,1.4047045999977854,0.0009364697333318,0.0001,400.0,500.0,,,,,
Process Graph Metrics,AdditionalLogs,sudden_drift_01,,,,"[523, 1044, 1563]","[500, 1000]",0.8,33.5,00:00:01,1.2074571999983164,0.0008049714666655,0.1,200.0,500.0,,,,,
LCDD,AdditionalLogs,recurring_drift_08,100.0,100.0,10.0,"[101, 207, 308, 413, 522, 639, 758, 859, 970, 1079, 1183, 1297, 1397, 1498]","[500, 1000]",0.25,26.0,00:00:00,0.0116758000003756,7.783866666917068e-06,,,,,,,,
Process Graph Metrics,AdditionalLogs,gradual_drift_03,,,,"[600, 1200]","[500, 1000]",1.0,150.0,00:00:00,0.161315100005595,0.0001152250714325,0.05,400.0,700.0,,,,,
Process Graph Metrics,AdditionalLogs,sudden_drift_00,,,,"[528, 1091, 1424]","[500, 1000]",0.8,59.5,00:00:01,1.8721017999996548,0.0012480678666664,0.1,100.0,600.0,,,,,
LCDD,AdditionalLogs,recurring_drift_08,600.0,600.0,10.0,"[600, 1230]","[500, 1000]",0.5,100.0,00:00:00,0.0157573000033153,1.0504866668876882e-05,,,,,,,,
Process Graph Metrics,AdditionalLogs,recurring_drift_08,,,,"[717, 1365]","[500, 1000]",,,00:00:02,2.976079399995797,0.0019840529333305,0.1,100.0,600.0,,,,,
Process Graph Metrics,AdditionalLogs,sudden_drift_02,,,,"[600, 1204]","[500, 1000]",0.5,100.0,00:00:00,0.8616802999968058,0.0005744535333312,0.1,400.0,600.0,,,,,
LCDD,AdditionalLogs,sudden_drift_08,600.0,600.0,20.0,"[601, 1233]","[500, 1000]",0.5,101.0,00:00:00,0.0123515999948722,8.234399996581487e-06,,,,,,,,
Zheng DBSCAN,AdditionalLogs,recurring_drift_09,,,,[],"[500, 1000]",,,00:00:00,0.3123491000005742,0.0002082327333337,,,,600.0,60.0,,,
Zheng DBSCAN,AdditionalLogs,recurring_drift_09,,,,[],"[500, 1000]",,,00:00:00,0.3123491000005742,0.0002082327333337,,,,600.0,120.0,,,
Zheng DBSCAN,AdditionalLogs,recurring_drift_09,,,,[],"[500, 1000]",,,00:00:00,0.3123491000005742,0.0002082327333337,,,,600.0,180.0,,,
Zheng DBSCAN,AdditionalLogs,recurring_drift_09,,,,[],"[500, 1000]",,,00:00:00,0.3123491000005742,0.0002082327333337,,,,600.0,240.0,,,
Zheng DBSCAN,AdditionalLogs,recurring_drift_09,,,,[],"[500, 1000]",,,00:00:00,0.3123491000005742,0.0002082327333337,,,,600.0,300.0,,,
Process Graph Metrics,AdditionalLogs,recurring_drift_07,,,,"[304, 564, 939, 1314]","[500, 1000]",0.6666666666666666,62.5,00:00:00,0.9162815000017872,0.0006108543333345,0.05,100.0,400.0,,,,,
Process Graph Metrics,AdditionalLogs,recurring_drift_00,,,,"[567, 1086]","[500, 1000]",1.0,76.5,00:00:01,1.2784782999951858,0.0008523188666634,0.0001,200.0,600.0,,,,,
Process Graph Metrics,AdditionalLogs,gradual_drift_06,,,,"[495, 988]","[500, 1000]",1.0,8.5,00:00:18,18.7582670999982,0.0133987622142844,0.0001,200.0,600.0,,,,,
LCDD,AdditionalLogs,sudden_drift_09,400.0,400.0,20.0,"[502, 1000]","[500, 1000]",1.0,1.0,00:00:00,0.0251055000044289,1.6737000002952604e-05,,,,,,,,
Process Graph Metrics,AdditionalLogs,sudden_drift_05,,,,[567],"[500, 1000]",0.6666666666666666,67.0,00:00:02,2.7641873999964446,0.0018427915999976,0.0001,200.0,500.0,,,,,
Process Graph Metrics,AdditionalLogs,gradual_drift_07,,,,"[648, 1552]","[500, 1000]",0.5,148.0,00:00:07,7.062880299999961,0.0050449144999999,0.005,100.0,600.0,,,,,
Process Graph Metrics,AdditionalLogs,gradual_drift_06,,,,"[464, 1004]","[500, 1000]",1.0,20.0,00:00:03,3.629819400004635,0.0025927281428604,0.1,300.0,400.0,,,,,
Process Graph Metrics,AdditionalLogs,gradual_drift_03,,,,"[526, 1079]","[500, 1000]",1.0,52.5,00:00:02,2.1560039000032702,0.0015400027857166,0.05,100.0,400.0,,,,,
LCDD,AdditionalLogs,sudden_drift_07,800.0,800.0,5.0,[913],"[500, 1000]",0.6666666666666666,87.0,00:00:00,0.0093368000016198,6.224533334413233e-06,,,,,,,,
LCDD,AdditionalLogs,gradual_drift_01,200.0,200.0,10.0,"[303, 509, 712, 918, 1124, 1353]","[500, 1000]",0.5,45.5,00:00:00,0.0305453000037232,2.1818071431230888e-05,,,,,,,,
LCDD,AdditionalLogs,sudden_drift_09,300.0,300.0,150.0,"[502, 1000]","[500, 1000]",1.0,1.0,00:00:00,0.0217752000025939,1.451680000172928e-05,,,,,,,,
Process Graph Metrics,AdditionalLogs,sudden_drift_04,,,,"[555, 1334]","[500, 1000]",0.5,55.0,00:00:03,3.1508412000039243,0.0021005608000026,0.05,300.0,700.0,,,,,
LCDD,AdditionalLogs,sudden_drift_05,600.0,600.0,10.0,[1000],"[500, 1000]",0.6666666666666666,0.0,00:00:00,0.0179335000066203,1.1955666671080204e-05,,,,,,,,
Process Graph Metrics,AdditionalLogs,gradual_drift_06,,,,"[600, 1200]","[500, 1000]",1.0,150.0,00:00:00,0.9807849999997416,0.0007005607142855,0.05,400.0,500.0,,,,,
Process Graph Metrics,AdditionalLogs,gradual_drift_08,,,,[],"[500, 1000]",,,00:00:18,18.834331300000485,0.0134530937857146,0.0001,400.0,600.0,,,,,
Process Graph Metrics,AdditionalLogs,recurring_drift_08,,,,[900],"[500, 1000]",0.6666666666666666,100.0,00:00:00,0.5905286999986856,0.0003936857999991,0.0001,200.0,700.0,,,,,
Process Graph Metrics,AdditionalLogs,sudden_drift_04,,,,"[547, 1307]","[500, 1000]",0.5,47.0,00:00:03,3.235570299999381,0.0021570468666662,0.1,100.0,500.0,,,,,
Process Graph Metrics,AdditionalLogs,gradual_drift_09,,,,"[530, 1055]","[500, 1000]",1.0,42.5,00:00:09,9.668944399993052,0.0069063888571378,0.005,100.0,700.0,,,,,
Process Graph Metrics,AdditionalLogs,recurring_drift_08,,,,"[717, 1674]","[500, 1000]",,,00:00:11,11.863590699998896,0.0079090604666659,0.005,100.0,600.0,,,,,
LCDD,AdditionalLogs,recurring_drift_05,1200.0,1200.0,5.0,[1228],"[500, 1000]",,,00:00:00,0.0217634000000543,1.4508933333369592e-05,,,,,,,,
Process Graph Metrics,AdditionalLogs,sudden_drift_05,,,,"[557, 1635]","[500, 1000]",0.5,57.0,00:00:07,7.39596960000199,0.0049306464000013,0.05,300.0,500.0,,,,,
LCDD,AdditionalLogs,sudden_drift_06,300.0,300.0,5.0,"[336, 644, 986, 1452]","[500, 1000]",0.6666666666666666,79.0,00:00:00,0.2204942000025767,0.000146996133335,,,,,,,,
LCDD,AdditionalLogs,gradual_drift_07,200.0,200.0,10.0,"[416, 713, 915, 1220]","[500, 1000]",0.6666666666666666,84.5,00:00:00,0.0095782999997027,6.841642856930516e-06,,,,,,,,
LCDD,AdditionalLogs,recurring_drift_06,800.0,800.0,20.0,[939],"[500, 1000]",0.6666666666666666,61.0,00:00:00,0.0750580000021727,5.003866666811519e-05,,,,,,,,
LCDD,AdditionalLogs,recurring_drift_08,300.0,300.0,50.0,"[324, 699, 1002, 1324]","[500, 1000]",0.6666666666666666,89.0,00:00:00,0.0168421999987913,1.1228133332527553e-05,,,,,,,,
Process Graph Metrics,AdditionalLogs,sudden_drift_06,,,,"[629, 1253]","[500, 1000]",0.5,129.0,00:00:03,3.4375046999994083,0.0022916697999996,0.05,200.0,600.0,,,,,
LCDD,AdditionalLogs,recurring_drift_02,800.0,800.0,10.0,[841],"[500, 1000]",0.6666666666666666,159.0,00:00:00,0.0194123999972362,1.2941599998157473e-05,,,,,,,,
Process Graph Metrics,AdditionalLogs,sudden_drift_05,,,,"[539, 1544]","[500, 1000]",0.5,39.0,00:00:07,7.808265899999242,0.0052055105999994,0.1,100.0,600.0,,,,,
LCDD,AdditionalLogs,recurring_drift_00,200.0,200.0,10.0,"[502, 706, 966, 1210, 1435]","[500, 1000]",0.5714285714285715,18.0,00:00:00,0.1341096999967703,8.940646666451357e-05,,,,,,,,
Process Graph Metrics,AdditionalLogs,gradual_drift_03,,,,"[519, 1052]","[500, 1000]",1.0,35.5,00:00:02,2.037198599995463,0.0014551418571396,0.1,200.0,400.0,,,,,
Process Graph Metrics,AdditionalLogs,sudden_drift_04,,,,"[613, 1213]","[500, 1000]",0.5,113.0,00:00:00,0.6378747000053409,0.0004252498000035,0.0001,400.0,500.0,,,,,
Process Graph Metrics,AdditionalLogs,sudden_drift_07,,,,"[506, 1046]","[500, 1000]",1.0,26.0,00:00:02,2.876482200001192,0.0019176548000007,0.005,100.0,400.0,,,,,
LCDD,AdditionalLogs,sudden_drift_03,400.0,400.0,150.0,"[417, 914]","[500, 1000]",1.0,84.5,00:00:00,0.0110421999997925,7.361466666528334e-06,,,,,,,,
LCDD,AdditionalLogs,gradual_drift_03,1200.0,1200.0,10.0,[1390],"[500, 1000]",,,00:00:00,0.0100888000015402,7.206285715385872e-06,,,,,,,,
Process Graph Metrics,AdditionalLogs,recurring_drift_01,,,,"[329, 629, 989, 1739]","[500, 1000]",0.6666666666666666,70.0,00:00:02,2.2541672000006656,0.0015027781333337,0.05,200.0,700.0,,,,,
LCDD,AdditionalLogs,sudden_drift_04,1200.0,1200.0,5.0,[1492],"[500, 1000]",,,00:00:00,0.0127897999991546,8.526533332769759e-06,,,,,,,,
Zheng DBSCAN,AdditionalLogs,sudden_drift_05,,,,"[np.float64(718.5), np.float64(1075.235294117647), np.float64(1357.0), np.float64(1497.0)]","[500, 1000]",0.3333333333333333,75.23529411764707,00:00:00,0.3113550999987637,0.0002075700666658,,,,700.0,70.0,,,
Zheng DBSCAN,AdditionalLogs,sudden_drift_05,,,,[np.float64(1112.2631578947369)],"[500, 1000]",0.6666666666666666,112.26315789473688,00:00:00,0.3113550999987637,0.0002075700666658,,,,700.0,140.0,,,
Zheng DBSCAN,AdditionalLogs,sudden_drift_05,,,,[np.float64(1112.2631578947369)],"[500, 1000]",0.6666666666666666,112.26315789473688,00:00:00,0.3113550999987637,0.0002075700666658,,,,700.0,210.0,,,
Zheng DBSCAN,AdditionalLogs,sudden_drift_05,,,,[np.float64(734.45)],"[500, 1000]",,,00:00:00,0.3113550999987637,0.0002075700666658,,,,700.0,280.0,,,
Zheng DBSCAN,AdditionalLogs,sudden_drift_05,,,,[np.float64(734.45)],"[500, 1000]",,,00:00:00,0.3113550999987637,0.0002075700666658,,,,700.0,350.0,,,
LCDD,AdditionalLogs,recurring_drift_07,400.0,400.0,50.0,"[502, 1000]","[500, 1000]",1.0,1.0,00:00:00,0.0170071000029565,1.1338066668637718e-05,,,,,,,,
LCDD,AdditionalLogs,recurring_drift_00,300.0,300.0,10.0,"[502, 836, 1259]","[500, 1000]",0.8,83.0,00:00:00,0.0088141000014729,5.876066667648653e-06,,,,,,,,
Process Graph Metrics,AdditionalLogs,gradual_drift_00,,,,"[1069, 1519]","[500, 1000]",0.5,69.0,00:00:01,1.2911137000046438,0.0009222240714318,0.0001,300.0,400.0,,,,,
Process Graph Metrics,AdditionalLogs,gradual_drift_08,,,,[],"[500, 1000]",,,00:00:18,18.454814899996563,0.0131820106428546,0.0001,100.0,500.0,,,,,
Process Graph Metrics,AdditionalLogs,recurring_drift_07,,,,"[541, 1114]","[500, 1000]",1.0,77.5,00:00:02,2.5056754000033834,0.0016704502666689,0.0001,200.0,700.0,,,,,
Process Graph Metrics,AdditionalLogs,recurring_drift_09,,,,"[432, 864, 1389]","[500, 1000]",0.8,102.0,00:00:04,4.107339299996966,0.0027382261999979,0.1,200.0,400.0,,,,,
LCDD,AdditionalLogs,recurring_drift_03,100.0,100.0,10.0,"[122, 252, 370, 499, 603, 786, 893, 1019, 1120, 1231, 1333]","[500, 1000]",0.3076923076923077,10.0,00:00:00,0.0159354999996139,1.062366666640931e-05,,,,,,,,
Process Graph Metrics,AdditionalLogs,sudden_drift_01,,,,"[600, 1200]","[500, 1000]",1.0,150.0,00:00:00,0.575931599996693,0.0003839543999977,0.0001,400.0,700.0,,,,,
Process Graph Metrics,AdditionalLogs,sudden_drift_09,,,,"[531, 1079]","[500, 1000]",1.0,55.0,00:00:05,5.503310499996587,0.0036688736666643,0.05,100.0,600.0,,,,,
LCDD,AdditionalLogs,gradual_drift_03,300.0,300.0,5.0,"[315, 626, 931, 1390]","[500, 1000]",0.6666666666666666,97.5,00:00:00,0.0103214000046136,7.372428574724056e-06,,,,,,,,
Process Graph Metrics,AdditionalLogs,gradual_drift_02,,,,"[600, 1200]","[500, 1000]",1.0,150.0,00:00:00,0.3828259000001708,0.0002734470714286,0.005,400.0,500.0,,,,,
Process Graph Metrics,AdditionalLogs,recurring_drift_03,,,,"[577, 1038]","[500, 1000]",1.0,57.5,00:00:03,3.4760154000032344,0.0023173436000021,0.05,300.0,500.0,,,,,
LCDD,AdditionalLogs,sudden_drift_01,100.0,100.0,5.0,"[102, 213, 354, 503, 616, 740, 845, 954, 1059, 1173, 1325, 1428]","[500, 1000]",0.2857142857142857,24.5,00:00:00,0.0321160999956191,2.141073333041277e-05,,,,,,,,
LCDD,AdditionalLogs,sudden_drift_04,400.0,400.0,150.0,"[500, 946, 1492]","[500, 1000]",0.8,27.0,00:00:00,0.0188323000038508,1.2554866669233889e-05,,,,,,,,
LCDD,AdditionalLogs,sudden_drift_03,200.0,200.0,10.0,"[271, 500, 789, 1009, 1263, 1466]","[500, 1000]",0.5,4.5,00:00:00,0.0111970000070868,7.464666671391266e-06,,,,,,,,
LCDD,AdditionalLogs,recurring_drift_05,300.0,300.0,50.0,"[302, 645, 951, 1319]","[500, 1000]",0.6666666666666666,97.0,00:00:00,0.0184439000004204,1.22959333336136e-05,,,,,,,,
Zheng DBSCAN,AdditionalLogs,sudden_drift_07,,,,"[np.float64(913.0), np.float64(1033.4285714285713), np.float64(1324.0)]","[500, 1000]",0.4,33.42857142857133,00:00:00,0.3308174999983748,0.0002205449999989,,,,800.0,80.0,,,
Zheng DBSCAN,AdditionalLogs,sudden_drift_07,,,,"[np.float64(1018.375), np.float64(1324.0)]","[500, 1000]",0.5,18.375,00:00:00,0.3308174999983748,0.0002205449999989,,,,800.0,160.0,,,
Zheng DBSCAN,AdditionalLogs,sudden_drift_07,,,,"[np.float64(1018.375), np.float64(1324.0)]","[500, 1000]",0.5,18.375,00:00:00,0.3308174999983748,0.0002205449999989,,,,800.0,240.0,,,
Zheng DBSCAN,AdditionalLogs,sudden_drift_07,,,,[np.float64(1052.3333333333333)],"[500, 1000]",0.6666666666666666,52.33333333333326,00:00:00,0.3308174999983748,0.0002205449999989,,,,800.0,320.0,,,
Zheng DBSCAN,AdditionalLogs,sudden_drift_07,,,,[np.float64(1052.3333333333333)],"[500, 1000]",0.6666666666666666,52.33333333333326,00:00:00,0.3308174999983748,0.0002205449999989,,,,800.0,400.0,,,
Process Graph Metrics,AdditionalLogs,recurring_drift_04,,,,"[640, 1178]","[500, 1000]",1.0,159.0,00:00:04,4.490533999996842,0.0029936893333312,0.0001,200.0,500.0,,,,,
LCDD,AdditionalLogs,gradual_drift_07,400.0,400.0,5.0,"[416, 915]","[500, 1000]",1.0,84.5,00:00:00,0.0170638999989023,1.218849999921596e-05,,,,,,,,
LCDD,AdditionalLogs,sudden_drift_01,600.0,600.0,50.0,"[616, 1254]","[500, 1000]",0.5,116.0,00:00:00,0.0287221999969915,1.91481333313277e-05,,,,,,,,
LCDD,AdditionalLogs,gradual_drift_00,400.0,400.0,50.0,"[413, 912]","[500, 1000]",1.0,87.5,00:00:00,0.0092170999996596,6.583642856899782e-06,,,,,,,,
Process Graph Metrics,AdditionalLogs,recurring_drift_04,,,,"[644, 1185]","[500, 1000]",1.0,164.5,00:00:03,3.6709140999955694,0.0024472760666637,0.0001,100.0,400.0,,,,,
LCDD,AdditionalLogs,gradual_drift_02,800.0,800.0,200.0,[815],"[500, 1000]",0.6666666666666666,185.0,00:00:00,0.0253211000017472,1.808650000124804e-05,,,,,,,,
Process Graph Metrics,AdditionalLogs,gradual_drift_00,,,,"[622, 1222]","[500, 1000]",0.5,122.0,00:00:00,0.6590035999979591,0.0004707168571413,0.05,400.0,700.0,,,,,
Process Graph Metrics,AdditionalLogs,gradual_drift_06,,,,"[323, 997]","[500, 1000]",1.0,90.0,00:00:05,5.595087599998806,0.0039964911428562,0.05,200.0,400.0,,,,,
Process Graph Metrics,AdditionalLogs,sudden_drift_07,,,,"[300, 600, 1073, 1478]","[500, 1000]",0.6666666666666666,86.5,00:00:00,0.4514636999956565,0.0003009757999971,0.1,200.0,500.0,,,,,
Process Graph Metrics,AdditionalLogs,sudden_drift_08,,,,"[540, 1080]","[500, 1000]",1.0,60.0,00:00:00,0.2727054999995744,0.0001818036666663,0.1,300.0,700.0,,,,,
Process Graph Metrics,AdditionalLogs,gradual_drift_07,,,,"[214, 505, 916, 1456]","[500, 1000]",0.6666666666666666,44.5,00:00:01,1.873287200003688,0.0013380622857169,0.05,100.0,600.0,,,,,
LCDD,AdditionalLogs,recurring_drift_08,400.0,400.0,5.0,"[426, 874, 1324]","[500, 1000]",0.8,100.0,00:00:00,0.0126712999990559,8.447533332703946e-06,,,,,,,,
Process Graph Metrics,AdditionalLogs,gradual_drift_05,,,,"[483, 1009, 1332]","[500, 1000]",0.8,13.0,00:00:02,2.422965400000976,0.0017306895714292,0.05,200.0,700.0,,,,,
LCDD,AdditionalLogs,recurring_drift_00,1200.0,1200.0,50.0,[1259],"[500, 1000]",,,00:00:00,0.0061376000012387,4.091733334159168e-06,,,,,,,,
Process Graph Metrics,AdditionalLogs,recurring_drift_07,,,,"[600, 1200]","[500, 1000]",1.0,150.0,00:00:00,0.1744416000001365,0.0001162944,0.005,400.0,600.0,,,,,
Process Graph Metrics,AdditionalLogs,recurring_drift_01,,,,[864],"[500, 1000]",0.6666666666666666,136.0,00:00:00,0.8334374000041862,0.0005556249333361,0.0001,400.0,700.0,,,,,
LCDD,AdditionalLogs,recurring_drift_03,100.0,100.0,150.0,"[122, 252, 370, 499, 603, 786, 893, 1019, 1120, 1231, 1333]","[500, 1000]",0.3076923076923077,10.0,00:00:00,0.0191326000058325,1.2755066670555e-05,,,,,,,,
LCDD,AdditionalLogs,sudden_drift_08,600.0,600.0,100.0,"[601, 1233]","[500, 1000]",0.5,101.0,00:00:00,0.0132171000004746,8.8114000003164e-06,,,,,,,,
Process Graph Metrics,AdditionalLogs,recurring_drift_08,,,,"[717, 1365]","[500, 1000]",,,00:00:03,3.042041300002893,0.0020280275333352,0.1,100.0,700.0,,,,,
LCDD,AdditionalLogs,sudden_drift_00,100.0,100.0,100.0,"[100, 200, 329, 502, 609, 709, 829, 1000, 1143, 1246, 1442]","[500, 1000]",0.3076923076923077,1.0,00:00:00,0.0115788999974029,7.719266664935276e-06,,,,,,,,
LCDD,AdditionalLogs,sudden_drift_00,100.0,100.0,200.0,"[100, 200, 329, 502, 609, 709, 829, 1000, 1143, 1246, 1442]","[500, 1000]",0.3076923076923077,1.0,00:00:00,0.0104422999938833,6.961533329255569e-06,,,,,,,,
LCDD,AdditionalLogs,recurring_drift_00,200.0,200.0,20.0,"[502, 706, 966, 1210, 1435]","[500, 1000]",0.5714285714285715,18.0,00:00:00,0.0102094000030774,6.806266668718308e-06,,,,,,,,
Process Graph Metrics,AdditionalLogs,gradual_drift_01,,,,"[360, 1076]","[500, 1000]",1.0,108.0,00:00:01,1.243496299997787,0.0008882116428555,0.05,200.0,600.0,,,,,
Zheng DBSCAN,AdditionalLogs,sudden_drift_01,,,,"[np.float64(359.5), np.float64(490.1875), np.float64(554.0), np.float64(618.2), np.float64(749.5), np.float64(802.5), np.float64(914.5), np.float64(996.375), np.float64(1059.0), np.float64(1125.5), np.float64(1174.0), np.float64(1259.5), np.float64(1345.5)]","[500, 1000]",0.2666666666666667,6.71875,00:00:00,0.4761073999979999,0.0003174049333319,,,,300.0,30.0,,,
Zheng DBSCAN,AdditionalLogs,sudden_drift_01,,,,"[np.float64(347.4), np.float64(523.5652173913044), np.float64(776.0), np.float64(1007.0625), np.float64(1259.5), np.float64(1345.5)]","[500, 1000]",0.5,15.313858695652186,00:00:00,0.4761073999979999,0.0003174049333319,,,,300.0,60.0,,,
Zheng DBSCAN,AdditionalLogs,sudden_drift_01,,,,"[np.float64(473.23333333333335), np.float64(1017.7916666666666)]","[500, 1000]",1.0,22.27916666666664,00:00:00,0.4761073999979999,0.0003174049333319,,,,300.0,90.0,,,
Zheng DBSCAN,AdditionalLogs,sudden_drift_01,,,,[np.float64(715.2592592592592)],"[500, 1000]",,,00:00:00,0.4761073999979999,0.0003174049333319,,,,300.0,120.0,,,
Zheng DBSCAN,AdditionalLogs,sudden_drift_01,,,,[np.float64(703.0)],"[500, 1000]",,,00:00:00,0.4761073999979999,0.0003174049333319,,,,300.0,150.0,,,
Process Graph Metrics,AdditionalLogs,sudden_drift_07,,,,"[470, 1001]","[500, 1000]",1.0,15.5,00:00:02,2.730666100003873,0.0018204440666692,0.05,200.0,700.0,,,,,
Process Graph Metrics,AdditionalLogs,sudden_drift_04,,,,"[567, 1294]","[500, 1000]",0.5,67.0,00:00:02,2.1936707999993814,0.0014624471999995,0.1,200.0,500.0,,,,,
Process Graph Metrics,AdditionalLogs,sudden_drift_01,,,,"[600, 1200]","[500, 1000]",1.0,150.0,00:00:00,0.4397681999980705,0.0002931787999987,0.05,400.0,500.0,,,,,
LCDD,AdditionalLogs,gradual_drift_01,400.0,400.0,100.0,"[443, 911, 1353]","[500, 1000]",0.8,73.0,00:00:00,0.0261201999965123,1.865728571179456e-05,,,,,,,,
LCDD,AdditionalLogs,recurring_drift_08,1200.0,1200.0,150.0,[1234],"[500, 1000]",,,00:00:00,0.0118865000040386,7.924333336025787e-06,,,,,,,,
Process Graph Metrics,AdditionalLogs,sudden_drift_09,,,,"[531, 1079]","[500, 1000]",1.0,55.0,00:00:05,5.18838390000019,0.0034589226000001,0.05,300.0,400.0,,,,,
LCDD,AdditionalLogs,recurring_drift_00,400.0,400.0,10.0,"[502, 1004]","[500, 1000]",1.0,3.0,00:00:00,0.0066002000021399,4.400133334759933e-06,,,,,,,,
Process Graph Metrics,AdditionalLogs,sudden_drift_02,,,,"[457, 1082, 1457]","[500, 1000]",0.8,62.5,00:00:01,1.6716061999977685,0.0011144041333318,0.1,100.0,500.0,,,,,
LCDD,AdditionalLogs,gradual_drift_06,200.0,200.0,100.0,"[281, 543, 913, 1135, 1392]","[500, 1000]",0.5714285714285715,65.0,00:00:00,0.0733374999981606,5.238392857011474e-05,,,,,,,,
LCDD,AdditionalLogs,gradual_drift_06,400.0,400.0,150.0,"[411, 913, 1392]","[500, 1000]",0.8,88.0,00:00:00,0.0685490000032587,4.896357143089907e-05,,,,,,,,
LCDD,AdditionalLogs,gradual_drift_04,100.0,100.0,20.0,"[104, 215, 316, 416, 521, 642, 745, 847, 947, 1052, 1158, 1271, 1396]","[500, 1000]",0.2666666666666667,36.5,00:00:00,0.1442429000017,0.0001030306428583,,,,,,,,
LCDD,AdditionalLogs,gradual_drift_07,600.0,600.0,100.0,[713],"[500, 1000]",,,00:00:00,0.0112863999966066,8.061714283290451e-06,,,,,,,,
LCDD,AdditionalLogs,gradual_drift_02,100.0,100.0,50.0,"[102, 231, 334, 436, 540, 642, 743, 856, 956, 1063, 1167, 1272, 1374]","[500, 1000]",0.2666666666666667,42.0,00:00:00,0.0218428000007406,1.5602000000529057e-05,,,,,,,,
LCDD,AdditionalLogs,gradual_drift_09,1200.0,1200.0,5.0,[],"[500, 1000]",,,00:00:00,0.027021900001273,1.9301357143766445e-05,,,,,,,,
LCDD,AdditionalLogs,gradual_drift_07,400.0,400.0,200.0,"[416, 915]","[500, 1000]",1.0,84.5,00:00:00,0.0152137999975821,1.0866999998272928e-05,,,,,,,,
LCDD,AdditionalLogs,gradual_drift_04,800.0,800.0,50.0,[909],"[500, 1000]",0.6666666666666666,91.0,00:00:00,0.0111123000024235,7.937357144588272e-06,,,,,,,,
Process Graph Metrics,AdditionalLogs,gradual_drift_00,,,,"[638, 1262]","[500, 1000]",0.5,138.0,00:00:00,0.6380964000054519,0.000455783142861,0.005,200.0,700.0,,,,,
LCDD,AdditionalLogs,recurring_drift_01,100.0,100.0,20.0,"[101, 263, 363, 504, 618, 734, 838, 977, 1090, 1207, 1382]","[500, 1000]",0.3076923076923077,13.5,00:00:00,0.0326436999966972,2.1762466664464835e-05,,,,,,,,
Process Graph Metrics,AdditionalLogs,recurring_drift_05,,,,"[413, 1053, 1270, 1530]","[500, 1000]",0.6666666666666666,70.0,00:00:03,3.022119699999166,0.0020147464666661,0.05,200.0,400.0,,,,,
LCDD,AdditionalLogs,recurring_drift_00,200.0,200.0,150.0,"[502, 706, 966, 1210, 1435]","[500, 1000]",0.5714285714285715,18.0,00:00:00,0.0099318999928073,6.621266661871535e-06,,,,,,,,
LCDD,AdditionalLogs,sudden_drift_07,300.0,300.0,100.0,"[501, 913, 1324]","[500, 1000]",0.8,44.0,00:00:00,0.0131536999979289,8.769133331952616e-06,,,,,,,,
LCDD,AdditionalLogs,recurring_drift_03,400.0,400.0,5.0,"[500, 911, 1348]","[500, 1000]",0.8,44.5,00:00:00,0.1407225000002654,9.381500000017696e-05,,,,,,,,
Process Graph Metrics,AdditionalLogs,gradual_drift_00,,,,"[622, 1222]","[500, 1000]",0.5,122.0,00:00:00,0.636836099998618,0.0004548829285704,0.1,400.0,500.0,,,,,
Process Graph Metrics,AdditionalLogs,recurring_drift_00,,,,"[554, 1073]","[500, 1000]",1.0,63.5,00:00:00,0.9020884999990813,0.0006013923333327,0.005,200.0,400.0,,,,,
LCDD,AdditionalLogs,recurring_drift_06,200.0,200.0,150.0,"[309, 532, 732, 939, 1231, 1454]","[500, 1000]",0.5,46.5,00:00:00,0.2416092999992543,0.0001610728666661,,,,,,,,
LCDD,AdditionalLogs,gradual_drift_01,300.0,300.0,5.0,"[303, 639, 951, 1256]","[500, 1000]",0.6666666666666666,94.0,00:00:00,0.0291241000013542,2.0802928572395884e-05,,,,,,,,
LCDD,AdditionalLogs,gradual_drift_04,100.0,100.0,100.0,"[104, 215, 316, 416, 521, 642, 745, 847, 947, 1052, 1158, 1271, 1396]","[500, 1000]",0.2666666666666667,36.5,00:00:00,0.0109374000021489,7.812428572963524e-06,,,,,,,,
Process Graph Metrics,AdditionalLogs,sudden_drift_07,,,,"[468, 1040]","[500, 1000]",1.0,36.0,00:00:00,0.6781117999998969,0.0004520745333332,0.05,100.0,700.0,,,,,
Process Graph Metrics,AdditionalLogs,gradual_drift_04,,,,[533],"[500, 1000]",0.6666666666666666,33.0,00:00:13,13.920910599998024,0.0099435075714271,0.0001,200.0,600.0,,,,,
Zheng DBSCAN,AdditionalLogs,recurring_drift_04,,,,"[np.float64(335.7142857142857), np.float64(516.2888888888889), np.float64(647.4285714285714), np.float64(942.6078431372549), np.float64(1108.8333333333333), np.float64(1165.0), np.float64(1277.0), np.float64(1373.0), np.float64(1475.0)]","[500, 1000]",0.3636363636363636,36.84052287581699,00:00:00,0.4474773000038112,0.0002983182000025,,,,300.0,30.0,,,
Zheng DBSCAN,AdditionalLogs,recurring_drift_04,,,,"[np.float64(712.2063492063492), np.float64(1277.0), np.float64(1373.0), np.float64(1475.0)]","[500, 1000]",,,00:00:00,0.4474773000038112,0.0002983182000025,,,,300.0,60.0,,,
Zheng DBSCAN,AdditionalLogs,recurring_drift_04,,,,"[np.float64(707.7007874015748), np.float64(1277.0), np.float64(1373.0), np.float64(1475.0)]","[500, 1000]",,,00:00:00,0.4474773000038112,0.0002983182000025,,,,300.0,90.0,,,
Zheng DBSCAN,AdditionalLogs,recurring_drift_04,,,,[np.float64(723.1)],"[500, 1000]",,,00:00:00,0.4474773000038112,0.0002983182000025,,,,300.0,120.0,,,
Zheng DBSCAN,AdditionalLogs,recurring_drift_04,,,,[np.float64(712.2424242424242)],"[500, 1000]",,,00:00:00,0.4474773000038112,0.0002983182000025,,,,300.0,150.0,,,
Process Graph Metrics,AdditionalLogs,sudden_drift_02,,,,"[600, 1451]","[500, 1000]",0.5,100.0,00:00:04,4.159340500002145,0.002772893666668,0.05,400.0,400.0,,,,,
LCDD,AdditionalLogs,recurring_drift_06,1200.0,1200.0,10.0,[],"[500, 1000]",,,00:00:00,0.0704752000019652,4.698346666797685e-05,,,,,,,,
Process Graph Metrics,AdditionalLogs,recurring_drift_00,,,,"[554, 1073]","[500, 1000]",1.0,63.5,00:00:01,1.0598895000002813,0.0007065930000001,0.005,200.0,600.0,,,,,
Process Graph Metrics,AdditionalLogs,recurring_drift_05,,,,"[618, 1218]","[500, 1000]",0.5,118.0,00:00:01,1.3104100999989896,0.0008736067333326,0.0001,400.0,700.0,,,,,
Process Graph Metrics,AdditionalLogs,gradual_drift_02,,,,"[360, 871]","[500, 1000]",1.0,134.5,00:00:16,16.785829899999953,0.0119898784999999,0.05,200.0,500.0,,,,,
Process Graph Metrics,AdditionalLogs,sudden_drift_01,,,,"[529, 1048, 1672]","[500, 1000]",0.8,38.5,00:00:01,1.6594943000018247,0.0011063295333345,0.005,200.0,700.0,,,,,
Process Graph Metrics,AdditionalLogs,sudden_drift_02,,,,"[572, 1080]","[500, 1000]",1.0,76.0,00:00:11,11.95353040000191,0.0079690202666679,0.0001,300.0,400.0,,,,,
Process Graph Metrics,AdditionalLogs,gradual_drift_08,,,,"[553, 1114]","[500, 1000]",1.0,83.5,00:00:02,2.252103899998474,0.001608645642856,0.1,200.0,400.0,,,,,
LCDD,AdditionalLogs,sudden_drift_04,600.0,600.0,200.0,"[633, 1492]","[500, 1000]",0.5,133.0,00:00:00,0.0131813999978476,8.78759999856508e-06,,,,,,,,
LCDD,AdditionalLogs,sudden_drift_04,1200.0,1200.0,200.0,[1492],"[500, 1000]",,,00:00:00,0.0173128000024007,1.1541866668267176e-05,,,,,,,,
Process Graph Metrics,AdditionalLogs,gradual_drift_06,,,,"[468, 1008]","[500, 1000]",1.0,20.0,00:00:05,5.425881199997093,0.0038756294285693,0.005,100.0,700.0,,,,,
LCDD,AdditionalLogs,sudden_drift_08,1200.0,1200.0,20.0,[1233],"[500, 1000]",,,00:00:00,0.0125830999968457,8.388733331230469e-06,,,,,,,,
Process Graph Metrics,AdditionalLogs,sudden_drift_04,,,,"[600, 1320]","[500, 1000]",0.5,100.0,00:00:00,0.2773424999977578,0.0001848949999985,0.05,400.0,600.0,,,,,
Process Graph Metrics,AdditionalLogs,sudden_drift_04,,,,[601],"[500, 1000]",0.6666666666666666,101.0,00:00:00,0.4112795000037295,0.0002741863333358,0.005,400.0,400.0,,,,,
Zheng DBSCAN,AdditionalLogs,recurring_drift_02,,,,"[np.float64(330.0), np.float64(754.7555555555556), np.float64(1169.75), np.float64(1213.0), np.float64(1283.8333333333333), np.float64(1397.2), np.float64(1487.0)]","[500, 1000]",0.4444444444444445,169.875,00:00:00,0.5401291000016499,0.0003600860666677,,,,300.0,30.0,,,
Zheng DBSCAN,AdditionalLogs,recurring_drift_02,,,,[np.float64(810.4935897435897)],"[500, 1000]",0.6666666666666666,189.50641025641028,00:00:00,0.5401291000016499,0.0003600860666677,,,,300.0,60.0,,,
Zheng DBSCAN,AdditionalLogs,recurring_drift_02,,,,[np.float64(773.3454545454546)],"[500, 1000]",,,00:00:00,0.5401291000016499,0.0003600860666677,,,,300.0,90.0,,,
Zheng DBSCAN,AdditionalLogs,recurring_drift_02,,,,[np.float64(773.3454545454546)],"[500, 1000]",,,00:00:00,0.5401291000016499,0.0003600860666677,,,,300.0,120.0,,,
Zheng DBSCAN,AdditionalLogs,recurring_drift_02,,,,[np.float64(773.3454545454546)],"[500, 1000]",,,00:00:00,0.5401291000016499,0.0003600860666677,,,,300.0,150.0,,,
Process Graph Metrics,AdditionalLogs,sudden_drift_08,,,,[726],"[500, 1000]",,,00:00:03,3.835347599997476,0.0025568983999983,0.0001,200.0,400.0,,,,,
Process Graph Metrics,AdditionalLogs,gradual_drift_04,,,,"[473, 1160]","[500, 1000]",1.0,93.5,00:00:02,2.768548699998064,0.0019775347857129,0.1,100.0,600.0,,,,,
Process Graph Metrics,AdditionalLogs,sudden_drift_08,,,,[813],"[500, 1000]",0.6666666666666666,187.0,00:00:01,1.8655104999998,0.0012436736666665,0.0001,300.0,700.0,,,,,
LCDD,AdditionalLogs,recurring_drift_01,400.0,400.0,10.0,"[424, 1043]","[500, 1000]",1.0,59.5,00:00:00,0.0302558000039425,2.017053333596172e-05,,,,,,,,
Process Graph Metrics,AdditionalLogs,recurring_drift_04,,,,[651],"[500, 1000]",0.6666666666666666,151.0,00:00:01,1.9879330000039768,0.0013252886666693,0.005,400.0,400.0,,,,,
Process Graph Metrics,AdditionalLogs,recurring_drift_00,,,,[600],"[500, 1000]",0.6666666666666666,100.0,00:00:00,0.2319796000010683,0.0001546530666673,0.0001,400.0,400.0,,,,,
Zheng DBSCAN,AdditionalLogs,recurring_drift_07,,,,"[np.float64(500.0), np.float64(1002.0)]","[500, 1000]",1.0,1.0,00:00:00,0.2655596999975387,0.0001770397999983,,,,500.0,50.0,,,
Zheng DBSCAN,AdditionalLogs,recurring_drift_07,,,,"[np.float64(500.0), np.float64(1002.0)]","[500, 1000]",1.0,1.0,00:00:00,0.2655596999975387,0.0001770397999983,,,,500.0,100.0,,,
Zheng DBSCAN,AdditionalLogs,recurring_drift_07,,,,"[np.float64(500.0), np.float64(1002.0)]","[500, 1000]",1.0,1.0,00:00:00,0.2655596999975387,0.0001770397999983,,,,500.0,150.0,,,
Zheng DBSCAN,AdditionalLogs,recurring_drift_07,,,,"[np.float64(500.0), np.float64(1002.0)]","[500, 1000]",1.0,1.0,00:00:00,0.2655596999975387,0.0001770397999983,,,,500.0,200.0,,,
Zheng DBSCAN,AdditionalLogs,recurring_drift_07,,,,"[np.float64(500.0), np.float64(1002.0)]","[500, 1000]",1.0,1.0,00:00:00,0.2655596999975387,0.0001770397999983,,,,500.0,250.0,,,
Process Graph Metrics,AdditionalLogs,recurring_drift_07,,,,"[551, 1091]","[500, 1000]",1.0,71.0,00:00:00,0.6623787999997148,0.0004415858666664,0.0001,100.0,600.0,,,,,
Process Graph Metrics,AdditionalLogs,sudden_drift_03,,,,"[626, 1166]","[500, 1000]",1.0,146.0,00:00:02,2.5660957000000053,0.0017107304666666,0.1,300.0,600.0,,,,,
LCDD,AdditionalLogs,gradual_drift_05,600.0,600.0,100.0,"[657, 1309]","[500, 1000]",0.5,157.0,00:00:00,0.015156499997829,1.0826071427020776e-05,,,,,,,,
Process Graph Metrics,AdditionalLogs,recurring_drift_03,,,,"[300, 600, 961, 1511]","[500, 1000]",0.6666666666666666,69.5,00:00:00,0.3291097000037553,0.0002194064666691,0.05,200.0,400.0,,,,,
Process Graph Metrics,AdditionalLogs,sudden_drift_06,,,,[1056],"[500, 1000]",0.6666666666666666,56.0,00:00:21,21.761409500002628,0.014507606333335,0.0001,100.0,500.0,,,,,
LCDD,AdditionalLogs,recurring_drift_04,300.0,300.0,50.0,"[306, 628, 1000, 1475]","[500, 1000]",0.6666666666666666,64.0,00:00:00,0.0133162999991327,8.877533332755168e-06,,,,,,,,
LCDD,AdditionalLogs,sudden_drift_05,1200.0,1200.0,200.0,[1204],"[500, 1000]",,,00:00:00,0.1560012999980244,0.0001040008666653,,,,,,,,
LCDD,AdditionalLogs,sudden_drift_01,100.0,100.0,200.0,"[102, 213, 354, 503, 616, 740, 845, 954, 1059, 1173, 1325, 1428]","[500, 1000]",0.2857142857142857,24.5,00:00:00,0.0283854999943287,1.892366666288581e-05,,,,,,,,
LCDD,AdditionalLogs,sudden_drift_09,400.0,400.0,150.0,"[502, 1000]","[500, 1000]",1.0,1.0,00:00:00,0.0250649999943561,1.6709999996237457e-05,,,,,,,,
Zheng DBSCAN,AdditionalLogs,recurring_drift_06,,,,"[np.float64(693.0), np.float64(838.5), np.float64(939.0), np.float64(1231.0), np.float64(1401.0)]","[500, 1000]",0.5714285714285715,127.0,00:00:00,0.7339528000011342,0.0004893018666674,,,,600.0,60.0,,,
Zheng DBSCAN,AdditionalLogs,recurring_drift_06,,,,"[np.float64(745.75), np.float64(1231.0), np.float64(1401.0)]","[500, 1000]",,,00:00:00,0.7339528000011342,0.0004893018666674,,,,600.0,120.0,,,
Zheng DBSCAN,AdditionalLogs,recurring_drift_06,,,,"[np.float64(745.75), np.float64(1316.0)]","[500, 1000]",,,00:00:00,0.7339528000011342,0.0004893018666674,,,,600.0,180.0,,,
Zheng DBSCAN,AdditionalLogs,recurring_drift_06,,,,"[np.float64(745.75), np.float64(1316.0)]","[500, 1000]",,,00:00:00,0.7339528000011342,0.0004893018666674,,,,600.0,240.0,,,
Zheng DBSCAN,AdditionalLogs,recurring_drift_06,,,,[np.float64(859.8)],"[500, 1000]",0.6666666666666666,140.20000000000005,00:00:00,0.7339528000011342,0.0004893018666674,,,,600.0,300.0,,,
Process Graph Metrics,AdditionalLogs,sudden_drift_09,,,,"[531, 1079]","[500, 1000]",1.0,55.0,00:00:05,5.524463500005368,0.0036829756666702,0.05,100.0,500.0,,,,,
Process Graph Metrics,AdditionalLogs,sudden_drift_04,,,,"[555, 1275]","[500, 1000]",0.5,55.0,00:00:03,3.3975026000043727,0.0022650017333362,0.05,100.0,500.0,,,,,
Process Graph Metrics,AdditionalLogs,recurring_drift_00,,,,"[561, 1101]","[500, 1000]",1.0,81.0,00:00:00,0.6623030000046128,0.0004415353333364,0.0001,300.0,500.0,,,,,
Process Graph Metrics,AdditionalLogs,sudden_drift_02,,,,"[600, 1204]","[500, 1000]",0.5,100.0,00:00:00,0.6846870000008494,0.0004564580000005,0.05,400.0,700.0,,,,,
LCDD,AdditionalLogs,recurring_drift_04,800.0,800.0,100.0,[],"[500, 1000]",,,00:00:00,0.0123177000059513,8.211800003967558e-06,,,,,,,,
LCDD,AdditionalLogs,recurring_drift_05,200.0,200.0,5.0,"[205, 453, 696, 929, 1138, 1339]","[500, 1000]",0.5,59.0,00:00:00,0.0233918999947491,1.5594599996499407e-05,,,,,,,,
Process Graph Metrics,AdditionalLogs,gradual_drift_07,,,,"[603, 1203]","[500, 1000]",0.5,103.0,00:00:00,0.2480031000013696,0.0001771450714295,0.1,400.0,600.0,,,,,
Process Graph Metrics,AdditionalLogs,recurring_drift_02,,,,"[550, 925]","[500, 1000]",1.0,62.5,00:00:01,1.2221714999977848,0.0008147809999985,0.1,200.0,400.0,,,,,
LCDD,AdditionalLogs,recurring_drift_07,300.0,300.0,10.0,"[502, 1000]","[500, 1000]",1.0,1.0,00:00:00,0.0193739999958779,1.2915999997251976e-05,,,,,,,,
LCDD,AdditionalLogs,gradual_drift_09,300.0,300.0,50.0,"[408, 920]","[500, 1000]",1.0,86.0,00:00:00,0.1528880000041681,0.0001092057142886,,,,,,,,
Process Graph Metrics,AdditionalLogs,recurring_drift_04,,,,"[633, 1152]","[500, 1000]",1.0,142.5,00:00:03,3.8412198000005446,0.0025608132000003,0.005,200.0,500.0,,,,,
Process Graph Metrics,AdditionalLogs,sudden_drift_04,,,,"[609, 1257]","[500, 1000]",0.5,109.0,00:00:02,2.67868350000208,0.0017857890000013,0.0001,100.0,600.0,,,,,
LCDD,AdditionalLogs,gradual_drift_09,800.0,800.0,10.0,[920],"[500, 1000]",0.6666666666666666,80.0,00:00:00,0.0198928000027081,1.4209142859077214e-05,,,,,,,,
LCDD,AdditionalLogs,recurring_drift_04,300.0,300.0,10.0,"[306, 628, 1000, 1475]","[500, 1000]",0.6666666666666666,64.0,00:00:00,0.0116479999996954,7.765333333130305e-06,,,,,,,,
LCDD,AdditionalLogs,recurring_drift_03,400.0,400.0,150.0,"[500, 911, 1348]","[500, 1000]",0.8,44.5,00:00:00,0.011300599995593,7.533733330395383e-06,,,,,,,,
Zheng DBSCAN,AdditionalLogs,recurring_drift_05,,,,"[np.float64(701.1428571428571), np.float64(954.25), np.float64(1182.6666666666667), np.float64(1331.6666666666667)]","[500, 1000]",0.3333333333333333,45.75,00:00:00,0.3847234999993816,0.0002564823333329,,,,600.0,60.0,,,
Zheng DBSCAN,AdditionalLogs,recurring_drift_05,,,,[np.float64(990.8)],"[500, 1000]",0.6666666666666666,9.200000000000044,00:00:00,0.3847234999993816,0.0002564823333329,,,,600.0,120.0,,,
Zheng DBSCAN,AdditionalLogs,recurring_drift_05,,,,[np.float64(845.8)],"[500, 1000]",0.6666666666666666,154.20000000000005,00:00:00,0.3847234999993816,0.0002564823333329,,,,600.0,180.0,,,
Zheng DBSCAN,AdditionalLogs,recurring_drift_05,,,,[np.float64(845.8)],"[500, 1000]",0.6666666666666666,154.20000000000005,00:00:00,0.3847234999993816,0.0002564823333329,,,,600.0,240.0,,,
Zheng DBSCAN,AdditionalLogs,recurring_drift_05,,,,[np.float64(845.8)],"[500, 1000]",0.6666666666666666,154.20000000000005,00:00:00,0.3847234999993816,0.0002564823333329,,,,600.0,300.0,,,
LCDD,AdditionalLogs,recurring_drift_08,100.0,100.0,20.0,"[101, 207, 308, 413, 522, 639, 758, 859, 970, 1079, 1183, 1297, 1397, 1498]","[500, 1000]",0.25,26.0,00:00:00,0.0153140000038547,1.0209333335903164e-05,,,,,,,,
Process Graph Metrics,AdditionalLogs,gradual_drift_08,,,,"[612, 1152]","[500, 1000]",1.0,132.0,00:00:02,2.488861600002565,0.0017777582857161,0.005,100.0,500.0,,,,,
LCDD,AdditionalLogs,sudden_drift_05,100.0,100.0,100.0,"[117, 218, 334, 441, 550, 650, 787, 893, 994, 1102, 1204, 1305, 1405]","[500, 1000]",0.2666666666666667,28.0,00:00:00,0.0126509000037913,8.43393333586088e-06,,,,,,,,
Process Graph Metrics,AdditionalLogs,recurring_drift_06,,,,[1351],"[500, 1000]",,,00:00:06,6.168798099999549,0.0041125320666663,0.05,100.0,700.0,,,,,
LCDD,AdditionalLogs,gradual_drift_00,1200.0,1200.0,100.0,[1206],"[500, 1000]",,,00:00:00,0.0091087999971932,6.50628571228091e-06,,,,,,,,
LCDD,AdditionalLogs,sudden_drift_06,1200.0,1200.0,200.0,[1205],"[500, 1000]",,,00:00:00,0.0729060000012395,4.86040000008264e-05,,,,,,,,
Process Graph Metrics,AdditionalLogs,recurring_drift_08,,,,"[717, 1365]","[500, 1000]",,,00:00:02,2.8191186000040034,0.0018794124000026,0.1,300.0,500.0,,,,,
LCDD,AdditionalLogs,sudden_drift_03,300.0,300.0,50.0,"[359, 688, 1009, 1362]","[500, 1000]",0.6666666666666666,75.0,00:00:00,0.0113023999947472,7.534933329831498e-06,,,,,,,,
Process Graph Metrics,AdditionalLogs,gradual_drift_04,,,,"[525, 1149]","[500, 1000]",1.0,87.0,00:00:00,0.5461310999962734,0.0003900936428544,0.005,200.0,600.0,,,,,
Process Graph Metrics,AdditionalLogs,recurring_drift_03,,,,[676],"[500, 1000]",0.6666666666666666,176.0,00:00:04,4.233602799999062,0.002822401866666,0.0001,300.0,700.0,,,,,
LCDD,AdditionalLogs,recurring_drift_09,300.0,300.0,10.0,"[500, 1000]","[500, 1000]",1.0,0.0,00:00:00,0.0296287000019219,1.975246666794798e-05,,,,,,,,
Process Graph Metrics,AdditionalLogs,sudden_drift_07,,,,"[600, 1207]","[500, 1000]",0.5,100.0,00:00:00,0.4219532999995863,0.0002813021999997,0.1,400.0,600.0,,,,,
Process Graph Metrics,AdditionalLogs,gradual_drift_09,,,,"[513, 1042, 1492]","[500, 1000]",0.8,27.5,00:00:07,7.35782439999457,0.0052555888571389,0.1,300.0,600.0,,,,,
Process Graph Metrics,AdditionalLogs,gradual_drift_05,,,,"[600, 1200]","[500, 1000]",1.0,150.0,00:00:00,0.2432931000003009,0.0001737807857145,0.1,400.0,600.0,,,,,
LCDD,AdditionalLogs,recurring_drift_07,200.0,200.0,20.0,"[203, 502, 1000, 1231]","[500, 1000]",0.6666666666666666,1.0,00:00:00,0.0124469000002136,8.297933333475764e-06,,,,,,,,
Zheng DBSCAN,AdditionalLogs,sudden_drift_00,,,,"[np.float64(497.2), np.float64(567.0), np.float64(646.0), np.float64(787.0), np.float64(832.5), np.float64(1015.1666666666666), np.float64(1095.0), np.float64(1143.5), np.float64(1246.0), np.float64(1442.0)]","[500, 1000]",0.3333333333333333,8.98333333333332,00:00:00,0.5054204000043683,0.0003369469333362,,,,300.0,30.0,,,
Zheng DBSCAN,AdditionalLogs,sudden_drift_00,,,,"[np.float64(508.8333333333333), np.float64(646.0), np.float64(817.3333333333334), np.float64(1052.5555555555557), np.float64(1246.0), np.float64(1442.0)]","[500, 1000]",0.5,30.694444444444485,00:00:00,0.5054204000043683,0.0003369469333362,,,,300.0,60.0,,,
Zheng DBSCAN,AdditionalLogs,sudden_drift_00,,,,"[np.float64(528.4285714285714), np.float64(817.3333333333334), np.float64(1052.5555555555557), np.float64(1246.0), np.float64(1442.0)]","[500, 1000]",0.5714285714285715,40.49206349206355,00:00:00,0.5054204000043683,0.0003369469333362,,,,300.0,90.0,,,
Zheng DBSCAN,AdditionalLogs,sudden_drift_00,,,,"[np.float64(528.4285714285714), np.float64(817.3333333333334), np.float64(1071.9), np.float64(1442.0)]","[500, 1000]",0.6666666666666666,50.16428571428577,00:00:00,0.5054204000043683,0.0003369469333362,,,,300.0,120.0,,,
Zheng DBSCAN,AdditionalLogs,sudden_drift_00,,,,"[np.float64(615.1), np.float64(1071.9), np.float64(1442.0)]","[500, 1000]",0.8,93.50000000000006,00:00:00,0.5054204000043683,0.0003369469333362,,,,300.0,150.0,,,
LCDD,AdditionalLogs,recurring_drift_08,600.0,600.0,100.0,"[600, 1230]","[500, 1000]",0.5,100.0,00:00:00,0.0167915999991237,1.1194399999415812e-05,,,,,,,,
Process Graph Metrics,AdditionalLogs,gradual_drift_03,,,,"[519, 1052]","[500, 1000]",1.0,35.5,00:00:02,2.2833456000007573,0.0016309611428576,0.1,200.0,500.0,,,,,
Process Graph Metrics,AdditionalLogs,recurring_drift_03,,,,[701],"[500, 1000]",,,00:00:03,3.41903650000313,0.0022793576666687,0.0001,400.0,700.0,,,,,
Process Graph Metrics,AdditionalLogs,gradual_drift_09,,,,"[540, 1044]","[500, 1000]",1.0,42.0,00:00:07,7.571988899995631,0.0054085634999968,0.005,300.0,600.0,,,,,
LCDD,AdditionalLogs,sudden_drift_04,100.0,100.0,150.0,"[108, 209, 309, 409, 512, 633, 757, 865, 980, 1080, 1186, 1295, 1415]","[500, 1000]",0.2666666666666667,16.0,00:00:00,0.0104262000022572,6.950800001504831e-06,,,,,,,,
LCDD,AdditionalLogs,gradual_drift_08,400.0,400.0,150.0,"[407, 862, 1315]","[500, 1000]",0.8,115.5,00:00:00,0.0108255000013741,7.732500000981548e-06,,,,,,,,
LCDD,AdditionalLogs,sudden_drift_05,200.0,200.0,5.0,"[200, 423, 643, 881, 1087, 1315]","[500, 1000]",0.5,82.0,00:00:00,0.0166775000034249,1.1118333335616626e-05,,,,,,,,
Process Graph Metrics,AdditionalLogs,gradual_drift_08,,,,[600],"[500, 1000]",0.6666666666666666,100.0,00:00:01,1.9591380000056235,0.0013993842857183,0.05,400.0,400.0,,,,,
Zheng DBSCAN,AdditionalLogs,sudden_drift_06,,,,"[np.float64(813.5), np.float64(1021.2666666666667), np.float64(1220.0), np.float64(1452.0)]","[500, 1000]",0.3333333333333333,21.26666666666665,00:00:01,1.1937471000055666,0.0007958314000037,,,,800.0,80.0,,,
Zheng DBSCAN,AdditionalLogs,sudden_drift_06,,,,"[np.float64(1030.3), np.float64(1452.0)]","[500, 1000]",0.5,30.299999999999955,00:00:01,1.1937471000055666,0.0007958314000037,,,,800.0,160.0,,,
Zheng DBSCAN,AdditionalLogs,sudden_drift_06,,,,[np.float64(928.8888888888889)],"[500, 1000]",0.6666666666666666,71.11111111111109,00:00:01,1.1937471000055666,0.0007958314000037,,,,800.0,240.0,,,
Zheng DBSCAN,AdditionalLogs,sudden_drift_06,,,,[np.float64(928.8888888888889)],"[500, 1000]",0.6666666666666666,71.11111111111109,00:00:01,1.1937471000055666,0.0007958314000037,,,,800.0,320.0,,,
Zheng DBSCAN,AdditionalLogs,sudden_drift_06,,,,[np.float64(928.8888888888889)],"[500, 1000]",0.6666666666666666,71.11111111111109,00:00:01,1.1937471000055666,0.0007958314000037,,,,800.0,400.0,,,
Zheng DBSCAN,AdditionalLogs,sudden_drift_07,,,,"[np.float64(913.0), np.float64(1033.4285714285713), np.float64(1324.0)]","[500, 1000]",0.4,33.42857142857133,00:00:00,0.3207647000017459,0.0002138431333344,,,,700.0,70.0,,,
Zheng DBSCAN,AdditionalLogs,sudden_drift_07,,,,"[np.float64(1018.375), np.float64(1324.0)]","[500, 1000]",0.5,18.375,00:00:00,0.3207647000017459,0.0002138431333344,,,,700.0,140.0,,,
Zheng DBSCAN,AdditionalLogs,sudden_drift_07,,,,"[np.float64(1018.375), np.float64(1324.0)]","[500, 1000]",0.5,18.375,00:00:00,0.3207647000017459,0.0002138431333344,,,,700.0,210.0,,,
Zheng DBSCAN,AdditionalLogs,sudden_drift_07,,,,[np.float64(1052.3333333333333)],"[500, 1000]",0.6666666666666666,52.33333333333326,00:00:00,0.3207647000017459,0.0002138431333344,,,,700.0,280.0,,,
Zheng DBSCAN,AdditionalLogs,sudden_drift_07,,,,[np.float64(1052.3333333333333)],"[500, 1000]",0.6666666666666666,52.33333333333326,00:00:00,0.3207647000017459,0.0002138431333344,,,,700.0,350.0,,,
Process Graph Metrics,AdditionalLogs,recurring_drift_05,,,,"[604, 1144]","[500, 1000]",1.0,124.0,00:00:03,3.334154399999534,0.0022227695999996,0.0001,300.0,400.0,,,,,
Process Graph Metrics,AdditionalLogs,sudden_drift_03,,,,"[629, 1169]","[500, 1000]",1.0,149.0,00:00:02,2.7618819999988773,0.0018412546666659,0.05,300.0,600.0,,,,,
Process Graph Metrics,AdditionalLogs,gradual_drift_07,,,,"[542, 1096]","[500, 1000]",1.0,69.0,00:00:00,0.5918906000006245,0.0004227790000004,0.05,300.0,500.0,,,,,
Process Graph Metrics,AdditionalLogs,sudden_drift_02,,,,"[600, 1320]","[500, 1000]",0.5,100.0,00:00:00,0.6131701000049361,0.0004087800666699,0.005,400.0,600.0,,,,,
Process Graph Metrics,AdditionalLogs,sudden_drift_02,,,,"[600, 1451]","[500, 1000]",0.5,100.0,00:00:04,4.049294399999781,0.0026995295999998,0.005,400.0,400.0,,,,,
LCDD,AdditionalLogs,recurring_drift_08,600.0,600.0,150.0,"[600, 1230]","[500, 1000]",0.5,100.0,00:00:00,0.0130645000026561,8.709666668437422e-06,,,,,,,,
LCDD,AdditionalLogs,sudden_drift_02,800.0,800.0,5.0,[1003],"[500, 1000]",0.6666666666666666,3.0,00:00:00,0.0320031000010203,2.133540000068024e-05,,,,,,,,
Process Graph Metrics,AdditionalLogs,recurring_drift_07,,,,"[600, 1200]","[500, 1000]",1.0,150.0,00:00:00,0.1725556000019423,0.0001150370666679,0.0001,400.0,700.0,,,,,
Zheng DBSCAN,AdditionalLogs,gradual_drift_00,,,,"[np.float64(699.0), np.float64(938.6), np.float64(1206.0)]","[500, 1000]",0.8,130.2,00:00:00,0.3688652999990154,0.000263475214285,,,,500.0,50.0,,,
Zheng DBSCAN,AdditionalLogs,gradual_drift_00,,,,"[np.float64(699.0), np.float64(938.6), np.float64(1206.0)]","[500, 1000]",0.8,130.2,00:00:00,0.3688652999990154,0.000263475214285,,,,500.0,100.0,,,
Zheng DBSCAN,AdditionalLogs,gradual_drift_00,,,,"[np.float64(699.0), np.float64(938.6), np.float64(1206.0)]","[500, 1000]",0.8,130.2,00:00:00,0.3688652999990154,0.000263475214285,,,,500.0,150.0,,,
Zheng DBSCAN,AdditionalLogs,gradual_drift_00,,,,"[np.float64(518.0), np.float64(938.6), np.float64(1206.0)]","[500, 1000]",0.8,39.69999999999999,00:00:00,0.3688652999990154,0.000263475214285,,,,500.0,200.0,,,
Zheng DBSCAN,AdditionalLogs,gradual_drift_00,,,,[np.float64(771.7272727272727)],"[500, 1000]",,,00:00:00,0.3688652999990154,0.000263475214285,,,,500.0,250.0,,,
Process Graph Metrics,AdditionalLogs,gradual_drift_05,,,,"[494, 1022]","[500, 1000]",1.0,14.0,00:00:04,4.969704499999352,0.0035497889285709,0.005,100.0,400.0,,,,,
Process Graph Metrics,AdditionalLogs,sudden_drift_09,,,,"[600, 1200]","[500, 1000]",1.0,150.0,00:00:00,0.3584788000007393,0.0002389858666671,0.05,400.0,700.0,,,,,
LCDD,AdditionalLogs,gradual_drift_03,800.0,800.0,50.0,[830],"[500, 1000]",0.6666666666666666,170.0,00:00:00,0.0109606000041821,7.829000002987284e-06,,,,,,,,
Process Graph Metrics,AdditionalLogs,recurring_drift_01,,,,"[329, 629, 929, 1545]","[500, 1000]",0.6666666666666666,100.0,00:00:02,2.0792646999980207,0.0013861764666653,0.1,200.0,400.0,,,,,
LCDD,AdditionalLogs,recurring_drift_07,300.0,300.0,200.0,"[502, 1000]","[500, 1000]",1.0,1.0,00:00:00,0.0120848000005935,8.056533333729021e-06,,,,,,,,
Process Graph Metrics,AdditionalLogs,sudden_drift_02,,,,"[451, 1056, 1493]","[500, 1000]",0.8,52.5,00:00:02,2.2234367999990354,0.0014822911999993,0.05,200.0,400.0,,,,,
Process Graph Metrics,AdditionalLogs,sudden_drift_04,,,,[577],"[500, 1000]",0.6666666666666666,77.0,00:00:02,2.361402200003795,0.0015742681333358,0.005,200.0,400.0,,,,,
Process Graph Metrics,AdditionalLogs,recurring_drift_06,,,,[1038],"[500, 1000]",0.6666666666666666,38.0,00:00:02,2.3640042999977595,0.0015760028666651,0.1,400.0,700.0,,,,,
Process Graph Metrics,AdditionalLogs,recurring_drift_00,,,,"[531, 1047]","[500, 1000]",1.0,39.0,00:00:02,2.928288599992811,0.0019521923999952,0.1,100.0,700.0,,,,,
LCDD,AdditionalLogs,recurring_drift_05,200.0,200.0,20.0,"[205, 453, 696, 929, 1138, 1339]","[500, 1000]",0.5,59.0,00:00:00,0.0152097000027424,1.0139800001828311e-05,,,,,,,,
Process Graph Metrics,AdditionalLogs,sudden_drift_06,,,,"[632, 1256]","[500, 1000]",0.5,132.0,00:00:04,4.199110899993684,0.0027994072666624,0.005,200.0,600.0,,,,,
Process Graph Metrics,AdditionalLogs,gradual_drift_00,,,,"[687, 1287]","[500, 1000]",0.5,187.0,00:00:02,2.132239999999001,0.0015230285714278,0.005,400.0,600.0,,,,,
LCDD,AdditionalLogs,gradual_drift_06,200.0,200.0,50.0,"[281, 543, 913, 1135, 1392]","[500, 1000]",0.5714285714285715,65.0,00:00:00,0.2276611999986926,0.0001626151428562,,,,,,,,
Process Graph Metrics,AdditionalLogs,sudden_drift_07,,,,"[506, 1046]","[500, 1000]",1.0,26.0,00:00:02,2.9022070999999414,0.0019348047333332,0.005,100.0,500.0,,,,,
Process Graph Metrics,AdditionalLogs,recurring_drift_03,,,,[701],"[500, 1000]",,,00:00:03,3.383082100001048,0.0022553880666673,0.0001,400.0,400.0,,,,,
Process Graph Metrics,AdditionalLogs,recurring_drift_01,,,,"[1044, 1692]","[500, 1000]",0.5,44.0,00:00:01,1.5266888000041945,0.0010177925333361,0.005,300.0,500.0,,,,,
LCDD,AdditionalLogs,gradual_drift_05,200.0,200.0,150.0,"[201, 403, 627, 828, 1104, 1309]","[500, 1000]",0.5,100.5,00:00:00,0.0173875000036787,1.2419642859770516e-05,,,,,,,,
LCDD,AdditionalLogs,gradual_drift_05,100.0,100.0,100.0,"[104, 207, 312, 425, 580, 680, 780, 891, 991, 1104, 1206, 1306]","[500, 1000]",0.2857142857142857,42.0,00:00:00,0.0166910999978426,1.1922214284173346e-05,,,,,,,,
Process Graph Metrics,AdditionalLogs,gradual_drift_03,,,,"[525, 1075]","[500, 1000]",1.0,50.0,00:00:02,2.200504499996896,0.0015717889285692,0.1,100.0,700.0,,,,,
Process Graph Metrics,AdditionalLogs,sudden_drift_04,,,,"[547, 1307]","[500, 1000]",0.5,47.0,00:00:03,3.0539859000055003,0.0020359906000036,0.1,300.0,500.0,,,,,
Process Graph Metrics,AdditionalLogs,sudden_drift_08,,,,"[548, 1024, 1596]","[500, 1000]",0.8,36.0,00:00:02,2.3894690000015544,0.0015929793333343,0.1,100.0,400.0,,,,,
LCDD,AdditionalLogs,gradual_drift_03,1200.0,1200.0,200.0,[1390],"[500, 1000]",,,00:00:00,0.0104899999932968,7.492857138069147e-06,,,,,,,,
Process Graph Metrics,AdditionalLogs,recurring_drift_01,,,,"[335, 647, 959]","[500, 1000]",0.8,94.0,00:00:02,2.238591200002702,0.0014923941333351,0.1,100.0,500.0,,,,,
Process Graph Metrics,AdditionalLogs,gradual_drift_01,,,,"[450, 1101]","[500, 1000]",1.0,75.5,00:00:01,1.2935417999979109,0.0009239584285699,0.005,100.0,700.0,,,,,
Process Graph Metrics,AdditionalLogs,gradual_drift_04,,,,"[600, 1200]","[500, 1000]",1.0,150.0,00:00:00,0.1667325999951572,0.0001190947142822,0.05,400.0,500.0,,,,,
LCDD,AdditionalLogs,gradual_drift_03,200.0,200.0,20.0,"[275, 533, 784, 994, 1205]","[500, 1000]",0.5714285714285715,19.5,00:00:00,0.0106243999980506,7.588857141464749e-06,,,,,,,,
LCDD,AdditionalLogs,sudden_drift_07,200.0,200.0,10.0,"[501, 913, 1324]","[500, 1000]",0.8,44.0,00:00:00,0.0142006000023684,9.46706666824563e-06,,,,,,,,
LCDD,AdditionalLogs,gradual_drift_09,300.0,300.0,200.0,"[408, 920]","[500, 1000]",1.0,86.0,00:00:00,0.0254002000001491,1.814300000010657e-05,,,,,,,,
Process Graph Metrics,AdditionalLogs,recurring_drift_00,,,,"[531, 1059]","[500, 1000]",1.0,45.0,00:00:03,3.2589630000002217,0.0021726420000001,0.05,100.0,600.0,,,,,
LCDD,AdditionalLogs,gradual_drift_04,600.0,600.0,150.0,"[655, 1334]","[500, 1000]",0.5,155.0,00:00:00,0.0124009999999543,8.857857142824547e-06,,,,,,,,
Process Graph Metrics,AdditionalLogs,recurring_drift_06,,,,"[812, 1566]","[500, 1000]",0.5,188.0,00:00:41,41.24237049999647,0.0274949136666643,0.05,200.0,500.0,,,,,
LCDD,AdditionalLogs,recurring_drift_02,200.0,200.0,100.0,"[207, 419, 637, 841, 1041, 1252, 1478]","[500, 1000]",0.4444444444444445,61.0,00:00:00,0.0238632000036886,1.5908800002459126e-05,,,,,,,,
Process Graph Metrics,AdditionalLogs,sudden_drift_07,,,,"[560, 1100]","[500, 1000]",1.0,80.0,00:00:00,0.9383679000020492,0.0006255786000013,0.0001,100.0,600.0,,,,,
LCDD,AdditionalLogs,recurring_drift_02,600.0,600.0,150.0,"[637, 1258]","[500, 1000]",0.5,137.0,00:00:00,0.0310879000026034,2.072526666840228e-05,,,,,,,,
LCDD,AdditionalLogs,sudden_drift_02,1200.0,1200.0,10.0,[1224],"[500, 1000]",,,00:00:00,0.0320045999978901,2.1336399998593456e-05,,,,,,,,
Process Graph Metrics,AdditionalLogs,sudden_drift_09,,,,"[600, 1200]","[500, 1000]",1.0,150.0,00:00:00,0.3630451999997603,0.0002420301333331,0.05,400.0,500.0,,,,,
LCDD,AdditionalLogs,gradual_drift_03,300.0,300.0,50.0,"[315, 626, 931, 1390]","[500, 1000]",0.6666666666666666,97.5,00:00:00,0.0146610000010696,1.0472142857906874e-05,,,,,,,,
Process Graph Metrics,AdditionalLogs,sudden_drift_04,,,,[584],"[500, 1000]",0.6666666666666666,84.0,00:00:02,2.1803282000037143,0.0014535521333358,0.005,100.0,400.0,,,,,
LCDD,AdditionalLogs,recurring_drift_08,200.0,200.0,200.0,"[211, 413, 614, 815, 1030, 1230, 1495]","[500, 1000]",0.4444444444444445,58.5,00:00:00,0.0134338999996543,8.955933333102924e-06,,,,,,,,
Process Graph Metrics,AdditionalLogs,sudden_drift_04,,,,"[569, 1319]","[500, 1000]",0.5,69.0,00:00:02,2.028472499994677,0.0013523149999964,0.05,200.0,600.0,,,,,
LCDD,AdditionalLogs,gradual_drift_00,600.0,600.0,20.0,[912],"[500, 1000]",0.6666666666666666,88.0,00:00:00,0.0102912999936961,7.350928566925826e-06,,,,,,,,
Zheng DBSCAN,AdditionalLogs,sudden_drift_07,,,,"[np.float64(360.0), np.float64(498.2), np.float64(567.0), np.float64(913.0), np.float64(973.0), np.float64(1033.4285714285713), np.float64(1324.0)]","[500, 1000]",0.4444444444444445,14.400000000000006,00:00:00,0.3252950000023702,0.0002168633333349,,,,300.0,30.0,,,
Zheng DBSCAN,AdditionalLogs,sudden_drift_07,,,,"[np.float64(360.0), np.float64(509.6666666666667), np.float64(1013.3333333333334), np.float64(1324.0)]","[500, 1000]",0.6666666666666666,11.500000000000028,00:00:00,0.3252950000023702,0.0002168633333349,,,,300.0,60.0,,,
Zheng DBSCAN,AdditionalLogs,sudden_drift_07,,,,"[np.float64(360.0), np.float64(509.6666666666667), np.float64(1013.3333333333334), np.float64(1324.0)]","[500, 1000]",0.6666666666666666,11.500000000000028,00:00:00,0.3252950000023702,0.0002168633333349,,,,300.0,90.0,,,
Zheng DBSCAN,AdditionalLogs,sudden_drift_07,,,,"[np.float64(488.2857142857143), np.float64(1013.3333333333334), np.float64(1324.0)]","[500, 1000]",0.8,12.523809523809549,00:00:00,0.3252950000023702,0.0002168633333349,,,,300.0,120.0,,,
Zheng DBSCAN,AdditionalLogs,sudden_drift_07,,,,"[np.float64(488.2857142857143), np.float64(1013.3333333333334), np.float64(1324.0)]","[500, 1000]",0.8,12.523809523809549,00:00:00,0.3252950000023702,0.0002168633333349,,,,300.0,150.0,,,
Process Graph Metrics,AdditionalLogs,gradual_drift_01,,,,"[432, 1580]","[500, 1000]",0.5,68.0,00:00:01,1.3707141999984742,0.0009790815714274,0.005,200.0,500.0,,,,,
Process Graph Metrics,AdditionalLogs,recurring_drift_01,,,,"[369, 766, 1578]","[500, 1000]",0.4,131.0,00:00:03,3.331074100002297,0.0022207160666681,0.005,200.0,500.0,,,,,
Process Graph Metrics,AdditionalLogs,sudden_drift_07,,,,"[506, 1046]","[500, 1000]",1.0,26.0,00:00:03,3.027991100003419,0.0020186607333356,0.005,100.0,700.0,,,,,
Zheng DBSCAN,AdditionalLogs,gradual_drift_01,,,,"[np.float64(514.4545454545455), np.float64(710.6666666666666), np.float64(952.0), np.float64(1117.0), np.float64(1271.75), np.float64(1368.5)]","[500, 1000]",0.5,31.227272727272748,00:00:00,0.4610287999967113,0.0003293062857119,,,,500.0,50.0,,,
Zheng DBSCAN,AdditionalLogs,gradual_drift_01,,,,"[np.float64(616.8260869565217), np.float64(977.3846153846154), np.float64(1304.0)]","[500, 1000]",0.8,69.7207357859532,00:00:00,0.4610287999967113,0.0003293062857119,,,,500.0,100.0,,,
Zheng DBSCAN,AdditionalLogs,gradual_drift_01,,,,[np.float64(826.5952380952381)],"[500, 1000]",0.6666666666666666,173.40476190476193,00:00:00,0.4610287999967113,0.0003293062857119,,,,500.0,150.0,,,
Zheng DBSCAN,AdditionalLogs,gradual_drift_01,,,,[np.float64(799.0909090909091)],"[500, 1000]",,,00:00:00,0.4610287999967113,0.0003293062857119,,,,500.0,200.0,,,
Zheng DBSCAN,AdditionalLogs,gradual_drift_01,,,,[np.float64(799.0909090909091)],"[500, 1000]",,,00:00:00,0.4610287999967113,0.0003293062857119,,,,500.0,250.0,,,
Process Graph Metrics,AdditionalLogs,recurring_drift_01,,,,"[650, 800, 1600]","[500, 1000]",0.8,175.0,00:00:01,1.2809142999976757,0.0008539428666651,0.05,400.0,500.0,,,,,
LCDD,AdditionalLogs,recurring_drift_05,400.0,400.0,20.0,"[504, 929, 1337]","[500, 1000]",0.8,37.5,00:00:00,0.0223743999958969,1.491626666393131e-05,,,,,,,,
Process Graph Metrics,AdditionalLogs,gradual_drift_04,,,,"[540, 1188]","[500, 1000]",1.0,114.0,00:00:00,0.2861621000047307,0.0002044015000033,0.005,300.0,500.0,,,,,
LCDD,AdditionalLogs,recurring_drift_04,600.0,600.0,150.0,"[628, 1277]","[500, 1000]",0.5,128.0,00:00:00,0.0115713999985018,7.714266665667916e-06,,,,,,,,
Process Graph Metrics,AdditionalLogs,gradual_drift_09,,,,"[543, 1083]","[500, 1000]",1.0,63.0,00:00:00,0.605671600002097,0.00043262257143,0.0001,300.0,600.0,,,,,
Process Graph Metrics,AdditionalLogs,sudden_drift_06,,,,[1056],"[500, 1000]",0.6666666666666666,56.0,00:00:20,20.71521439999924,0.0138101429333328,0.0001,300.0,500.0,,,,,
LCDD,AdditionalLogs,sudden_drift_07,300.0,300.0,50.0,"[501, 913, 1324]","[500, 1000]",0.8,44.0,00:00:00,0.014217700001609,9.478466667739363e-06,,,,,,,,
Process Graph Metrics,AdditionalLogs,gradual_drift_06,,,,"[501, 982]","[500, 1000]",1.0,9.5,00:00:13,13.88326020000386,0.0099166144285741,0.0001,100.0,700.0,,,,,
Process Graph Metrics,AdditionalLogs,recurring_drift_04,,,,"[651, 1251]","[500, 1000]",0.5,151.0,00:00:01,1.9720084000000493,0.0013146722666666,0.005,400.0,700.0,,,,,
LCDD,AdditionalLogs,gradual_drift_03,400.0,400.0,50.0,"[412, 830, 1390]","[500, 1000]",0.8,129.0,00:00:00,0.0107398000036482,7.671285716891622e-06,,,,,,,,
Process Graph Metrics,AdditionalLogs,sudden_drift_02,,,,"[457, 1082, 1457]","[500, 1000]",0.8,62.5,00:00:01,1.1750967999978457,0.0007833978666652,0.1,300.0,600.0,,,,,
Process Graph Metrics,AdditionalLogs,gradual_drift_05,,,,"[483, 1009, 1332]","[500, 1000]",0.8,13.0,00:00:02,2.412897599999269,0.0017234982857137,0.05,200.0,600.0,,,,,
LCDD,AdditionalLogs,gradual_drift_08,300.0,300.0,5.0,"[323, 649, 950, 1278]","[500, 1000]",0.6666666666666666,99.5,00:00:00,0.0073905999961425,5.278999997244682e-06,,,,,,,,
LCDD,AdditionalLogs,recurring_drift_06,800.0,800.0,10.0,[939],"[500, 1000]",0.6666666666666666,61.0,00:00:00,0.2409059999990859,0.0001606039999993,,,,,,,,
Process Graph Metrics,AdditionalLogs,gradual_drift_02,,,,"[533, 1068]","[500, 1000]",1.0,50.5,00:00:08,8.735435200003849,0.0062395965714313,0.005,200.0,500.0,,,,,
LCDD,AdditionalLogs,gradual_drift_05,100.0,100.0,5.0,"[104, 207, 312, 425, 580, 680, 780, 891, 991, 1104, 1206, 1306]","[500, 1000]",0.2857142857142857,42.0,00:00:00,0.0200661999988369,1.433299999916926e-05,,,,,,,,
Process Graph Metrics,AdditionalLogs,gradual_drift_04,,,,"[600, 1218]","[500, 1000]",0.5,100.0,00:00:00,0.7409595999997691,0.0005292568571426,0.005,400.0,600.0,,,,,
LCDD,AdditionalLogs,sudden_drift_05,600.0,600.0,5.0,[1000],"[500, 1000]",0.6666666666666666,0.0,00:00:00,0.020567800005665,1.3711866670443366e-05,,,,,,,,
LCDD,AdditionalLogs,recurring_drift_05,300.0,300.0,100.0,"[302, 645, 951, 1319]","[500, 1000]",0.6666666666666666,97.0,00:00:00,0.018064999996568,1.2043333331045384e-05,,,,,,,,
LCDD,AdditionalLogs,sudden_drift_01,600.0,600.0,5.0,"[616, 1254]","[500, 1000]",0.5,116.0,00:00:00,0.0274940000017522,1.832933333450152e-05,,,,,,,,
Process Graph Metrics,AdditionalLogs,sudden_drift_04,,,,"[603, 1227]","[500, 1000]",0.5,103.0,00:00:02,2.9786834999977145,0.0019857889999984,0.0001,200.0,600.0,,,,,
Process Graph Metrics,AdditionalLogs,gradual_drift_08,,,,"[495, 1270]","[500, 1000]",0.5,5.0,00:00:01,1.6303740000003015,0.001164552857143,0.1,100.0,400.0,,,,,
Process Graph Metrics,AdditionalLogs,gradual_drift_08,,,,"[600, 1200]","[500, 1000]",1.0,150.0,00:00:00,0.1840834999966318,0.0001314882142833,0.1,400.0,700.0,,,,,
Process Graph Metrics,AdditionalLogs,recurring_drift_05,,,,"[592, 1111, 1673]","[500, 1000]",0.8,101.5,00:00:04,4.832396099998732,0.0032215973999991,0.0001,200.0,600.0,,,,,
LCDD,AdditionalLogs,sudden_drift_06,800.0,800.0,50.0,[805],"[500, 1000]",0.6666666666666666,195.0,00:00:00,0.0652315000043017,4.348766666953452e-05,,,,,,,,
LCDD,AdditionalLogs,sudden_drift_06,100.0,100.0,100.0,"[127, 235, 336, 451, 553, 666, 768, 878, 986, 1088, 1195, 1297, 1397]","[500, 1000]",0.2666666666666667,31.5,00:00:00,0.0761828999966383,5.078859999775886e-05,,,,,,,,
Process Graph Metrics,AdditionalLogs,gradual_drift_04,,,,[490],"[500, 1000]",0.6666666666666666,10.0,00:00:04,4.111876900002244,0.002937054928573,0.05,200.0,400.0,,,,,
LCDD,AdditionalLogs,recurring_drift_05,600.0,600.0,200.0,"[645, 1337]","[500, 1000]",0.5,145.0,00:00:00,0.0128748000061023,8.583200004068204e-06,,,,,,,,
LCDD,AdditionalLogs,recurring_drift_02,300.0,300.0,200.0,"[381, 686, 995, 1307]","[500, 1000]",0.6666666666666666,62.0,00:00:00,0.0288004999965778,1.9200333331051904e-05,,,,,,,,
Process Graph Metrics,AdditionalLogs,gradual_drift_03,,,,"[600, 1200]","[500, 1000]",1.0,150.0,00:00:00,0.2813125000029686,0.0002009375000021,0.05,400.0,600.0,,,,,
Process Graph Metrics,AdditionalLogs,sudden_drift_03,,,,[720],"[500, 1000]",,,00:00:00,0.3061596000043209,0.0002041064000028,0.0001,400.0,700.0,,,,,
LCDD,AdditionalLogs,sudden_drift_09,200.0,200.0,20.0,"[502, 1000, 1236]","[500, 1000]",0.8,1.0,00:00:00,0.0236251000023912,1.5750066668260844e-05,,,,,,,,
Process Graph Metrics,AdditionalLogs,gradual_drift_06,,,,"[464, 1004]","[500, 1000]",1.0,20.0,00:00:03,3.976714999997057,0.0028405107142836,0.1,300.0,600.0,,,,,
Process Graph Metrics,AdditionalLogs,gradual_drift_09,,,,"[519, 1042, 1492]","[500, 1000]",0.8,30.5,00:00:09,9.179296199996315,0.0065566401428545,0.1,200.0,400.0,,,,,
Process Graph Metrics,AdditionalLogs,recurring_drift_02,,,,"[779, 1758]","[500, 1000]",,,00:00:11,11.336450499999046,0.007557633666666,0.005,100.0,700.0,,,,,
Process Graph Metrics,AdditionalLogs,gradual_drift_08,,,,[],"[500, 1000]",,,00:00:17,17.05493540000316,0.0121820967142879,0.0001,300.0,600.0,,,,,
LCDD,AdditionalLogs,gradual_drift_08,1200.0,1200.0,5.0,[1235],"[500, 1000]",,,00:00:00,0.0098578000033739,7.041285716695711e-06,,,,,,,,
Process Graph Metrics,AdditionalLogs,sudden_drift_06,,,,"[541, 1081]","[500, 1000]",1.0,61.0,00:00:01,1.88336580000032,0.0012555772000002,0.1,300.0,500.0,,,,,
Process Graph Metrics,AdditionalLogs,recurring_drift_08,,,,"[717, 1365]","[500, 1000]",,,00:00:02,2.804435199999716,0.0018696234666664,0.1,300.0,600.0,,,,,
LCDD,AdditionalLogs,sudden_drift_04,800.0,800.0,20.0,[849],"[500, 1000]",0.6666666666666666,151.0,00:00:00,0.0170873000024585,1.1391533334972336e-05,,,,,,,,
LCDD,AdditionalLogs,recurring_drift_00,800.0,800.0,50.0,[881],"[500, 1000]",0.6666666666666666,119.0,00:00:00,0.0092135000013513,6.142333334234233e-06,,,,,,,,
Process Graph Metrics,AdditionalLogs,gradual_drift_05,,,,"[600, 1200]","[500, 1000]",1.0,150.0,00:00:00,0.2532873999953153,0.0001809195714252,0.05,400.0,500.0,,,,,
Process Graph Metrics,AdditionalLogs,sudden_drift_09,,,,"[592, 1111]","[500, 1000]",1.0,101.5,00:00:04,4.979829199997766,0.0033198861333318,0.0001,200.0,400.0,,,,,
Process Graph Metrics,AdditionalLogs,sudden_drift_08,,,,[726],"[500, 1000]",,,00:00:03,3.0766834000023664,0.0020511222666682,0.0001,100.0,500.0,,,,,
LCDD,AdditionalLogs,gradual_drift_05,200.0,200.0,10.0,"[201, 403, 627, 828, 1104, 1309]","[500, 1000]",0.5,100.5,00:00:00,0.0155158999987179,1.1082785713369958e-05,,,,,,,,
Process Graph Metrics,AdditionalLogs,gradual_drift_02,,,,[450],"[500, 1000]",0.6666666666666666,50.0,00:00:03,3.957518999995955,0.0028267992857113,0.005,300.0,400.0,,,,,
Process Graph Metrics,AdditionalLogs,sudden_drift_06,,,,[779],"[500, 1000]",,,00:00:38,38.21361720000277,0.0254757448000018,0.0001,300.0,700.0,,,,,
LCDD,AdditionalLogs,gradual_drift_08,200.0,200.0,100.0,"[208, 416, 649, 862, 1070, 1278]","[500, 1000]",0.5,77.0,00:00:00,0.010549999999057,7.53571428504074e-06,,,,,,,,
Process Graph Metrics,AdditionalLogs,gradual_drift_08,,,,"[600, 1200]","[500, 1000]",1.0,150.0,00:00:00,0.1685178000043379,0.0001203698571459,0.005,400.0,600.0,,,,,
LCDD,AdditionalLogs,recurring_drift_01,600.0,600.0,200.0,"[618, 1261]","[500, 1000]",0.5,118.0,00:00:00,0.0324703999940538,2.164693332936925e-05,,,,,,,,
LCDD,AdditionalLogs,sudden_drift_05,300.0,300.0,20.0,"[334, 643, 995, 1357]","[500, 1000]",0.6666666666666666,74.0,00:00:00,0.018345100004808,1.223006666987203e-05,,,,,,,,
LCDD,AdditionalLogs,gradual_drift_08,400.0,400.0,50.0,"[407, 862, 1315]","[500, 1000]",0.8,115.5,00:00:00,0.008892800004105,6.352000002932202e-06,,,,,,,,
LCDD,AdditionalLogs,gradual_drift_09,600.0,600.0,20.0,[920],"[500, 1000]",0.6666666666666666,80.0,00:00:00,0.0272575999988475,1.946971428489113e-05,,,,,,,,
Zheng DBSCAN,AdditionalLogs,recurring_drift_05,,,,"[np.float64(315.44444444444446), np.float64(519.88), np.float64(646.4), np.float64(718.1666666666666), np.float64(783.3333333333334), np.float64(843.0), np.float64(891.0), np.float64(1011.0322580645161), np.float64(1187.3), np.float64(1331.6666666666667), np.float64(1387.0), np.float64(1477.75)]","[500, 1000]",0.2857142857142857,15.456129032258048,00:00:00,0.3888309999965713,0.0002592206666643,,,,300.0,30.0,,,
Zheng DBSCAN,AdditionalLogs,recurring_drift_05,,,,"[np.float64(828.5697674418604), np.float64(1353.8), np.float64(1477.75)]","[500, 1000]",0.4,171.43023255813955,00:00:00,0.3888309999965713,0.0002592206666643,,,,300.0,60.0,,,
Zheng DBSCAN,AdditionalLogs,recurring_drift_05,,,,[np.float64(763.8362068965517)],"[500, 1000]",,,00:00:00,0.3888309999965713,0.0002592206666643,,,,300.0,90.0,,,
Zheng DBSCAN,AdditionalLogs,recurring_drift_05,,,,[np.float64(763.8362068965517)],"[500, 1000]",,,00:00:00,0.3888309999965713,0.0002592206666643,,,,300.0,120.0,,,
Zheng DBSCAN,AdditionalLogs,recurring_drift_05,,,,[np.float64(763.8362068965517)],"[500, 1000]",,,00:00:00,0.3888309999965713,0.0002592206666643,,,,300.0,150.0,,,
Process Graph Metrics,AdditionalLogs,sudden_drift_04,,,,"[567, 1175]","[500, 1000]",1.0,121.0,00:00:02,2.439818300001207,0.0016265455333341,0.1,200.0,400.0,,,,,
Process Graph Metrics,AdditionalLogs,gradual_drift_01,,,,"[360, 981, 1520]","[500, 1000]",0.8,79.5,00:00:00,0.9973710999984178,0.0007124079285702,0.1,200.0,500.0,,,,,
Process Graph Metrics,AdditionalLogs,recurring_drift_05,,,,"[586, 1126]","[500, 1000]",1.0,106.0,00:00:02,2.521321500003978,0.0016808810000026,0.005,300.0,400.0,,,,,
LCDD,AdditionalLogs,recurring_drift_09,1200.0,1200.0,150.0,[],"[500, 1000]",,,00:00:00,0.0244977999973343,1.633186666488958e-05,,,,,,,,
LCDD,AdditionalLogs,recurring_drift_02,600.0,600.0,50.0,"[637, 1258]","[500, 1000]",0.5,137.0,00:00:00,0.0273271999976714,1.8218133331780943e-05,,,,,,,,
Process Graph Metrics,AdditionalLogs,sudden_drift_03,,,,"[629, 1169]","[500, 1000]",1.0,149.0,00:00:02,2.585825299996941,0.0017238835333312,0.05,300.0,700.0,,,,,
LCDD,AdditionalLogs,gradual_drift_03,100.0,100.0,5.0,"[127, 246, 361, 475, 581, 738, 865, 972, 1082, 1187, 1299]","[500, 1000]",0.3076923076923077,26.5,00:00:00,0.0154836000001523,1.1059714285823118e-05,,,,,,,,
Process Graph Metrics,AdditionalLogs,sudden_drift_07,,,,"[560, 1100]","[500, 1000]",1.0,80.0,00:00:00,0.779893600003561,0.000519929066669,0.0001,300.0,700.0,,,,,
LCDD,AdditionalLogs,recurring_drift_03,200.0,200.0,20.0,"[219, 446, 657, 911, 1116, 1333]","[500, 1000]",0.5,71.5,00:00:00,0.0078407000037259,5.227133335817295e-06,,,,,,,,
Process Graph Metrics,AdditionalLogs,sudden_drift_02,,,,"[451, 1056, 1493]","[500, 1000]",0.8,52.5,00:00:02,2.299892200004251,0.0015332614666695,0.1,200.0,400.0,,,,,
Process Graph Metrics,AdditionalLogs,sudden_drift_00,,,,"[647, 1187]","[500, 1000]",1.0,167.0,00:00:02,2.592489700000442,0.0017283264666669,0.0001,300.0,600.0,,,,,
LCDD,AdditionalLogs,sudden_drift_02,100.0,100.0,100.0,"[100, 236, 336, 447, 548, 652, 755, 859, 959, 1059, 1192, 1299, 1409]","[500, 1000]",0.2666666666666667,44.5,00:00:00,0.0287549999993643,1.9169999999576247e-05,,,,,,,,
Process Graph Metrics,AdditionalLogs,recurring_drift_00,,,,"[561, 1101]","[500, 1000]",1.0,81.0,00:00:00,0.5555889000024763,0.0003703926000016,0.005,300.0,500.0,,,,,
Process Graph Metrics,AdditionalLogs,recurring_drift_00,,,,"[561, 1101]","[500, 1000]",1.0,81.0,00:00:00,0.6311821999988751,0.0004207881333325,0.0001,300.0,400.0,,,,,
Process Graph Metrics,AdditionalLogs,gradual_drift_09,,,,"[216, 495, 757, 1017, 1349]","[500, 1000]",0.5714285714285715,11.0,00:00:02,2.024219999999332,0.0014458714285709,0.1,100.0,700.0,,,,,
Process Graph Metrics,AdditionalLogs,sudden_drift_04,,,,"[600, 1294]","[500, 1000]",0.5,100.0,00:00:02,2.1905528999996022,0.0014603685999997,0.1,400.0,400.0,,,,,
LCDD,AdditionalLogs,recurring_drift_08,1200.0,1200.0,200.0,[1234],"[500, 1000]",,,00:00:00,0.0117475000006379,7.83166666709197e-06,,,,,,,,
Process Graph Metrics,AdditionalLogs,recurring_drift_08,,,,"[709, 1335]","[500, 1000]",,,00:00:03,3.37533280000207,0.002250221866668,0.05,200.0,500.0,,,,,
LCDD,AdditionalLogs,recurring_drift_01,300.0,300.0,50.0,"[348, 660, 977, 1277]","[500, 1000]",0.6666666666666666,87.5,00:00:00,0.030460399997537,2.030693333169135e-05,,,,,,,,
Process Graph Metrics,AdditionalLogs,recurring_drift_04,,,,"[624, 1164]","[500, 1000]",1.0,144.0,00:00:02,2.927981600005296,0.0019519877333368,0.05,100.0,400.0,,,,,
Process Graph Metrics,AdditionalLogs,sudden_drift_05,,,,[564],"[500, 1000]",0.6666666666666666,64.0,00:00:04,4.801731300001848,0.0032011542000012,0.0001,300.0,600.0,,,,,
LCDD,AdditionalLogs,sudden_drift_01,200.0,200.0,5.0,"[213, 448, 795, 1000, 1254]","[500, 1000]",0.5714285714285715,26.0,00:00:00,0.0234786000000895,1.5652400000059668e-05,,,,,,,,
Process Graph Metrics,AdditionalLogs,recurring_drift_04,,,,"[638, 1286]","[500, 1000]",0.5,138.0,00:00:03,3.630871299996216,0.0024205808666641,0.005,100.0,700.0,,,,,
Process Graph Metrics,AdditionalLogs,sudden_drift_05,,,,[539],"[500, 1000]",0.6666666666666666,39.0,00:00:06,6.065807799997856,0.0040438718666652,0.05,100.0,600.0,,,,,
Process Graph Metrics,AdditionalLogs,sudden_drift_00,,,,"[553, 1174]","[500, 1000]",1.0,113.5,00:00:03,3.141315000000759,0.0020942100000005,0.005,200.0,700.0,,,,,
LCDD,AdditionalLogs,recurring_drift_03,1200.0,1200.0,100.0,[1348],"[500, 1000]",,,00:00:00,0.0099336999992374,6.622466666158289e-06,,,,,,,,
Zheng DBSCAN,AdditionalLogs,recurring_drift_01,,,,"[np.float64(503.5), np.float64(660.8571428571429), np.float64(989.2857142857143), np.float64(1261.0)]","[500, 1000]",0.6666666666666666,7.107142857142833,00:00:00,0.4348266999950283,0.0002898844666633,,,,500.0,50.0,,,
Zheng DBSCAN,AdditionalLogs,recurring_drift_01,,,,"[np.float64(660.8571428571429), np.float64(989.2857142857143), np.float64(1261.0)]","[500, 1000]",0.8,85.78571428571428,00:00:00,0.4348266999950283,0.0002898844666633,,,,500.0,100.0,,,
Zheng DBSCAN,AdditionalLogs,recurring_drift_01,,,,"[np.float64(548.1875), np.float64(989.2857142857143), np.float64(1261.0)]","[500, 1000]",0.8,29.45089285714284,00:00:00,0.4348266999950283,0.0002898844666633,,,,500.0,150.0,,,
Zheng DBSCAN,AdditionalLogs,recurring_drift_01,,,,"[np.float64(548.1875), np.float64(989.2857142857143), np.float64(1261.0)]","[500, 1000]",0.8,29.45089285714284,00:00:00,0.4348266999950283,0.0002898844666633,,,,500.0,200.0,,,
Zheng DBSCAN,AdditionalLogs,recurring_drift_01,,,,[np.float64(706.5416666666666)],"[500, 1000]",,,00:00:00,0.4348266999950283,0.0002898844666633,,,,500.0,250.0,,,
LCDD,AdditionalLogs,sudden_drift_08,300.0,300.0,5.0,"[308, 626, 932, 1233]","[500, 1000]",0.6666666666666666,97.0,00:00:00,0.0119287999987136,7.95253333247577e-06,,,,,,,,
Process Graph Metrics,AdditionalLogs,recurring_drift_01,,,,"[565, 1015, 1555]","[500, 1000]",0.8,40.0,00:00:01,1.3554092000049422,0.0009036061333366,0.05,300.0,400.0,,,,,
Process Graph Metrics,AdditionalLogs,recurring_drift_07,,,,"[465, 1005]","[500, 1000]",1.0,20.0,00:00:00,0.5916347999955178,0.000394423199997,0.05,300.0,700.0,,,,,
LCDD,AdditionalLogs,gradual_drift_02,400.0,400.0,150.0,"[412, 815, 1245]","[500, 1000]",0.8,136.5,00:00:00,0.0215706999952089,1.5407642853720712e-05,,,,,,,,
LCDD,AdditionalLogs,gradual_drift_03,1200.0,1200.0,150.0,[1390],"[500, 1000]",,,00:00:00,0.0107168000031379,7.654857145098503e-06,,,,,,,,
Process Graph Metrics,AdditionalLogs,sudden_drift_08,,,,"[716, 1079]","[500, 1000]",0.5,79.0,00:00:00,0.9141889000020456,0.000609459266668,0.005,100.0,500.0,,,,,
Process Graph Metrics,AdditionalLogs,gradual_drift_03,,,,"[530, 1083]","[500, 1000]",1.0,56.5,00:00:02,2.142609199996514,0.0015304351428546,0.005,300.0,700.0,,,,,
Process Graph Metrics,AdditionalLogs,sudden_drift_07,,,,"[528, 1062]","[500, 1000]",1.0,45.0,00:00:04,4.2516785000043456,0.0028344523333362,0.005,300.0,600.0,,,,,
LCDD,AdditionalLogs,recurring_drift_02,100.0,100.0,100.0,"[104, 206, 307, 412, 512, 637, 738, 841, 941, 1041, 1148, 1252, 1352, 1468]","[500, 1000]",0.25,26.5,00:00:00,0.0266230999986873,1.7748733332458262e-05,,,,,,,,
Process Graph Metrics,AdditionalLogs,sudden_drift_00,,,,"[528, 1091, 1424]","[500, 1000]",0.8,59.5,00:00:01,1.7746028999972625,0.0011830685999981,0.1,300.0,500.0,,,,,
Process Graph Metrics,AdditionalLogs,recurring_drift_01,,,,[1136],"[500, 1000]",0.6666666666666666,136.0,00:00:05,5.99151890000212,0.0039943459333347,0.0001,200.0,600.0,,,,,
LCDD,AdditionalLogs,recurring_drift_01,1200.0,1200.0,200.0,[1261],"[500, 1000]",,,00:00:00,0.0300373999998555,2.0024933333237035e-05,,,,,,,,
Process Graph Metrics,AdditionalLogs,sudden_drift_05,,,,"[557, 1432]","[500, 1000]",0.5,57.0,00:00:05,5.4679733000011765,0.0036453155333341,0.05,200.0,600.0,,,,,
LCDD,AdditionalLogs,sudden_drift_08,1200.0,1200.0,50.0,[1233],"[500, 1000]",,,00:00:00,0.0125151000029291,8.343400001952735e-06,,,,,,,,
LCDD,AdditionalLogs,sudden_drift_01,800.0,800.0,20.0,[921],"[500, 1000]",0.6666666666666666,79.0,00:00:00,0.0316757000036886,2.111713333579245e-05,,,,,,,,
Process Graph Metrics,AdditionalLogs,gradual_drift_09,,,,"[540, 1044]","[500, 1000]",1.0,42.0,00:00:07,7.542248900004779,0.0053873206428605,0.005,300.0,700.0,,,,,
LCDD,AdditionalLogs,sudden_drift_01,200.0,200.0,100.0,"[213, 448, 795, 1000, 1254]","[500, 1000]",0.5714285714285715,26.0,00:00:00,0.1782487000018591,0.0001188324666679,,,,,,,,
Process Graph Metrics,AdditionalLogs,recurring_drift_05,,,,"[587, 1106, 1625]","[500, 1000]",0.8,96.5,00:00:03,3.694940400004272,0.0024632936000028,0.005,200.0,700.0,,,,,
LCDD,AdditionalLogs,sudden_drift_01,1200.0,1200.0,50.0,[1254],"[500, 1000]",,,00:00:00,0.0289291000008233,1.928606666721559e-05,,,,,,,,
Process Graph Metrics,AdditionalLogs,gradual_drift_01,,,,"[432, 1182]","[500, 1000]",1.0,125.0,00:00:01,1.148693800001638,0.0008204955714297,0.005,200.0,600.0,,,,,
LCDD,AdditionalLogs,gradual_drift_02,200.0,200.0,10.0,"[231, 442, 651, 887, 1105, 1319]","[500, 1000]",0.5,81.5,00:00:00,0.0269412999987253,1.9243785713375213e-05,,,,,,,,
LCDD,AdditionalLogs,recurring_drift_07,800.0,800.0,5.0,[],"[500, 1000]",,,00:00:00,0.146269900003972,9.751326666931468e-05,,,,,,,,
Process Graph Metrics,AdditionalLogs,recurring_drift_01,,,,"[779, 1529]","[500, 1000]",,,00:00:00,0.8742730000012671,0.0005828486666675,0.005,300.0,600.0,,,,,
Process Graph Metrics,AdditionalLogs,recurring_drift_08,,,,"[1109, 1646]","[500, 1000]",0.5,109.0,00:00:04,4.490791600001103,0.0029938610666674,0.0001,300.0,400.0,,,,,
LCDD,AdditionalLogs,recurring_drift_09,200.0,200.0,10.0,"[500, 1000]","[500, 1000]",1.0,0.0,00:00:00,0.0307747999977436,2.0516533331829124e-05,,,,,,,,
LCDD,AdditionalLogs,sudden_drift_03,1200.0,1200.0,10.0,[],"[500, 1000]",,,00:00:00,0.0107891000006929,7.192733333795331e-06,,,,,,,,
Zheng DBSCAN,AdditionalLogs,gradual_drift_08,,,,"[np.float64(976.8947368421053), np.float64(1304.4)]","[500, 1000]",0.5,23.105263157894683,00:00:00,0.5779522999946494,0.0004128230714247,,,,800.0,80.0,,,
Zheng DBSCAN,AdditionalLogs,gradual_drift_08,,,,[np.float64(1045.125)],"[500, 1000]",0.6666666666666666,45.125,00:00:00,0.5779522999946494,0.0004128230714247,,,,800.0,160.0,,,
Zheng DBSCAN,AdditionalLogs,gradual_drift_08,,,,[np.float64(1045.125)],"[500, 1000]",0.6666666666666666,45.125,00:00:00,0.5779522999946494,0.0004128230714247,,,,800.0,240.0,,,
Zheng DBSCAN,AdditionalLogs,gradual_drift_08,,,,[],"[500, 1000]",,,00:00:00,0.5779522999946494,0.0004128230714247,,,,800.0,320.0,,,
Zheng DBSCAN,AdditionalLogs,gradual_drift_08,,,,[],"[500, 1000]",,,00:00:00,0.5779522999946494,0.0004128230714247,,,,800.0,400.0,,,
LCDD,AdditionalLogs,gradual_drift_07,600.0,600.0,150.0,[713],"[500, 1000]",,,00:00:00,0.0107946999996784,7.710499999770297e-06,,,,,,,,
Process Graph Metrics,AdditionalLogs,gradual_drift_05,,,,"[600, 1200]","[500, 1000]",1.0,150.0,00:00:00,0.2709250999978394,0.0001935179285698,0.005,400.0,500.0,,,,,
LCDD,AdditionalLogs,gradual_drift_06,600.0,600.0,20.0,[923],"[500, 1000]",0.6666666666666666,77.0,00:00:00,0.0593041000029188,4.2360071430656326e-05,,,,,,,,
Process Graph Metrics,AdditionalLogs,sudden_drift_04,,,,[609],"[500, 1000]",0.6666666666666666,109.0,00:00:02,2.645843000005698,0.0017638953333371,0.0001,300.0,400.0,,,,,
LCDD,AdditionalLogs,recurring_drift_08,1200.0,1200.0,100.0,[1234],"[500, 1000]",,,00:00:00,0.0117985999968368,7.86573333122457e-06,,,,,,,,
Process Graph Metrics,AdditionalLogs,sudden_drift_08,,,,"[541, 1081]","[500, 1000]",1.0,61.0,00:00:00,0.3142394000024069,0.0002094929333349,0.05,300.0,600.0,,,,,
LCDD,AdditionalLogs,recurring_drift_01,100.0,100.0,150.0,"[101, 263, 363, 504, 618, 734, 838, 977, 1090, 1207, 1382]","[500, 1000]",0.3076923076923077,13.5,00:00:00,0.1581187999981921,0.0001054125333321,,,,,,,,
Process Graph Metrics,AdditionalLogs,recurring_drift_03,,,,"[312, 624, 1027, 1675]","[500, 1000]",0.6666666666666666,75.5,00:00:00,0.8907767999990028,0.0005938511999993,0.05,100.0,600.0,,,,,
LCDD,AdditionalLogs,recurring_drift_04,400.0,400.0,150.0,"[500, 1000, 1475]","[500, 1000]",0.8,0.0,00:00:00,0.0114403000043239,7.626866669549296e-06,,,,,,,,
Zheng DBSCAN,AdditionalLogs,recurring_drift_05,,,,"[np.float64(517.9375), np.float64(689.8888888888889), np.float64(778.5), np.float64(991.5357142857143), np.float64(1201.6666666666667), np.float64(1331.6666666666667), np.float64(1392.0), np.float64(1475.5)]","[500, 1000]",0.4,13.200892857142833,00:00:00,0.3936508000042522,0.0002624338666695,,,,400.0,40.0,,,
Zheng DBSCAN,AdditionalLogs,recurring_drift_05,,,,[np.float64(886.0298507462686)],"[500, 1000]",0.6666666666666666,113.9701492537314,00:00:00,0.3936508000042522,0.0002624338666695,,,,400.0,80.0,,,
Zheng DBSCAN,AdditionalLogs,recurring_drift_05,,,,[np.float64(797.3116883116883)],"[500, 1000]",,,00:00:00,0.3936508000042522,0.0002624338666695,,,,400.0,120.0,,,
Zheng DBSCAN,AdditionalLogs,recurring_drift_05,,,,[np.float64(797.3116883116883)],"[500, 1000]",,,00:00:00,0.3936508000042522,0.0002624338666695,,,,400.0,160.0,,,
Zheng DBSCAN,AdditionalLogs,recurring_drift_05,,,,[np.float64(797.3116883116883)],"[500, 1000]",,,00:00:00,0.3936508000042522,0.0002624338666695,,,,400.0,200.0,,,
Process Graph Metrics,AdditionalLogs,recurring_drift_06,,,,"[750, 980, 1197]","[500, 1000]",0.4,20.0,00:00:04,4.0195155999972485,0.0026796770666648,0.05,300.0,600.0,,,,,
LCDD,AdditionalLogs,sudden_drift_04,300.0,300.0,100.0,"[337, 849, 1186, 1492]","[500, 1000]",0.6666666666666666,157.0,00:00:00,0.015423600001668,1.028240000111206e-05,,,,,,,,
LCDD,AdditionalLogs,recurring_drift_04,1200.0,1200.0,150.0,[],"[500, 1000]",,,00:00:00,0.0079526999979862,5.301799998657468e-06,,,,,,,,
LCDD,AdditionalLogs,sudden_drift_06,800.0,800.0,20.0,[805],"[500, 1000]",0.6666666666666666,195.0,00:00:00,0.0793402000053902,5.2893466670260144e-05,,,,,,,,
Process Graph Metrics,AdditionalLogs,recurring_drift_00,,,,"[531, 1059]","[500, 1000]",1.0,45.0,00:00:03,3.150122599996393,0.0021000817333309,0.05,300.0,600.0,,,,,
Process Graph Metrics,AdditionalLogs,recurring_drift_07,,,,"[512, 962]","[500, 1000]",1.0,25.0,00:00:01,1.8496711999978288,0.0012331141333318,0.005,100.0,500.0,,,,,
LCDD,AdditionalLogs,gradual_drift_09,300.0,300.0,5.0,"[408, 920]","[500, 1000]",1.0,86.0,00:00:00,0.0223331000015605,1.5952214286828945e-05,,,,,,,,
LCDD,AdditionalLogs,sudden_drift_00,600.0,600.0,20.0,[646],"[500, 1000]",0.6666666666666666,146.0,00:00:00,0.0097302000067429,6.486800004495308e-06,,,,,,,,
Process Graph Metrics,AdditionalLogs,sudden_drift_08,,,,"[540, 1080]","[500, 1000]",1.0,60.0,00:00:00,0.2649375999972108,0.0001766250666648,0.1,300.0,600.0,,,,,
Process Graph Metrics,AdditionalLogs,recurring_drift_07,,,,"[304, 604, 904]","[500, 1000]",0.8,100.0,00:00:00,0.3824185999983456,0.0002549457333322,0.1,200.0,700.0,,,,,
Process Graph Metrics,AdditionalLogs,recurring_drift_03,,,,"[300, 600, 960, 1710]","[500, 1000]",0.6666666666666666,70.0,00:00:00,0.3867222000044421,0.0002578148000029,0.1,200.0,600.0,,,,,
LCDD,AdditionalLogs,sudden_drift_07,200.0,200.0,50.0,"[501, 913, 1324]","[500, 1000]",0.8,44.0,00:00:00,0.0112310999975306,7.487399998353794e-06,,,,,,,,
LCDD,AdditionalLogs,sudden_drift_03,300.0,300.0,100.0,"[359, 688, 1009, 1362]","[500, 1000]",0.6666666666666666,75.0,00:00:00,0.0076845000003231,5.123000000215446e-06,,,,,,,,
Process Graph Metrics,AdditionalLogs,gradual_drift_05,,,,"[498, 1041]","[500, 1000]",1.0,21.5,00:00:05,5.740795899997465,0.0041005684999981,0.0001,100.0,500.0,,,,,
LCDD,AdditionalLogs,recurring_drift_08,300.0,300.0,100.0,"[324, 699, 1002, 1324]","[500, 1000]",0.6666666666666666,89.0,00:00:00,0.0104898999998113,6.993266666540876e-06,,,,,,,,
Process Graph Metrics,AdditionalLogs,recurring_drift_05,,,,"[604, 1144]","[500, 1000]",1.0,124.0,00:00:03,3.2745839999988675,0.0021830559999992,0.0001,300.0,700.0,,,,,
Process Graph Metrics,AdditionalLogs,sudden_drift_04,,,,"[555, 1334]","[500, 1000]",0.5,55.0,00:00:03,3.490311900000961,0.0023268746000006,0.05,100.0,700.0,,,,,
Process Graph Metrics,AdditionalLogs,gradual_drift_00,,,,"[611, 1151]","[500, 1000]",1.0,131.0,00:00:01,1.648912399999972,0.0011777945714285,0.1,300.0,600.0,,,,,
LCDD,AdditionalLogs,recurring_drift_07,600.0,600.0,20.0,[],"[500, 1000]",,,00:00:00,0.0191625000006752,1.277500000045014e-05,,,,,,,,
LCDD,AdditionalLogs,gradual_drift_01,100.0,100.0,20.0,"[104, 221, 331, 441, 542, 647, 749, 860, 964, 1072, 1179, 1281, 1384]","[500, 1000]",0.2666666666666667,39.0,00:00:00,0.0256798999980674,1.8342785712905296e-05,,,,,,,,
LCDD,AdditionalLogs,sudden_drift_05,100.0,100.0,150.0,"[117, 218, 334, 441, 550, 650, 787, 893, 994, 1102, 1204, 1305, 1405]","[500, 1000]",0.2666666666666667,28.0,00:00:00,0.0184206000049016,1.2280400003267762e-05,,,,,,,,
LCDD,AdditionalLogs,gradual_drift_08,100.0,100.0,20.0,"[105, 208, 312, 416, 530, 649, 757, 858, 976, 1096, 1197, 1306]","[500, 1000]",0.2857142857142857,27.0,00:00:00,0.0107101000030525,7.650071430751787e-06,,,,,,,,
LCDD,AdditionalLogs,sudden_drift_01,600.0,600.0,200.0,"[616, 1254]","[500, 1000]",0.5,116.0,00:00:00,0.0313798999995924,2.0919933333061635e-05,,,,,,,,
Process Graph Metrics,AdditionalLogs,sudden_drift_06,,,,"[612, 1212]","[500, 1000]",0.5,112.0,00:00:03,3.867953299995861,0.0025786355333305,0.1,400.0,500.0,,,,,
Process Graph Metrics,AdditionalLogs,sudden_drift_03,,,,[651],"[500, 1000]",0.6666666666666666,151.0,00:00:01,1.7968135999981314,0.001197875733332,0.005,400.0,400.0,,,,,
LCDD,AdditionalLogs,sudden_drift_05,300.0,300.0,100.0,"[334, 643, 995, 1357]","[500, 1000]",0.6666666666666666,74.0,00:00:00,0.0138241000022389,9.216066668159328e-06,,,,,,,,
Zheng DBSCAN,AdditionalLogs,gradual_drift_02,,,,"[np.float64(713.7058823529412), np.float64(1043.4074074074074), np.float64(1332.5)]","[500, 1000]",0.4,43.40740740740739,00:00:00,0.4486108000055537,0.0003204362857182,,,,600.0,60.0,,,
Zheng DBSCAN,AdditionalLogs,gradual_drift_02,,,,[np.float64(767.796875)],"[500, 1000]",,,00:00:00,0.4486108000055537,0.0003204362857182,,,,600.0,120.0,,,
Zheng DBSCAN,AdditionalLogs,gradual_drift_02,,,,[np.float64(767.796875)],"[500, 1000]",,,00:00:00,0.4486108000055537,0.0003204362857182,,,,600.0,180.0,,,
Zheng DBSCAN,AdditionalLogs,gradual_drift_02,,,,[np.float64(767.796875)],"[500, 1000]",,,00:00:00,0.4486108000055537,0.0003204362857182,,,,600.0,240.0,,,
Zheng DBSCAN,AdditionalLogs,gradual_drift_02,,,,[np.float64(767.796875)],"[500, 1000]",,,00:00:00,0.4486108000055537,0.0003204362857182,,,,600.0,300.0,,,
Process Graph Metrics,AdditionalLogs,recurring_drift_03,,,,"[300, 600, 961, 1711]","[500, 1000]",0.6666666666666666,69.5,00:00:00,0.3664506000059191,0.0002443004000039,0.05,200.0,600.0,,,,,
Process Graph Metrics,AdditionalLogs,gradual_drift_01,,,,"[600, 1261]","[500, 1000]",0.5,100.0,00:00:00,0.5103624999974272,0.0003645446428553,0.1,400.0,400.0,,,,,
LCDD,AdditionalLogs,gradual_drift_04,800.0,800.0,10.0,[909],"[500, 1000]",0.6666666666666666,91.0,00:00:00,0.0111937999972724,7.995571426623168e-06,,,,,,,,
LCDD,AdditionalLogs,recurring_drift_05,300.0,300.0,200.0,"[302, 645, 951, 1319]","[500, 1000]",0.6666666666666666,97.0,00:00:00,0.0224312999998801,1.4954199999920093e-05,,,,,,,,
Process Graph Metrics,AdditionalLogs,sudden_drift_05,,,,"[557, 1635]","[500, 1000]",0.5,57.0,00:00:08,8.3691198000015,0.0055794132000009,0.05,200.0,500.0,,,,,
Process Graph Metrics,AdditionalLogs,recurring_drift_04,,,,"[624, 1164]","[500, 1000]",1.0,144.0,00:00:02,2.78216429999884,0.0018547761999992,0.05,300.0,500.0,,,,,
Process Graph Metrics,AdditionalLogs,sudden_drift_05,,,,[564],"[500, 1000]",0.6666666666666666,64.0,00:00:05,5.135115099998075,0.0034234100666653,0.0001,100.0,700.0,,,,,
Process Graph Metrics,AdditionalLogs,gradual_drift_06,,,,"[495, 988]","[500, 1000]",1.0,8.5,00:00:18,18.541440500004683,0.0132438860714319,0.0001,200.0,500.0,,,,,
LCDD,AdditionalLogs,gradual_drift_02,100.0,100.0,20.0,"[102, 231, 334, 436, 540, 642, 743, 856, 956, 1063, 1167, 1272, 1374]","[500, 1000]",0.2666666666666667,42.0,00:00:00,0.0218222999974386,1.5587357141027626e-05,,,,,,,,
LCDD,AdditionalLogs,sudden_drift_05,100.0,100.0,200.0,"[117, 218, 334, 441, 550, 650, 787, 893, 994, 1102, 1204, 1305, 1405]","[500, 1000]",0.2666666666666667,28.0,00:00:00,0.1411364000014145,9.40909333342764e-05,,,,,,,,
LCDD,AdditionalLogs,sudden_drift_06,1200.0,1200.0,10.0,[1205],"[500, 1000]",,,00:00:00,0.074157600000035,4.943840000002335e-05,,,,,,,,
Process Graph Metrics,AdditionalLogs,gradual_drift_02,,,,[450],"[500, 1000]",0.6666666666666666,50.0,00:00:00,0.932386399996176,0.0006659902857115,0.0001,300.0,500.0,,,,,
LCDD,AdditionalLogs,gradual_drift_06,300.0,300.0,100.0,"[411, 725, 1028, 1392]","[500, 1000]",0.6666666666666666,58.5,00:00:00,0.0540274000013596,3.859100000097117e-05,,,,,,,,
Process Graph Metrics,AdditionalLogs,sudden_drift_02,,,,"[457, 1082, 1457]","[500, 1000]",0.8,62.5,00:00:01,1.2017706999977236,0.0008011804666651,0.1,300.0,700.0,,,,,
Process Graph Metrics,AdditionalLogs,sudden_drift_05,,,,"[534, 1446]","[500, 1000]",0.5,34.0,00:00:06,6.196113600002718,0.0041307424000018,0.1,200.0,600.0,,,,,
LCDD,AdditionalLogs,sudden_drift_02,200.0,200.0,10.0,"[236, 447, 654, 854, 1055, 1257, 1469]","[500, 1000]",0.4444444444444445,54.0,00:00:00,0.0325721999979577,2.171479999863853e-05,,,,,,,,
Process Graph Metrics,AdditionalLogs,recurring_drift_02,,,,"[751, 1748]","[500, 1000]",,,00:00:15,15.107029899998452,0.0100713532666656,0.005,200.0,700.0,,,,,
Process Graph Metrics,AdditionalLogs,gradual_drift_06,,,,"[501, 982]","[500, 1000]",1.0,9.5,00:00:13,13.87224419999984,0.0099087458571427,0.0001,100.0,500.0,,,,,
Process Graph Metrics,AdditionalLogs,gradual_drift_01,,,,"[555, 1095]","[500, 1000]",1.0,75.0,00:00:07,7.378934200001822,0.0052706672857155,0.0001,100.0,400.0,,,,,
Process Graph Metrics,AdditionalLogs,gradual_drift_02,,,,"[600, 1200]","[500, 1000]",1.0,150.0,00:00:00,0.3649081000039587,0.0002606486428599,0.05,400.0,600.0,,,,,
LCDD,AdditionalLogs,gradual_drift_09,800.0,800.0,20.0,[920],"[500, 1000]",0.6666666666666666,80.0,00:00:00,0.0196442999949795,1.40316428535568e-05,,,,,,,,
LCDD,AdditionalLogs,gradual_drift_07,1200.0,1200.0,150.0,[],"[500, 1000]",,,00:00:00,0.010411600000225,7.436857143017862e-06,,,,,,,,
Process Graph Metrics,AdditionalLogs,gradual_drift_03,,,,"[520, 1053]","[500, 1000]",1.0,36.5,00:00:02,2.212833600002341,0.0015805954285731,0.05,200.0,700.0,,,,,
LCDD,AdditionalLogs,recurring_drift_07,800.0,800.0,10.0,[],"[500, 1000]",,,00:00:00,0.0139550999956554,9.303399997103648e-06,,,,,,,,
Process Graph Metrics,AdditionalLogs,sudden_drift_04,,,,"[601, 1201]","[500, 1000]",0.5,101.0,00:00:00,0.3248333000010461,0.000216555533334,0.005,400.0,600.0,,,,,
Process Graph Metrics,AdditionalLogs,gradual_drift_03,,,,"[558, 1098]","[500, 1000]",1.0,78.0,00:00:00,0.8187057000031928,0.0005847897857165,0.0001,300.0,600.0,,,,,
Process Graph Metrics,AdditionalLogs,sudden_drift_09,,,,[600],"[500, 1000]",0.6666666666666666,100.0,00:00:00,0.5117709999976796,0.0003411806666651,0.005,400.0,400.0,,,,,
LCDD,AdditionalLogs,recurring_drift_08,200.0,200.0,5.0,"[211, 413, 614, 815, 1030, 1230, 1495]","[500, 1000]",0.4444444444444445,58.5,00:00:00,0.0123954000009689,8.263600000645966e-06,,,,,,,,
Process Graph Metrics,AdditionalLogs,sudden_drift_06,,,,"[612, 1394]","[500, 1000]",0.5,112.0,00:00:05,5.33439720000024,0.0035562648000001,0.1,400.0,400.0,,,,,
Process Graph Metrics,AdditionalLogs,gradual_drift_00,,,,"[632, 1256]","[500, 1000]",0.5,132.0,00:00:00,0.4836135000005015,0.000345438214286,0.05,200.0,700.0,,,,,
LCDD,AdditionalLogs,sudden_drift_05,600.0,600.0,100.0,[1000],"[500, 1000]",0.6666666666666666,0.0,00:00:00,0.0147825999956694,9.85506666377963e-06,,,,,,,,
LCDD,AdditionalLogs,gradual_drift_05,200.0,200.0,100.0,"[201, 403, 627, 828, 1104, 1309]","[500, 1000]",0.5,100.5,00:00:00,0.015125199999602,1.0803714285430031e-05,,,,,,,,
LCDD,AdditionalLogs,gradual_drift_09,1200.0,1200.0,10.0,[],"[500, 1000]",,,00:00:00,0.0215348999990965,1.538207142792609e-05,,,,,,,,
Process Graph Metrics,AdditionalLogs,sudden_drift_02,,,,"[600, 1204]","[500, 1000]",0.5,100.0,00:00:00,0.869706600002246,0.0005798044000014,0.05,400.0,600.0,,,,,
Process Graph Metrics,AdditionalLogs,gradual_drift_08,,,,[1057],"[500, 1000]",0.6666666666666666,57.0,00:00:17,17.086123599998245,0.0122043739999987,0.0001,300.0,400.0,,,,,
LCDD,AdditionalLogs,recurring_drift_09,200.0,200.0,150.0,"[500, 1000]","[500, 1000]",1.0,0.0,00:00:00,0.0226665000009234,1.5111000000615605e-05,,,,,,,,
Process Graph Metrics,AdditionalLogs,sudden_drift_08,,,,"[548, 1024, 1596]","[500, 1000]",0.8,36.0,00:00:02,2.403281600003538,0.0016021877333356,0.1,100.0,600.0,,,,,
LCDD,AdditionalLogs,recurring_drift_05,100.0,100.0,20.0,"[113, 215, 315, 423, 523, 632, 734, 836, 945, 1053, 1154, 1259, 1361, 1465]","[500, 1000]",0.25,38.0,00:00:00,0.0171031999998376,1.1402133333225114e-05,,,,,,,,
Zheng DBSCAN,AdditionalLogs,recurring_drift_06,,,,"[np.float64(530.8571428571429), np.float64(693.0), np.float64(838.5), np.float64(975.0), np.float64(1231.0), np.float64(1401.0)]","[500, 1000]",0.5,27.928571428571445,00:00:00,0.7535610000049928,0.0005023740000033,,,,500.0,50.0,,,
Zheng DBSCAN,AdditionalLogs,recurring_drift_06,,,,"[np.float64(589.8181818181819), np.float64(947.7), np.float64(1231.0), np.float64(1401.0)]","[500, 1000]",0.6666666666666666,71.05909090909091,00:00:00,0.7535610000049928,0.0005023740000033,,,,500.0,100.0,,,
Zheng DBSCAN,AdditionalLogs,recurring_drift_06,,,,"[np.float64(760.2380952380952), np.float64(1231.0), np.float64(1401.0)]","[500, 1000]",,,00:00:00,0.7535610000049928,0.0005023740000033,,,,500.0,150.0,,,
Zheng DBSCAN,AdditionalLogs,recurring_drift_06,,,,"[np.float64(760.2380952380952), np.float64(1316.0)]","[500, 1000]",,,00:00:00,0.7535610000049928,0.0005023740000033,,,,500.0,200.0,,,
Zheng DBSCAN,AdditionalLogs,recurring_drift_06,,,,[np.float64(808.5652173913044)],"[500, 1000]",0.6666666666666666,191.43478260869563,00:00:00,0.7535610000049928,0.0005023740000033,,,,500.0,250.0,,,
Process Graph Metrics,AdditionalLogs,recurring_drift_02,,,,"[779, 1758]","[500, 1000]",,,00:00:11,11.832605700001295,0.0078884038000008,0.005,300.0,700.0,,,,,
LCDD,AdditionalLogs,sudden_drift_07,100.0,100.0,5.0,"[100, 206, 319, 436, 567, 675, 782, 885, 1004, 1324, 1432]","[500, 1000]",0.3076923076923077,34.0,00:00:00,0.0163205999997444,1.088039999982963e-05,,,,,,,,
LCDD,AdditionalLogs,gradual_drift_02,1200.0,1200.0,150.0,[1245],"[500, 1000]",,,00:00:00,0.0231902000014088,1.6564428572434864e-05,,,,,,,,
Zheng DBSCAN,AdditionalLogs,gradual_drift_03,,,,"[np.float64(999.9333333333333), np.float64(1390.0)]","[500, 1000]",0.5,0.0666666666667197,00:00:00,0.3545755000013741,0.0002532682142866,,,,700.0,70.0,,,
Zheng DBSCAN,AdditionalLogs,gradual_drift_03,,,,"[np.float64(999.9333333333333), np.float64(1390.0)]","[500, 1000]",0.5,0.0666666666667197,00:00:00,0.3545755000013741,0.0002532682142866,,,,700.0,140.0,,,
Zheng DBSCAN,AdditionalLogs,gradual_drift_03,,,,[np.float64(775.6071428571429)],"[500, 1000]",,,00:00:00,0.3545755000013741,0.0002532682142866,,,,700.0,210.0,,,
Zheng DBSCAN,AdditionalLogs,gradual_drift_03,,,,[np.float64(775.6071428571429)],"[500, 1000]",,,00:00:00,0.3545755000013741,0.0002532682142866,,,,700.0,280.0,,,
Zheng DBSCAN,AdditionalLogs,gradual_drift_03,,,,[np.float64(775.6071428571429)],"[500, 1000]",,,00:00:00,0.3545755000013741,0.0002532682142866,,,,700.0,350.0,,,
LCDD,AdditionalLogs,recurring_drift_05,300.0,300.0,150.0,"[302, 645, 951, 1319]","[500, 1000]",0.6666666666666666,97.0,00:00:00,0.0177402000044821,1.1826800002988115e-05,,,,,,,,
LCDD,AdditionalLogs,recurring_drift_07,1200.0,1200.0,150.0,[],"[500, 1000]",,,00:00:00,0.0136755999992601,9.11706666617344e-06,,,,,,,,
Process Graph Metrics,AdditionalLogs,gradual_drift_01,,,,"[555, 1095]","[500, 1000]",1.0,75.0,00:00:06,6.947552099998575,0.0049625372142846,0.0001,300.0,400.0,,,,,
Zheng DBSCAN,AdditionalLogs,sudden_drift_05,,,,"[np.float64(430.8), np.float64(516.1), np.float64(638.2), np.float64(722.0), np.float64(795.0), np.float64(881.5), np.float64(1020.0), np.float64(1183.2), np.float64(1360.6), np.float64(1490.5)]","[500, 1000]",0.3333333333333333,18.05000000000001,00:00:00,0.3088323999982094,0.0002058882666654,,,,300.0,30.0,,,
Zheng DBSCAN,AdditionalLogs,sudden_drift_05,,,,"[np.float64(426.11290322580646), np.float64(881.5), np.float64(1065.3333333333333), np.float64(1360.6), np.float64(1490.5)]","[500, 1000]",0.5714285714285715,69.6102150537634,00:00:00,0.3088323999982094,0.0002058882666654,,,,300.0,60.0,,,
Zheng DBSCAN,AdditionalLogs,sudden_drift_05,,,,"[np.float64(665.34), np.float64(1397.7142857142858)]","[500, 1000]",0.5,165.34000000000003,00:00:00,0.3088323999982094,0.0002058882666654,,,,300.0,90.0,,,
Zheng DBSCAN,AdditionalLogs,sudden_drift_05,,,,[np.float64(713.2523364485982)],"[500, 1000]",,,00:00:00,0.3088323999982094,0.0002058882666654,,,,300.0,120.0,,,
Zheng DBSCAN,AdditionalLogs,sudden_drift_05,,,,[np.float64(713.2523364485982)],"[500, 1000]",,,00:00:00,0.3088323999982094,0.0002058882666654,,,,300.0,150.0,,,
LCDD,AdditionalLogs,gradual_drift_07,400.0,400.0,50.0,"[416, 915]","[500, 1000]",1.0,84.5,00:00:00,0.0115522999985842,8.251642856131574e-06,,,,,,,,
Process Graph Metrics,AdditionalLogs,sudden_drift_07,,,,"[300, 600, 1073, 1478]","[500, 1000]",0.6666666666666666,86.5,00:00:00,0.4575526000044192,0.0003050350666696,0.1,200.0,400.0,,,,,
Process Graph Metrics,AdditionalLogs,gradual_drift_00,,,,"[680, 1328]","[500, 1000]",0.5,180.0,00:00:01,1.203174800000852,0.0008594105714291,0.05,100.0,700.0,,,,,
Process Graph Metrics,AdditionalLogs,gradual_drift_09,,,,[600],"[500, 1000]",0.6666666666666666,100.0,00:00:00,0.5696781000006013,0.0004069129285718,0.005,400.0,400.0,,,,,
LCDD,AdditionalLogs,gradual_drift_06,800.0,800.0,5.0,[923],"[500, 1000]",0.6666666666666666,77.0,00:00:00,0.0695556999999098,4.968264285707847e-05,,,,,,,,
Process Graph Metrics,AdditionalLogs,gradual_drift_03,,,,"[558, 1098]","[500, 1000]",1.0,78.0,00:00:00,0.8025054999961867,0.0005732182142829,0.0001,100.0,700.0,,,,,
Process Graph Metrics,AdditionalLogs,gradual_drift_03,,,,"[600, 1200]","[500, 1000]",1.0,150.0,00:00:00,0.1674211999998078,0.0001195865714284,0.0001,400.0,600.0,,,,,
Process Graph Metrics,AdditionalLogs,gradual_drift_00,,,,"[680, 1328]","[500, 1000]",0.5,180.0,00:00:01,1.0611693000028026,0.0007579780714305,0.05,300.0,700.0,,,,,
LCDD,AdditionalLogs,gradual_drift_08,800.0,800.0,150.0,[862],"[500, 1000]",0.6666666666666666,138.0,00:00:00,0.0096112000028369,6.865142859169282e-06,,,,,,,,
Process Graph Metrics,AdditionalLogs,sudden_drift_07,,,,"[606, 1207]","[500, 1000]",0.5,106.0,00:00:00,0.5805577999999514,0.0003870385333333,0.0001,400.0,600.0,,,,,
Zheng DBSCAN,AdditionalLogs,recurring_drift_00,,,,"[np.float64(605.1842105263158), np.float64(958.8461538461538), np.float64(1259.0)]","[500, 1000]",0.8,73.16902834008101,00:00:00,0.3457091000018408,0.0002304727333345,,,,500.0,50.0,,,
Zheng DBSCAN,AdditionalLogs,recurring_drift_00,,,,"[np.float64(737.0151515151515), np.float64(1259.0)]","[500, 1000]",,,00:00:00,0.3457091000018408,0.0002304727333345,,,,500.0,100.0,,,
Zheng DBSCAN,AdditionalLogs,recurring_drift_00,,,,"[np.float64(737.0151515151515), np.float64(1259.0)]","[500, 1000]",,,00:00:00,0.3457091000018408,0.0002304727333345,,,,500.0,150.0,,,
Zheng DBSCAN,AdditionalLogs,recurring_drift_00,,,,[np.float64(744.8059701492538)],"[500, 1000]",,,00:00:00,0.3457091000018408,0.0002304727333345,,,,500.0,200.0,,,
Zheng DBSCAN,AdditionalLogs,recurring_drift_00,,,,[np.float64(744.8059701492538)],"[500, 1000]",,,00:00:00,0.3457091000018408,0.0002304727333345,,,,500.0,250.0,,,
LCDD,AdditionalLogs,recurring_drift_08,800.0,800.0,10.0,[892],"[500, 1000]",0.6666666666666666,108.0,00:00:00,0.0110948000001371,7.396533333424789e-06,,,,,,,,
Process Graph Metrics,AdditionalLogs,recurring_drift_01,,,,"[600, 1584]","[500, 1000]",0.5,100.0,00:00:22,22.68453130000125,0.0151230208666675,0.1,400.0,600.0,,,,,
LCDD,AdditionalLogs,recurring_drift_09,100.0,100.0,10.0,"[108, 500, 1000]","[500, 1000]",0.8,0.0,00:00:00,0.0320716999995056,2.138113333300377e-05,,,,,,,,
Process Graph Metrics,AdditionalLogs,gradual_drift_00,,,,"[622, 1222]","[500, 1000]",0.5,122.0,00:00:00,0.6742460000023129,0.0004816042857159,0.05,400.0,500.0,,,,,
Process Graph Metrics,AdditionalLogs,recurring_drift_02,,,,[864],"[500, 1000]",0.6666666666666666,136.0,00:00:00,0.737434900001972,0.0004916232666679,0.0001,400.0,600.0,,,,,
LCDD,AdditionalLogs,gradual_drift_06,800.0,800.0,150.0,[923],"[500, 1000]",0.6666666666666666,77.0,00:00:00,0.067942599998787,4.8530428570562175e-05,,,,,,,,
LCDD,AdditionalLogs,gradual_drift_00,300.0,300.0,20.0,"[413, 912]","[500, 1000]",1.0,87.5,00:00:00,0.0100017000004299,7.1440714288785655e-06,,,,,,,,
LCDD,AdditionalLogs,gradual_drift_07,200.0,200.0,20.0,"[416, 713, 915, 1220]","[500, 1000]",0.6666666666666666,84.5,00:00:00,0.0112573000005795,8.040928571842544e-06,,,,,,,,
Process Graph Metrics,AdditionalLogs,recurring_drift_08,,,,"[717, 1365]","[500, 1000]",,,00:00:03,3.173117600003025,0.0021154117333353,0.1,100.0,500.0,,,,,
LCDD,AdditionalLogs,recurring_drift_07,300.0,300.0,20.0,"[502, 1000]","[500, 1000]",1.0,1.0,00:00:00,0.0132424000039463,8.828266669297591e-06,,,,,,,,
Process Graph Metrics,AdditionalLogs,recurring_drift_01,,,,[900],"[500, 1000]",0.6666666666666666,100.0,00:00:01,1.0972910999989836,0.0007315273999993,0.0001,200.0,700.0,,,,,
Process Graph Metrics,AdditionalLogs,gradual_drift_07,,,,"[450, 915, 1455]","[500, 1000]",0.8,67.5,00:00:00,0.7092065999968327,0.0005065761428548,0.1,300.0,600.0,,,,,
LCDD,AdditionalLogs,gradual_drift_02,200.0,200.0,20.0,"[231, 442, 651, 887, 1105, 1319]","[500, 1000]",0.5,81.5,00:00:00,0.0222072000033222,1.5862285716658725e-05,,,,,,,,
Process Graph Metrics,AdditionalLogs,gradual_drift_01,,,,"[435, 1185]","[500, 1000]",1.0,125.0,00:00:01,1.1285524999984773,0.0008061089285703,0.0001,200.0,700.0,,,,,
LCDD,AdditionalLogs,gradual_drift_05,600.0,600.0,5.0,"[657, 1309]","[500, 1000]",0.5,157.0,00:00:00,0.0160845999998855,1.1488999999918244e-05,,,,,,,,
Process Graph Metrics,AdditionalLogs,sudden_drift_03,,,,[672],"[500, 1000]",0.6666666666666666,172.0,00:00:01,1.090081199996348,0.0007267207999975,0.0001,300.0,600.0,,,,,
Process Graph Metrics,AdditionalLogs,gradual_drift_01,,,,"[360, 1076]","[500, 1000]",1.0,108.0,00:00:01,1.366217399998277,0.0009758695714273,0.05,200.0,500.0,,,,,
Process Graph Metrics,AdditionalLogs,recurring_drift_02,,,,"[704, 1353]","[500, 1000]",,,00:00:05,5.557011400000192,0.0037046742666667,0.1,300.0,500.0,,,,,
LCDD,AdditionalLogs,recurring_drift_04,400.0,400.0,20.0,"[500, 1000, 1475]","[500, 1000]",0.8,0.0,00:00:00,0.0124991000047884,8.332733336525659e-06,,,,,,,,
Process Graph Metrics,AdditionalLogs,gradual_drift_01,,,,"[450, 1000, 1540]","[500, 1000]",0.8,25.0,00:00:01,1.4289332999978797,0.0010206666428556,0.005,100.0,400.0,,,,,
LCDD,AdditionalLogs,sudden_drift_08,300.0,300.0,50.0,"[308, 626, 932, 1233]","[500, 1000]",0.6666666666666666,97.0,00:00:00,0.1535829999993438,0.0001023886666662,,,,,,,,
Process Graph Metrics,AdditionalLogs,recurring_drift_04,,,,"[608, 1173]","[500, 1000]",1.0,140.5,00:00:05,5.6639542000048095,0.0037759694666698,0.1,200.0,600.0,,,,,
Process Graph Metrics,AdditionalLogs,gradual_drift_06,,,,"[501, 982]","[500, 1000]",1.0,9.5,00:00:13,13.072083799997928,0.0093372027142842,0.0001,300.0,600.0,,,,,
Process Graph Metrics,AdditionalLogs,sudden_drift_01,,,,"[600, 1261]","[500, 1000]",0.5,100.0,00:00:00,0.5475752999991528,0.0003650501999994,0.0001,400.0,400.0,,,,,
Process Graph Metrics,AdditionalLogs,recurring_drift_01,,,,"[676, 1693]","[500, 1000]",0.5,176.0,00:00:03,3.4538627000001725,0.0023025751333334,0.1,300.0,700.0,,,,,
Process Graph Metrics,AdditionalLogs,gradual_drift_07,,,,"[625, 1481]","[500, 1000]",0.5,125.0,00:00:06,6.395788899993931,0.0045684206428528,0.05,200.0,700.0,,,,,
LCDD,AdditionalLogs,gradual_drift_04,100.0,100.0,10.0,"[104, 215, 316, 416, 521, 642, 745, 847, 947, 1052, 1158, 1271, 1396]","[500, 1000]",0.2666666666666667,36.5,00:00:00,0.0122243000005255,8.731642857518247e-06,,,,,,,,
Process Graph Metrics,AdditionalLogs,gradual_drift_08,,,,"[495, 1157]","[500, 1000]",1.0,81.0,00:00:01,1.8169888999982504,0.0012978492142844,0.1,100.0,700.0,,,,,
LCDD,AdditionalLogs,gradual_drift_00,600.0,600.0,100.0,[912],"[500, 1000]",0.6666666666666666,88.0,00:00:00,0.0144455000045127,1.031821428893766e-05,,,,,,,,
Process Graph Metrics,AdditionalLogs,recurring_drift_02,,,,"[779, 1758]","[500, 1000]",,,00:00:12,12.086316099994292,0.0080575440666628,0.005,300.0,600.0,,,,,
Process Graph Metrics,AdditionalLogs,sudden_drift_09,,,,"[458, 908, 1363]","[500, 1000]",0.8,67.0,00:00:01,1.2767702999990431,0.0008511801999993,0.1,100.0,700.0,,,,,
Process Graph Metrics,AdditionalLogs,recurring_drift_09,,,,"[557, 1069]","[500, 1000]",1.0,63.0,00:00:10,10.831458700005896,0.0072209724666705,0.0001,200.0,600.0,,,,,
Process Graph Metrics,AdditionalLogs,sudden_drift_02,,,,"[457, 1082, 1457]","[500, 1000]",0.8,62.5,00:00:01,1.600972100000945,0.0010673147333339,0.1,100.0,700.0,,,,,
LCDD,AdditionalLogs,gradual_drift_05,300.0,300.0,20.0,"[318, 627, 935, 1251]","[500, 1000]",0.6666666666666666,96.0,00:00:00,0.0161835999970207,1.155971428358628e-05,,,,,,,,
Process Graph Metrics,AdditionalLogs,sudden_drift_07,,,,"[458, 1003]","[500, 1000]",1.0,22.5,00:00:00,0.531424299995706,0.0003542828666638,0.1,300.0,500.0,,,,,
LCDD,AdditionalLogs,gradual_drift_06,300.0,300.0,5.0,"[411, 725, 1028, 1392]","[500, 1000]",0.6666666666666666,58.5,00:00:00,0.2350271999966935,0.0001678765714262,,,,,,,,
Process Graph Metrics,AdditionalLogs,sudden_drift_05,,,,[564],"[500, 1000]",0.6666666666666666,64.0,00:00:04,4.748356800002512,0.0031655712000016,0.005,300.0,500.0,,,,,
LCDD,AdditionalLogs,gradual_drift_00,100.0,100.0,10.0,"[100, 200, 329, 431, 576, 912, 1067, 1177, 1277]","[500, 1000]",0.3636363636363636,68.0,00:00:00,0.0109617000052821,7.829785718058701e-06,,,,,,,,
Process Graph Metrics,AdditionalLogs,recurring_drift_08,,,,"[717, 1674]","[500, 1000]",,,00:00:11,11.835405100006028,0.0078902700666706,0.005,300.0,500.0,,,,,
Zheng DBSCAN,AdditionalLogs,sudden_drift_01,,,,"[np.float64(500.1764705882353), np.float64(620.5), np.float64(786.0), np.float64(921.5), np.float64(1007.3333333333334), np.float64(1115.0), np.float64(1254.0), np.float64(1337.0)]","[500, 1000]",0.4,3.7549019607843377,00:00:00,0.4892486999960965,0.0003261657999973,,,,500.0,50.0,,,
Zheng DBSCAN,AdditionalLogs,sudden_drift_01,,,,"[np.float64(786.0), np.float64(1000.2222222222222), np.float64(1295.5)]","[500, 1000]",0.4,0.2222222222221717,00:00:00,0.4892486999960965,0.0003261657999973,,,,500.0,100.0,,,
Zheng DBSCAN,AdditionalLogs,sudden_drift_01,,,,[np.float64(671.5277777777778)],"[500, 1000]",0.6666666666666666,171.52777777777783,00:00:00,0.4892486999960965,0.0003261657999973,,,,500.0,150.0,,,
Zheng DBSCAN,AdditionalLogs,sudden_drift_01,,,,[np.float64(654.4864864864865)],"[500, 1000]",0.6666666666666666,154.48648648648646,00:00:00,0.4892486999960965,0.0003261657999973,,,,500.0,200.0,,,
Zheng DBSCAN,AdditionalLogs,sudden_drift_01,,,,[np.float64(654.4864864864865)],"[500, 1000]",0.6666666666666666,154.48648648648646,00:00:00,0.4892486999960965,0.0003261657999973,,,,500.0,250.0,,,
Process Graph Metrics,AdditionalLogs,gradual_drift_05,,,,"[488, 1033]","[500, 1000]",1.0,22.5,00:00:03,3.5009866999971564,0.0025007047857122,0.005,200.0,400.0,,,,,
Process Graph Metrics,AdditionalLogs,gradual_drift_04,,,,"[473, 1160]","[500, 1000]",1.0,93.5,00:00:02,2.8644381999984034,0.0020460272857131,0.1,100.0,500.0,,,,,
LCDD,AdditionalLogs,gradual_drift_09,200.0,200.0,20.0,"[408, 608, 920, 1120, 1373]","[500, 1000]",0.5714285714285715,86.0,00:00:00,0.027035999999498,1.931142857107001e-05,,,,,,,,
LCDD,AdditionalLogs,sudden_drift_02,800.0,800.0,200.0,[1003],"[500, 1000]",0.6666666666666666,3.0,00:00:00,0.0325958999965223,2.1730599997681564e-05,,,,,,,,
LCDD,AdditionalLogs,recurring_drift_05,200.0,200.0,200.0,"[205, 453, 696, 929, 1138, 1339]","[500, 1000]",0.5,59.0,00:00:00,0.0240782000037143,1.6052133335809534e-05,,,,,,,,
Process Graph Metrics,AdditionalLogs,gradual_drift_04,,,,[600],"[500, 1000]",0.6666666666666666,100.0,00:00:12,12.11410920000344,0.0086529351428596,0.0001,400.0,600.0,,,,,
LCDD,AdditionalLogs,recurring_drift_08,300.0,300.0,5.0,"[324, 699, 1002, 1324]","[500, 1000]",0.6666666666666666,89.0,00:00:00,0.0181916000001365,1.2127733333424356e-05,,,,,,,,
LCDD,AdditionalLogs,sudden_drift_03,100.0,100.0,5.0,"[133, 242, 359, 500, 604, 719, 880, 980, 1095, 1195, 1302, 1457]","[500, 1000]",0.2857142857142857,10.0,00:00:00,0.0128341000017826,8.556066667855097e-06,,,,,,,,
Process Graph Metrics,AdditionalLogs,recurring_drift_06,,,,"[550, 862, 1442]","[500, 1000]",0.8,94.0,00:00:08,8.836005099998147,0.0058906700666654,0.05,200.0,400.0,,,,,
Process Graph Metrics,AdditionalLogs,sudden_drift_06,,,,"[519, 1040]","[500, 1000]",1.0,29.5,00:00:02,2.603566400001,0.001735710933334,0.1,200.0,700.0,,,,,
Process Graph Metrics,AdditionalLogs,recurring_drift_07,,,,"[462, 1002]","[500, 1000]",1.0,20.0,00:00:00,0.4906420000042999,0.0003270946666695,0.1,300.0,700.0,,,,,
Process Graph Metrics,AdditionalLogs,gradual_drift_07,,,,"[617, 1217]","[500, 1000]",0.5,117.0,00:00:00,0.5960742000024766,0.000425767285716,0.05,400.0,700.0,,,,,
LCDD,AdditionalLogs,recurring_drift_00,100.0,100.0,200.0,"[100, 200, 328, 502, 604, 706, 836, 942, 1043, 1210, 1310, 1435]","[500, 1000]",0.2857142857142857,22.5,00:00:00,0.0110107000000425,7.340466666695041e-06,,,,,,,,
Process Graph Metrics,AdditionalLogs,gradual_drift_08,,,,"[553, 1114]","[500, 1000]",1.0,83.5,00:00:02,2.2349176999996416,0.001596369785714,0.1,200.0,500.0,,,,,
LCDD,AdditionalLogs,sudden_drift_08,100.0,100.0,50.0,"[101, 208, 308, 415, 529, 650, 808, 911, 1014, 1145, 1256, 1357, 1458]","[500, 1000]",0.2666666666666667,21.5,00:00:00,0.0126558000047225,8.437200003148367e-06,,,,,,,,
LCDD,AdditionalLogs,gradual_drift_04,400.0,400.0,150.0,"[401, 809, 1212]","[500, 1000]",0.8,145.0,00:00:00,0.016260800002783,1.1614857144845052e-05,,,,,,,,
Process Graph Metrics,AdditionalLogs,gradual_drift_02,,,,"[450, 1074]","[500, 1000]",1.0,62.0,00:00:10,10.545808100003342,0.0075327200714309,0.05,300.0,500.0,,,,,
Zheng DBSCAN,AdditionalLogs,gradual_drift_06,,,,"[np.float64(728.0), np.float64(966.6470588235294), np.float64(1135.0), np.float64(1206.0), np.float64(1392.0)]","[500, 1000]",0.2857142857142857,33.35294117647061,00:00:00,0.7705071999953361,0.0005503622857109,,,,600.0,60.0,,,
Zheng DBSCAN,AdditionalLogs,gradual_drift_06,,,,"[np.float64(988.1052631578947), np.float64(1392.0)]","[500, 1000]",0.5,11.894736842105315,00:00:00,0.7705071999953361,0.0005503622857109,,,,600.0,120.0,,,
Zheng DBSCAN,AdditionalLogs,gradual_drift_06,,,,"[np.float64(988.1052631578947), np.float64(1392.0)]","[500, 1000]",0.5,11.894736842105315,00:00:00,0.7705071999953361,0.0005503622857109,,,,600.0,180.0,,,
Zheng DBSCAN,AdditionalLogs,gradual_drift_06,,,,[np.float64(868.9285714285714)],"[500, 1000]",0.6666666666666666,131.07142857142856,00:00:00,0.7705071999953361,0.0005503622857109,,,,600.0,240.0,,,
Zheng DBSCAN,AdditionalLogs,gradual_drift_06,,,,[np.float64(794.5483870967741)],"[500, 1000]",,,00:00:00,0.7705071999953361,0.0005503622857109,,,,600.0,300.0,,,
Process Graph Metrics,AdditionalLogs,recurring_drift_00,,,,"[600, 1151]","[500, 1000]",1.0,125.5,00:00:00,0.2427495000010822,0.0001618330000007,0.1,400.0,400.0,,,,,
Process Graph Metrics,AdditionalLogs,sudden_drift_04,,,,"[609, 1257]","[500, 1000]",0.5,109.0,00:00:02,2.439936800001305,0.0016266245333342,0.0001,300.0,600.0,,,,,
LCDD,AdditionalLogs,gradual_drift_03,300.0,300.0,10.0,"[315, 626, 931, 1390]","[500, 1000]",0.6666666666666666,97.5,00:00:00,0.0154295000029378,1.1021071430669898e-05,,,,,,,,
LCDD,AdditionalLogs,sudden_drift_08,600.0,600.0,150.0,"[601, 1233]","[500, 1000]",0.5,101.0,00:00:00,0.0121226999981445,8.081799998763018e-06,,,,,,,,
Zheng DBSCAN,AdditionalLogs,sudden_drift_09,,,,"[np.float64(1034.0), np.float64(1216.5)]","[500, 1000]",0.5,34.0,00:00:00,0.302340299997013,0.000201560199998,,,,800.0,80.0,,,
Zheng DBSCAN,AdditionalLogs,sudden_drift_09,,,,[np.float64(1060.0714285714287)],"[500, 1000]",0.6666666666666666,60.07142857142867,00:00:00,0.302340299997013,0.000201560199998,,,,800.0,160.0,,,
Zheng DBSCAN,AdditionalLogs,sudden_drift_09,,,,[np.float64(1060.0714285714287)],"[500, 1000]",0.6666666666666666,60.07142857142867,00:00:00,0.302340299997013,0.000201560199998,,,,800.0,240.0,,,
Zheng DBSCAN,AdditionalLogs,sudden_drift_09,,,,[np.float64(1060.0714285714287)],"[500, 1000]",0.6666666666666666,60.07142857142867,00:00:00,0.302340299997013,0.000201560199998,,,,800.0,320.0,,,
Zheng DBSCAN,AdditionalLogs,sudden_drift_09,,,,[np.float64(1060.0714285714287)],"[500, 1000]",0.6666666666666666,60.07142857142867,00:00:00,0.302340299997013,0.000201560199998,,,,800.0,400.0,,,
LCDD,AdditionalLogs,recurring_drift_04,100.0,100.0,5.0,"[109, 215, 316, 417, 517, 627, 729, 835, 935, 1036, 1159, 1262, 1362, 1463]","[500, 1000]",0.25,26.5,00:00:00,0.0106085000006714,7.072333333780989e-06,,,,,,,,
Process Graph Metrics,AdditionalLogs,recurring_drift_07,,,,"[551, 1091]","[500, 1000]",1.0,71.0,00:00:00,0.5886008999950718,0.0003924005999967,0.0001,300.0,400.0,,,,,
LCDD,AdditionalLogs,sudden_drift_01,400.0,400.0,100.0,"[448, 921, 1337]","[500, 1000]",0.8,65.5,00:00:00,0.0247326000026077,1.648840000173853e-05,,,,,,,,
Zheng DBSCAN,AdditionalLogs,recurring_drift_08,,,,"[np.float64(527.3214285714286), np.float64(725.1428571428571), np.float64(968.516129032258), np.float64(1146.7142857142858), np.float64(1242.75), np.float64(1324.0), np.float64(1397.5), np.float64(1496.5)]","[500, 1000]",0.4,29.402649769585253,00:00:00,0.5377255999992485,0.0003584837333328,,,,400.0,40.0,,,
Zheng DBSCAN,AdditionalLogs,recurring_drift_08,,,,"[np.float64(527.3214285714286), np.float64(1004.1730769230769), np.float64(1496.5)]","[500, 1000]",0.8,15.74725274725273,00:00:00,0.5377255999992485,0.0003584837333328,,,,400.0,80.0,,,
Zheng DBSCAN,AdditionalLogs,recurring_drift_08,,,,[np.float64(745.1326530612245)],"[500, 1000]",,,00:00:00,0.5377255999992485,0.0003584837333328,,,,400.0,120.0,,,
Zheng DBSCAN,AdditionalLogs,recurring_drift_08,,,,[np.float64(745.1326530612245)],"[500, 1000]",,,00:00:00,0.5377255999992485,0.0003584837333328,,,,400.0,160.0,,,
Zheng DBSCAN,AdditionalLogs,recurring_drift_08,,,,[np.float64(745.1326530612245)],"[500, 1000]",,,00:00:00,0.5377255999992485,0.0003584837333328,,,,400.0,200.0,,,
LCDD,AdditionalLogs,sudden_drift_01,800.0,800.0,5.0,[921],"[500, 1000]",0.6666666666666666,79.0,00:00:00,0.0319300999981351,2.128673333209008e-05,,,,,,,,
Process Graph Metrics,AdditionalLogs,sudden_drift_03,,,,"[631, 1171]","[500, 1000]",1.0,151.0,00:00:03,3.0503258999960963,0.0020335505999973,0.005,100.0,600.0,,,,,
Process Graph Metrics,AdditionalLogs,sudden_drift_05,,,,[600],"[500, 1000]",0.6666666666666666,100.0,00:00:00,0.6205784999983734,0.0004137189999989,0.05,400.0,500.0,,,,,
LCDD,AdditionalLogs,recurring_drift_03,1200.0,1200.0,150.0,[1348],"[500, 1000]",,,00:00:00,0.011881500002346,7.921000001564001e-06,,,,,,,,
Process Graph Metrics,AdditionalLogs,recurring_drift_03,,,,"[600, 1200]","[500, 1000]",1.0,150.0,00:00:00,0.1787091000005602,0.0001191394000003,0.1,400.0,500.0,,,,,
LCDD,AdditionalLogs,sudden_drift_09,100.0,100.0,50.0,"[157, 268, 502, 1000, 1197, 1308, 1417]","[500, 1000]",0.4444444444444445,1.0,00:00:00,0.1692014000000199,0.0001128009333333,,,,,,,,
Process Graph Metrics,AdditionalLogs,recurring_drift_04,,,,"[632, 1232]","[500, 1000]",0.5,132.0,00:00:01,1.330739300006826,0.0008871595333378,0.1,400.0,600.0,,,,,
Process Graph Metrics,AdditionalLogs,gradual_drift_09,,,,"[600, 1200]","[500, 1000]",1.0,150.0,00:00:00,0.5176522000037949,0.0003697515714312,0.005,400.0,700.0,,,,,
Process Graph Metrics,AdditionalLogs,sudden_drift_08,,,,"[550, 1026, 1598]","[500, 1000]",0.8,38.0,00:00:02,2.689849299997149,0.0017932328666647,0.05,100.0,600.0,,,,,
LCDD,AdditionalLogs,gradual_drift_02,400.0,400.0,5.0,"[412, 815, 1245]","[500, 1000]",0.8,136.5,00:00:00,0.0203094000025885,1.4506714287563226e-05,,,,,,,,
Process Graph Metrics,AdditionalLogs,gradual_drift_09,,,,"[530, 1055]","[500, 1000]",1.0,42.5,00:00:10,10.341418699994392,0.0073867276428531,0.005,100.0,400.0,,,,,
LCDD,AdditionalLogs,recurring_drift_00,100.0,100.0,100.0,"[100, 200, 328, 502, 604, 706, 836, 942, 1043, 1210, 1310, 1435]","[500, 1000]",0.2857142857142857,22.5,00:00:00,0.0117685000004712,7.845666666980833e-06,,,,,,,,
Zheng DBSCAN,AdditionalLogs,gradual_drift_03,,,,"[np.float64(495.1666666666667), np.float64(689.0), np.float64(929.48), np.float64(1175.75), np.float64(1390.0)]","[500, 1000]",0.5714285714285715,37.67666666666665,00:00:00,0.3669537999958265,0.0002621098571398,,,,400.0,40.0,,,
Zheng DBSCAN,AdditionalLogs,gradual_drift_03,,,,"[np.float64(479.05), np.float64(689.0), np.float64(963.448275862069), np.float64(1390.0)]","[500, 1000]",0.6666666666666666,28.75086206896552,00:00:00,0.3669537999958265,0.0002621098571398,,,,400.0,80.0,,,
Zheng DBSCAN,AdditionalLogs,gradual_drift_03,,,,"[np.float64(764.2), np.float64(1390.0)]","[500, 1000]",,,00:00:00,0.3669537999958265,0.0002621098571398,,,,400.0,120.0,,,
Zheng DBSCAN,AdditionalLogs,gradual_drift_03,,,,"[np.float64(764.2), np.float64(1390.0)]","[500, 1000]",,,00:00:00,0.3669537999958265,0.0002621098571398,,,,400.0,160.0,,,
Zheng DBSCAN,AdditionalLogs,gradual_drift_03,,,,"[np.float64(740.0), np.float64(1390.0)]","[500, 1000]",,,00:00:00,0.3669537999958265,0.0002621098571398,,,,400.0,200.0,,,
Process Graph Metrics,AdditionalLogs,sudden_drift_09,,,,"[525, 1082]","[500, 1000]",1.0,53.5,00:00:07,7.709541299998818,0.0051396941999992,0.05,200.0,600.0,,,,,
LCDD,AdditionalLogs,sudden_drift_00,1200.0,1200.0,50.0,[],"[500, 1000]",,,00:00:00,0.009909600004903,6.606400003268694e-06,,,,,,,,
Process Graph Metrics,AdditionalLogs,gradual_drift_07,,,,[1096],"[500, 1000]",0.6666666666666666,96.0,00:00:04,4.01037229999929,0.0028645516428566,0.0001,200.0,500.0,,,,,
Process Graph Metrics,AdditionalLogs,recurring_drift_00,,,,"[561, 1101]","[500, 1000]",1.0,81.0,00:00:00,0.6959265999976196,0.000463951066665,0.005,300.0,400.0,,,,,
Process Graph Metrics,AdditionalLogs,sudden_drift_05,,,,[600],"[500, 1000]",0.6666666666666666,100.0,00:00:00,0.5704643999997643,0.0003803095999998,0.05,400.0,600.0,,,,,
LCDD,AdditionalLogs,gradual_drift_06,100.0,100.0,50.0,"[103, 251, 401, 503, 627, 768, 913, 1013, 1121, 1239, 1343]","[500, 1000]",0.3076923076923077,8.0,00:00:00,0.0677451000010478,4.83893571436056e-05,,,,,,,,
Process Graph Metrics,AdditionalLogs,sudden_drift_07,,,,"[458, 1003]","[500, 1000]",1.0,22.5,00:00:00,0.6500548000039998,0.0004333698666693,0.1,300.0,600.0,,,,,
Process Graph Metrics,AdditionalLogs,sudden_drift_01,,,,"[526, 1045, 1564]","[500, 1000]",0.8,35.5,00:00:01,1.34159229999932,0.0008943948666662,0.05,200.0,700.0,,,,,
LCDD,AdditionalLogs,recurring_drift_08,200.0,200.0,20.0,"[211, 413, 614, 815, 1030, 1230, 1495]","[500, 1000]",0.4444444444444445,58.5,00:00:00,0.0136929999935091,9.128666662339432e-06,,,,,,,,
LCDD,AdditionalLogs,sudden_drift_00,1200.0,1200.0,200.0,[],"[500, 1000]",,,00:00:00,0.0110964000050444,7.397600003362944e-06,,,,,,,,
LCDD,AdditionalLogs,recurring_drift_02,400.0,400.0,100.0,"[440, 841, 1258]","[500, 1000]",0.8,109.5,00:00:00,0.024294100003317,1.6196066668877998e-05,,,,,,,,
LCDD,AdditionalLogs,sudden_drift_02,400.0,400.0,150.0,"[467, 1003, 1469]","[500, 1000]",0.8,18.0,00:00:00,0.0323587000020779,2.157246666805198e-05,,,,,,,,
Process Graph Metrics,AdditionalLogs,recurring_drift_07,,,,"[512, 962]","[500, 1000]",1.0,25.0,00:00:01,1.746826399998099,0.001164550933332,0.005,300.0,400.0,,,,,
LCDD,AdditionalLogs,gradual_drift_05,400.0,400.0,10.0,"[425, 845, 1251]","[500, 1000]",0.8,115.0,00:00:00,0.0211023000010754,1.5073071429339636e-05,,,,,,,,
LCDD,AdditionalLogs,gradual_drift_03,600.0,600.0,50.0,"[600, 1390]","[500, 1000]",0.5,100.0,00:00:00,0.0120057000021915,8.57550000156542e-06,,,,,,,,
Zheng DBSCAN,AdditionalLogs,gradual_drift_04,,,,"[np.float64(419.780487804878), np.float64(739.64), np.float64(964.0888888888888), np.float64(1158.0), np.float64(1233.75), np.float64(1334.0), np.float64(1396.0)]","[500, 1000]",0.4444444444444445,58.06531165311657,00:00:00,0.4109383000031812,0.0002935273571451,,,,300.0,30.0,,,
Zheng DBSCAN,AdditionalLogs,gradual_drift_04,,,,"[np.float64(419.780487804878), np.float64(883.9285714285714), np.float64(1218.6), np.float64(1334.0), np.float64(1396.0)]","[500, 1000]",0.5714285714285715,98.14547038327528,00:00:00,0.4109383000031812,0.0002935273571451,,,,300.0,60.0,,,
Zheng DBSCAN,AdditionalLogs,gradual_drift_04,,,,[np.float64(740.3361344537815)],"[500, 1000]",,,00:00:00,0.4109383000031812,0.0002935273571451,,,,300.0,90.0,,,
Zheng DBSCAN,AdditionalLogs,gradual_drift_04,,,,[np.float64(729.5454545454545)],"[500, 1000]",,,00:00:00,0.4109383000031812,0.0002935273571451,,,,300.0,120.0,,,
Zheng DBSCAN,AdditionalLogs,gradual_drift_04,,,,[np.float64(729.5454545454545)],"[500, 1000]",,,00:00:00,0.4109383000031812,0.0002935273571451,,,,300.0,150.0,,,
LCDD,AdditionalLogs,gradual_drift_08,600.0,600.0,20.0,"[607, 1235]","[500, 1000]",0.5,107.0,00:00:00,0.0104715000052237,7.479642860874134e-06,,,,,,,,
LCDD,AdditionalLogs,recurring_drift_09,800.0,800.0,50.0,[],"[500, 1000]",,,00:00:00,0.0297710000013466,1.984733333423113e-05,,,,,,,,
LCDD,AdditionalLogs,gradual_drift_02,1200.0,1200.0,200.0,[1245],"[500, 1000]",,,00:00:00,0.1703802999982144,0.0001217002142844,,,,,,,,
Process Graph Metrics,AdditionalLogs,sudden_drift_09,,,,"[600, 1200]","[500, 1000]",1.0,150.0,00:00:00,0.360656699995161,0.0002404377999967,0.0001,400.0,600.0,,,,,
LCDD,AdditionalLogs,gradual_drift_07,300.0,300.0,5.0,"[416, 768, 1068]","[500, 1000]",0.8,76.0,00:00:00,0.018840500000806,1.3457500000575757e-05,,,,,,,,
LCDD,AdditionalLogs,sudden_drift_09,300.0,300.0,100.0,"[502, 1000]","[500, 1000]",1.0,1.0,00:00:00,0.0287533000009716,1.9168866667314432e-05,,,,,,,,
Process Graph Metrics,AdditionalLogs,recurring_drift_03,,,,"[300, 600, 960]","[500, 1000]",0.8,70.0,00:00:00,0.3375436999995145,0.000225029133333,0.1,200.0,500.0,,,,,
LCDD,AdditionalLogs,sudden_drift_00,800.0,800.0,20.0,[1000],"[500, 1000]",0.6666666666666666,0.0,00:00:00,0.0103553000008105,6.903533333873686e-06,,,,,,,,
Process Graph Metrics,AdditionalLogs,recurring_drift_09,,,,"[547, 1014]","[500, 1000]",1.0,30.5,00:00:06,6.528902699996252,0.0043526017999975,0.05,300.0,600.0,,,,,
LCDD,AdditionalLogs,sudden_drift_01,100.0,100.0,50.0,"[102, 213, 354, 503, 616, 740, 845, 954, 1059, 1173, 1325, 1428]","[500, 1000]",0.2857142857142857,24.5,00:00:00,0.0310146999981952,2.067646666546352e-05,,,,,,,,
LCDD,AdditionalLogs,gradual_drift_06,200.0,200.0,20.0,"[281, 543, 913, 1135, 1392]","[500, 1000]",0.5714285714285715,65.0,00:00:00,0.0685938999959034,4.899564285421677e-05,,,,,,,,
Process Graph Metrics,AdditionalLogs,sudden_drift_00,,,,"[528, 1091, 1424]","[500, 1000]",0.8,59.5,00:00:01,1.9993180999954347,0.0013328787333302,0.1,300.0,400.0,,,,,
Process Graph Metrics,AdditionalLogs,sudden_drift_00,,,,"[600, 1201]","[500, 1000]",0.5,100.0,00:00:00,0.1913905999972485,0.0001275937333314,0.1,400.0,700.0,,,,,
LCDD,AdditionalLogs,sudden_drift_05,200.0,200.0,100.0,"[200, 423, 643, 881, 1087, 1315]","[500, 1000]",0.5,82.0,00:00:00,0.0176980000032926,1.1798666668861794e-05,,,,,,,,
Process Graph Metrics,AdditionalLogs,recurring_drift_04,,,,"[608, 1173]","[500, 1000]",1.0,140.5,00:00:06,6.318541100001312,0.0042123607333342,0.1,200.0,500.0,,,,,
Process Graph Metrics,AdditionalLogs,gradual_drift_07,,,,[970],"[500, 1000]",0.6666666666666666,30.0,00:00:01,1.3064489000025787,0.0009331777857161,0.005,300.0,400.0,,,,,
Zheng DBSCAN,AdditionalLogs,recurring_drift_09,,,,"[np.float64(917.0), np.float64(1012.1111111111111)]","[500, 1000]",0.5,12.111111111111086,00:00:00,0.3274011999965296,0.0002182674666643,,,,500.0,50.0,,,
Zheng DBSCAN,AdditionalLogs,recurring_drift_09,,,,[np.float64(994.8181818181819)],"[500, 1000]",0.6666666666666666,5.18181818181813,00:00:00,0.3274011999965296,0.0002182674666643,,,,500.0,100.0,,,
Zheng DBSCAN,AdditionalLogs,recurring_drift_09,,,,[np.float64(994.8181818181819)],"[500, 1000]",0.6666666666666666,5.18181818181813,00:00:00,0.3274011999965296,0.0002182674666643,,,,500.0,150.0,,,
Zheng DBSCAN,AdditionalLogs,recurring_drift_09,,,,[np.float64(994.8181818181819)],"[500, 1000]",0.6666666666666666,5.18181818181813,00:00:00,0.3274011999965296,0.0002182674666643,,,,500.0,200.0,,,
Zheng DBSCAN,AdditionalLogs,recurring_drift_09,,,,[np.float64(994.8181818181819)],"[500, 1000]",0.6666666666666666,5.18181818181813,00:00:00,0.3274011999965296,0.0002182674666643,,,,500.0,250.0,,,
LCDD,AdditionalLogs,gradual_drift_05,300.0,300.0,50.0,"[318, 627, 935, 1251]","[500, 1000]",0.6666666666666666,96.0,00:00:00,0.0180982000019866,1.2927285715704785e-05,,,,,,,,
LCDD,AdditionalLogs,recurring_drift_00,600.0,600.0,200.0,"[601, 1259]","[500, 1000]",0.5,101.0,00:00:00,0.0085529999996651,5.701999999776793e-06,,,,,,,,
LCDD,AdditionalLogs,sudden_drift_07,600.0,600.0,150.0,[913],"[500, 1000]",0.6666666666666666,87.0,00:00:00,0.0138253000041004,9.216866669400284e-06,,,,,,,,
Process Graph Metrics,AdditionalLogs,recurring_drift_00,,,,"[531, 1059]","[500, 1000]",1.0,45.0,00:00:03,3.182036399994104,0.002121357599996,0.05,300.0,500.0,,,,,
Process Graph Metrics,AdditionalLogs,sudden_drift_01,,,,"[540, 1080]","[500, 1000]",1.0,60.0,00:00:00,0.7570597999947495,0.0005047065333298,0.1,300.0,600.0,,,,,
LCDD,AdditionalLogs,gradual_drift_06,300.0,300.0,10.0,"[411, 725, 1028, 1392]","[500, 1000]",0.6666666666666666,58.5,00:00:00,0.2328120000020135,0.0001662942857157,,,,,,,,
LCDD,AdditionalLogs,gradual_drift_04,400.0,400.0,100.0,"[401, 809, 1212]","[500, 1000]",0.8,145.0,00:00:00,0.1410964999959105,0.0001007832142827,,,,,,,,
Process Graph Metrics,AdditionalLogs,sudden_drift_01,,,,"[600, 1200]","[500, 1000]",1.0,150.0,00:00:00,0.4539044999983161,0.0003026029999988,0.0001,400.0,600.0,,,,,
Process Graph Metrics,AdditionalLogs,sudden_drift_06,,,,[779],"[500, 1000]",,,00:00:39,39.34579730000405,0.026230531533336,0.0001,100.0,600.0,,,,,
LCDD,AdditionalLogs,sudden_drift_07,400.0,400.0,100.0,"[501, 913, 1324]","[500, 1000]",0.8,44.0,00:00:00,0.0131972000017412,8.798133334494195e-06,,,,,,,,
Zheng DBSCAN,AdditionalLogs,gradual_drift_05,,,,"[np.float64(593.5), np.float64(668.0), np.float64(845.0), np.float64(960.1111111111111), np.float64(1133.75), np.float64(1312.5)]","[500, 1000]",0.5,66.69444444444446,00:00:00,0.3416208000053302,0.0002440148571466,,,,500.0,50.0,,,
Zheng DBSCAN,AdditionalLogs,gradual_drift_05,,,,"[np.float64(1001.5), np.float64(1312.5)]","[500, 1000]",0.5,1.5,00:00:00,0.3416208000053302,0.0002440148571466,,,,500.0,100.0,,,
Zheng DBSCAN,AdditionalLogs,gradual_drift_05,,,,"[np.float64(1001.5), np.float64(1312.5)]","[500, 1000]",0.5,1.5,00:00:00,0.3416208000053302,0.0002440148571466,,,,500.0,150.0,,,
Zheng DBSCAN,AdditionalLogs,gradual_drift_05,,,,[np.float64(528.9655172413793)],"[500, 1000]",0.6666666666666666,28.965517241379303,00:00:00,0.3416208000053302,0.0002440148571466,,,,500.0,200.0,,,
Zheng DBSCAN,AdditionalLogs,gradual_drift_05,,,,[np.float64(528.9655172413793)],"[500, 1000]",0.6666666666666666,28.965517241379303,00:00:00,0.3416208000053302,0.0002440148571466,,,,500.0,250.0,,,
Process Graph Metrics,AdditionalLogs,recurring_drift_04,,,,"[624, 1164]","[500, 1000]",1.0,144.0,00:00:03,3.125181800001883,0.0020834545333345,0.05,100.0,600.0,,,,,
Process Graph Metrics,AdditionalLogs,sudden_drift_03,,,,"[626, 1166]","[500, 1000]",1.0,146.0,00:00:02,2.6279326000003493,0.0017519550666668,0.1,300.0,400.0,,,,,
Process Graph Metrics,AdditionalLogs,gradual_drift_00,,,,"[611, 1151]","[500, 1000]",1.0,131.0,00:00:01,1.9600025000036112,0.0014000017857168,0.1,100.0,600.0,,,,,
LCDD,AdditionalLogs,gradual_drift_09,800.0,800.0,5.0,[920],"[500, 1000]",0.6666666666666666,80.0,00:00:00,0.0218401000020094,1.560007143000673e-05,,,,,,,,
Process Graph Metrics,AdditionalLogs,sudden_drift_01,,,,"[192, 410, 590, 887, 1147, 1407]","[500, 1000]",0.5,101.5,00:00:03,3.5350343999962206,0.0023566895999974,0.1,100.0,500.0,,,,,
Process Graph Metrics,AdditionalLogs,gradual_drift_00,,,,"[688, 1288]","[500, 1000]",0.5,188.0,00:00:02,2.3906288999933167,0.0017075920714237,0.0001,400.0,700.0,,,,,
LCDD,AdditionalLogs,sudden_drift_08,1200.0,1200.0,200.0,[1233],"[500, 1000]",,,00:00:00,0.0130474000034155,8.698266668943689e-06,,,,,,,,
LCDD,AdditionalLogs,gradual_drift_08,300.0,300.0,10.0,"[323, 649, 950, 1278]","[500, 1000]",0.6666666666666666,99.5,00:00:00,0.0179073999970569,1.2790999997897803e-05,,,,,,,,
LCDD,AdditionalLogs,gradual_drift_05,800.0,800.0,10.0,[935],"[500, 1000]",0.6666666666666666,65.0,00:00:00,0.0155630000008386,1.1116428572027611e-05,,,,,,,,
Process Graph Metrics,AdditionalLogs,recurring_drift_04,,,,"[644, 1185]","[500, 1000]",1.0,164.5,00:00:03,3.699488400001428,0.0024663256000009,0.0001,300.0,400.0,,,,,
LCDD,AdditionalLogs,sudden_drift_05,100.0,100.0,20.0,"[117, 218, 334, 441, 550, 650, 787, 893, 994, 1102, 1204, 1305, 1405]","[500, 1000]",0.2666666666666667,28.0,00:00:00,0.016065100004198,1.0710066669465353e-05,,,,,,,,
LCDD,AdditionalLogs,recurring_drift_01,400.0,400.0,20.0,"[424, 1043]","[500, 1000]",1.0,59.5,00:00:00,0.0293559999990975,1.957066666606503e-05,,,,,,,,
Zheng DBSCAN,AdditionalLogs,gradual_drift_05,,,,"[np.float64(630.0), np.float64(781.0), np.float64(845.0), np.float64(958.6666666666666), np.float64(1133.75), np.float64(1251.0), np.float64(1312.5), np.float64(1396.0)]","[500, 1000]",0.4,85.66666666666669,00:00:00,0.3339397000017925,0.0002385283571441,,,,400.0,40.0,,,
Zheng DBSCAN,AdditionalLogs,gradual_drift_05,,,,"[np.float64(630.0), np.float64(937.8571428571429), np.float64(1133.75), np.float64(1318.0)]","[500, 1000]",0.6666666666666666,96.07142857142856,00:00:00,0.3339397000017925,0.0002385283571441,,,,400.0,80.0,,,
Zheng DBSCAN,AdditionalLogs,gradual_drift_05,,,,[np.float64(566.6521739130435)],"[500, 1000]",0.6666666666666666,66.6521739130435,00:00:00,0.3339397000017925,0.0002385283571441,,,,400.0,120.0,,,
Zheng DBSCAN,AdditionalLogs,gradual_drift_05,,,,[np.float64(566.6521739130435)],"[500, 1000]",0.6666666666666666,66.6521739130435,00:00:00,0.3339397000017925,0.0002385283571441,,,,400.0,160.0,,,
Zheng DBSCAN,AdditionalLogs,gradual_drift_05,,,,[np.float64(566.6521739130435)],"[500, 1000]",0.6666666666666666,66.6521739130435,00:00:00,0.3339397000017925,0.0002385283571441,,,,400.0,200.0,,,
Process Graph Metrics,AdditionalLogs,recurring_drift_07,,,,"[462, 1002]","[500, 1000]",1.0,20.0,00:00:00,0.586618900000758,0.0003910792666671,0.1,300.0,600.0,,,,,
Process Graph Metrics,AdditionalLogs,sudden_drift_07,,,,"[468, 1040]","[500, 1000]",1.0,36.0,00:00:00,0.7897672000035527,0.000526511466669,0.1,100.0,600.0,,,,,
Process Graph Metrics,AdditionalLogs,sudden_drift_06,,,,"[550, 1090]","[500, 1000]",1.0,70.0,00:00:03,3.391487300003064,0.0022609915333353,0.05,300.0,500.0,,,,,
LCDD,AdditionalLogs,gradual_drift_08,800.0,800.0,100.0,[862],"[500, 1000]",0.6666666666666666,138.0,00:00:00,0.0112496999936411,8.03549999545794e-06,,,,,,,,
Zheng DBSCAN,AdditionalLogs,recurring_drift_01,,,,"[np.float64(424.5), np.float64(503.5), np.float64(654.1818181818181), np.float64(998.4444444444445), np.float64(1095.6666666666667), np.float64(1261.0), np.float64(1458.0)]","[500, 1000]",0.4444444444444445,2.5277777777777715,00:00:00,0.46677389999968,0.0003111825999997,,,,400.0,40.0,,,
Zheng DBSCAN,AdditionalLogs,recurring_drift_01,,,,"[np.float64(456.9), np.float64(654.1818181818181), np.float64(1022.75), np.float64(1261.0), np.float64(1458.0)]","[500, 1000]",0.5714285714285715,32.92500000000001,00:00:00,0.46677389999968,0.0003111825999997,,,,400.0,80.0,,,
Zheng DBSCAN,AdditionalLogs,recurring_drift_01,,,,"[np.float64(560.2380952380952), np.float64(1022.75), np.float64(1261.0), np.float64(1458.0)]","[500, 1000]",0.6666666666666666,41.49404761904759,00:00:00,0.46677389999968,0.0003111825999997,,,,400.0,120.0,,,
Zheng DBSCAN,AdditionalLogs,recurring_drift_01,,,,"[np.float64(542.3636363636364), np.float64(1041.076923076923), np.float64(1458.0)]","[500, 1000]",0.8,41.72027972027973,00:00:00,0.46677389999968,0.0003111825999997,,,,400.0,160.0,,,
Zheng DBSCAN,AdditionalLogs,recurring_drift_01,,,,"[np.float64(542.3636363636364), np.float64(1070.857142857143)]","[500, 1000]",1.0,56.61038961038963,00:00:00,0.46677389999968,0.0003111825999997,,,,400.0,200.0,,,
Process Graph Metrics,AdditionalLogs,sudden_drift_05,,,,[539],"[500, 1000]",0.6666666666666666,39.0,00:00:06,6.550228499996592,0.0043668189999977,0.05,100.0,500.0,,,,,
Zheng DBSCAN,AdditionalLogs,sudden_drift_07,,,,"[np.float64(913.0), np.float64(1033.4285714285713), np.float64(1324.0)]","[500, 1000]",0.4,33.42857142857133,00:00:00,0.3337911999988137,0.0002225274666658,,,,600.0,60.0,,,
Zheng DBSCAN,AdditionalLogs,sudden_drift_07,,,,"[np.float64(1018.375), np.float64(1324.0)]","[500, 1000]",0.5,18.375,00:00:00,0.3337911999988137,0.0002225274666658,,,,600.0,120.0,,,
Zheng DBSCAN,AdditionalLogs,sudden_drift_07,,,,"[np.float64(1018.375), np.float64(1324.0)]","[500, 1000]",0.5,18.375,00:00:00,0.3337911999988137,0.0002225274666658,,,,600.0,180.0,,,
Zheng DBSCAN,AdditionalLogs,sudden_drift_07,,,,"[np.float64(1018.375), np.float64(1324.0)]","[500, 1000]",0.5,18.375,00:00:00,0.3337911999988137,0.0002225274666658,,,,600.0,240.0,,,
Zheng DBSCAN,AdditionalLogs,sudden_drift_07,,,,[np.float64(1052.3333333333333)],"[500, 1000]",0.6666666666666666,52.33333333333326,00:00:00,0.3337911999988137,0.0002225274666658,,,,600.0,300.0,,,
Process Graph Metrics,AdditionalLogs,recurring_drift_06,,,,[],"[500, 1000]",,,00:00:06,6.17181050000363,0.0041145403333357,0.005,100.0,700.0,,,,,
LCDD,AdditionalLogs,recurring_drift_06,1200.0,1200.0,50.0,[],"[500, 1000]",,,00:00:00,0.0831180999957723,5.541206666384823e-05,,,,,,,,
Process Graph Metrics,AdditionalLogs,sudden_drift_02,,,,"[572, 1080]","[500, 1000]",1.0,76.0,00:00:12,12.50509520000196,0.0083367301333346,0.0001,100.0,600.0,,,,,
Process Graph Metrics,AdditionalLogs,recurring_drift_01,,,,"[1044, 1692]","[500, 1000]",0.5,44.0,00:00:01,1.6740777000013622,0.0011160518000009,0.005,400.0,500.0,,,,,
Process Graph Metrics,AdditionalLogs,gradual_drift_07,,,,"[648, 1552]","[500, 1000]",0.5,148.0,00:00:07,7.4160149000017554,0.0052971535000012,0.005,100.0,700.0,,,,,
LCDD,AdditionalLogs,gradual_drift_02,100.0,100.0,150.0,"[102, 231, 334, 436, 540, 642, 743, 856, 956, 1063, 1167, 1272, 1374]","[500, 1000]",0.2666666666666667,42.0,00:00:00,0.0222116000004461,1.5865428571747282e-05,,,,,,,,
LCDD,AdditionalLogs,gradual_drift_03,600.0,600.0,5.0,"[600, 1390]","[500, 1000]",0.5,100.0,00:00:00,0.0122117999999318,8.72271428566559e-06,,,,,,,,
Process Graph Metrics,AdditionalLogs,gradual_drift_01,,,,"[450, 1101]","[500, 1000]",1.0,75.5,00:00:00,0.8967233000003034,0.0006405166428573,0.005,300.0,500.0,,,,,
LCDD,AdditionalLogs,sudden_drift_06,300.0,300.0,100.0,"[336, 644, 986, 1452]","[500, 1000]",0.6666666666666666,79.0,00:00:00,0.0802261999997426,5.348413333316178e-05,,,,,,,,
Process Graph Metrics,AdditionalLogs,recurring_drift_09,,,,"[544, 1079]","[500, 1000]",1.0,61.5,00:00:06,6.509519600003841,0.0043396797333358,0.05,200.0,700.0,,,,,
LCDD,AdditionalLogs,recurring_drift_01,200.0,200.0,50.0,"[263, 504, 708, 977, 1261]","[500, 1000]",0.5714285714285715,13.5,00:00:00,0.0313038000022061,2.0869200001470744e-05,,,,,,,,
Process Graph Metrics,AdditionalLogs,gradual_drift_00,,,,"[680, 1328]","[500, 1000]",0.5,180.0,00:00:01,1.1076272999998764,0.0007911623571427,0.05,300.0,600.0,,,,,
Process Graph Metrics,AdditionalLogs,gradual_drift_07,,,,"[648, 1555]","[500, 1000]",0.5,148.0,00:00:07,7.411356000004162,0.0052938257142886,0.0001,300.0,600.0,,,,,
LCDD,AdditionalLogs,sudden_drift_06,1200.0,1200.0,150.0,[1205],"[500, 1000]",,,00:00:00,0.0768797999990056,5.125319999933709e-05,,,,,,,,
Process Graph Metrics,AdditionalLogs,sudden_drift_06,,,,[728],"[500, 1000]",,,00:00:59,59.05422850000468,0.0393694856666697,0.0001,400.0,600.0,,,,,
LCDD,AdditionalLogs,sudden_drift_00,600.0,600.0,150.0,[646],"[500, 1000]",0.6666666666666666,146.0,00:00:00,0.0104711000021779,6.980733334785327e-06,,,,,,,,
LCDD,AdditionalLogs,recurring_drift_00,800.0,800.0,100.0,[881],"[500, 1000]",0.6666666666666666,119.0,00:00:00,0.15038540000387,0.0001002569333359,,,,,,,,
Process Graph Metrics,AdditionalLogs,sudden_drift_01,,,,"[526, 1045, 1564]","[500, 1000]",0.8,35.5,00:00:01,1.4559257000000798,0.0009706171333333,0.05,200.0,600.0,,,,,
LCDD,AdditionalLogs,sudden_drift_04,400.0,400.0,10.0,"[500, 946, 1492]","[500, 1000]",0.8,27.0,00:00:00,0.0197211000049719,1.314740000331464e-05,,,,,,,,
LCDD,AdditionalLogs,gradual_drift_07,800.0,800.0,50.0,[915],"[500, 1000]",0.6666666666666666,85.0,00:00:00,0.0110648999980185,7.903499998584655e-06,,,,,,,,
LCDD,AdditionalLogs,sudden_drift_03,400.0,400.0,50.0,"[417, 914]","[500, 1000]",1.0,84.5,00:00:00,0.0122072000012849,8.138133334189964e-06,,,,,,,,
Process Graph Metrics,AdditionalLogs,gradual_drift_04,,,,[540],"[500, 1000]",0.6666666666666666,40.0,00:00:00,0.4407715999986976,0.0003148368571419,0.005,300.0,400.0,,,,,
LCDD,AdditionalLogs,sudden_drift_01,100.0,100.0,150.0,"[102, 213, 354, 503, 616, 740, 845, 954, 1059, 1173, 1325, 1428]","[500, 1000]",0.2857142857142857,24.5,00:00:00,0.0271313000048394,1.808753333655962e-05,,,,,,,,
LCDD,AdditionalLogs,gradual_drift_07,1200.0,1200.0,100.0,[],"[500, 1000]",,,00:00:00,0.0161630000002332,1.154500000016664e-05,,,,,,,,
Process Graph Metrics,AdditionalLogs,sudden_drift_02,,,,"[457, 1082, 1457]","[500, 1000]",0.8,62.5,00:00:01,1.3936059000043317,0.0009290706000028,0.05,300.0,500.0,,,,,
Process Graph Metrics,AdditionalLogs,gradual_drift_07,,,,"[617, 1199, 1415]","[500, 1000]",0.8,158.0,00:00:00,0.9820442000054754,0.000701460142861,0.05,400.0,400.0,,,,,
LCDD,AdditionalLogs,recurring_drift_02,200.0,200.0,50.0,"[207, 419, 637, 841, 1041, 1252, 1478]","[500, 1000]",0.4444444444444445,61.0,00:00:00,0.024341699994693,1.622779999646203e-05,,,,,,,,
Process Graph Metrics,AdditionalLogs,recurring_drift_08,,,,"[717, 1674]","[500, 1000]",,,00:00:11,11.712134100002004,0.0078080894000013,0.005,300.0,700.0,,,,,
LCDD,AdditionalLogs,sudden_drift_02,100.0,100.0,150.0,"[100, 236, 336, 447, 548, 652, 755, 859, 959, 1059, 1192, 1299, 1409]","[500, 1000]",0.2666666666666667,44.5,00:00:00,0.0325107000026037,2.16738000017358e-05,,,,,,,,
Process Graph Metrics,AdditionalLogs,sudden_drift_00,,,,"[600, 1201]","[500, 1000]",0.5,100.0,00:00:00,0.1764764999970793,0.000117650999998,0.05,400.0,500.0,,,,,
Process Graph Metrics,AdditionalLogs,sudden_drift_08,,,,"[550, 1026, 1598]","[500, 1000]",0.8,38.0,00:00:02,2.615885999999591,0.0017439239999997,0.05,100.0,500.0,,,,,
LCDD,AdditionalLogs,recurring_drift_03,100.0,100.0,50.0,"[122, 252, 370, 499, 603, 786, 893, 1019, 1120, 1231, 1333]","[500, 1000]",0.3076923076923077,10.0,00:00:00,0.0200948999990941,1.339659999939613e-05,,,,,,,,
Process Graph Metrics,AdditionalLogs,sudden_drift_03,,,,"[629, 1169]","[500, 1000]",1.0,149.0,00:00:02,2.800226699997438,0.0018668177999982,0.05,100.0,400.0,,,,,
LCDD,AdditionalLogs,recurring_drift_02,600.0,600.0,200.0,"[637, 1258]","[500, 1000]",0.5,137.0,00:00:00,0.0248077000069315,1.6538466671287703e-05,,,,,,,,
Process Graph Metrics,AdditionalLogs,gradual_drift_04,,,,[525],"[500, 1000]",0.6666666666666666,25.0,00:00:00,0.7232751999981701,0.0005166251428558,0.005,200.0,400.0,,,,,
Process Graph Metrics,AdditionalLogs,recurring_drift_08,,,,"[717, 1667]","[500, 1000]",,,00:00:11,11.707327999996778,0.0078048853333311,0.05,300.0,500.0,,,,,
LCDD,AdditionalLogs,gradual_drift_03,1200.0,1200.0,5.0,[1390],"[500, 1000]",,,00:00:00,0.010653799996362,7.60985714025862e-06,,,,,,,,
Process Graph Metrics,AdditionalLogs,gradual_drift_03,,,,"[525, 1075]","[500, 1000]",1.0,50.0,00:00:02,2.022536800002854,0.0014446691428591,0.1,300.0,400.0,,,,,
Process Graph Metrics,AdditionalLogs,gradual_drift_08,,,,"[495, 1274]","[500, 1000]",0.5,5.0,00:00:01,1.5394601000007242,0.0010996143571433,0.05,100.0,600.0,,,,,
Process Graph Metrics,AdditionalLogs,recurring_drift_05,,,,"[562, 1102, 1643]","[500, 1000]",0.8,82.0,00:00:01,1.4889981000014814,0.0009926654000009,0.1,300.0,600.0,,,,,
LCDD,AdditionalLogs,sudden_drift_05,100.0,100.0,10.0,"[117, 218, 334, 441, 550, 650, 787, 893, 994, 1102, 1204, 1305, 1405]","[500, 1000]",0.2666666666666667,28.0,00:00:00,0.0200700999994296,1.338006666628644e-05,,,,,,,,
LCDD,AdditionalLogs,sudden_drift_08,1200.0,1200.0,10.0,[1233],"[500, 1000]",,,00:00:00,0.0120344000024488,8.02293333496588e-06,,,,,,,,
Process Graph Metrics,AdditionalLogs,gradual_drift_00,,,,"[681, 1329]","[500, 1000]",0.5,181.0,00:00:01,1.07383739999932,0.0007670267142852,0.005,300.0,600.0,,,,,
LCDD,AdditionalLogs,sudden_drift_08,400.0,400.0,100.0,"[504, 905, 1357]","[500, 1000]",0.8,49.5,00:00:00,0.0187908000007155,1.2527200000477024e-05,,,,,,,,
Process Graph Metrics,AdditionalLogs,recurring_drift_09,,,,"[547, 1014]","[500, 1000]",1.0,30.5,00:00:06,6.714071299997158,0.0044760475333314,0.05,100.0,600.0,,,,,
LCDD,AdditionalLogs,sudden_drift_08,800.0,800.0,5.0,[828],"[500, 1000]",0.6666666666666666,172.0,00:00:00,0.0124014000030001,8.267600002000108e-06,,,,,,,,
Process Graph Metrics,AdditionalLogs,sudden_drift_00,,,,"[528, 1091, 1424]","[500, 1000]",0.8,59.5,00:00:01,1.965434900004766,0.0013102899333365,0.1,100.0,700.0,,,,,
Process Graph Metrics,AdditionalLogs,gradual_drift_07,,,,"[205, 465, 856, 1546]","[500, 1000]",0.6666666666666666,89.5,00:00:01,1.8540375000011409,0.0013243125000008,0.1,100.0,600.0,,,,,
LCDD,AdditionalLogs,recurring_drift_02,800.0,800.0,200.0,[841],"[500, 1000]",0.6666666666666666,159.0,00:00:00,0.1660062000009929,0.0001106708000006,,,,,,,,
LCDD,AdditionalLogs,gradual_drift_02,400.0,400.0,200.0,"[412, 815, 1245]","[500, 1000]",0.8,136.5,00:00:00,0.02173380000022,1.552414285730005e-05,,,,,,,,
Process Graph Metrics,AdditionalLogs,recurring_drift_05,,,,"[618, 1218]","[500, 1000]",0.5,118.0,00:00:01,1.2480171999995946,0.0008320114666663,0.0001,400.0,600.0,,,,,
Process Graph Metrics,AdditionalLogs,sudden_drift_03,,,,[720],"[500, 1000]",,,00:00:00,0.2579612999979872,0.0001719741999986,0.0001,400.0,600.0,,,,,
Process Graph Metrics,AdditionalLogs,recurring_drift_07,,,,"[551, 1091]","[500, 1000]",1.0,71.0,00:00:00,0.722112700001162,0.0004814084666674,0.0001,100.0,400.0,,,,,
LCDD,AdditionalLogs,recurring_drift_04,600.0,600.0,50.0,"[628, 1277]","[500, 1000]",0.5,128.0,00:00:00,0.0130092999970656,8.672866664710455e-06,,,,,,,,
Process Graph Metrics,AdditionalLogs,recurring_drift_05,,,,"[587, 1106, 1625]","[500, 1000]",0.8,96.5,00:00:03,3.4955097999991267,0.002330339866666,0.005,200.0,600.0,,,,,
Process Graph Metrics,AdditionalLogs,gradual_drift_00,,,,"[1009, 1475]","[500, 1000]",0.5,9.0,00:00:02,2.3841360000005807,0.0017029542857147,0.005,100.0,400.0,,,,,
Process Graph Metrics,AdditionalLogs,sudden_drift_08,,,,"[540, 1080]","[500, 1000]",1.0,60.0,00:00:00,0.2491365000023506,0.0001660910000015,0.1,300.0,500.0,,,,,
LCDD,AdditionalLogs,sudden_drift_06,1200.0,1200.0,5.0,[1205],"[500, 1000]",,,00:00:00,0.077746399998432,5.183093333228802e-05,,,,,,,,
LCDD,AdditionalLogs,recurring_drift_02,200.0,200.0,20.0,"[207, 419, 637, 841, 1041, 1252, 1478]","[500, 1000]",0.4444444444444445,61.0,00:00:00,0.1766051000013249,0.0001177367333342,,,,,,,,
LCDD,AdditionalLogs,gradual_drift_00,1200.0,1200.0,50.0,[1206],"[500, 1000]",,,00:00:00,0.0095662000021548,6.833000001539143e-06,,,,,,,,
LCDD,AdditionalLogs,recurring_drift_08,400.0,400.0,10.0,"[426, 874, 1324]","[500, 1000]",0.8,100.0,00:00:00,0.0116672000003745,7.778133333583052e-06,,,,,,,,
Process Graph Metrics,AdditionalLogs,gradual_drift_06,,,,"[600, 1200]","[500, 1000]",1.0,150.0,00:00:01,1.0651511999967624,0.0007608222857119,0.005,400.0,500.0,,,,,
Process Graph Metrics,AdditionalLogs,recurring_drift_09,,,,"[553, 1008]","[500, 1000]",1.0,30.5,00:00:07,7.744655700000294,0.0051631038000001,0.005,200.0,600.0,,,,,
Process Graph Metrics,AdditionalLogs,recurring_drift_06,,,,[],"[500, 1000]",,,00:00:04,4.646670199996152,0.0030977801333307,0.0001,400.0,500.0,,,,,
LCDD,AdditionalLogs,gradual_drift_03,200.0,200.0,50.0,"[275, 533, 784, 994, 1205]","[500, 1000]",0.5714285714285715,19.5,00:00:00,0.0113948999933199,8.139214280942854e-06,,,,,,,,
Process Graph Metrics,AdditionalLogs,sudden_drift_08,,,,[900],"[500, 1000]",0.6666666666666666,100.0,00:00:00,0.4384740000023157,0.0002923160000015,0.005,200.0,700.0,,,,,
LCDD,AdditionalLogs,recurring_drift_06,600.0,600.0,100.0,[672],"[500, 1000]",0.6666666666666666,172.0,00:00:00,0.0739662999985739,4.931086666571597e-05,,,,,,,,
LCDD,AdditionalLogs,sudden_drift_00,200.0,200.0,200.0,"[502, 1000, 1246]","[500, 1000]",0.8,1.0,00:00:00,0.0173271000021486,1.1551400001432435e-05,,,,,,,,
Process Graph Metrics,AdditionalLogs,recurring_drift_09,,,,"[600, 1320]","[500, 1000]",0.5,100.0,00:00:00,0.5003530000030878,0.0003335686666687,0.0001,400.0,500.0,,,,,
Process Graph Metrics,AdditionalLogs,gradual_drift_02,,,,"[450, 1229]","[500, 1000]",0.5,50.0,00:00:00,0.6990100999973947,0.0004992929285695,0.0001,300.0,600.0,,,,,
Process Graph Metrics,AdditionalLogs,recurring_drift_07,,,,"[541, 1114]","[500, 1000]",1.0,77.5,00:00:02,2.6430609000017284,0.0017620406000011,0.0001,200.0,600.0,,,,,
Process Graph Metrics,AdditionalLogs,recurring_drift_07,,,,"[512, 962]","[500, 1000]",1.0,25.0,00:00:01,1.8228635999985272,0.001215242399999,0.005,100.0,600.0,,,,,
LCDD,AdditionalLogs,recurring_drift_06,300.0,300.0,5.0,"[309, 672, 1008, 1401]","[500, 1000]",0.6666666666666666,90.0,00:00:00,0.2468372000003,0.0001645581333335,,,,,,,,
Process Graph Metrics,AdditionalLogs,gradual_drift_09,,,,"[527, 1065]","[500, 1000]",1.0,46.0,00:00:01,1.9185476999991808,0.0013703912142851,0.005,200.0,500.0,,,,,
LCDD,AdditionalLogs,recurring_drift_07,800.0,800.0,150.0,[],"[500, 1000]",,,00:00:00,0.012521700002253,8.347800001502037e-06,,,,,,,,
Process Graph Metrics,AdditionalLogs,sudden_drift_06,,,,"[673, 1321]","[500, 1000]",0.5,173.0,00:00:07,7.350301799997396,0.0049002011999982,0.005,300.0,500.0,,,,,
LCDD,AdditionalLogs,sudden_drift_01,800.0,800.0,200.0,[921],"[500, 1000]",0.6666666666666666,79.0,00:00:00,0.0304152000026078,2.027680000173859e-05,,,,,,,,
LCDD,AdditionalLogs,recurring_drift_08,100.0,100.0,5.0,"[101, 207, 308, 413, 522, 639, 758, 859, 970, 1079, 1183, 1297, 1397, 1498]","[500, 1000]",0.25,26.0,00:00:00,0.013308000001416,8.872000000944051e-06,,,,,,,,
Process Graph Metrics,AdditionalLogs,gradual_drift_08,,,,"[612, 1152]","[500, 1000]",1.0,132.0,00:00:02,2.41981439999654,0.0017284388571403,0.005,100.0,600.0,,,,,
Process Graph Metrics,AdditionalLogs,gradual_drift_04,,,,"[486, 1135]","[500, 1000]",1.0,74.5,00:00:04,4.770500699996774,0.0034075004999976,0.1,200.0,500.0,,,,,
Process Graph Metrics,AdditionalLogs,gradual_drift_01,,,,"[314, 658, 970, 1282]","[500, 1000]",0.6666666666666666,94.0,00:00:02,2.160621400005766,0.0015433010000041,0.1,100.0,600.0,,,,,
Process Graph Metrics,AdditionalLogs,sudden_drift_01,,,,"[540, 1080]","[500, 1000]",1.0,60.0,00:00:00,0.5739426000000094,0.0003826284,0.05,300.0,400.0,,,,,
Process Graph Metrics,AdditionalLogs,gradual_drift_06,,,,[600],"[500, 1000]",0.6666666666666666,100.0,00:00:01,1.928099699995073,0.001377214071425,0.1,400.0,400.0,,,,,
Process Graph Metrics,AdditionalLogs,sudden_drift_00,,,,"[553, 1174]","[500, 1000]",1.0,113.5,00:00:03,3.1611600999967777,0.0021074400666645,0.005,200.0,600.0,,,,,
LCDD,AdditionalLogs,sudden_drift_00,600.0,600.0,5.0,[646],"[500, 1000]",0.6666666666666666,146.0,00:00:00,0.0142539999942528,9.502666662835206e-06,,,,,,,,
LCDD,AdditionalLogs,sudden_drift_08,300.0,300.0,10.0,"[308, 626, 932, 1233]","[500, 1000]",0.6666666666666666,97.0,00:00:00,0.0091090000059921,6.07266667066142e-06,,,,,,,,
LCDD,AdditionalLogs,gradual_drift_01,1200.0,1200.0,5.0,[1248],"[500, 1000]",,,00:00:00,0.0251778000019839,1.7984142858559996e-05,,,,,,,,
LCDD,AdditionalLogs,recurring_drift_00,100.0,100.0,5.0,"[100, 200, 328, 502, 604, 706, 836, 942, 1043, 1210, 1310, 1435]","[500, 1000]",0.2857142857142857,22.5,00:00:00,0.0093325999987428,6.221733332495205e-06,,,,,,,,
Process Graph Metrics,AdditionalLogs,sudden_drift_07,,,,"[551, 1087]","[500, 1000]",1.0,69.0,00:00:01,1.6122688000032213,0.0010748458666688,0.0001,200.0,400.0,,,,,
Process Graph Metrics,AdditionalLogs,gradual_drift_07,,,,[750],"[500, 1000]",,,00:00:00,0.3609788000030676,0.0002578420000021,0.0001,200.0,600.0,,,,,
Process Graph Metrics,AdditionalLogs,recurring_drift_03,,,,[708],"[500, 1000]",,,00:00:03,3.034709400002612,0.0020231396000017,0.0001,200.0,600.0,,,,,
Process Graph Metrics,AdditionalLogs,sudden_drift_07,,,,"[458, 1003]","[500, 1000]",1.0,22.5,00:00:00,0.6092541000034544,0.0004061694000023,0.1,300.0,700.0,,,,,
Process Graph Metrics,AdditionalLogs,gradual_drift_04,,,,[540],"[500, 1000]",0.6666666666666666,40.0,00:00:00,0.5979943000056664,0.0004271387857183,0.005,100.0,400.0,,,,,
Process Graph Metrics,AdditionalLogs,sudden_drift_09,,,,"[458, 908, 1363]","[500, 1000]",0.8,67.0,00:00:00,0.9899597999974504,0.0006599731999983,0.1,300.0,500.0,,,,,
Process Graph Metrics,AdditionalLogs,gradual_drift_06,,,,"[465, 1005]","[500, 1000]",1.0,20.0,00:00:04,4.034772700004396,0.0028819805000031,0.05,300.0,700.0,,,,,
Process Graph Metrics,AdditionalLogs,sudden_drift_08,,,,"[816, 1032, 1572]","[500, 1000]",0.4,32.0,00:00:00,0.7172023000021,0.000478134866668,0.1,200.0,600.0,,,,,
LCDD,AdditionalLogs,sudden_drift_05,100.0,100.0,50.0,"[117, 218, 334, 441, 550, 650, 787, 893, 994, 1102, 1204, 1305, 1405]","[500, 1000]",0.2666666666666667,28.0,00:00:00,0.0176912999959313,1.1794199997287556e-05,,,,,,,,
LCDD,AdditionalLogs,gradual_drift_08,300.0,300.0,50.0,"[323, 649, 950, 1278]","[500, 1000]",0.6666666666666666,99.5,00:00:00,0.0154036999956588,1.1002642854042018e-05,,,,,,,,
Process Graph Metrics,AdditionalLogs,gradual_drift_03,,,,"[558, 1098]","[500, 1000]",1.0,78.0,00:00:00,0.8384345000013127,0.0005988817857152,0.0001,300.0,500.0,,,,,
LCDD,AdditionalLogs,gradual_drift_00,100.0,100.0,5.0,"[100, 200, 329, 431, 576, 912, 1067, 1177, 1277]","[500, 1000]",0.3636363636363636,68.0,00:00:00,0.0191484000024502,1.3677428573178726e-05,,,,,,,,
Zheng DBSCAN,AdditionalLogs,gradual_drift_06,,,,"[np.float64(966.6470588235294), np.float64(1135.0), np.float64(1206.0), np.float64(1392.0)]","[500, 1000]",0.3333333333333333,33.35294117647061,00:00:00,0.7375052999996115,0.0005267894999997,,,,700.0,70.0,,,
Zheng DBSCAN,AdditionalLogs,gradual_drift_06,,,,"[np.float64(988.1052631578947), np.float64(1392.0)]","[500, 1000]",0.5,11.894736842105315,00:00:00,0.7375052999996115,0.0005267894999997,,,,700.0,140.0,,,
Zheng DBSCAN,AdditionalLogs,gradual_drift_06,,,,[np.float64(1008.3)],"[500, 1000]",0.6666666666666666,8.299999999999955,00:00:00,0.7375052999996115,0.0005267894999997,,,,700.0,210.0,,,
Zheng DBSCAN,AdditionalLogs,gradual_drift_06,,,,[np.float64(1008.3)],"[500, 1000]",0.6666666666666666,8.299999999999955,00:00:00,0.7375052999996115,0.0005267894999997,,,,700.0,280.0,,,
Zheng DBSCAN,AdditionalLogs,gradual_drift_06,,,,[np.float64(831.2142857142857)],"[500, 1000]",0.6666666666666666,168.7857142857143,00:00:00,0.7375052999996115,0.0005267894999997,,,,700.0,350.0,,,
Process Graph Metrics,AdditionalLogs,gradual_drift_00,,,,"[681, 1329]","[500, 1000]",0.5,181.0,00:00:01,1.1612346999972942,0.0008294533571409,0.005,100.0,500.0,,,,,
LCDD,AdditionalLogs,recurring_drift_04,1200.0,1200.0,5.0,[],"[500, 1000]",,,00:00:00,0.0120580000002519,8.038666666834614e-06,,,,,,,,
LCDD,AdditionalLogs,sudden_drift_09,400.0,400.0,200.0,"[502, 1000]","[500, 1000]",1.0,1.0,00:00:00,0.1597206000005826,0.0001064804000003,,,,,,,,
Process Graph Metrics,AdditionalLogs,sudden_drift_04,,,,"[567, 1317]","[500, 1000]",0.5,67.0,00:00:02,2.087628400004178,0.0013917522666694,0.1,200.0,700.0,,,,,
LCDD,AdditionalLogs,recurring_drift_03,400.0,400.0,200.0,"[500, 911, 1348]","[500, 1000]",0.8,44.5,00:00:00,0.1491504000005079,9.943360000033865e-05,,,,,,,,
Process Graph Metrics,AdditionalLogs,recurring_drift_06,,,,"[750, 995]","[500, 1000]",0.5,5.0,00:00:06,6.217354300002626,0.0041449028666684,0.005,200.0,600.0,,,,,
Process Graph Metrics,AdditionalLogs,sudden_drift_05,,,,[600],"[500, 1000]",0.6666666666666666,100.0,00:00:00,0.583762400005071,0.0003891749333367,0.005,400.0,500.0,,,,,
Process Graph Metrics,AdditionalLogs,recurring_drift_05,,,,"[604, 1144]","[500, 1000]",1.0,124.0,00:00:03,3.78855179999664,0.0025257011999977,0.0001,100.0,400.0,,,,,
LCDD,AdditionalLogs,recurring_drift_06,400.0,400.0,20.0,"[500, 939, 1401]","[500, 1000]",0.8,30.5,00:00:00,0.0727740000002086,4.851600000013908e-05,,,,,,,,
LCDD,AdditionalLogs,gradual_drift_08,100.0,100.0,50.0,"[105, 208, 312, 416, 530, 649, 757, 858, 976, 1096, 1197, 1306]","[500, 1000]",0.2857142857142857,27.0,00:00:00,0.0084476999982143,6.034071427295982e-06,,,,,,,,
Process Graph Metrics,AdditionalLogs,recurring_drift_04,,,,"[634, 1234]","[500, 1000]",0.5,134.0,00:00:01,1.3652075999998488,0.0009101383999998,0.05,400.0,600.0,,,,,
Process Graph Metrics,AdditionalLogs,recurring_drift_00,,,,"[600, 1152]","[500, 1000]",1.0,126.0,00:00:00,0.2441218000021763,0.0001627478666681,0.05,400.0,400.0,,,,,
LCDD,AdditionalLogs,sudden_drift_03,200.0,200.0,20.0,"[271, 500, 789, 1009, 1263, 1466]","[500, 1000]",0.5,4.5,00:00:00,0.011813199998869,7.87546666591273e-06,,,,,,,,
LCDD,AdditionalLogs,recurring_drift_03,600.0,600.0,20.0,"[631, 1348]","[500, 1000]",0.5,131.0,00:00:00,0.0159468999991077,1.06312666660718e-05,,,,,,,,
Process Graph Metrics,AdditionalLogs,recurring_drift_00,,,,"[531, 1047]","[500, 1000]",1.0,39.0,00:00:03,3.0665055999998003,0.0020443370666665,0.1,100.0,500.0,,,,,
Process Graph Metrics,AdditionalLogs,sudden_drift_00,,,,"[600, 1542]","[500, 1000]",0.5,100.0,00:00:00,0.3018665999989025,0.0002012443999992,0.005,400.0,400.0,,,,,
LCDD,AdditionalLogs,recurring_drift_09,300.0,300.0,5.0,"[500, 1000]","[500, 1000]",1.0,0.0,00:00:00,0.0240487999981269,1.6032533332084616e-05,,,,,,,,
LCDD,AdditionalLogs,recurring_drift_07,600.0,600.0,5.0,[],"[500, 1000]",,,00:00:00,0.0168574000053922,1.123826667026151e-05,,,,,,,,
LCDD,AdditionalLogs,gradual_drift_05,1200.0,1200.0,20.0,[1316],"[500, 1000]",,,00:00:00,0.0156380999978864,1.1170071427061754e-05,,,,,,,,
LCDD,AdditionalLogs,gradual_drift_04,100.0,100.0,50.0,"[104, 215, 316, 416, 521, 642, 745, 847, 947, 1052, 1158, 1271, 1396]","[500, 1000]",0.2666666666666667,36.5,00:00:00,0.0113755999991553,8.125428570825275e-06,,,,,,,,
LCDD,AdditionalLogs,sudden_drift_01,800.0,800.0,150.0,[921],"[500, 1000]",0.6666666666666666,79.0,00:00:00,0.0342700000037439,2.284666666916261e-05,,,,,,,,
LCDD,AdditionalLogs,sudden_drift_08,200.0,200.0,150.0,"[225, 426, 626, 828, 1032, 1233, 1435]","[500, 1000]",0.4444444444444445,53.0,00:00:00,0.0137436999939382,9.162466662625471e-06,,,,,,,,
Process Graph Metrics,AdditionalLogs,recurring_drift_03,,,,"[600, 1200]","[500, 1000]",1.0,150.0,00:00:00,0.1902388000016799,0.0001268258666677,0.005,400.0,600.0,,,,,
LCDD,AdditionalLogs,gradual_drift_03,800.0,800.0,150.0,[830],"[500, 1000]",0.6666666666666666,170.0,00:00:00,0.0119493999955011,8.535285711072252e-06,,,,,,,,
LCDD,AdditionalLogs,gradual_drift_00,800.0,800.0,5.0,[912],"[500, 1000]",0.6666666666666666,88.0,00:00:00,0.0100692999985767,7.192357141840538e-06,,,,,,,,
Process Graph Metrics,AdditionalLogs,gradual_drift_02,,,,"[360, 871]","[500, 1000]",1.0,134.5,00:00:16,16.42095430000336,0.0117292530714309,0.05,200.0,400.0,,,,,
LCDD,AdditionalLogs,sudden_drift_03,1200.0,1200.0,50.0,[],"[500, 1000]",,,00:00:00,0.0188151999973342,1.2543466664889516e-05,,,,,,,,
LCDD,AdditionalLogs,sudden_drift_02,100.0,100.0,10.0,"[100, 236, 336, 447, 548, 652, 755, 859, 959, 1059, 1192, 1299, 1409]","[500, 1000]",0.2666666666666667,44.5,00:00:00,0.0289998000007472,1.9333200000498133e-05,,,,,,,,
LCDD,AdditionalLogs,gradual_drift_02,300.0,300.0,150.0,"[329, 651, 956, 1330]","[500, 1000]",0.6666666666666666,97.5,00:00:00,0.0312852999995811,2.23466428568437e-05,,,,,,,,
Process Graph Metrics,AdditionalLogs,recurring_drift_02,,,,[1078],"[500, 1000]",0.6666666666666666,78.0,00:00:12,12.60175960000197,0.0084011730666679,0.005,300.0,500.0,,,,,
Process Graph Metrics,AdditionalLogs,recurring_drift_03,,,,"[600, 1200]","[500, 1000]",1.0,150.0,00:00:00,0.1664435999991838,0.0001109623999994,0.1,400.0,600.0,,,,,
Process Graph Metrics,AdditionalLogs,sudden_drift_00,,,,"[551, 1146]","[500, 1000]",1.0,98.5,00:00:02,2.618388100003358,0.0017455920666689,0.1,200.0,700.0,,,,,
Process Graph Metrics,AdditionalLogs,sudden_drift_04,,,,"[609, 1257]","[500, 1000]",0.5,109.0,00:00:02,2.6754089999958524,0.0017836059999972,0.0001,100.0,500.0,,,,,
LCDD,AdditionalLogs,sudden_drift_02,200.0,200.0,5.0,"[236, 447, 654, 854, 1055, 1257, 1469]","[500, 1000]",0.4444444444444445,54.0,00:00:00,0.027657899998303,1.8438599998868693e-05,,,,,,,,
Process Graph Metrics,AdditionalLogs,sudden_drift_06,,,,[779],"[500, 1000]",,,00:00:38,38.47072969999863,0.0256471531333324,0.0001,300.0,600.0,,,,,
LCDD,AdditionalLogs,sudden_drift_07,100.0,100.0,200.0,"[100, 206, 319, 436, 567, 675, 782, 885, 1004, 1324, 1432]","[500, 1000]",0.3076923076923077,34.0,00:00:00,0.0141347999960999,9.423199997399934e-06,,,,,,,,
Process Graph Metrics,AdditionalLogs,gradual_drift_06,,,,"[312, 970, 1510]","[500, 1000]",0.8,109.0,00:00:33,33.99595010000485,0.0242828215000034,0.1,200.0,600.0,,,,,
Process Graph Metrics,AdditionalLogs,gradual_drift_02,,,,"[600, 1200]","[500, 1000]",1.0,150.0,00:00:00,0.3805037999991327,0.0002717884285708,0.05,400.0,700.0,,,,,
Process Graph Metrics,AdditionalLogs,gradual_drift_02,,,,"[323, 625, 1069]","[500, 1000]",0.8,97.0,00:00:02,2.2443264000030467,0.0016030902857164,0.1,200.0,500.0,,,,,
LCDD,AdditionalLogs,gradual_drift_00,400.0,400.0,10.0,"[413, 912]","[500, 1000]",1.0,87.5,00:00:00,0.0096888000043691,6.920571431692224e-06,,,,,,,,
Process Graph Metrics,AdditionalLogs,gradual_drift_07,,,,"[205, 465, 856, 1546]","[500, 1000]",0.6666666666666666,89.5,00:00:01,1.875607499998296,0.0013397196428559,0.1,100.0,500.0,,,,,
LCDD,AdditionalLogs,recurring_drift_02,1200.0,1200.0,150.0,[1269],"[500, 1000]",,,00:00:00,0.0281156999990344,1.874379999935627e-05,,,,,,,,
Process Graph Metrics,AdditionalLogs,sudden_drift_06,,,,"[612, 1212]","[500, 1000]",0.5,112.0,00:00:03,3.5594498999998905,0.0023729665999999,0.05,400.0,700.0,,,,,
Process Graph Metrics,AdditionalLogs,gradual_drift_01,,,,"[450, 1000, 1261]","[500, 1000]",0.8,25.0,00:00:00,0.7872674999962328,0.0005623339285687,0.1,300.0,400.0,,,,,
LCDD,AdditionalLogs,recurring_drift_07,100.0,100.0,50.0,"[112, 258, 502, 649, 824, 1000, 1165, 1266, 1382]","[500, 1000]",0.3636363636363636,1.0,00:00:00,0.0133040000000619,8.869333333374623e-06,,,,,,,,
Process Graph Metrics,AdditionalLogs,recurring_drift_00,,,,"[561, 1101]","[500, 1000]",1.0,81.0,00:00:00,0.922406099998625,0.000614937399999,0.005,100.0,400.0,,,,,
LCDD,AdditionalLogs,recurring_drift_05,400.0,400.0,100.0,"[504, 929, 1337]","[500, 1000]",0.8,37.5,00:00:00,0.019515500003763,1.3010333335842006e-05,,,,,,,,
Zheng DBSCAN,AdditionalLogs,sudden_drift_01,,,,"[np.float64(620.5), np.float64(762.0), np.float64(921.0), np.float64(1007.3333333333334), np.float64(1115.0), np.float64(1254.0)]","[500, 1000]",0.5,63.916666666666686,00:00:00,0.4816653000016231,0.000321110200001,,,,600.0,60.0,,,
Zheng DBSCAN,AdditionalLogs,sudden_drift_01,,,,"[np.float64(762.0), np.float64(1010.0), np.float64(1254.0)]","[500, 1000]",0.4,10.0,00:00:00,0.4816653000016231,0.000321110200001,,,,600.0,120.0,,,
Zheng DBSCAN,AdditionalLogs,sudden_drift_01,,,,[np.float64(671.3846153846154)],"[500, 1000]",0.6666666666666666,171.38461538461536,00:00:00,0.4816653000016231,0.000321110200001,,,,600.0,180.0,,,
Zheng DBSCAN,AdditionalLogs,sudden_drift_01,,,,[np.float64(648.0370370370371)],"[500, 1000]",0.6666666666666666,148.03703703703707,00:00:00,0.4816653000016231,0.000321110200001,,,,600.0,240.0,,,
Zheng DBSCAN,AdditionalLogs,sudden_drift_01,,,,[np.float64(648.0370370370371)],"[500, 1000]",0.6666666666666666,148.03703703703707,00:00:00,0.4816653000016231,0.000321110200001,,,,600.0,300.0,,,
Process Graph Metrics,AdditionalLogs,recurring_drift_01,,,,"[339, 651, 963, 1742]","[500, 1000]",0.6666666666666666,94.0,00:00:02,2.464267700001073,0.001642845133334,0.05,100.0,700.0,,,,,
Process Graph Metrics,AdditionalLogs,sudden_drift_01,,,,"[540, 1080]","[500, 1000]",1.0,60.0,00:00:00,0.5884980000046198,0.000392332000003,0.05,300.0,700.0,,,,,
Process Graph Metrics,AdditionalLogs,recurring_drift_00,,,,"[554, 1073]","[500, 1000]",1.0,63.5,00:00:00,0.9420964000019012,0.0006280642666679,0.005,200.0,700.0,,,,,
LCDD,AdditionalLogs,gradual_drift_09,100.0,100.0,5.0,"[408, 524, 920, 1025, 1126, 1278]","[500, 1000]",0.5,24.5,00:00:00,0.0248495000050752,1.774964286076803e-05,,,,,,,,
Process Graph Metrics,AdditionalLogs,recurring_drift_01,,,,"[329, 629, 929, 1553]","[500, 1000]",0.6666666666666666,100.0,00:00:02,2.1184396000026027,0.0014122930666684,0.1,200.0,600.0,,,,,
LCDD,AdditionalLogs,sudden_drift_09,400.0,400.0,100.0,"[502, 1000]","[500, 1000]",1.0,1.0,00:00:00,0.0235754000023007,1.571693333486716e-05,,,,,,,,
LCDD,AdditionalLogs,gradual_drift_00,1200.0,1200.0,150.0,[1206],"[500, 1000]",,,00:00:00,0.0095507000005454,6.821928571818197e-06,,,,,,,,
Process Graph Metrics,AdditionalLogs,recurring_drift_07,,,,[600],"[500, 1000]",0.6666666666666666,100.0,00:00:00,0.3161487999968813,0.0002107658666645,0.05,400.0,400.0,,,,,
Process Graph Metrics,AdditionalLogs,sudden_drift_03,,,,"[626, 1166]","[500, 1000]",1.0,146.0,00:00:02,2.8195209999976214,0.001879680666665,0.1,100.0,400.0,,,,,
Process Graph Metrics,AdditionalLogs,gradual_drift_03,,,,"[530, 1083]","[500, 1000]",1.0,56.5,00:00:02,2.0114707999964594,0.0014367648571403,0.005,300.0,500.0,,,,,
Process Graph Metrics,AdditionalLogs,gradual_drift_09,,,,"[537, 1042, 1492]","[500, 1000]",0.8,39.5,00:00:07,7.452539699996123,0.0053232426428543,0.05,300.0,500.0,,,,,
LCDD,AdditionalLogs,recurring_drift_02,300.0,300.0,50.0,"[381, 686, 995, 1307]","[500, 1000]",0.6666666666666666,62.0,00:00:00,0.0256867000061902,1.712446667079348e-05,,,,,,,,
Process Graph Metrics,AdditionalLogs,recurring_drift_05,,,,"[615, 1215]","[500, 1000]",0.5,115.0,00:00:01,1.1345121999984258,0.0007563414666656,0.005,400.0,500.0,,,,,
LCDD,AdditionalLogs,recurring_drift_08,600.0,600.0,50.0,"[600, 1230]","[500, 1000]",0.5,100.0,00:00:00,0.017099099997722,1.1399399998481385e-05,,,,,,,,
Process Graph Metrics,AdditionalLogs,sudden_drift_02,,,,"[572, 1080]","[500, 1000]",1.0,76.0,00:00:11,11.61979469999642,0.0077465297999976,0.0001,300.0,700.0,,,,,
Zheng DBSCAN,AdditionalLogs,gradual_drift_05,,,,"[np.float64(949.4285714285714), np.float64(1133.75), np.float64(1312.5)]","[500, 1000]",0.4,50.57142857142856,00:00:00,0.3361948000019765,0.0002401391428585,,,,700.0,70.0,,,
Zheng DBSCAN,AdditionalLogs,gradual_drift_05,,,,"[np.float64(1016.4545454545455), np.float64(1312.5)]","[500, 1000]",0.5,16.454545454545496,00:00:00,0.3361948000019765,0.0002401391428585,,,,700.0,140.0,,,
Zheng DBSCAN,AdditionalLogs,gradual_drift_05,,,,[np.float64(1062.0)],"[500, 1000]",0.6666666666666666,62.0,00:00:00,0.3361948000019765,0.0002401391428585,,,,700.0,210.0,,,
Zheng DBSCAN,AdditionalLogs,gradual_drift_05,,,,[],"[500, 1000]",,,00:00:00,0.3361948000019765,0.0002401391428585,,,,700.0,280.0,,,
Zheng DBSCAN,AdditionalLogs,gradual_drift_05,,,,[],"[500, 1000]",,,00:00:00,0.3361948000019765,0.0002401391428585,,,,700.0,350.0,,,
Process Graph Metrics,AdditionalLogs,recurring_drift_02,,,,[779],"[500, 1000]",,,00:00:01,1.2236019000047236,0.0008157346000031,0.0001,100.0,600.0,,,,,
Process Graph Metrics,AdditionalLogs,recurring_drift_05,,,,"[602, 1202]","[500, 1000]",0.5,102.0,00:00:00,0.3981220999994548,0.0002654147333329,0.1,400.0,500.0,,,,,
Process Graph Metrics,AdditionalLogs,recurring_drift_07,,,,"[600, 1200]","[500, 1000]",1.0,150.0,00:00:00,0.1634140999958617,0.0001089427333305,0.1,400.0,600.0,,,,,
Process Graph Metrics,AdditionalLogs,gradual_drift_04,,,,"[541, 1616]","[500, 1000]",0.5,41.0,00:00:12,12.924103399993328,0.0092315024285666,0.0001,300.0,700.0,,,,,
Process Graph Metrics,AdditionalLogs,gradual_drift_00,,,,"[680, 1328]","[500, 1000]",0.5,180.0,00:00:01,1.1691406999962055,0.0008351004999972,0.05,100.0,500.0,,,,,
Process Graph Metrics,AdditionalLogs,gradual_drift_06,,,,"[600, 1200]","[500, 1000]",1.0,150.0,00:00:01,1.1788880999956746,0.0008420629285683,0.1,400.0,600.0,,,,,
Process Graph Metrics,AdditionalLogs,sudden_drift_08,,,,"[541, 1081]","[500, 1000]",1.0,61.0,00:00:00,0.3017470999984653,0.0002011647333323,0.05,300.0,400.0,,,,,
Process Graph Metrics,AdditionalLogs,recurring_drift_03,,,,[676],"[500, 1000]",0.6666666666666666,176.0,00:00:04,4.066585900000064,0.0027110572666667,0.0001,300.0,500.0,,,,,
LCDD,AdditionalLogs,gradual_drift_09,200.0,200.0,5.0,"[408, 608, 920, 1120, 1373]","[500, 1000]",0.5714285714285715,86.0,00:00:00,0.0274645000026794,1.9617500001913867e-05,,,,,,,,
Process Graph Metrics,AdditionalLogs,sudden_drift_03,,,,[662],"[500, 1000]",0.6666666666666666,162.0,00:00:01,1.5886651999971946,0.0010591101333314,0.0001,200.0,500.0,,,,,
LCDD,AdditionalLogs,gradual_drift_07,200.0,200.0,200.0,"[416, 713, 915, 1220]","[500, 1000]",0.6666666666666666,84.5,00:00:00,0.0168735999977798,1.2052571426985586e-05,,,,,,,,
LCDD,AdditionalLogs,gradual_drift_07,800.0,800.0,200.0,[915],"[500, 1000]",0.6666666666666666,85.0,00:00:00,0.0110060000006342,7.861428571881593e-06,,,,,,,,
Process Graph Metrics,AdditionalLogs,recurring_drift_03,,,,[600],"[500, 1000]",0.6666666666666666,100.0,00:00:00,0.2813045000002603,0.0001875363333335,0.005,400.0,400.0,,,,,
Process Graph Metrics,AdditionalLogs,sudden_drift_05,,,,[567],"[500, 1000]",0.6666666666666666,67.0,00:00:02,2.5461781000049086,0.0016974520666699,0.0001,200.0,400.0,,,,,
Process Graph Metrics,AdditionalLogs,sudden_drift_03,,,,[651],"[500, 1000]",0.6666666666666666,151.0,00:00:01,1.8480225000021164,0.0012320150000014,0.005,400.0,600.0,,,,,
LCDD,AdditionalLogs,recurring_drift_03,300.0,300.0,10.0,"[301, 631, 962, 1284]","[500, 1000]",0.6666666666666666,84.5,00:00:00,0.0115208999995957,7.680599999730475e-06,,,,,,,,
Process Graph Metrics,AdditionalLogs,sudden_drift_05,,,,[539],"[500, 1000]",0.6666666666666666,39.0,00:00:06,6.030995500004792,0.0040206636666698,0.05,100.0,400.0,,,,,
Process Graph Metrics,AdditionalLogs,sudden_drift_00,,,,"[666, 1266]","[500, 1000]",0.5,166.0,00:00:01,1.8504879999964032,0.0012336586666642,0.0001,400.0,600.0,,,,,
Process Graph Metrics,AdditionalLogs,gradual_drift_04,,,,"[600, 1218]","[500, 1000]",0.5,100.0,00:00:00,0.7666390999947907,0.0005475993571391,0.005,400.0,700.0,,,,,
Process Graph Metrics,AdditionalLogs,gradual_drift_02,,,,[450],"[500, 1000]",0.6666666666666666,50.0,00:00:03,3.8291660000031698,0.0027351185714308,0.0001,300.0,400.0,,,,,
Process Graph Metrics,AdditionalLogs,sudden_drift_07,,,,"[463, 1004]","[500, 1000]",1.0,20.5,00:00:00,0.6110628999958863,0.0004073752666639,0.05,300.0,600.0,,,,,
Process Graph Metrics,AdditionalLogs,sudden_drift_08,,,,"[604, 1204]","[500, 1000]",0.5,104.0,00:00:00,0.3130348999984562,0.0002086899333323,0.1,400.0,700.0,,,,,
Process Graph Metrics,AdditionalLogs,gradual_drift_08,,,,"[553, 1114]","[500, 1000]",1.0,83.5,00:00:02,2.315400799998315,0.0016538577142845,0.1,200.0,600.0,,,,,
LCDD,AdditionalLogs,gradual_drift_00,400.0,400.0,20.0,"[413, 912]","[500, 1000]",1.0,87.5,00:00:00,0.0098186999966856,7.013357140489721e-06,,,,,,,,
Process Graph Metrics,AdditionalLogs,gradual_drift_09,,,,"[513, 1042, 1492]","[500, 1000]",0.8,27.5,00:00:07,7.38071260000288,0.0052719375714306,0.1,300.0,400.0,,,,,
Process Graph Metrics,AdditionalLogs,sudden_drift_09,,,,"[531, 1079]","[500, 1000]",1.0,55.0,00:00:05,5.22137020000082,0.0034809134666672,0.05,300.0,500.0,,,,,
Process Graph Metrics,AdditionalLogs,gradual_drift_04,,,,[473],"[500, 1000]",0.6666666666666666,27.0,00:00:02,2.983566900002188,0.0021311192142872,0.1,100.0,400.0,,,,,
LCDD,AdditionalLogs,recurring_drift_00,200.0,200.0,50.0,"[502, 706, 966, 1210, 1435]","[500, 1000]",0.5714285714285715,18.0,00:00:00,0.0088518999982625,5.90126666550835e-06,,,,,,,,
LCDD,AdditionalLogs,sudden_drift_03,100.0,100.0,20.0,"[133, 242, 359, 500, 604, 719, 880, 980, 1095, 1195, 1302, 1457]","[500, 1000]",0.2857142857142857,10.0,00:00:00,0.0108917000034125,7.261133335608368e-06,,,,,,,,
LCDD,AdditionalLogs,recurring_drift_00,1200.0,1200.0,100.0,[1259],"[500, 1000]",,,00:00:00,0.0088778999997884,5.918599999858997e-06,,,,,,,,
Process Graph Metrics,AdditionalLogs,recurring_drift_02,,,,"[580, 961]","[500, 1000]",1.0,59.5,00:00:01,1.5652054999954998,0.0010434703333303,0.05,200.0,400.0,,,,,
Process Graph Metrics,AdditionalLogs,gradual_drift_09,,,,"[519, 1042, 1492]","[500, 1000]",0.8,30.5,00:00:09,9.25662949999969,0.0066118782142854,0.1,200.0,600.0,,,,,
LCDD,AdditionalLogs,gradual_drift_04,600.0,600.0,5.0,"[655, 1334]","[500, 1000]",0.5,155.0,00:00:00,0.0084408999973675,6.0292142838339455e-06,,,,,,,,
Process Graph Metrics,AdditionalLogs,recurring_drift_01,,,,[779],"[500, 1000]",,,00:00:01,1.107191299997794,0.0007381275333318,0.005,300.0,700.0,,,,,
Zheng DBSCAN,AdditionalLogs,recurring_drift_09,,,,[],"[500, 1000]",,,00:00:00,0.3113359999988461,0.0002075573333325,,,,800.0,80.0,,,
Zheng DBSCAN,AdditionalLogs,recurring_drift_09,,,,[],"[500, 1000]",,,00:00:00,0.3113359999988461,0.0002075573333325,,,,800.0,160.0,,,
Zheng DBSCAN,AdditionalLogs,recurring_drift_09,,,,[],"[500, 1000]",,,00:00:00,0.3113359999988461,0.0002075573333325,,,,800.0,240.0,,,
Zheng DBSCAN,AdditionalLogs,recurring_drift_09,,,,[],"[500, 1000]",,,00:00:00,0.3113359999988461,0.0002075573333325,,,,800.0,320.0,,,
Zheng DBSCAN,AdditionalLogs,recurring_drift_09,,,,[],"[500, 1000]",,,00:00:00,0.3113359999988461,0.0002075573333325,,,,800.0,400.0,,,
Process Graph Metrics,AdditionalLogs,recurring_drift_04,,,,"[644, 1185]","[500, 1000]",1.0,164.5,00:00:03,3.5758484000034514,0.0023838989333356,0.0001,300.0,600.0,,,,,
Process Graph Metrics,AdditionalLogs,gradual_drift_05,,,,"[600, 1200]","[500, 1000]",1.0,150.0,00:00:00,0.2822935000003781,0.0002016382142859,0.005,400.0,600.0,,,,,
LCDD,AdditionalLogs,gradual_drift_08,1200.0,1200.0,100.0,[1235],"[500, 1000]",,,00:00:00,0.015616199998476,1.1154428570340054e-05,,,,,,,,
LCDD,AdditionalLogs,recurring_drift_00,400.0,400.0,20.0,"[502, 1004]","[500, 1000]",1.0,3.0,00:00:00,0.0093635999946855,6.242399996457001e-06,,,,,,,,
Process Graph Metrics,AdditionalLogs,gradual_drift_06,,,,"[312, 970, 1510]","[500, 1000]",0.8,109.0,00:00:33,33.68998139999894,0.0240642724285706,0.1,200.0,700.0,,,,,
Zheng DBSCAN,AdditionalLogs,gradual_drift_02,,,,"[np.float64(436.45454545454544), np.float64(887.7375), np.float64(1172.7142857142858), np.float64(1238.5), np.float64(1336.0)]","[500, 1000]",0.5714285714285715,87.9039772727273,00:00:00,0.444319499998528,0.0003173710714275,,,,300.0,30.0,,,
Zheng DBSCAN,AdditionalLogs,gradual_drift_02,,,,"[np.float64(754.5846153846154), np.float64(1336.0)]","[500, 1000]",,,00:00:00,0.444319499998528,0.0003173710714275,,,,300.0,60.0,,,
Zheng DBSCAN,AdditionalLogs,gradual_drift_02,,,,[np.float64(746.7697841726618)],"[500, 1000]",,,00:00:00,0.444319499998528,0.0003173710714275,,,,300.0,90.0,,,
Zheng DBSCAN,AdditionalLogs,gradual_drift_02,,,,[np.float64(746.7697841726618)],"[500, 1000]",,,00:00:00,0.444319499998528,0.0003173710714275,,,,300.0,120.0,,,
Zheng DBSCAN,AdditionalLogs,gradual_drift_02,,,,[np.float64(746.7697841726618)],"[500, 1000]",,,00:00:00,0.444319499998528,0.0003173710714275,,,,300.0,150.0,,,
Zheng DBSCAN,AdditionalLogs,gradual_drift_00,,,,"[np.float64(434.0), np.float64(498.6666666666667), np.float64(699.0), np.float64(938.125), np.float64(1206.0)]","[500, 1000]",0.5714285714285715,31.604166666666657,00:00:00,0.3492496000035316,0.0002494640000025,,,,300.0,30.0,,,
Zheng DBSCAN,AdditionalLogs,gradual_drift_00,,,,"[np.float64(461.7142857142857), np.float64(699.0), np.float64(938.125), np.float64(1206.0)]","[500, 1000]",0.6666666666666666,50.08035714285714,00:00:00,0.3492496000035316,0.0002494640000025,,,,300.0,60.0,,,
Zheng DBSCAN,AdditionalLogs,gradual_drift_00,,,,"[np.float64(461.7142857142857), np.float64(699.0), np.float64(938.125), np.float64(1206.0)]","[500, 1000]",0.6666666666666666,50.08035714285714,00:00:00,0.3492496000035316,0.0002494640000025,,,,300.0,90.0,,,
Zheng DBSCAN,AdditionalLogs,gradual_drift_00,,,,"[np.float64(461.7142857142857), np.float64(699.0), np.float64(938.125), np.float64(1206.0)]","[500, 1000]",0.6666666666666666,50.08035714285714,00:00:00,0.3492496000035316,0.0002494640000025,,,,300.0,120.0,,,
Zheng DBSCAN,AdditionalLogs,gradual_drift_00,,,,"[np.float64(461.7142857142857), np.float64(699.0), np.float64(938.125), np.float64(1206.0)]","[500, 1000]",0.6666666666666666,50.08035714285714,00:00:00,0.3492496000035316,0.0002494640000025,,,,300.0,150.0,,,
LCDD,AdditionalLogs,recurring_drift_01,300.0,300.0,150.0,"[348, 660, 977, 1277]","[500, 1000]",0.6666666666666666,87.5,00:00:00,0.0306839000040781,2.045593333605211e-05,,,,,,,,
LCDD,AdditionalLogs,sudden_drift_07,1200.0,1200.0,20.0,[1324],"[500, 1000]",,,00:00:00,0.0161086000007344,1.0739066667156294e-05,,,,,,,,
LCDD,AdditionalLogs,sudden_drift_02,600.0,600.0,10.0,"[607, 1224]","[500, 1000]",0.5,107.0,00:00:00,0.0314727000004495,2.09818000002997e-05,,,,,,,,
LCDD,AdditionalLogs,recurring_drift_05,800.0,800.0,200.0,[888],"[500, 1000]",0.6666666666666666,112.0,00:00:00,0.0180815999992773,1.2054399999518258e-05,,,,,,,,
LCDD,AdditionalLogs,sudden_drift_07,200.0,200.0,200.0,"[501, 913, 1324]","[500, 1000]",0.8,44.0,00:00:00,0.0158412999953725,1.0560866663581692e-05,,,,,,,,
LCDD,AdditionalLogs,recurring_drift_09,400.0,400.0,200.0,"[500, 1000]","[500, 1000]",1.0,0.0,00:00:00,0.0240468999982113,1.60312666654742e-05,,,,,,,,
Process Graph Metrics,AdditionalLogs,sudden_drift_07,,,,"[468, 1040]","[500, 1000]",1.0,36.0,00:00:00,0.7425856999980169,0.000495057133332,0.1,100.0,500.0,,,,,
Process Graph Metrics,AdditionalLogs,recurring_drift_06,,,,[],"[500, 1000]",,,00:00:05,5.324850199998764,0.0035499001333325,0.005,200.0,700.0,,,,,
Process Graph Metrics,AdditionalLogs,gradual_drift_01,,,,"[600, 1200]","[500, 1000]",1.0,150.0,00:00:00,0.4294583000009879,0.0003067559285721,0.0001,400.0,600.0,,,,,
Process Graph Metrics,AdditionalLogs,recurring_drift_00,,,,"[600, 1200]","[500, 1000]",1.0,150.0,00:00:00,0.1368093000055523,9.120620000370156e-05,0.005,400.0,500.0,,,,,
LCDD,AdditionalLogs,gradual_drift_02,800.0,800.0,100.0,[815],"[500, 1000]",0.6666666666666666,185.0,00:00:00,0.0274533000047085,1.9609500003363272e-05,,,,,,,,
Process Graph Metrics,AdditionalLogs,gradual_drift_01,,,,"[360, 981, 1520]","[500, 1000]",0.8,79.5,00:00:01,1.1488331000000471,0.0008205950714286,0.1,200.0,600.0,,,,,
Process Graph Metrics,AdditionalLogs,sudden_drift_07,,,,"[600, 1207]","[500, 1000]",0.5,100.0,00:00:00,0.5420398999995086,0.000361359933333,0.1,400.0,700.0,,,,,
LCDD,AdditionalLogs,recurring_drift_06,200.0,200.0,5.0,"[309, 532, 732, 939, 1231, 1454]","[500, 1000]",0.5,46.5,00:00:00,0.0844291000030352,5.628606666869018e-05,,,,,,,,
Process Graph Metrics,AdditionalLogs,recurring_drift_07,,,,"[600, 1216]","[500, 1000]",0.5,100.0,00:00:00,0.2495559999952092,0.0001663706666634,0.1,400.0,400.0,,,,,
LCDD,AdditionalLogs,gradual_drift_06,100.0,100.0,10.0,"[103, 251, 401, 503, 627, 768, 913, 1013, 1121, 1239, 1343]","[500, 1000]",0.3076923076923077,8.0,00:00:00,0.0841100999969057,6.007864285493269e-05,,,,,,,,
Zheng DBSCAN,AdditionalLogs,gradual_drift_04,,,,"[np.float64(874.3953488372093), np.float64(1228.3333333333333), np.float64(1334.0)]","[500, 1000]",0.4,125.60465116279067,00:00:00,0.3686644999979762,0.0002633317857128,,,,500.0,50.0,,,
Zheng DBSCAN,AdditionalLogs,gradual_drift_04,,,,"[np.float64(707.4492753623189), np.float64(1254.75)]","[500, 1000]",,,00:00:00,0.3686644999979762,0.0002633317857128,,,,500.0,100.0,,,
Zheng DBSCAN,AdditionalLogs,gradual_drift_04,,,,[np.float64(737.4383561643835)],"[500, 1000]",,,00:00:00,0.3686644999979762,0.0002633317857128,,,,500.0,150.0,,,
Zheng DBSCAN,AdditionalLogs,gradual_drift_04,,,,[np.float64(728.6621621621622)],"[500, 1000]",,,00:00:00,0.3686644999979762,0.0002633317857128,,,,500.0,200.0,,,
Zheng DBSCAN,AdditionalLogs,gradual_drift_04,,,,[np.float64(728.6621621621622)],"[500, 1000]",,,00:00:00,0.3686644999979762,0.0002633317857128,,,,500.0,250.0,,,
Process Graph Metrics,AdditionalLogs,recurring_drift_01,,,,[689],"[500, 1000]",0.6666666666666666,189.0,00:00:04,4.793075800000224,0.0031953838666668,0.05,300.0,500.0,,,,,
Process Graph Metrics,AdditionalLogs,recurring_drift_09,,,,"[557, 1069]","[500, 1000]",1.0,63.0,00:00:11,11.110826900003303,0.0074072179333355,0.0001,200.0,700.0,,,,,
LCDD,AdditionalLogs,recurring_drift_04,300.0,300.0,200.0,"[306, 628, 1000, 1475]","[500, 1000]",0.6666666666666666,64.0,00:00:00,0.0129410000008647,8.627333333909822e-06,,,,,,,,
Process Graph Metrics,AdditionalLogs,gradual_drift_09,,,,"[520, 1042, 1492]","[500, 1000]",0.8,31.0,00:00:09,9.369630599998343,0.0066925932857131,0.05,200.0,700.0,,,,,
Zheng DBSCAN,AdditionalLogs,sudden_drift_04,,,,"[np.float64(487.5365853658537), np.float64(825.4), np.float64(922.0), np.float64(1028.7), np.float64(1193.0), np.float64(1329.0), np.float64(1492.0)]","[500, 1000]",0.4444444444444445,20.58170731707318,00:00:00,0.5248586000016076,0.0003499057333344,,,,400.0,40.0,,,
Zheng DBSCAN,AdditionalLogs,sudden_drift_04,,,,"[np.float64(483.3333333333333), np.float64(980.9642857142857), np.float64(1193.0), np.float64(1329.0), np.float64(1492.0)]","[500, 1000]",0.5714285714285715,17.85119047619051,00:00:00,0.5248586000016076,0.0003499057333344,,,,400.0,80.0,,,
Zheng DBSCAN,AdditionalLogs,sudden_drift_04,,,,"[np.float64(483.3333333333333), np.float64(995.1), np.float64(1329.0), np.float64(1492.0)]","[500, 1000]",0.6666666666666666,10.783333333333331,00:00:00,0.5248586000016076,0.0003499057333344,,,,400.0,120.0,,,
Zheng DBSCAN,AdditionalLogs,sudden_drift_04,,,,"[np.float64(674.7272727272727), np.float64(1492.0)]","[500, 1000]",0.5,174.72727272727275,00:00:00,0.5248586000016076,0.0003499057333344,,,,400.0,160.0,,,
Zheng DBSCAN,AdditionalLogs,sudden_drift_04,,,,[np.float64(685.2051282051282)],"[500, 1000]",0.6666666666666666,185.2051282051281,00:00:00,0.5248586000016076,0.0003499057333344,,,,400.0,200.0,,,
Process Graph Metrics,AdditionalLogs,sudden_drift_02,,,,"[457, 1082, 1457]","[500, 1000]",0.8,62.5,00:00:01,1.3000855999998748,0.0008667237333332,0.05,300.0,700.0,,,,,
Zheng DBSCAN,AdditionalLogs,gradual_drift_00,,,,"[np.float64(938.6), np.float64(1206.0)]","[500, 1000]",0.5,61.39999999999998,00:00:00,0.3507867000007536,0.0002505619285719,,,,800.0,80.0,,,
Zheng DBSCAN,AdditionalLogs,gradual_drift_00,,,,"[np.float64(938.6), np.float64(1206.0)]","[500, 1000]",0.5,61.39999999999998,00:00:00,0.3507867000007536,0.0002505619285719,,,,800.0,160.0,,,
Zheng DBSCAN,AdditionalLogs,gradual_drift_00,,,,[np.float64(983.1666666666666)],"[500, 1000]",0.6666666666666666,16.83333333333337,00:00:00,0.3507867000007536,0.0002505619285719,,,,800.0,240.0,,,
Zheng DBSCAN,AdditionalLogs,gradual_drift_00,,,,[np.float64(983.1666666666666)],"[500, 1000]",0.6666666666666666,16.83333333333337,00:00:00,0.3507867000007536,0.0002505619285719,,,,800.0,320.0,,,
Zheng DBSCAN,AdditionalLogs,gradual_drift_00,,,,[np.float64(983.1666666666666)],"[500, 1000]",0.6666666666666666,16.83333333333337,00:00:00,0.3507867000007536,0.0002505619285719,,,,800.0,400.0,,,
LCDD,AdditionalLogs,gradual_drift_08,800.0,800.0,200.0,[862],"[500, 1000]",0.6666666666666666,138.0,00:00:00,0.0109549999979208,7.824999998514874e-06,,,,,,,,
LCDD,AdditionalLogs,sudden_drift_02,400.0,400.0,5.0,"[467, 1003, 1469]","[500, 1000]",0.8,18.0,00:00:00,0.0311500999960117,2.076673333067447e-05,,,,,,,,
LCDD,AdditionalLogs,gradual_drift_01,200.0,200.0,100.0,"[303, 509, 712, 918, 1124, 1353]","[500, 1000]",0.5,45.5,00:00:00,0.0287690999975893,2.054935714113526e-05,,,,,,,,
Process Graph Metrics,AdditionalLogs,recurring_drift_04,,,,"[610, 1175]","[500, 1000]",1.0,142.5,00:00:05,5.850501299995813,0.0039003341999972,0.05,200.0,600.0,,,,,
Process Graph Metrics,AdditionalLogs,gradual_drift_04,,,,"[490, 1143]","[500, 1000]",1.0,76.5,00:00:01,1.671725599997444,0.0011940897142838,0.05,100.0,600.0,,,,,
LCDD,AdditionalLogs,recurring_drift_02,100.0,100.0,5.0,"[104, 206, 307, 412, 512, 637, 738, 841, 941, 1041, 1148, 1252, 1352, 1468]","[500, 1000]",0.25,26.5,00:00:00,0.0259471999961533,1.7298133330768907e-05,,,,,,,,
Process Graph Metrics,AdditionalLogs,gradual_drift_05,,,,"[488, 1033]","[500, 1000]",1.0,22.5,00:00:03,3.4305793999956222,0.0024504138571397,0.005,200.0,500.0,,,,,
Process Graph Metrics,AdditionalLogs,sudden_drift_05,,,,[557],"[500, 1000]",0.6666666666666666,57.0,00:00:05,5.056647800003702,0.0033710985333358,0.05,200.0,700.0,,,,,
Process Graph Metrics,AdditionalLogs,recurring_drift_04,,,,"[624, 1164]","[500, 1000]",1.0,144.0,00:00:02,2.776563300001726,0.0018510422000011,0.05,300.0,700.0,,,,,
LCDD,AdditionalLogs,gradual_drift_07,100.0,100.0,10.0,"[182, 291, 416, 516, 650, 759, 863, 975, 1090, 1197, 1297]","[500, 1000]",0.3076923076923077,20.5,00:00:00,0.0110667999979341,7.904857141381529e-06,,,,,,,,
Process Graph Metrics,AdditionalLogs,recurring_drift_01,,,,[689],"[500, 1000]",0.6666666666666666,189.0,00:00:04,4.556969400000526,0.0030379796000003,0.05,300.0,600.0,,,,,
Process Graph Metrics,AdditionalLogs,gradual_drift_00,,,,"[611, 1151]","[500, 1000]",1.0,131.0,00:00:01,1.612632999997004,0.0011518807142835,0.1,300.0,500.0,,,,,
LCDD,AdditionalLogs,sudden_drift_02,1200.0,1200.0,100.0,[1224],"[500, 1000]",,,00:00:00,0.0296941999986302,1.9796133332420146e-05,,,,,,,,
LCDD,AdditionalLogs,sudden_drift_07,1200.0,1200.0,10.0,[1324],"[500, 1000]",,,00:00:00,0.0130524999985937,8.701666665729135e-06,,,,,,,,
LCDD,AdditionalLogs,recurring_drift_01,200.0,200.0,100.0,"[263, 504, 708, 977, 1261]","[500, 1000]",0.5714285714285715,13.5,00:00:00,0.0342657999935909,2.2843866662393944e-05,,,,,,,,
LCDD,AdditionalLogs,recurring_drift_04,400.0,400.0,200.0,"[500, 1000, 1475]","[500, 1000]",0.8,0.0,00:00:00,0.0137957000042661,9.197133336177406e-06,,,,,,,,
Process Graph Metrics,AdditionalLogs,sudden_drift_05,,,,"[534, 1609]","[500, 1000]",0.5,34.0,00:00:06,6.037442500004545,0.0040249616666696,0.1,200.0,700.0,,,,,
LCDD,AdditionalLogs,sudden_drift_07,1200.0,1200.0,150.0,[1324],"[500, 1000]",,,00:00:00,0.0180667000022367,1.204446666815784e-05,,,,,,,,
Process Graph Metrics,AdditionalLogs,sudden_drift_08,,,,"[716, 1079]","[500, 1000]",0.5,79.0,00:00:00,0.5653896000003442,0.0003769264000002,0.005,300.0,500.0,,,,,
Process Graph Metrics,AdditionalLogs,recurring_drift_09,,,,"[553, 1014]","[500, 1000]",1.0,33.5,00:00:06,6.347590199999104,0.0042317267999994,0.005,100.0,400.0,,,,,
LCDD,AdditionalLogs,sudden_drift_07,800.0,800.0,20.0,[913],"[500, 1000]",0.6666666666666666,87.0,00:00:00,0.0125520000001415,8.368000000094373e-06,,,,,,,,
LCDD,AdditionalLogs,recurring_drift_05,1200.0,1200.0,150.0,[1228],"[500, 1000]",,,00:00:00,0.0241974999953527,1.6131666663568467e-05,,,,,,,,
Process Graph Metrics,AdditionalLogs,gradual_drift_03,,,,"[600, 1200]","[500, 1000]",1.0,150.0,00:00:00,0.1563874999992549,0.0001117053571423,0.1,400.0,700.0,,,,,
Process Graph Metrics,AdditionalLogs,gradual_drift_07,,,,"[617, 1217]","[500, 1000]",0.5,117.0,00:00:00,0.6886880999954883,0.0004919200714253,0.05,400.0,600.0,,,,,
Process Graph Metrics,AdditionalLogs,recurring_drift_00,,,,"[600, 1200]","[500, 1000]",1.0,150.0,00:00:00,0.1467109000004711,9.780726666698075e-05,0.05,400.0,600.0,,,,,
Process Graph Metrics,AdditionalLogs,sudden_drift_09,,,,"[574, 1114]","[500, 1000]",1.0,94.0,00:00:07,7.47363139999652,0.004982420933331,0.0001,100.0,600.0,,,,,
Zheng DBSCAN,AdditionalLogs,recurring_drift_05,,,,"[np.float64(1074.7777777777778), np.float64(1337.0)]","[500, 1000]",0.5,74.77777777777783,00:00:00,0.3772100999995018,0.0002514733999996,,,,800.0,80.0,,,
Zheng DBSCAN,AdditionalLogs,recurring_drift_05,,,,[np.float64(1101.0)],"[500, 1000]",0.6666666666666666,101.0,00:00:00,0.3772100999995018,0.0002514733999996,,,,800.0,160.0,,,
Zheng DBSCAN,AdditionalLogs,recurring_drift_05,,,,[np.float64(1101.0)],"[500, 1000]",0.6666666666666666,101.0,00:00:00,0.3772100999995018,0.0002514733999996,,,,800.0,240.0,,,
Zheng DBSCAN,AdditionalLogs,recurring_drift_05,,,,[np.float64(878.2142857142857)],"[500, 1000]",0.6666666666666666,121.78571428571432,00:00:00,0.3772100999995018,0.0002514733999996,,,,800.0,320.0,,,
Zheng DBSCAN,AdditionalLogs,recurring_drift_05,,,,[np.float64(878.2142857142857)],"[500, 1000]",0.6666666666666666,121.78571428571432,00:00:00,0.3772100999995018,0.0002514733999996,,,,800.0,400.0,,,
Process Graph Metrics,AdditionalLogs,sudden_drift_03,,,,"[631, 1382]","[500, 1000]",0.5,131.0,00:00:01,1.2597759999989648,0.0008398506666659,0.1,400.0,600.0,,,,,
Process Graph Metrics,AdditionalLogs,gradual_drift_08,,,,[495],"[500, 1000]",0.6666666666666666,5.0,00:00:03,3.7646047999951406,0.0026890034285679,0.05,100.0,500.0,,,,,
Process Graph Metrics,AdditionalLogs,recurring_drift_02,,,,[1114],"[500, 1000]",0.6666666666666666,114.0,00:00:10,10.943522600005965,0.0072956817333373,0.0001,400.0,400.0,,,,,
Process Graph Metrics,AdditionalLogs,sudden_drift_01,,,,"[546, 1134]","[500, 1000]",1.0,90.0,00:00:04,4.469884999998612,0.0029799233333324,0.0001,100.0,400.0,,,,,
Process Graph Metrics,AdditionalLogs,gradual_drift_04,,,,[533],"[500, 1000]",0.6666666666666666,33.0,00:00:13,13.55001859999902,0.009678584714285,0.0001,200.0,700.0,,,,,
Process Graph Metrics,AdditionalLogs,gradual_drift_02,,,,"[323, 625, 1069]","[500, 1000]",0.8,97.0,00:00:02,2.201195400004508,0.0015722824285746,0.1,200.0,700.0,,,,,
LCDD,AdditionalLogs,gradual_drift_08,200.0,200.0,10.0,"[208, 416, 649, 862, 1070, 1278]","[500, 1000]",0.5,77.0,00:00:00,0.015345799998613,1.0961285713295053e-05,,,,,,,,
LCDD,AdditionalLogs,gradual_drift_09,1200.0,1200.0,50.0,[],"[500, 1000]",,,00:00:00,0.0202830000052927,1.4487857146637647e-05,,,,,,,,
LCDD,AdditionalLogs,sudden_drift_08,400.0,400.0,10.0,"[504, 905, 1357]","[500, 1000]",0.8,49.5,00:00:00,0.009750700002769,6.500466668512672e-06,,,,,,,,
Process Graph Metrics,AdditionalLogs,recurring_drift_05,,,,"[578, 1118]","[500, 1000]",1.0,98.0,00:00:02,2.1357170999981463,0.0014238113999987,0.05,300.0,400.0,,,,,
LCDD,AdditionalLogs,sudden_drift_07,300.0,300.0,150.0,"[501, 913, 1324]","[500, 1000]",0.8,44.0,00:00:00,0.0129432000030647,8.628800002043136e-06,,,,,,,,
LCDD,AdditionalLogs,recurring_drift_03,400.0,400.0,10.0,"[500, 911, 1348]","[500, 1000]",0.8,44.5,00:00:00,0.0107344999996712,7.156333333114162e-06,,,,,,,,
Process Graph Metrics,AdditionalLogs,recurring_drift_07,,,,"[304, 564, 939, 1314]","[500, 1000]",0.6666666666666666,62.5,00:00:00,0.9246960999953444,0.0006164640666635,0.05,100.0,600.0,,,,,
Process Graph Metrics,AdditionalLogs,sudden_drift_01,,,,"[539, 1127]","[500, 1000]",1.0,83.0,00:00:06,6.50720910000382,0.0043381394000025,0.0001,200.0,700.0,,,,,
LCDD,AdditionalLogs,sudden_drift_06,600.0,600.0,200.0,"[805, 1452]","[500, 1000]",0.5,195.0,00:00:00,0.2902822000032756,0.0001935214666688,,,,,,,,
Process Graph Metrics,AdditionalLogs,sudden_drift_01,,,,"[542, 1092]","[500, 1000]",1.0,67.0,00:00:01,1.328890600001614,0.0008859270666677,0.005,300.0,400.0,,,,,
LCDD,AdditionalLogs,gradual_drift_00,100.0,100.0,20.0,"[100, 200, 329, 431, 576, 912, 1067, 1177, 1277]","[500, 1000]",0.3636363636363636,68.0,00:00:00,0.0154512000008253,1.1036571429160957e-05,,,,,,,,
LCDD,AdditionalLogs,sudden_drift_03,300.0,300.0,200.0,"[359, 688, 1009, 1362]","[500, 1000]",0.6666666666666666,75.0,00:00:00,0.011179400004039,7.452933336026035e-06,,,,,,,,
LCDD,AdditionalLogs,recurring_drift_04,800.0,800.0,150.0,[],"[500, 1000]",,,00:00:00,0.0126898000016808,8.459866667787234e-06,,,,,,,,
LCDD,AdditionalLogs,gradual_drift_01,200.0,200.0,5.0,"[303, 509, 712, 918, 1124, 1353]","[500, 1000]",0.5,45.5,00:00:00,0.0269540000008419,1.925285714345851e-05,,,,,,,,
Process Graph Metrics,AdditionalLogs,recurring_drift_02,,,,"[624, 1259]","[500, 1000]",0.5,124.0,00:00:01,1.5805805999989389,0.0010537203999992,0.1,200.0,600.0,,,,,
Process Graph Metrics,AdditionalLogs,recurring_drift_02,,,,[1114],"[500, 1000]",0.6666666666666666,114.0,00:00:11,11.149829100002536,0.0074332194000016,0.0001,100.0,400.0,,,,,
LCDD,AdditionalLogs,sudden_drift_00,200.0,200.0,5.0,"[502, 1000, 1246]","[500, 1000]",0.8,1.0,00:00:00,0.0076711000001523,5.114066666768243e-06,,,,,,,,
Zheng DBSCAN,AdditionalLogs,sudden_drift_00,,,,"[np.float64(497.2), np.float64(567.0), np.float64(646.0), np.float64(787.0), np.float64(835.0), np.float64(1008.4), np.float64(1095.0), np.float64(1246.0)]","[500, 1000]",0.4,5.599999999999994,00:00:00,0.4945446999990963,0.000329696466666,,,,400.0,40.0,,,
Zheng DBSCAN,AdditionalLogs,sudden_drift_00,,,,"[np.float64(528.4285714285714), np.float64(811.0), np.float64(1022.8333333333334), np.float64(1246.0)]","[500, 1000]",0.6666666666666666,25.630952380952408,00:00:00,0.4945446999990963,0.000329696466666,,,,400.0,80.0,,,
Zheng DBSCAN,AdditionalLogs,sudden_drift_00,,,,"[np.float64(528.4285714285714), np.float64(811.0), np.float64(1022.8333333333334), np.float64(1246.0)]","[500, 1000]",0.6666666666666666,25.630952380952408,00:00:00,0.4945446999990963,0.000329696466666,,,,400.0,120.0,,,
Zheng DBSCAN,AdditionalLogs,sudden_drift_00,,,,"[np.float64(591.2222222222222), np.float64(1054.7142857142858)]","[500, 1000]",1.0,72.96825396825398,00:00:00,0.4945446999990963,0.000329696466666,,,,400.0,160.0,,,
Zheng DBSCAN,AdditionalLogs,sudden_drift_00,,,,[np.float64(794.0)],"[500, 1000]",,,00:00:00,0.4945446999990963,0.000329696466666,,,,400.0,200.0,,,
Process Graph Metrics,AdditionalLogs,sudden_drift_07,,,,"[560, 1100]","[500, 1000]",1.0,80.0,00:00:00,0.81237880000117,0.0005415858666674,0.0001,300.0,400.0,,,,,
LCDD,AdditionalLogs,sudden_drift_09,300.0,300.0,200.0,"[502, 1000]","[500, 1000]",1.0,1.0,00:00:00,0.0220112999959383,1.4674199997292213e-05,,,,,,,,
LCDD,AdditionalLogs,sudden_drift_01,1200.0,1200.0,150.0,[1254],"[500, 1000]",,,00:00:00,0.0341906000030576,2.279373333537175e-05,,,,,,,,
LCDD,AdditionalLogs,gradual_drift_07,300.0,300.0,100.0,"[416, 768, 1068]","[500, 1000]",0.8,76.0,00:00:00,0.0130202000000281,9.300142857162947e-06,,,,,,,,
LCDD,AdditionalLogs,gradual_drift_08,100.0,100.0,5.0,"[105, 208, 312, 416, 530, 649, 757, 858, 976, 1096, 1197, 1306]","[500, 1000]",0.2857142857142857,27.0,00:00:00,0.010755399998743,7.682428570530776e-06,,,,,,,,
LCDD,AdditionalLogs,gradual_drift_07,400.0,400.0,100.0,"[416, 915]","[500, 1000]",1.0,84.5,00:00:00,0.0183183999979519,1.308457142710852e-05,,,,,,,,
Process Graph Metrics,AdditionalLogs,gradual_drift_03,,,,"[600, 1200]","[500, 1000]",1.0,150.0,00:00:00,0.1745691999967675,0.0001246922857119,0.1,400.0,500.0,,,,,
LCDD,AdditionalLogs,gradual_drift_00,200.0,200.0,50.0,"[413, 613, 912, 1206]","[500, 1000]",0.6666666666666666,87.5,00:00:00,0.0109481999970739,7.820142855052836e-06,,,,,,,,
Process Graph Metrics,AdditionalLogs,sudden_drift_01,,,,"[539, 1127]","[500, 1000]",1.0,83.0,00:00:06,6.306047000005492,0.0042040313333369,0.0001,200.0,600.0,,,,,
LCDD,AdditionalLogs,sudden_drift_03,200.0,200.0,200.0,"[271, 500, 789, 1009, 1263, 1466]","[500, 1000]",0.5,4.5,00:00:00,0.0197234000006574,1.3148933333771614e-05,,,,,,,,
Process Graph Metrics,AdditionalLogs,sudden_drift_02,,,,"[457, 1082, 1457]","[500, 1000]",0.8,62.5,00:00:01,1.3178295999969123,0.0008785530666646,0.05,300.0,600.0,,,,,
Process Graph Metrics,AdditionalLogs,gradual_drift_08,,,,"[612, 1152]","[500, 1000]",1.0,132.0,00:00:02,2.57530310000584,0.0018395022142898,0.005,100.0,700.0,,,,,
LCDD,AdditionalLogs,sudden_drift_01,600.0,600.0,20.0,"[616, 1254]","[500, 1000]",0.5,116.0,00:00:00,0.0305328000031295,2.035520000208635e-05,,,,,,,,
Process Graph Metrics,AdditionalLogs,gradual_drift_01,,,,"[450, 1098]","[500, 1000]",1.0,74.0,00:00:00,0.6208657999959541,0.0004434755714256,0.05,300.0,600.0,,,,,
LCDD,AdditionalLogs,gradual_drift_01,600.0,600.0,5.0,"[658, 1302]","[500, 1000]",0.5,158.0,00:00:00,0.0260282000017468,1.85915714298192e-05,,,,,,,,
Process Graph Metrics,AdditionalLogs,recurring_drift_07,,,,"[535, 1080]","[500, 1000]",1.0,57.5,00:00:01,1.483648399997037,0.0009890989333313,0.005,200.0,600.0,,,,,
LCDD,AdditionalLogs,recurring_drift_07,200.0,200.0,5.0,"[203, 502, 1000, 1231]","[500, 1000]",0.6666666666666666,1.0,00:00:00,0.0128158000006806,8.543866667120407e-06,,,,,,,,
LCDD,AdditionalLogs,sudden_drift_08,400.0,400.0,5.0,"[504, 905, 1357]","[500, 1000]",0.8,49.5,00:00:00,0.017300300001807,1.153353333453803e-05,,,,,,,,
Process Graph Metrics,AdditionalLogs,gradual_drift_05,,,,"[498, 1041]","[500, 1000]",1.0,21.5,00:00:05,5.864255000000412,0.0041887535714288,0.0001,100.0,400.0,,,,,
LCDD,AdditionalLogs,sudden_drift_06,100.0,100.0,10.0,"[127, 235, 336, 451, 553, 666, 768, 878, 986, 1088, 1195, 1297, 1397]","[500, 1000]",0.2666666666666667,31.5,00:00:00,0.0763925999999628,5.092839999997522e-05,,,,,,,,
Zheng DBSCAN,AdditionalLogs,recurring_drift_07,,,,"[np.float64(500.0), np.float64(549.0), np.float64(649.0), np.float64(1002.0), np.float64(1115.0)]","[500, 1000]",0.5714285714285715,1.0,00:00:00,0.2580390000002808,0.0001720260000001,,,,300.0,30.0,,,
Zheng DBSCAN,AdditionalLogs,recurring_drift_07,,,,"[np.float64(508.1666666666667), np.float64(649.0), np.float64(1002.0), np.float64(1115.0)]","[500, 1000]",0.6666666666666666,5.083333333333343,00:00:00,0.2580390000002808,0.0001720260000001,,,,300.0,60.0,,,
Zheng DBSCAN,AdditionalLogs,recurring_drift_07,,,,"[np.float64(508.1666666666667), np.float64(649.0), np.float64(1002.0), np.float64(1115.0)]","[500, 1000]",0.6666666666666666,5.083333333333343,00:00:00,0.2580390000002808,0.0001720260000001,,,,300.0,90.0,,,
Zheng DBSCAN,AdditionalLogs,recurring_drift_07,,,,"[np.float64(528.2857142857143), np.float64(1024.6)]","[500, 1000]",1.0,26.44285714285712,00:00:00,0.2580390000002808,0.0001720260000001,,,,300.0,120.0,,,
Zheng DBSCAN,AdditionalLogs,recurring_drift_07,,,,"[np.float64(528.2857142857143), np.float64(1024.6)]","[500, 1000]",1.0,26.44285714285712,00:00:00,0.2580390000002808,0.0001720260000001,,,,300.0,150.0,,,
Process Graph Metrics,AdditionalLogs,sudden_drift_00,,,,"[600, 1201]","[500, 1000]",0.5,100.0,00:00:00,0.1689432999992277,0.0001126288666661,0.05,400.0,600.0,,,,,
LCDD,AdditionalLogs,recurring_drift_09,300.0,300.0,150.0,"[500, 1000]","[500, 1000]",1.0,0.0,00:00:00,0.0238558999990345,1.5903933332689726e-05,,,,,,,,
LCDD,AdditionalLogs,sudden_drift_00,400.0,400.0,50.0,"[502, 1000]","[500, 1000]",1.0,1.0,00:00:00,0.0070450999992317,4.696733332821168e-06,,,,,,,,
LCDD,AdditionalLogs,recurring_drift_06,800.0,800.0,200.0,[939],"[500, 1000]",0.6666666666666666,61.0,00:00:00,0.0747105000045849,4.98070000030566e-05,,,,,,,,
LCDD,AdditionalLogs,gradual_drift_04,800.0,800.0,200.0,[909],"[500, 1000]",0.6666666666666666,91.0,00:00:00,0.0091303000008338,6.521642857738438e-06,,,,,,,,
Process Graph Metrics,AdditionalLogs,recurring_drift_04,,,,[638],"[500, 1000]",0.6666666666666666,138.0,00:00:03,3.587553500001377,0.0023917023333342,0.005,100.0,400.0,,,,,
Process Graph Metrics,AdditionalLogs,sudden_drift_04,,,,"[547, 1326]","[500, 1000]",0.5,47.0,00:00:03,3.12163000000146,0.0020810866666676,0.1,100.0,700.0,,,,,
Process Graph Metrics,AdditionalLogs,gradual_drift_08,,,,"[495, 1274]","[500, 1000]",0.5,5.0,00:00:01,1.4830371999996714,0.001059312285714,0.05,100.0,700.0,,,,,
Process Graph Metrics,AdditionalLogs,sudden_drift_00,,,,"[600, 1201]","[500, 1000]",0.5,100.0,00:00:00,0.1684994000024744,0.0001123329333349,0.005,400.0,600.0,,,,,
Process Graph Metrics,AdditionalLogs,sudden_drift_02,,,,"[463, 1091, 1468]","[500, 1000]",0.8,64.0,00:00:02,2.003899199997249,0.0013359327999981,0.005,100.0,700.0,,,,,
Process Graph Metrics,AdditionalLogs,recurring_drift_05,,,,"[618, 1623]","[500, 1000]",0.5,118.0,00:00:03,3.7638321000049473,0.0025092214000032,0.0001,400.0,400.0,,,,,
Process Graph Metrics,AdditionalLogs,recurring_drift_05,,,,"[618, 1218]","[500, 1000]",0.5,118.0,00:00:01,1.105999500003236,0.0007373330000021,0.0001,400.0,500.0,,,,,
LCDD,AdditionalLogs,recurring_drift_07,100.0,100.0,20.0,"[112, 258, 502, 649, 824, 1000, 1165, 1266, 1382]","[500, 1000]",0.3636363636363636,1.0,00:00:00,0.0144173000007867,9.611533333857856e-06,,,,,,,,
LCDD,AdditionalLogs,gradual_drift_02,300.0,300.0,100.0,"[329, 651, 956, 1330]","[500, 1000]",0.6666666666666666,97.5,00:00:00,0.0244707999954698,1.7479142853907045e-05,,,,,,,,
Process Graph Metrics,AdditionalLogs,recurring_drift_05,,,,"[587, 1106, 1625]","[500, 1000]",0.8,96.5,00:00:03,3.667367900001409,0.0024449119333342,0.005,200.0,400.0,,,,,
Process Graph Metrics,AdditionalLogs,sudden_drift_01,,,,"[542, 1092]","[500, 1000]",1.0,67.0,00:00:01,1.4400944999943022,0.0009600629999962,0.005,300.0,600.0,,,,,
Process Graph Metrics,AdditionalLogs,sudden_drift_02,,,,"[600, 1320]","[500, 1000]",0.5,100.0,00:00:00,0.647429500000726,0.0004316196666671,0.0001,400.0,700.0,,,,,
Process Graph Metrics,AdditionalLogs,gradual_drift_00,,,,"[611, 1151]","[500, 1000]",1.0,131.0,00:00:01,1.6851758999982849,0.0012036970714273,0.1,100.0,400.0,,,,,
Process Graph Metrics,AdditionalLogs,gradual_drift_08,,,,"[495, 1157]","[500, 1000]",1.0,81.0,00:00:01,1.795381100004306,0.0012824150714316,0.1,300.0,500.0,,,,,
Process Graph Metrics,AdditionalLogs,gradual_drift_07,,,,"[617, 1538]","[500, 1000]",0.5,117.0,00:00:08,8.760419199999887,0.0062574422857142,0.005,400.0,600.0,,,,,
Process Graph Metrics,AdditionalLogs,recurring_drift_01,,,,[864],"[500, 1000]",0.6666666666666666,136.0,00:00:00,0.8818734000014956,0.0005879156000009,0.05,400.0,700.0,,,,,
LCDD,AdditionalLogs,recurring_drift_00,400.0,400.0,50.0,"[502, 1004]","[500, 1000]",1.0,3.0,00:00:00,0.0118405999965034,7.893733331002296e-06,,,,,,,,
LCDD,AdditionalLogs,gradual_drift_03,100.0,100.0,50.0,"[127, 246, 361, 475, 581, 738, 865, 972, 1082, 1187, 1299]","[500, 1000]",0.3076923076923077,26.5,00:00:00,0.0100552000003517,7.182285714536972e-06,,,,,,,,
Process Graph Metrics,AdditionalLogs,gradual_drift_02,,,,"[375, 876]","[500, 1000]",1.0,124.5,00:00:06,6.415468099999998,0.0045824772142857,0.1,100.0,500.0,,,,,
Process Graph Metrics,AdditionalLogs,recurring_drift_00,,,,"[554, 1073]","[500, 1000]",1.0,63.5,00:00:00,0.9271898000006332,0.0006181265333337,0.05,200.0,400.0,,,,,
Process Graph Metrics,AdditionalLogs,sudden_drift_05,,,,"[557, 1417]","[500, 1000]",0.5,57.0,00:00:04,4.543312199995853,0.0030288747999972,0.1,300.0,600.0,,,,,
LCDD,AdditionalLogs,recurring_drift_09,600.0,600.0,10.0,[],"[500, 1000]",,,00:00:00,0.0268808999971952,1.7920599998130154e-05,,,,,,,,
LCDD,AdditionalLogs,sudden_drift_04,600.0,600.0,50.0,"[633, 1492]","[500, 1000]",0.5,133.0,00:00:00,0.0148014000005787,9.867600000385815e-06,,,,,,,,
Process Graph Metrics,AdditionalLogs,gradual_drift_00,,,,"[703, 1463]","[500, 1000]",,,00:00:02,2.3447646999993594,0.0016748319285709,0.0001,200.0,500.0,,,,,
Process Graph Metrics,AdditionalLogs,gradual_drift_05,,,,"[600, 1200]","[500, 1000]",1.0,150.0,00:00:00,0.2769633999996586,0.0001978309999997,0.1,400.0,700.0,,,,,
LCDD,AdditionalLogs,sudden_drift_03,400.0,400.0,10.0,"[417, 914]","[500, 1000]",1.0,84.5,00:00:00,0.0186342999950284,1.2422866663352277e-05,,,,,,,,
Process Graph Metrics,AdditionalLogs,recurring_drift_00,,,,[600],"[500, 1000]",0.6666666666666666,100.0,00:00:00,0.2546030000012251,0.0001697353333341,0.005,400.0,400.0,,,,,
LCDD,AdditionalLogs,sudden_drift_07,300.0,300.0,10.0,"[501, 913, 1324]","[500, 1000]",0.8,44.0,00:00:00,0.013910499998019,9.273666665346051e-06,,,,,,,,
LCDD,AdditionalLogs,gradual_drift_06,200.0,200.0,5.0,"[281, 543, 913, 1135, 1392]","[500, 1000]",0.5714285714285715,65.0,00:00:00,0.0478877999994438,3.420557142817416e-05,,,,,,,,
LCDD,AdditionalLogs,gradual_drift_09,800.0,800.0,100.0,[920],"[500, 1000]",0.6666666666666666,80.0,00:00:00,0.0178888999944319,1.2777785710308567e-05,,,,,,,,
Process Graph Metrics,AdditionalLogs,gradual_drift_00,,,,"[638, 1262]","[500, 1000]",0.5,138.0,00:00:00,0.6259109999955399,0.000447079285711,0.005,200.0,600.0,,,,,
Process Graph Metrics,AdditionalLogs,sudden_drift_06,,,,"[720, 1565]","[500, 1000]",,,00:00:32,32.004782399999385,0.0213365215999995,0.005,400.0,700.0,,,,,
LCDD,AdditionalLogs,sudden_drift_05,400.0,400.0,50.0,"[423, 995, 1497]","[500, 1000]",0.8,41.0,00:00:00,0.0187241999956313,1.2482799997087569e-05,,,,,,,,
Process Graph Metrics,AdditionalLogs,gradual_drift_02,,,,"[600, 1200]","[500, 1000]",1.0,150.0,00:00:00,0.3930697999967378,0.0002807641428548,0.1,400.0,600.0,,,,,
Process Graph Metrics,AdditionalLogs,recurring_drift_06,,,,"[812, 1262]","[500, 1000]",0.5,188.0,00:00:03,3.2222005000003264,0.0021481336666668,0.1,200.0,500.0,,,,,
LCDD,AdditionalLogs,sudden_drift_07,100.0,100.0,10.0,"[100, 206, 319, 436, 567, 675, 782, 885, 1004, 1324, 1432]","[500, 1000]",0.3076923076923077,34.0,00:00:00,0.0143295000016223,9.553000001081576e-06,,,,,,,,
LCDD,AdditionalLogs,gradual_drift_00,600.0,600.0,150.0,[912],"[500, 1000]",0.6666666666666666,88.0,00:00:00,0.015391399996588,1.0993857140420005e-05,,,,,,,,
LCDD,AdditionalLogs,recurring_drift_07,600.0,600.0,50.0,[],"[500, 1000]",,,00:00:00,0.0157542000015382,1.050280000102551e-05,,,,,,,,
Process Graph Metrics,AdditionalLogs,sudden_drift_05,,,,[534],"[500, 1000]",0.6666666666666666,34.0,00:00:06,6.195525399998587,0.0041303502666657,0.1,200.0,500.0,,,,,
LCDD,AdditionalLogs,gradual_drift_05,800.0,800.0,20.0,[935],"[500, 1000]",0.6666666666666666,65.0,00:00:00,0.0220393999989028,1.5742428570644863e-05,,,,,,,,
Process Graph Metrics,AdditionalLogs,sudden_drift_06,,,,"[551, 1035]","[500, 1000]",1.0,43.0,00:00:25,25.745289399994363,0.0171635262666629,0.0001,100.0,400.0,,,,,
LCDD,AdditionalLogs,gradual_drift_07,400.0,400.0,20.0,"[416, 915]","[500, 1000]",1.0,84.5,00:00:00,0.0133118000012473,9.508428572319514e-06,,,,,,,,
Zheng DBSCAN,AdditionalLogs,sudden_drift_01,,,,"[np.float64(762.0), np.float64(921.0), np.float64(1007.3333333333334), np.float64(1115.0), np.float64(1254.0)]","[500, 1000]",0.2857142857142857,7.333333333333371,00:00:00,0.4800844999990659,0.0003200563333327,,,,700.0,70.0,,,
Zheng DBSCAN,AdditionalLogs,sudden_drift_01,,,,"[np.float64(762.0), np.float64(1037.111111111111)]","[500, 1000]",0.5,37.111111111111086,00:00:00,0.4800844999990659,0.0003200563333327,,,,700.0,140.0,,,
Zheng DBSCAN,AdditionalLogs,sudden_drift_01,,,,[np.float64(1009.6)],"[500, 1000]",0.6666666666666666,9.600000000000025,00:00:00,0.4800844999990659,0.0003200563333327,,,,700.0,210.0,,,
Zheng DBSCAN,AdditionalLogs,sudden_drift_01,,,,[],"[500, 1000]",,,00:00:00,0.4800844999990659,0.0003200563333327,,,,700.0,280.0,,,
Zheng DBSCAN,AdditionalLogs,sudden_drift_01,,,,[],"[500, 1000]",,,00:00:00,0.4800844999990659,0.0003200563333327,,,,700.0,350.0,,,
Process Graph Metrics,AdditionalLogs,sudden_drift_02,,,,"[463, 1091, 1468]","[500, 1000]",0.8,64.0,00:00:01,1.5683139999964624,0.0010455426666643,0.005,300.0,700.0,,,,,
LCDD,AdditionalLogs,recurring_drift_08,1200.0,1200.0,10.0,[1234],"[500, 1000]",,,00:00:00,0.0119193999998969,7.946266666597996e-06,,,,,,,,
Process Graph Metrics,AdditionalLogs,gradual_drift_06,,,,"[465, 1005]","[500, 1000]",1.0,20.0,00:00:05,5.260474499998963,0.0037574817857135,0.05,100.0,400.0,,,,,
Process Graph Metrics,AdditionalLogs,sudden_drift_06,,,,"[541, 1081]","[500, 1000]",1.0,61.0,00:00:01,1.7732050999984494,0.0011821367333322,0.1,300.0,600.0,,,,,
LCDD,AdditionalLogs,gradual_drift_05,200.0,200.0,5.0,"[201, 403, 627, 828, 1104, 1309]","[500, 1000]",0.5,100.5,00:00:00,0.0213588000042364,1.5256285717311714e-05,,,,,,,,
Process Graph Metrics,AdditionalLogs,recurring_drift_09,,,,"[553, 1014]","[500, 1000]",1.0,33.5,00:00:06,6.633526199999324,0.0044223507999995,0.005,100.0,600.0,,,,,
Process Graph Metrics,AdditionalLogs,sudden_drift_01,,,,"[540, 1080]","[500, 1000]",1.0,60.0,00:00:00,0.6043964999989839,0.0004029309999993,0.05,300.0,600.0,,,,,
Process Graph Metrics,AdditionalLogs,gradual_drift_05,,,,"[600, 1312]","[500, 1000]",0.5,100.0,00:00:00,0.335214900005667,0.0002394392142897,0.05,400.0,400.0,,,,,
Process Graph Metrics,AdditionalLogs,sudden_drift_09,,,,"[569, 1109]","[500, 1000]",1.0,89.0,00:00:07,7.001501599996118,0.0046676677333307,0.005,300.0,500.0,,,,,
LCDD,AdditionalLogs,gradual_drift_08,100.0,100.0,200.0,"[105, 208, 312, 416, 530, 649, 757, 858, 976, 1096, 1197, 1306]","[500, 1000]",0.2857142857142857,27.0,00:00:00,0.0101759999961359,7.2685714258113874e-06,,,,,,,,
LCDD,AdditionalLogs,gradual_drift_06,1200.0,1200.0,10.0,[1206],"[500, 1000]",,,00:00:00,0.0674179999987245,4.815571428480325e-05,,,,,,,,
Process Graph Metrics,AdditionalLogs,recurring_drift_06,,,,[1351],"[500, 1000]",,,00:00:05,5.1494974000015645,0.0034329982666677,0.05,300.0,700.0,,,,,
Process Graph Metrics,AdditionalLogs,recurring_drift_02,,,,"[580, 1071]","[500, 1000]",1.0,75.5,00:00:04,4.001480699997046,0.002667653799998,0.005,200.0,400.0,,,,,
LCDD,AdditionalLogs,recurring_drift_05,100.0,100.0,100.0,"[113, 215, 315, 423, 523, 632, 734, 836, 945, 1053, 1154, 1259, 1361, 1465]","[500, 1000]",0.25,38.0,00:00:00,0.0214220000052591,1.4281333336839452e-05,,,,,,,,
Process Graph Metrics,AdditionalLogs,sudden_drift_00,,,,"[557, 1181]","[500, 1000]",1.0,119.0,00:00:02,2.484975500003202,0.0016566503333354,0.05,100.0,600.0,,,,,
LCDD,AdditionalLogs,gradual_drift_04,400.0,400.0,200.0,"[401, 809, 1212]","[500, 1000]",0.8,145.0,00:00:00,0.0105994000041391,7.57100000295655e-06,,,,,,,,
LCDD,AdditionalLogs,gradual_drift_06,600.0,600.0,50.0,[923],"[500, 1000]",0.6666666666666666,77.0,00:00:00,0.0678887999965809,4.84919999975578e-05,,,,,,,,
Process Graph Metrics,AdditionalLogs,gradual_drift_08,,,,"[495, 1270]","[500, 1000]",0.5,5.0,00:00:01,1.3982778999998118,0.0009987699285712,0.05,300.0,400.0,,,,,
Process Graph Metrics,AdditionalLogs,gradual_drift_09,,,,"[600, 1200]","[500, 1000]",1.0,150.0,00:00:00,0.3226804000005359,0.0002304860000003,0.1,400.0,700.0,,,,,
Process Graph Metrics,AdditionalLogs,sudden_drift_03,,,,"[631, 1359]","[500, 1000]",0.5,131.0,00:00:01,1.8756652000010945,0.0012504434666673,0.1,400.0,500.0,,,,,
LCDD,AdditionalLogs,sudden_drift_08,1200.0,1200.0,100.0,[1233],"[500, 1000]",,,00:00:00,0.0132549000045401,8.836600003026736e-06,,,,,,,,
Process Graph Metrics,AdditionalLogs,recurring_drift_06,,,,"[750, 980, 1197]","[500, 1000]",0.4,20.0,00:00:05,5.427215299998352,0.0036181435333322,0.05,100.0,600.0,,,,,
Process Graph Metrics,AdditionalLogs,recurring_drift_06,,,,"[550, 766, 1313]","[500, 1000]",0.4,50.0,00:00:04,4.577418900000339,0.0030516126000002,0.1,200.0,400.0,,,,,
Process Graph Metrics,AdditionalLogs,gradual_drift_01,,,,"[314, 658, 970, 1282]","[500, 1000]",0.6666666666666666,94.0,00:00:02,2.327988400000322,0.001662848857143,0.1,100.0,700.0,,,,,
LCDD,AdditionalLogs,gradual_drift_09,600.0,600.0,10.0,[920],"[500, 1000]",0.6666666666666666,80.0,00:00:00,0.0206602000034763,1.475728571676882e-05,,,,,,,,
LCDD,AdditionalLogs,sudden_drift_09,100.0,100.0,150.0,"[157, 268, 502, 1000, 1197, 1308, 1417]","[500, 1000]",0.4444444444444445,1.0,00:00:00,0.0180135999980848,1.2009066665389886e-05,,,,,,,,
LCDD,AdditionalLogs,sudden_drift_09,800.0,800.0,50.0,[1000],"[500, 1000]",0.6666666666666666,0.0,00:00:00,0.0227828999995836,1.5188599999722404e-05,,,,,,,,
Process Graph Metrics,AdditionalLogs,sudden_drift_01,,,,"[546, 1134]","[500, 1000]",1.0,90.0,00:00:04,4.311433100003342,0.0028742887333355,0.0001,300.0,700.0,,,,,
LCDD,AdditionalLogs,sudden_drift_06,400.0,400.0,150.0,"[500, 919, 1452]","[500, 1000]",0.8,40.5,00:00:00,0.0848566999993636,5.657113333290908e-05,,,,,,,,
Process Graph Metrics,AdditionalLogs,gradual_drift_01,,,,"[600, 1200]","[500, 1000]",1.0,150.0,00:00:00,0.4500776000058977,0.0003214840000042,0.05,400.0,500.0,,,,,
Zheng DBSCAN,AdditionalLogs,recurring_drift_08,,,,"[np.float64(340.25), np.float64(524.5), np.float64(712.5), np.float64(762.0), np.float64(961.939393939394), np.float64(1148.8461538461538), np.float64(1242.75), np.float64(1311.5), np.float64(1397.5), np.float64(1496.5)]","[500, 1000]",0.3333333333333333,31.280303030303003,00:00:00,0.4993198000011034,0.0003328798666674,,,,300.0,30.0,,,
Zheng DBSCAN,AdditionalLogs,recurring_drift_08,,,,"[np.float64(710.6086956521739), np.float64(1397.5), np.float64(1496.5)]","[500, 1000]",,,00:00:00,0.4993198000011034,0.0003328798666674,,,,300.0,60.0,,,
Zheng DBSCAN,AdditionalLogs,recurring_drift_08,,,,[np.float64(735.3613445378152)],"[500, 1000]",,,00:00:00,0.4993198000011034,0.0003328798666674,,,,300.0,90.0,,,
Zheng DBSCAN,AdditionalLogs,recurring_drift_08,,,,[np.float64(735.3613445378152)],"[500, 1000]",,,00:00:00,0.4993198000011034,0.0003328798666674,,,,300.0,120.0,,,
Zheng DBSCAN,AdditionalLogs,recurring_drift_08,,,,[np.float64(735.3613445378152)],"[500, 1000]",,,00:00:00,0.4993198000011034,0.0003328798666674,,,,300.0,150.0,,,
Process Graph Metrics,AdditionalLogs,sudden_drift_01,,,,"[600, 1200]","[500, 1000]",1.0,150.0,00:00:00,0.5706742999973358,0.0003804495333315,0.1,400.0,500.0,,,,,
LCDD,AdditionalLogs,recurring_drift_00,600.0,600.0,5.0,"[601, 1259]","[500, 1000]",0.5,101.0,00:00:00,0.0090786000000662,6.052400000044145e-06,,,,,,,,
LCDD,AdditionalLogs,sudden_drift_03,1200.0,1200.0,5.0,[],"[500, 1000]",,,00:00:00,0.0115877999996882,7.72519999979219e-06,,,,,,,,
Process Graph Metrics,AdditionalLogs,gradual_drift_08,,,,[562],"[500, 1000]",0.6666666666666666,62.0,00:00:04,4.570359700002882,0.0032645426428592,0.05,200.0,400.0,,,,,
Process Graph Metrics,AdditionalLogs,sudden_drift_06,,,,"[550, 1090]","[500, 1000]",1.0,70.0,00:00:03,3.580014400002256,0.0023866762666681,0.05,300.0,400.0,,,,,
Process Graph Metrics,AdditionalLogs,recurring_drift_04,,,,"[660, 1260]","[500, 1000]",0.5,160.0,00:00:02,2.226471399997536,0.001484314266665,0.0001,400.0,700.0,,,,,
Process Graph Metrics,AdditionalLogs,gradual_drift_07,,,,"[214, 505, 916, 1456]","[500, 1000]",0.6666666666666666,44.5,00:00:01,1.9218308000054087,0.0013727362857181,0.05,100.0,500.0,,,,,
Zheng DBSCAN,AdditionalLogs,sudden_drift_00,,,,"[np.float64(787.0), np.float64(1010.75), np.float64(1095.0)]","[500, 1000]",0.4,10.75,00:00:00,0.5282914999988861,0.0003521943333325,,,,700.0,70.0,,,
Zheng DBSCAN,AdditionalLogs,sudden_drift_00,,,,"[np.float64(787.0), np.float64(1027.6)]","[500, 1000]",0.5,27.59999999999991,00:00:00,0.5282914999988861,0.0003521943333325,,,,700.0,140.0,,,
Zheng DBSCAN,AdditionalLogs,sudden_drift_00,,,,"[np.float64(787.0), np.float64(1027.6)]","[500, 1000]",0.5,27.59999999999991,00:00:00,0.5282914999988861,0.0003521943333325,,,,700.0,210.0,,,
Zheng DBSCAN,AdditionalLogs,sudden_drift_00,,,,[np.float64(987.5)],"[500, 1000]",0.6666666666666666,12.5,00:00:00,0.5282914999988861,0.0003521943333325,,,,700.0,280.0,,,
Zheng DBSCAN,AdditionalLogs,sudden_drift_00,,,,[np.float64(763.3)],"[500, 1000]",,,00:00:00,0.5282914999988861,0.0003521943333325,,,,700.0,350.0,,,
Process Graph Metrics,AdditionalLogs,sudden_drift_02,,,,"[457, 1082, 1457]","[500, 1000]",0.8,62.5,00:00:01,1.285671400000865,0.0008571142666672,0.05,300.0,400.0,,,,,
Process Graph Metrics,AdditionalLogs,sudden_drift_02,,,,"[457, 1082, 1457]","[500, 1000]",0.8,62.5,00:00:01,1.7040730999942753,0.0011360487333295,0.05,100.0,700.0,,,,,
LCDD,AdditionalLogs,recurring_drift_00,300.0,300.0,50.0,"[502, 836, 1259]","[500, 1000]",0.8,83.0,00:00:00,0.0097112000003107,6.4741333335405215e-06,,,,,,,,
LCDD,AdditionalLogs,recurring_drift_02,300.0,300.0,20.0,"[381, 686, 995, 1307]","[500, 1000]",0.6666666666666666,62.0,00:00:00,0.0272330000007059,1.815533333380396e-05,,,,,,,,
LCDD,AdditionalLogs,gradual_drift_07,600.0,600.0,50.0,[713],"[500, 1000]",,,00:00:00,0.0151678999973228,1.0834214283802016e-05,,,,,,,,
Process Graph Metrics,AdditionalLogs,gradual_drift_04,,,,"[600, 1200]","[500, 1000]",1.0,150.0,00:00:00,0.1873465000026044,0.0001338189285732,0.1,400.0,500.0,,,,,
Zheng DBSCAN,AdditionalLogs,sudden_drift_06,,,,"[np.float64(813.5), np.float64(1021.2666666666667), np.float64(1220.0), np.float64(1452.0)]","[500, 1000]",0.3333333333333333,21.26666666666665,00:00:01,1.190732899995055,0.00079382193333,,,,700.0,70.0,,,
Zheng DBSCAN,AdditionalLogs,sudden_drift_06,,,,"[np.float64(1030.3), np.float64(1452.0)]","[500, 1000]",0.5,30.299999999999955,00:00:01,1.190732899995055,0.00079382193333,,,,700.0,140.0,,,
Zheng DBSCAN,AdditionalLogs,sudden_drift_06,,,,"[np.float64(1030.3), np.float64(1452.0)]","[500, 1000]",0.5,30.299999999999955,00:00:01,1.190732899995055,0.00079382193333,,,,700.0,210.0,,,
Zheng DBSCAN,AdditionalLogs,sudden_drift_06,,,,[np.float64(928.8888888888889)],"[500, 1000]",0.6666666666666666,71.11111111111109,00:00:01,1.190732899995055,0.00079382193333,,,,700.0,280.0,,,
Zheng DBSCAN,AdditionalLogs,sudden_drift_06,,,,[np.float64(928.8888888888889)],"[500, 1000]",0.6666666666666666,71.11111111111109,00:00:01,1.190732899995055,0.00079382193333,,,,700.0,350.0,,,
LCDD,AdditionalLogs,gradual_drift_00,800.0,800.0,150.0,[912],"[500, 1000]",0.6666666666666666,88.0,00:00:00,0.0069870000006631,4.990714286187929e-06,,,,,,,,
Process Graph Metrics,AdditionalLogs,sudden_drift_00,,,,"[551, 1154]","[500, 1000]",1.0,102.5,00:00:02,2.9517258999985643,0.0019678172666657,0.05,200.0,400.0,,,,,
Process Graph Metrics,AdditionalLogs,gradual_drift_08,,,,[],"[500, 1000]",,,00:00:17,17.120606999997108,0.0122290049999979,0.0001,300.0,700.0,,,,,
LCDD,AdditionalLogs,sudden_drift_02,600.0,600.0,20.0,"[607, 1224]","[500, 1000]",0.5,107.0,00:00:00,0.0274265999978524,1.8284399998568308e-05,,,,,,,,
LCDD,AdditionalLogs,recurring_drift_05,600.0,600.0,10.0,"[645, 1337]","[500, 1000]",0.5,145.0,00:00:00,0.0196561999982805,1.3104133332187e-05,,,,,,,,
Process Graph Metrics,AdditionalLogs,recurring_drift_08,,,,"[613, 1333]","[500, 1000]",0.5,113.0,00:00:00,0.7059755999944173,0.0004706503999962,0.1,400.0,600.0,,,,,
Process Graph Metrics,AdditionalLogs,sudden_drift_08,,,,[1040],"[500, 1000]",0.6666666666666666,40.0,00:00:02,2.139653199999884,0.0014264354666665,0.0001,200.0,600.0,,,,,
Process Graph Metrics,AdditionalLogs,sudden_drift_00,,,,"[551, 1146]","[500, 1000]",1.0,98.5,00:00:02,2.533788200002164,0.0016891921333347,0.1,200.0,400.0,,,,,
Process Graph Metrics,AdditionalLogs,recurring_drift_05,,,,"[604, 1144]","[500, 1000]",1.0,124.0,00:00:03,3.314473700003873,0.0022096491333359,0.0001,300.0,600.0,,,,,
Process Graph Metrics,AdditionalLogs,recurring_drift_00,,,,"[561, 1101]","[500, 1000]",1.0,81.0,00:00:00,0.7724496000009822,0.0005149664000006,0.005,100.0,500.0,,,,,
Process Graph Metrics,AdditionalLogs,gradual_drift_02,,,,"[375, 876]","[500, 1000]",1.0,124.5,00:00:06,6.312697500005015,0.0045090696428607,0.1,100.0,700.0,,,,,
LCDD,AdditionalLogs,sudden_drift_05,1200.0,1200.0,10.0,[1204],"[500, 1000]",,,00:00:00,0.0168977000066661,1.126513333777742e-05,,,,,,,,
LCDD,AdditionalLogs,recurring_drift_05,200.0,200.0,50.0,"[205, 453, 696, 929, 1138, 1339]","[500, 1000]",0.5,59.0,00:00:00,0.0254825000010896,1.6988333334059764e-05,,,,,,,,
Process Graph Metrics,AdditionalLogs,recurring_drift_02,,,,"[751, 1748]","[500, 1000]",,,00:00:14,14.901040299999297,0.0099340268666661,0.005,200.0,600.0,,,,,
Process Graph Metrics,AdditionalLogs,gradual_drift_03,,,,"[526, 1079]","[500, 1000]",1.0,52.5,00:00:02,2.137901200003398,0.0015270722857167,0.05,100.0,600.0,,,,,
LCDD,AdditionalLogs,sudden_drift_08,800.0,800.0,20.0,[828],"[500, 1000]",0.6666666666666666,172.0,00:00:00,0.0126187999994726,8.41253333298179e-06,,,,,,,,
Process Graph Metrics,AdditionalLogs,recurring_drift_09,,,,"[547, 1014]","[500, 1000]",1.0,30.5,00:00:06,6.39244470000267,0.0042616298000017,0.05,300.0,400.0,,,,,
Zheng DBSCAN,AdditionalLogs,recurring_drift_06,,,,"[np.float64(939.0), np.float64(1231.0)]","[500, 1000]",0.5,61.0,00:00:00,0.777225300000282,0.0005181502000001,,,,700.0,70.0,,,
Zheng DBSCAN,AdditionalLogs,recurring_drift_06,,,,"[np.float64(939.0), np.float64(1231.0)]","[500, 1000]",0.5,61.0,00:00:00,0.777225300000282,0.0005181502000001,,,,700.0,140.0,,,
Zheng DBSCAN,AdditionalLogs,recurring_drift_06,,,,"[np.float64(939.0), np.float64(1231.0)]","[500, 1000]",0.5,61.0,00:00:00,0.777225300000282,0.0005181502000001,,,,700.0,210.0,,,
Zheng DBSCAN,AdditionalLogs,recurring_drift_06,,,,"[np.float64(736.6666666666666), np.float64(1231.0)]","[500, 1000]",,,00:00:00,0.777225300000282,0.0005181502000001,,,,700.0,280.0,,,
Zheng DBSCAN,AdditionalLogs,recurring_drift_06,,,,[np.float64(860.25)],"[500, 1000]",0.6666666666666666,139.75,00:00:00,0.777225300000282,0.0005181502000001,,,,700.0,350.0,,,
LCDD,AdditionalLogs,sudden_drift_02,1200.0,1200.0,20.0,[1224],"[500, 1000]",,,00:00:00,0.0319028000012622,2.126853333417481e-05,,,,,,,,
LCDD,AdditionalLogs,sudden_drift_01,800.0,800.0,50.0,[921],"[500, 1000]",0.6666666666666666,79.0,00:00:00,0.0265964999998686,1.7730999999912454e-05,,,,,,,,
Process Graph Metrics,AdditionalLogs,sudden_drift_09,,,,"[458, 908, 1363]","[500, 1000]",0.8,67.0,00:00:01,1.297585300002538,0.0008650568666683,0.1,100.0,600.0,,,,,
Process Graph Metrics,AdditionalLogs,gradual_drift_09,,,,"[216, 496, 887, 1391]","[500, 1000]",0.6666666666666666,58.5,00:00:06,6.942013199994108,0.0049585808571386,0.05,100.0,600.0,,,,,
Process Graph Metrics,AdditionalLogs,gradual_drift_06,,,,"[501, 982]","[500, 1000]",1.0,9.5,00:00:14,14.4566113999972,0.010326150999998,0.0001,100.0,400.0,,,,,
Process Graph Metrics,AdditionalLogs,sudden_drift_03,,,,[662],"[500, 1000]",0.6666666666666666,162.0,00:00:01,1.5362672000046589,0.0010241781333364,0.0001,200.0,700.0,,,,,
Process Graph Metrics,AdditionalLogs,gradual_drift_06,,,,"[495, 988]","[500, 1000]",1.0,8.5,00:00:19,19.601359899999807,0.0140009713571427,0.0001,200.0,700.0,,,,,
Zheng DBSCAN,AdditionalLogs,sudden_drift_02,,,,"[np.float64(337.0), np.float64(561.225), np.float64(993.7222222222222), np.float64(1234.0), np.float64(1338.0), np.float64(1377.0), np.float64(1475.75)]","[500, 1000]",0.4444444444444445,33.751388888888926,00:00:00,0.5661952000009478,0.0003774634666672,,,,300.0,30.0,,,
Zheng DBSCAN,AdditionalLogs,sudden_drift_02,,,,"[np.float64(773.516129032258), np.float64(1475.75)]","[500, 1000]",,,00:00:00,0.5661952000009478,0.0003774634666672,,,,300.0,60.0,,,
Zheng DBSCAN,AdditionalLogs,sudden_drift_02,,,,[np.float64(795.4609375)],"[500, 1000]",,,00:00:00,0.5661952000009478,0.0003774634666672,,,,300.0,90.0,,,
Zheng DBSCAN,AdditionalLogs,sudden_drift_02,,,,[np.float64(795.4609375)],"[500, 1000]",,,00:00:00,0.5661952000009478,0.0003774634666672,,,,300.0,120.0,,,
Zheng DBSCAN,AdditionalLogs,sudden_drift_02,,,,[np.float64(795.4609375)],"[500, 1000]",,,00:00:00,0.5661952000009478,0.0003774634666672,,,,300.0,150.0,,,
LCDD,AdditionalLogs,gradual_drift_03,1200.0,1200.0,50.0,[1390],"[500, 1000]",,,00:00:00,0.008631200005766,6.165142861261432e-06,,,,,,,,
LCDD,AdditionalLogs,gradual_drift_05,1200.0,1200.0,200.0,[1316],"[500, 1000]",,,00:00:00,0.0184392999944975,1.3170928567498256e-05,,,,,,,,
Process Graph Metrics,AdditionalLogs,gradual_drift_06,,,,"[312, 970, 1510]","[500, 1000]",0.8,109.0,00:00:33,33.772840099998575,0.0241234572142846,0.1,200.0,500.0,,,,,
Process Graph Metrics,AdditionalLogs,gradual_drift_01,,,,"[600, 1200]","[500, 1000]",1.0,150.0,00:00:00,0.4921207000006689,0.0003515147857147,0.1,400.0,600.0,,,,,
Process Graph Metrics,AdditionalLogs,gradual_drift_00,,,,"[594, 1113]","[500, 1000]",1.0,103.5,00:00:01,1.7626158999992183,0.0012590113571422,0.1,200.0,400.0,,,,,
Zheng DBSCAN,AdditionalLogs,sudden_drift_03,,,,"[np.float64(407.5), np.float64(504.0), np.float64(689.0), np.float64(807.6666666666666), np.float64(914.0), np.float64(1008.5), np.float64(1095.0), np.float64(1184.5)]","[500, 1000]",0.4,6.25,00:00:00,0.3572984999991604,0.0002381989999994,,,,400.0,40.0,,,
Zheng DBSCAN,AdditionalLogs,sudden_drift_03,,,,"[np.float64(425.15384615384613), np.float64(689.0), np.float64(807.6666666666666), np.float64(1051.5)]","[500, 1000]",0.6666666666666666,63.17307692307693,00:00:00,0.3572984999991604,0.0002381989999994,,,,400.0,80.0,,,
Zheng DBSCAN,AdditionalLogs,sudden_drift_03,,,,"[np.float64(425.15384615384613), np.float64(960.3333333333334)]","[500, 1000]",1.0,57.25641025641025,00:00:00,0.3572984999991604,0.0002381989999994,,,,400.0,120.0,,,
Zheng DBSCAN,AdditionalLogs,sudden_drift_03,,,,"[np.float64(425.15384615384613), np.float64(960.3333333333334)]","[500, 1000]",1.0,57.25641025641025,00:00:00,0.3572984999991604,0.0002381989999994,,,,400.0,160.0,,,
Zheng DBSCAN,AdditionalLogs,sudden_drift_03,,,,[np.float64(682.04)],"[500, 1000]",0.6666666666666666,182.04,00:00:00,0.3572984999991604,0.0002381989999994,,,,400.0,200.0,,,
LCDD,AdditionalLogs,recurring_drift_06,100.0,100.0,150.0,"[143, 248, 356, 464, 569, 672, 778, 882, 986, 1183, 1318, 1454]","[500, 1000]",0.2857142857142857,25.0,00:00:00,0.0681034000008367,4.540226666722447e-05,,,,,,,,
LCDD,AdditionalLogs,sudden_drift_06,600.0,600.0,100.0,"[805, 1452]","[500, 1000]",0.5,195.0,00:00:00,0.0801090000022668,5.3406000001511225e-05,,,,,,,,
LCDD,AdditionalLogs,sudden_drift_00,200.0,200.0,150.0,"[502, 1000, 1246]","[500, 1000]",0.8,1.0,00:00:00,0.011556900004507,7.704600003004694e-06,,,,,,,,
Process Graph Metrics,AdditionalLogs,gradual_drift_05,,,,"[492, 1040]","[500, 1000]",1.0,24.0,00:00:03,3.717493700001796,0.0026553526428584,0.0001,200.0,500.0,,,,,
Process Graph Metrics,AdditionalLogs,sudden_drift_04,,,,"[584, 1232]","[500, 1000]",0.5,84.0,00:00:01,1.8153429000012693,0.0012102286000008,0.005,100.0,600.0,,,,,
Process Graph Metrics,AdditionalLogs,gradual_drift_08,,,,"[495, 1157]","[500, 1000]",1.0,81.0,00:00:01,1.9275507999991528,0.0013768219999993,0.1,100.0,500.0,,,,,
Process Graph Metrics,AdditionalLogs,gradual_drift_03,,,,"[600, 1200]","[500, 1000]",1.0,150.0,00:00:00,0.1722854999970877,0.0001230610714264,0.005,400.0,600.0,,,,,
Process Graph Metrics,AdditionalLogs,recurring_drift_04,,,,"[640, 1178]","[500, 1000]",1.0,159.0,00:00:04,4.435872400004882,0.0029572482666699,0.0001,200.0,400.0,,,,,
Process Graph Metrics,AdditionalLogs,recurring_drift_07,,,,"[304, 564, 939, 1314]","[500, 1000]",0.6666666666666666,62.5,00:00:00,0.9332453999959398,0.0006221635999972,0.05,100.0,500.0,,,,,
Process Graph Metrics,AdditionalLogs,recurring_drift_08,,,,"[581, 893, 1268]","[500, 1000]",0.8,94.0,00:00:00,0.3538203999996767,0.0002358802666664,0.05,400.0,400.0,,,,,
Zheng DBSCAN,AdditionalLogs,gradual_drift_01,,,,"[np.float64(313.3333333333333), np.float64(483.48148148148147), np.float64(659.1111111111111), np.float64(755.1538461538462), np.float64(869.0), np.float64(953.4117647058823), np.float64(1093.2857142857142), np.float64(1271.75), np.float64(1353.0), np.float64(1388.5)]","[500, 1000]",0.3333333333333333,31.553376906318107,00:00:00,0.503970500001742,0.0003599789285726,,,,300.0,30.0,,,
Zheng DBSCAN,AdditionalLogs,gradual_drift_01,,,,"[np.float64(739.5952380952381), np.float64(1316.7142857142858)]","[500, 1000]",,,00:00:00,0.503970500001742,0.0003599789285726,,,,300.0,60.0,,,
Zheng DBSCAN,AdditionalLogs,gradual_drift_01,,,,[np.float64(783.989010989011)],"[500, 1000]",,,00:00:00,0.503970500001742,0.0003599789285726,,,,300.0,90.0,,,
Zheng DBSCAN,AdditionalLogs,gradual_drift_01,,,,[np.float64(783.989010989011)],"[500, 1000]",,,00:00:00,0.503970500001742,0.0003599789285726,,,,300.0,120.0,,,
Zheng DBSCAN,AdditionalLogs,gradual_drift_01,,,,[np.float64(783.989010989011)],"[500, 1000]",,,00:00:00,0.503970500001742,0.0003599789285726,,,,300.0,150.0,,,
Process Graph Metrics,AdditionalLogs,gradual_drift_02,,,,"[600, 1200]","[500, 1000]",1.0,150.0,00:00:00,0.3879947000023094,0.0002771390714302,0.05,400.0,500.0,,,,,
Process Graph Metrics,AdditionalLogs,recurring_drift_03,,,,"[300, 600, 961, 1711]","[500, 1000]",0.6666666666666666,69.5,00:00:00,0.3933208999951603,0.0002622139333301,0.05,200.0,700.0,,,,,
LCDD,AdditionalLogs,recurring_drift_06,100.0,100.0,100.0,"[143, 248, 356, 464, 569, 672, 778, 882, 986, 1183, 1318, 1454]","[500, 1000]",0.2857142857142857,25.0,00:00:00,0.0704387000005226,4.695913333368177e-05,,,,,,,,
LCDD,AdditionalLogs,sudden_drift_02,600.0,600.0,50.0,"[607, 1224]","[500, 1000]",0.5,107.0,00:00:00,0.0358468999984324,2.389793333228833e-05,,,,,,,,
Process Graph Metrics,AdditionalLogs,recurring_drift_09,,,,"[546, 1010]","[500, 1000]",1.0,28.0,00:00:06,6.4376287999984925,0.0042917525333323,0.1,100.0,400.0,,,,,
LCDD,AdditionalLogs,gradual_drift_07,200.0,200.0,150.0,"[416, 713, 915, 1220]","[500, 1000]",0.6666666666666666,84.5,00:00:00,0.0155739000038011,1.1124214288429358e-05,,,,,,,,
Process Graph Metrics,AdditionalLogs,sudden_drift_08,,,,"[604, 1204]","[500, 1000]",0.5,104.0,00:00:00,0.343101000005845,0.0002287340000038,0.1,400.0,600.0,,,,,
Process Graph Metrics,AdditionalLogs,gradual_drift_04,,,,[600],"[500, 1000]",0.6666666666666666,100.0,00:00:11,11.846941199997673,0.0084621008571411,0.0001,400.0,700.0,,,,,
Process Graph Metrics,AdditionalLogs,recurring_drift_02,,,,[864],"[500, 1000]",0.6666666666666666,136.0,00:00:00,0.7059564999944996,0.0004706376666629,0.005,400.0,700.0,,,,,
Process Graph Metrics,AdditionalLogs,recurring_drift_00,,,,"[600, 1200]","[500, 1000]",1.0,150.0,00:00:00,0.1453037999963271,9.686919999755144e-05,0.0001,400.0,600.0,,,,,
LCDD,AdditionalLogs,gradual_drift_07,600.0,600.0,10.0,[713],"[500, 1000]",,,00:00:00,0.0110726999992039,7.90907142800279e-06,,,,,,,,
Process Graph Metrics,AdditionalLogs,sudden_drift_03,,,,"[624, 1143]","[500, 1000]",1.0,133.5,00:00:02,2.911235500003386,0.0019408236666689,0.1,200.0,500.0,,,,,
LCDD,AdditionalLogs,recurring_drift_05,600.0,600.0,20.0,"[645, 1337]","[500, 1000]",0.5,145.0,00:00:00,0.0235468999962904,1.56979333308603e-05,,,,,,,,
LCDD,AdditionalLogs,sudden_drift_01,400.0,400.0,50.0,"[448, 921, 1337]","[500, 1000]",0.8,65.5,00:00:00,0.2469879999989643,0.0001646586666659,,,,,,,,
LCDD,AdditionalLogs,recurring_drift_03,600.0,600.0,5.0,"[631, 1348]","[500, 1000]",0.5,131.0,00:00:00,0.0085237000021152,5.682466668076813e-06,,,,,,,,
Process Graph Metrics,AdditionalLogs,sudden_drift_06,,,,"[216, 470, 686, 1109, 1363]","[500, 1000]",0.5714285714285715,69.5,00:00:05,5.415872999998101,0.0036105819999987,0.1,100.0,600.0,,,,,
Process Graph Metrics,AdditionalLogs,gradual_drift_06,,,,"[600, 1200]","[500, 1000]",1.0,150.0,00:00:01,1.2331513000026462,0.0008808223571447,0.0001,400.0,500.0,,,,,
LCDD,AdditionalLogs,gradual_drift_01,200.0,200.0,20.0,"[303, 509, 712, 918, 1124, 1353]","[500, 1000]",0.5,45.5,00:00:00,0.0279085000001941,1.993464285728156e-05,,,,,,,,
LCDD,AdditionalLogs,gradual_drift_03,300.0,300.0,150.0,"[315, 626, 931, 1390]","[500, 1000]",0.6666666666666666,97.5,00:00:00,0.0112379999991389,8.02714285652785e-06,,,,,,,,
Zheng DBSCAN,AdditionalLogs,sudden_drift_00,,,,"[np.float64(567.0), np.float64(646.0), np.float64(787.0), np.float64(1008.4), np.float64(1095.0)]","[500, 1000]",0.5714285714285715,37.69999999999999,00:00:00,0.5210468000004767,0.0003473645333336,,,,500.0,50.0,,,
Zheng DBSCAN,AdditionalLogs,sudden_drift_00,,,,"[np.float64(528.4285714285714), np.float64(787.0), np.float64(1022.8333333333334)]","[500, 1000]",0.8,25.630952380952408,00:00:00,0.5210468000004767,0.0003473645333336,,,,500.0,100.0,,,
Zheng DBSCAN,AdditionalLogs,sudden_drift_00,,,,"[np.float64(560.75), np.float64(1022.8333333333334)]","[500, 1000]",1.0,41.791666666666686,00:00:00,0.5210468000004767,0.0003473645333336,,,,500.0,150.0,,,
Zheng DBSCAN,AdditionalLogs,sudden_drift_00,,,,"[np.float64(560.75), np.float64(1022.8333333333334)]","[500, 1000]",1.0,41.791666666666686,00:00:00,0.5210468000004767,0.0003473645333336,,,,500.0,200.0,,,
Zheng DBSCAN,AdditionalLogs,sudden_drift_00,,,,[np.float64(758.7857142857143)],"[500, 1000]",,,00:00:00,0.5210468000004767,0.0003473645333336,,,,500.0,250.0,,,
Process Graph Metrics,AdditionalLogs,sudden_drift_05,,,,"[600, 1209]","[500, 1000]",0.5,100.0,00:00:00,0.6488863000049605,0.0004325908666699,0.1,400.0,600.0,,,,,
Process Graph Metrics,AdditionalLogs,sudden_drift_06,,,,[750],"[500, 1000]",,,00:00:49,49.58229140000185,0.0330548609333345,0.0001,200.0,600.0,,,,,
LCDD,AdditionalLogs,recurring_drift_00,800.0,800.0,20.0,[881],"[500, 1000]",0.6666666666666666,119.0,00:00:00,0.0064390000043204,4.292666669546937e-06,,,,,,,,
Process Graph Metrics,AdditionalLogs,gradual_drift_05,,,,"[150, 461, 773, 1085, 1535]","[500, 1000]",0.5714285714285715,62.0,00:00:01,1.6654959000006784,0.0011896399285719,0.1,100.0,400.0,,,,,
Process Graph Metrics,AdditionalLogs,gradual_drift_00,,,,"[998, 1580]","[500, 1000]",0.5,2.0,00:00:02,2.3230314000029466,0.0016593081428592,0.05,100.0,400.0,,,,,
LCDD,AdditionalLogs,sudden_drift_07,100.0,100.0,20.0,"[100, 206, 319, 436, 567, 675, 782, 885, 1004, 1324, 1432]","[500, 1000]",0.3076923076923077,34.0,00:00:00,0.0157679000039934,1.0511933335995612e-05,,,,,,,,
Zheng DBSCAN,AdditionalLogs,gradual_drift_03,,,,"[np.float64(601.0), np.float64(689.0), np.float64(975.0588235294117), np.float64(1390.0)]","[500, 1000]",0.6666666666666666,62.970588235294144,00:00:00,0.3836325000011129,0.0002740232142865,,,,600.0,60.0,,,
Zheng DBSCAN,AdditionalLogs,gradual_drift_03,,,,"[np.float64(777.7142857142857), np.float64(1390.0)]","[500, 1000]",,,00:00:00,0.3836325000011129,0.0002740232142865,,,,600.0,120.0,,,
Zheng DBSCAN,AdditionalLogs,gradual_drift_03,,,,"[np.float64(755.3103448275862), np.float64(1390.0)]","[500, 1000]",,,00:00:00,0.3836325000011129,0.0002740232142865,,,,600.0,180.0,,,
Zheng DBSCAN,AdditionalLogs,gradual_drift_03,,,,[np.float64(776.4666666666667)],"[500, 1000]",,,00:00:00,0.3836325000011129,0.0002740232142865,,,,600.0,240.0,,,
Zheng DBSCAN,AdditionalLogs,gradual_drift_03,,,,[np.float64(776.4666666666667)],"[500, 1000]",,,00:00:00,0.3836325000011129,0.0002740232142865,,,,600.0,300.0,,,
Process Graph Metrics,AdditionalLogs,gradual_drift_01,,,,"[600, 1200]","[500, 1000]",1.0,150.0,00:00:00,0.4366945000001578,0.0003119246428572,0.05,400.0,600.0,,,,,
LCDD,AdditionalLogs,gradual_drift_08,200.0,200.0,200.0,"[208, 416, 649, 862, 1070, 1278]","[500, 1000]",0.5,77.0,00:00:00,0.0094706000018049,6.764714287003569e-06,,,,,,,,
LCDD,AdditionalLogs,recurring_drift_04,200.0,200.0,200.0,"[261, 500, 719, 928, 1177, 1391]","[500, 1000]",0.5,36.0,00:00:00,0.0169397999998182,1.1293199999878804e-05,,,,,,,,
Process Graph Metrics,AdditionalLogs,recurring_drift_09,,,,"[600, 1200]","[500, 1000]",1.0,150.0,00:00:00,0.5541587000043364,0.0003694391333362,0.05,400.0,600.0,,,,,
LCDD,AdditionalLogs,sudden_drift_06,200.0,200.0,200.0,"[210, 410, 610, 822, 1022, 1227, 1429]","[500, 1000]",0.4444444444444445,56.0,00:00:00,0.249339100002544,0.0001662260666683,,,,,,,,
Zheng DBSCAN,AdditionalLogs,sudden_drift_03,,,,"[np.float64(410.9), np.float64(504.0), np.float64(685.3333333333334), np.float64(803.0), np.float64(914.0), np.float64(991.75), np.float64(1045.5), np.float64(1095.0), np.float64(1185.0), np.float64(1362.0)]","[500, 1000]",0.3333333333333333,6.125,00:00:00,0.3498267000031774,0.0002332178000021,,,,300.0,30.0,,,
Zheng DBSCAN,AdditionalLogs,sudden_drift_03,,,,"[np.float64(421.36842105263156), np.float64(685.3333333333334), np.float64(803.0), np.float64(914.0), np.float64(1021.8571428571429), np.float64(1185.0), np.float64(1362.0)]","[500, 1000]",0.4444444444444445,50.244360902255664,00:00:00,0.3498267000031774,0.0002332178000021,,,,300.0,60.0,,,
Zheng DBSCAN,AdditionalLogs,sudden_drift_03,,,,"[np.float64(421.36842105263156), np.float64(685.3333333333334), np.float64(803.0), np.float64(1067.25), np.float64(1362.0)]","[500, 1000]",0.5714285714285715,72.94078947368422,00:00:00,0.3498267000031774,0.0002332178000021,,,,300.0,90.0,,,
Zheng DBSCAN,AdditionalLogs,sudden_drift_03,,,,"[np.float64(421.36842105263156), np.float64(951.3157894736842), np.float64(1362.0)]","[500, 1000]",0.8,63.65789473684214,00:00:00,0.3498267000031774,0.0002332178000021,,,,300.0,120.0,,,
Zheng DBSCAN,AdditionalLogs,sudden_drift_03,,,,"[np.float64(407.1), np.float64(951.3157894736842), np.float64(1362.0)]","[500, 1000]",0.8,70.79210526315791,00:00:00,0.3498267000031774,0.0002332178000021,,,,300.0,150.0,,,
Zheng DBSCAN,AdditionalLogs,gradual_drift_08,,,,"[np.float64(956.9444444444445), np.float64(1143.0), np.float64(1239.0), np.float64(1348.0)]","[500, 1000]",0.3333333333333333,43.05555555555554,00:00:00,0.5602235999976983,0.000400159714284,,,,700.0,70.0,,,
Zheng DBSCAN,AdditionalLogs,gradual_drift_08,,,,[],"[500, 1000]",,,00:00:00,0.5602235999976983,0.000400159714284,,,,700.0,140.0,,,
Zheng DBSCAN,AdditionalLogs,gradual_drift_08,,,,[],"[500, 1000]",,,00:00:00,0.5602235999976983,0.000400159714284,,,,700.0,210.0,,,
Zheng DBSCAN,AdditionalLogs,gradual_drift_08,,,,[],"[500, 1000]",,,00:00:00,0.5602235999976983,0.000400159714284,,,,700.0,280.0,,,
Zheng DBSCAN,AdditionalLogs,gradual_drift_08,,,,[],"[500, 1000]",,,00:00:00,0.5602235999976983,0.000400159714284,,,,700.0,350.0,,,
Process Graph Metrics,AdditionalLogs,recurring_drift_01,,,,[779],"[500, 1000]",,,00:00:00,0.9108992999972544,0.0006072661999981,0.0001,300.0,600.0,,,,,
Process Graph Metrics,AdditionalLogs,gradual_drift_06,,,,"[465, 1005]","[500, 1000]",1.0,20.0,00:00:04,4.02577129999554,0.0028755509285682,0.05,300.0,500.0,,,,,
Process Graph Metrics,AdditionalLogs,sudden_drift_03,,,,"[637, 1466]","[500, 1000]",0.5,137.0,00:00:02,2.1601346999959787,0.0014400897999973,0.05,400.0,600.0,,,,,
LCDD,AdditionalLogs,gradual_drift_00,100.0,100.0,50.0,"[100, 200, 329, 431, 576, 912, 1067, 1177, 1277]","[500, 1000]",0.3636363636363636,68.0,00:00:00,0.0116114999982528,8.2939285701806e-06,,,,,,,,
LCDD,AdditionalLogs,sudden_drift_00,400.0,400.0,100.0,"[502, 1000]","[500, 1000]",1.0,1.0,00:00:00,0.0099363999979686,6.624266665312462e-06,,,,,,,,
LCDD,AdditionalLogs,sudden_drift_03,600.0,600.0,20.0,[816],"[500, 1000]",0.6666666666666666,184.0,00:00:00,0.0198612000021967,1.3240800001464471e-05,,,,,,,,
LCDD,AdditionalLogs,gradual_drift_08,400.0,400.0,10.0,"[407, 862, 1315]","[500, 1000]",0.8,115.5,00:00:00,0.0072527000011177,5.18050000079841e-06,,,,,,,,
Process Graph Metrics,AdditionalLogs,sudden_drift_05,,,,[564],"[500, 1000]",0.6666666666666666,64.0,00:00:04,4.699354800002766,0.0031329032000018,0.005,300.0,600.0,,,,,
Process Graph Metrics,AdditionalLogs,recurring_drift_02,,,,[1114],"[500, 1000]",0.6666666666666666,114.0,00:00:10,10.924401999996917,0.0072829346666646,0.0001,300.0,400.0,,,,,
LCDD,AdditionalLogs,sudden_drift_01,800.0,800.0,100.0,[921],"[500, 1000]",0.6666666666666666,79.0,00:00:00,0.0312538000071072,2.08358666714048e-05,,,,,,,,
Process Graph Metrics,AdditionalLogs,gradual_drift_06,,,,"[600, 1200]","[500, 1000]",1.0,150.0,00:00:01,1.2139060999979847,0.0008670757857128,0.0001,400.0,600.0,,,,,
Process Graph Metrics,AdditionalLogs,gradual_drift_08,,,,[],"[500, 1000]",,,00:00:17,17.144892399999662,0.0122463517142854,0.0001,100.0,700.0,,,,,
Process Graph Metrics,AdditionalLogs,recurring_drift_09,,,,"[557, 1069]","[500, 1000]",1.0,63.0,00:00:09,9.474956099998964,0.0063166373999993,0.0001,100.0,600.0,,,,,
Process Graph Metrics,AdditionalLogs,sudden_drift_08,,,,[1026],"[500, 1000]",0.6666666666666666,26.0,00:00:01,1.8783282000003965,0.0012522188000002,0.005,200.0,600.0,,,,,
LCDD,AdditionalLogs,recurring_drift_05,800.0,800.0,10.0,[888],"[500, 1000]",0.6666666666666666,112.0,00:00:00,0.0145762999964063,9.717533330937538e-06,,,,,,,,
LCDD,AdditionalLogs,gradual_drift_04,800.0,800.0,20.0,[909],"[500, 1000]",0.6666666666666666,91.0,00:00:00,0.0111727000039536,7.980500002824036e-06,,,,,,,,
Process Graph Metrics,AdditionalLogs,sudden_drift_00,,,,"[557, 1181]","[500, 1000]",1.0,119.0,00:00:02,2.25611470000149,0.0015040764666676,0.05,300.0,400.0,,,,,
LCDD,AdditionalLogs,recurring_drift_05,400.0,400.0,10.0,"[504, 929, 1337]","[500, 1000]",0.8,37.5,00:00:00,0.0185768000010284,1.2384533334018972e-05,,,,,,,,
Process Graph Metrics,AdditionalLogs,recurring_drift_09,,,,"[557, 1069]","[500, 1000]",1.0,63.0,00:00:09,9.443023100000572,0.0062953487333337,0.0001,100.0,400.0,,,,,
LCDD,AdditionalLogs,gradual_drift_04,600.0,600.0,100.0,"[655, 1334]","[500, 1000]",0.5,155.0,00:00:00,0.0110640999992028,7.9029285708592e-06,,,,,,,,
Process Graph Metrics,AdditionalLogs,gradual_drift_09,,,,"[600, 1452]","[500, 1000]",0.5,100.0,00:00:00,0.5579661000010674,0.0003985472142864,0.1,400.0,400.0,,,,,
Process Graph Metrics,AdditionalLogs,sudden_drift_01,,,,"[192, 410, 590, 887, 1147, 1407]","[500, 1000]",0.5,101.5,00:00:03,3.2396732999986853,0.0021597821999991,0.1,100.0,700.0,,,,,
Process Graph Metrics,AdditionalLogs,sudden_drift_08,,,,[900],"[500, 1000]",0.6666666666666666,100.0,00:00:00,0.4453099999955157,0.0002968733333303,0.05,200.0,700.0,,,,,
LCDD,AdditionalLogs,sudden_drift_09,600.0,600.0,150.0,[1000],"[500, 1000]",0.6666666666666666,0.0,00:00:00,0.0248744999989867,1.658299999932448e-05,,,,,,,,
LCDD,AdditionalLogs,sudden_drift_02,300.0,300.0,5.0,"[336, 641, 1003, 1338]","[500, 1000]",0.6666666666666666,72.0,00:00:00,0.0323069000005489,2.153793333369928e-05,,,,,,,,
Zheng DBSCAN,AdditionalLogs,recurring_drift_04,,,,"[np.float64(512.2291666666666), np.float64(968.9166666666666), np.float64(1277.0), np.float64(1475.0)]","[500, 1000]",0.6666666666666666,21.65625,00:00:00,0.4416303000034531,0.0002944202000023,,,,500.0,50.0,,,
Zheng DBSCAN,AdditionalLogs,recurring_drift_04,,,,"[np.float64(502.38), np.float64(968.9166666666666), np.float64(1277.0), np.float64(1475.0)]","[500, 1000]",0.6666666666666666,16.731666666666683,00:00:00,0.4416303000034531,0.0002944202000023,,,,500.0,100.0,,,
Zheng DBSCAN,AdditionalLogs,recurring_drift_04,,,,"[np.float64(730.8877551020408), np.float64(1277.0), np.float64(1475.0)]","[500, 1000]",,,00:00:00,0.4416303000034531,0.0002944202000023,,,,500.0,150.0,,,
Zheng DBSCAN,AdditionalLogs,recurring_drift_04,,,,[np.float64(743.79)],"[500, 1000]",,,00:00:00,0.4416303000034531,0.0002944202000023,,,,500.0,200.0,,,
Zheng DBSCAN,AdditionalLogs,recurring_drift_04,,,,[np.float64(743.79)],"[500, 1000]",,,00:00:00,0.4416303000034531,0.0002944202000023,,,,500.0,250.0,,,
Process Graph Metrics,AdditionalLogs,gradual_drift_03,,,,"[558, 1098]","[500, 1000]",1.0,78.0,00:00:00,0.8246557999955257,0.0005890398571396,0.0001,100.0,500.0,,,,,
Process Graph Metrics,AdditionalLogs,recurring_drift_05,,,,"[578, 1118]","[500, 1000]",1.0,98.0,00:00:02,2.183115800005908,0.0014554105333372,0.05,300.0,700.0,,,,,
Process Graph Metrics,AdditionalLogs,recurring_drift_03,,,,"[312, 624, 1022, 1670]","[500, 1000]",0.6666666666666666,73.0,00:00:00,0.7874788999979501,0.0005249859333319,0.1,100.0,700.0,,,,,
LCDD,AdditionalLogs,gradual_drift_07,400.0,400.0,10.0,"[416, 915]","[500, 1000]",1.0,84.5,00:00:00,0.0093334000048344,6.66671428916743e-06,,,,,,,,
Process Graph Metrics,AdditionalLogs,sudden_drift_09,,,,[600],"[500, 1000]",0.6666666666666666,100.0,00:00:00,0.5377259000015329,0.0003584839333343,0.0001,400.0,400.0,,,,,
Process Graph Metrics,AdditionalLogs,gradual_drift_09,,,,"[540, 1044]","[500, 1000]",1.0,42.0,00:00:07,7.460462600000028,0.0053289018571428,0.005,300.0,500.0,,,,,
LCDD,AdditionalLogs,gradual_drift_01,1200.0,1200.0,20.0,[1248],"[500, 1000]",,,00:00:00,0.0298175999996601,2.129828571404297e-05,,,,,,,,
Process Graph Metrics,AdditionalLogs,gradual_drift_02,,,,"[450, 1071]","[500, 1000]",1.0,60.5,00:00:09,9.80466609999712,0.0070033329285693,0.1,300.0,500.0,,,,,
LCDD,AdditionalLogs,sudden_drift_00,100.0,100.0,150.0,"[100, 200, 329, 502, 609, 709, 829, 1000, 1143, 1246, 1442]","[500, 1000]",0.3076923076923077,1.0,00:00:00,0.0097826000055647,6.521733337043164e-06,,,,,,,,
Process Graph Metrics,AdditionalLogs,recurring_drift_07,,,,"[551, 1091]","[500, 1000]",1.0,71.0,00:00:00,0.8068170999977156,0.0005378780666651,0.0001,100.0,700.0,,,,,
Process Graph Metrics,AdditionalLogs,sudden_drift_09,,,,"[525, 1082]","[500, 1000]",1.0,53.5,00:00:07,7.338949200006027,0.004892632800004,0.05,200.0,400.0,,,,,
LCDD,AdditionalLogs,sudden_drift_01,600.0,600.0,10.0,"[616, 1254]","[500, 1000]",0.5,116.0,00:00:00,0.0273166999977547,1.821113333183651e-05,,,,,,,,
LCDD,AdditionalLogs,recurring_drift_01,600.0,600.0,50.0,"[618, 1261]","[500, 1000]",0.5,118.0,00:00:00,0.0329274000032455,2.195160000216371e-05,,,,,,,,
Process Graph Metrics,AdditionalLogs,gradual_drift_07,,,,"[205, 465, 856]","[500, 1000]",0.8,89.5,00:00:00,0.9722108999994816,0.0006944363571424,0.1,100.0,400.0,,,,,
LCDD,AdditionalLogs,gradual_drift_03,200.0,200.0,200.0,"[275, 533, 784, 994, 1205]","[500, 1000]",0.5714285714285715,19.5,00:00:00,0.0107994999998481,7.713928571320139e-06,,,,,,,,
Process Graph Metrics,AdditionalLogs,sudden_drift_02,,,,"[562, 1081]","[500, 1000]",1.0,71.5,00:00:03,3.859727600000042,0.0025731517333333,0.0001,200.0,400.0,,,,,
LCDD,AdditionalLogs,sudden_drift_04,800.0,800.0,100.0,[849],"[500, 1000]",0.6666666666666666,151.0,00:00:00,0.0129548000040813,8.636533336054223e-06,,,,,,,,
Process Graph Metrics,AdditionalLogs,recurring_drift_01,,,,"[339, 651, 963]","[500, 1000]",0.8,94.0,00:00:02,2.24633279999398,0.0014975551999959,0.05,100.0,500.0,,,,,
Process Graph Metrics,AdditionalLogs,recurring_drift_09,,,,"[546, 1010, 1658]","[500, 1000]",0.8,28.0,00:00:06,6.227795699996932,0.0041518637999979,0.1,300.0,500.0,,,,,
LCDD,AdditionalLogs,recurring_drift_06,1200.0,1200.0,5.0,[],"[500, 1000]",,,00:00:00,0.0669780000025639,4.465200000170928e-05,,,,,,,,
Process Graph Metrics,AdditionalLogs,recurring_drift_08,,,,"[631, 1255]","[500, 1000]",0.5,131.0,00:00:00,0.6252642999970703,0.0004168428666647,0.1,200.0,600.0,,,,,
Process Graph Metrics,AdditionalLogs,gradual_drift_06,,,,"[495, 988]","[500, 1000]",1.0,8.5,00:00:18,18.40887420000217,0.0131491958571444,0.0001,200.0,400.0,,,,,
Process Graph Metrics,AdditionalLogs,sudden_drift_01,,,,"[539, 1127]","[500, 1000]",1.0,83.0,00:00:06,6.441921199999342,0.0042946141333328,0.0001,200.0,400.0,,,,,
Process Graph Metrics,AdditionalLogs,recurring_drift_08,,,,"[613, 1194, 1413]","[500, 1000]",0.8,153.5,00:00:00,0.7017204000003403,0.0004678136000002,0.1,400.0,400.0,,,,,
LCDD,AdditionalLogs,sudden_drift_06,400.0,400.0,50.0,"[500, 919, 1452]","[500, 1000]",0.8,40.5,00:00:00,0.2462433000036981,0.0001641622000024,,,,,,,,
LCDD,AdditionalLogs,recurring_drift_03,300.0,300.0,20.0,"[301, 631, 962, 1284]","[500, 1000]",0.6666666666666666,84.5,00:00:00,0.0116176000010455,7.745066667363668e-06,,,,,,,,
Process Graph Metrics,AdditionalLogs,recurring_drift_00,,,,"[554, 1073]","[500, 1000]",1.0,63.5,00:00:00,0.8973560000013094,0.0005982373333342,0.05,200.0,500.0,,,,,
LCDD,AdditionalLogs,recurring_drift_00,1200.0,1200.0,5.0,[1259],"[500, 1000]",,,00:00:00,0.0091061999992234,6.070799999482309e-06,,,,,,,,
Process Graph Metrics,AdditionalLogs,gradual_drift_00,,,,"[687, 1287]","[500, 1000]",0.5,187.0,00:00:02,2.30964550000499,0.0016497467857178,0.005,400.0,700.0,,,,,
LCDD,AdditionalLogs,gradual_drift_06,600.0,600.0,200.0,[923],"[500, 1000]",0.6666666666666666,77.0,00:00:00,0.0644560000000638,4.604000000004557e-05,,,,,,,,
Process Graph Metrics,AdditionalLogs,sudden_drift_09,,,,"[574, 1114]","[500, 1000]",1.0,94.0,00:00:07,7.271868299998459,0.0048479121999989,0.0001,300.0,600.0,,,,,
Process Graph Metrics,AdditionalLogs,gradual_drift_01,,,,"[450, 1101]","[500, 1000]",1.0,75.5,00:00:01,1.3764580999995817,0.0009831843571425,0.005,100.0,500.0,,,,,
Process Graph Metrics,AdditionalLogs,sudden_drift_02,,,,"[457, 1082, 1457]","[500, 1000]",0.8,62.5,00:00:01,1.683442000001378,0.0011222946666675,0.1,100.0,600.0,,,,,
Process Graph Metrics,AdditionalLogs,gradual_drift_07,,,,"[625, 1481]","[500, 1000]",0.5,125.0,00:00:06,6.473235299999942,0.0046237394999999,0.05,200.0,500.0,,,,,
LCDD,AdditionalLogs,recurring_drift_06,200.0,200.0,10.0,"[309, 532, 732, 939, 1231, 1454]","[500, 1000]",0.5,46.5,00:00:00,0.0628406000032555,4.189373333550368e-05,,,,,,,,
Process Graph Metrics,AdditionalLogs,recurring_drift_07,,,,[600],"[500, 1000]",0.6666666666666666,100.0,00:00:00,0.3110152000008384,0.0002073434666672,0.0001,400.0,400.0,,,,,
LCDD,AdditionalLogs,sudden_drift_00,300.0,300.0,150.0,"[502, 1000]","[500, 1000]",1.0,1.0,00:00:00,0.0096568000008119,6.437866667207951e-06,,,,,,,,
Process Graph Metrics,AdditionalLogs,recurring_drift_05,,,,"[592, 1111, 1673]","[500, 1000]",0.8,101.5,00:00:04,4.841504300005909,0.0032276695333372,0.0001,200.0,500.0,,,,,
LCDD,AdditionalLogs,recurring_drift_00,400.0,400.0,150.0,"[502, 1004]","[500, 1000]",1.0,3.0,00:00:00,0.0098399999988032,6.559999999202167e-06,,,,,,,,
Process Graph Metrics,AdditionalLogs,sudden_drift_05,,,,[567],"[500, 1000]",0.6666666666666666,67.0,00:00:02,2.695550199998252,0.0017970334666655,0.0001,200.0,700.0,,,,,
Process Graph Metrics,AdditionalLogs,sudden_drift_05,,,,"[557, 1634]","[500, 1000]",0.5,57.0,00:00:07,7.707159999998112,0.0051381066666654,0.1,300.0,500.0,,,,,
Process Graph Metrics,AdditionalLogs,gradual_drift_03,,,,"[526, 1079]","[500, 1000]",1.0,52.5,00:00:02,2.2229074999995646,0.0015877910714282,0.05,100.0,500.0,,,,,
Process Graph Metrics,AdditionalLogs,recurring_drift_04,,,,"[608, 1173]","[500, 1000]",1.0,140.5,00:00:05,5.632011800000328,0.0037546745333335,0.1,200.0,700.0,,,,,
Zheng DBSCAN,AdditionalLogs,recurring_drift_03,,,,"[np.float64(669.25), np.float64(831.0), np.float64(911.0), np.float64(1188.0), np.float64(1284.0), np.float64(1377.0)]","[500, 1000]",0.5,129.125,00:00:00,0.396408300002804,0.0002642722000018,,,,600.0,60.0,,,
Zheng DBSCAN,AdditionalLogs,recurring_drift_03,,,,"[np.float64(669.25), np.float64(871.0), np.float64(1282.8)]","[500, 1000]",0.8,149.125,00:00:00,0.396408300002804,0.0002642722000018,,,,600.0,120.0,,,
Zheng DBSCAN,AdditionalLogs,recurring_drift_03,,,,"[np.float64(620.8461538461538), np.float64(1282.8)]","[500, 1000]",0.5,120.8461538461538,00:00:00,0.396408300002804,0.0002642722000018,,,,600.0,180.0,,,
Zheng DBSCAN,AdditionalLogs,recurring_drift_03,,,,[np.float64(1282.8)],"[500, 1000]",,,00:00:00,0.396408300002804,0.0002642722000018,,,,600.0,240.0,,,
Zheng DBSCAN,AdditionalLogs,recurring_drift_03,,,,[np.float64(763.8421052631579)],"[500, 1000]",,,00:00:00,0.396408300002804,0.0002642722000018,,,,600.0,300.0,,,
Process Graph Metrics,AdditionalLogs,sudden_drift_06,,,,"[550, 1090]","[500, 1000]",1.0,70.0,00:00:03,3.578715000003285,0.0023858100000021,0.05,300.0,600.0,,,,,
Process Graph Metrics,AdditionalLogs,sudden_drift_07,,,,"[600, 1207]","[500, 1000]",0.5,100.0,00:00:00,0.3811631999997189,0.0002541087999998,0.05,400.0,500.0,,,,,
LCDD,AdditionalLogs,gradual_drift_05,300.0,300.0,10.0,"[318, 627, 935, 1251]","[500, 1000]",0.6666666666666666,96.0,00:00:00,0.0172067999956198,1.2290571425442718e-05,,,,,,,,
Process Graph Metrics,AdditionalLogs,recurring_drift_09,,,,"[546, 1010]","[500, 1000]",1.0,28.0,00:00:05,5.863957900000969,0.0039093052666673,0.1,300.0,400.0,,,,,
Process Graph Metrics,AdditionalLogs,gradual_drift_04,,,,"[525, 1149]","[500, 1000]",1.0,87.0,00:00:00,0.519418100004259,0.0003710129285744,0.005,200.0,700.0,,,,,
LCDD,AdditionalLogs,recurring_drift_09,400.0,400.0,150.0,"[500, 1000]","[500, 1000]",1.0,0.0,00:00:00,0.0215280999982496,1.435206666549978e-05,,,,,,,,
Process Graph Metrics,AdditionalLogs,recurring_drift_03,,,,"[312, 624, 1050]","[500, 1000]",0.8,87.0,00:00:01,1.219560100005765,0.0008130400666705,0.005,100.0,400.0,,,,,
Process Graph Metrics,AdditionalLogs,gradual_drift_02,,,,"[450, 1074]","[500, 1000]",1.0,62.0,00:00:10,10.595473800000036,0.0075681955714285,0.05,100.0,500.0,,,,,
Process Graph Metrics,AdditionalLogs,sudden_drift_00,,,,"[651, 1174]","[500, 1000]",1.0,162.5,00:00:03,3.2147627000013017,0.0021431751333342,0.0001,200.0,600.0,,,,,
Process Graph Metrics,AdditionalLogs,sudden_drift_03,,,,"[637, 1487]","[500, 1000]",0.5,137.0,00:00:01,1.4046094000004814,0.0009364062666669,0.05,400.0,400.0,,,,,
LCDD,AdditionalLogs,recurring_drift_09,400.0,400.0,5.0,"[500, 1000]","[500, 1000]",1.0,0.0,00:00:00,0.0239688000001478,1.5979200000098596e-05,,,,,,,,
LCDD,AdditionalLogs,recurring_drift_03,400.0,400.0,100.0,"[500, 911, 1348]","[500, 1000]",0.8,44.5,00:00:00,0.0195131999935256,1.3008799995683754e-05,,,,,,,,
LCDD,AdditionalLogs,sudden_drift_03,300.0,300.0,20.0,"[359, 688, 1009, 1362]","[500, 1000]",0.6666666666666666,75.0,00:00:00,0.0113321000026189,7.554733335079315e-06,,,,,,,,
Zheng DBSCAN,AdditionalLogs,gradual_drift_06,,,,"[np.float64(570.0), np.float64(627.5), np.float64(728.0), np.float64(966.6470588235294), np.float64(1135.0), np.float64(1208.0), np.float64(1392.0)]","[500, 1000]",0.4444444444444445,51.6764705882353,00:00:00,0.7419196000046213,0.0005299425714318,,,,500.0,50.0,,,
Zheng DBSCAN,AdditionalLogs,gradual_drift_06,,,,"[np.float64(532.4444444444445), np.float64(966.6470588235294), np.float64(1183.6666666666667), np.float64(1392.0)]","[500, 1000]",0.6666666666666666,32.89869281045753,00:00:00,0.7419196000046213,0.0005299425714318,,,,500.0,100.0,,,
Zheng DBSCAN,AdditionalLogs,gradual_drift_06,,,,"[np.float64(532.4444444444445), np.float64(999.2), np.float64(1392.0)]","[500, 1000]",0.8,16.622222222222206,00:00:00,0.7419196000046213,0.0005299425714318,,,,500.0,150.0,,,
Zheng DBSCAN,AdditionalLogs,gradual_drift_06,,,,[np.float64(872.2666666666667)],"[500, 1000]",0.6666666666666666,127.73333333333336,00:00:00,0.7419196000046213,0.0005299425714318,,,,500.0,200.0,,,
Zheng DBSCAN,AdditionalLogs,gradual_drift_06,,,,[np.float64(802.0909090909091)],"[500, 1000]",0.6666666666666666,197.90909090909088,00:00:00,0.7419196000046213,0.0005299425714318,,,,500.0,250.0,,,
Process Graph Metrics,AdditionalLogs,sudden_drift_01,,,,"[542, 1092]","[500, 1000]",1.0,67.0,00:00:01,1.3798887000011746,0.0009199258000007,0.005,300.0,700.0,,,,,
LCDD,AdditionalLogs,recurring_drift_07,600.0,600.0,100.0,[],"[500, 1000]",,,00:00:00,0.0160350000005564,1.0690000000370976e-05,,,,,,,,
Process Graph Metrics,AdditionalLogs,gradual_drift_03,,,,"[520, 1053]","[500, 1000]",1.0,36.5,00:00:02,2.3679793999981484,0.0016914138571415,0.05,200.0,600.0,,,,,
LCDD,AdditionalLogs,sudden_drift_00,800.0,800.0,5.0,[1000],"[500, 1000]",0.6666666666666666,0.0,00:00:00,0.0075494999982765,5.032999998851058e-06,,,,,,,,
Process Graph Metrics,AdditionalLogs,recurring_drift_08,,,,"[779, 1534]","[500, 1000]",,,00:00:00,0.5602974000066752,0.0003735316000044,0.0001,100.0,600.0,,,,,
LCDD,AdditionalLogs,sudden_drift_03,200.0,200.0,150.0,"[271, 500, 789, 1009, 1263, 1466]","[500, 1000]",0.5,4.5,00:00:00,0.011998299996776,7.99886666451736e-06,,,,,,,,
LCDD,AdditionalLogs,sudden_drift_07,400.0,400.0,50.0,"[501, 913, 1324]","[500, 1000]",0.8,44.0,00:00:00,0.0131361999956425,8.757466663761685e-06,,,,,,,,
Process Graph Metrics,AdditionalLogs,sudden_drift_09,,,,"[592, 1111]","[500, 1000]",1.0,101.5,00:00:05,5.1694739000013215,0.0034463159333342,0.0001,200.0,500.0,,,,,
Process Graph Metrics,AdditionalLogs,sudden_drift_00,,,,"[551, 1154]","[500, 1000]",1.0,102.5,00:00:02,2.826473099994473,0.0018843153999963,0.05,200.0,500.0,,,,,
Process Graph Metrics,AdditionalLogs,sudden_drift_00,,,,"[647, 1187]","[500, 1000]",1.0,167.0,00:00:02,2.746541200001957,0.0018310274666679,0.0001,100.0,700.0,,,,,
LCDD,AdditionalLogs,sudden_drift_05,300.0,300.0,10.0,"[334, 643, 995, 1357]","[500, 1000]",0.6666666666666666,74.0,00:00:00,0.0199637999976403,1.3309199998426871e-05,,,,,,,,
LCDD,AdditionalLogs,gradual_drift_05,100.0,100.0,50.0,"[104, 207, 312, 425, 580, 680, 780, 891, 991, 1104, 1206, 1306]","[500, 1000]",0.2857142857142857,42.0,00:00:00,0.0169767999977921,1.2126285712708652e-05,,,,,,,,
Process Graph Metrics,AdditionalLogs,recurring_drift_03,,,,"[607, 1147]","[500, 1000]",1.0,127.0,00:00:02,2.1215790000060224,0.001414386000004,0.005,300.0,700.0,,,,,
Process Graph Metrics,AdditionalLogs,recurring_drift_06,,,,[],"[500, 1000]",,,00:00:04,4.625393500005885,0.0030835956666705,0.005,400.0,700.0,,,,,
Process Graph Metrics,AdditionalLogs,gradual_drift_08,,,,"[569, 1193]","[500, 1000]",1.0,131.0,00:00:01,1.6918114999934917,0.0012084367857096,0.005,200.0,700.0,,,,,
LCDD,AdditionalLogs,sudden_drift_02,100.0,100.0,200.0,"[100, 236, 336, 447, 548, 652, 755, 859, 959, 1059, 1192, 1299, 1409]","[500, 1000]",0.2666666666666667,44.5,00:00:00,0.0278708999976515,1.8580599998434385e-05,,,,,,,,
Process Graph Metrics,AdditionalLogs,recurring_drift_09,,,,"[546, 1010, 1658]","[500, 1000]",0.8,28.0,00:00:06,6.422644599995692,0.0042817630666637,0.1,100.0,700.0,,,,,
Process Graph Metrics,AdditionalLogs,gradual_drift_02,,,,"[450, 1129]","[500, 1000]",1.0,89.5,00:00:03,3.147471199998108,0.0022481937142843,0.005,100.0,700.0,,,,,
Process Graph Metrics,AdditionalLogs,recurring_drift_05,,,,"[615, 1339]","[500, 1000]",0.5,115.0,00:00:01,1.4922235999983968,0.0009948157333322,0.005,400.0,400.0,,,,,
Process Graph Metrics,AdditionalLogs,gradual_drift_08,,,,[],"[500, 1000]",,,00:00:13,13.393691899997066,0.0095669227857121,0.0001,400.0,700.0,,,,,
Process Graph Metrics,AdditionalLogs,gradual_drift_01,,,,"[450, 1000, 1540]","[500, 1000]",0.8,25.0,00:00:01,1.1768472000039765,0.0008406051428599,0.005,300.0,400.0,,,,,
Process Graph Metrics,AdditionalLogs,sudden_drift_08,,,,"[604, 1516]","[500, 1000]",0.5,104.0,00:00:00,0.5274600999982795,0.0003516400666655,0.1,400.0,400.0,,,,,
Process Graph Metrics,AdditionalLogs,recurring_drift_06,,,,[],"[500, 1000]",,,00:00:06,6.167863700000453,0.0041119091333336,0.0001,100.0,700.0,,,,,
Process Graph Metrics,AdditionalLogs,sudden_drift_09,,,,"[531, 1079]","[500, 1000]",1.0,55.0,00:00:05,5.45820200000162,0.0036388013333344,0.05,300.0,700.0,,,,,
Process Graph Metrics,AdditionalLogs,recurring_drift_06,,,,"[812, 1566]","[500, 1000]",0.5,188.0,00:00:38,38.68315440000151,0.025788769600001,0.05,400.0,500.0,,,,,
LCDD,AdditionalLogs,sudden_drift_08,100.0,100.0,100.0,"[101, 208, 308, 415, 529, 650, 808, 911, 1014, 1145, 1256, 1357, 1458]","[500, 1000]",0.2666666666666667,21.5,00:00:00,0.0186142999955336,1.240953333035577e-05,,,,,,,,
Zheng DBSCAN,AdditionalLogs,recurring_drift_01,,,,"[np.float64(1043.0), np.float64(1261.0)]","[500, 1000]",0.5,43.0,00:00:00,0.443025900000066,0.0002953506,,,,700.0,70.0,,,
Zheng DBSCAN,AdditionalLogs,recurring_drift_01,,,,"[np.float64(1043.0), np.float64(1261.0)]","[500, 1000]",0.5,43.0,00:00:00,0.443025900000066,0.0002953506,,,,700.0,140.0,,,
Zheng DBSCAN,AdditionalLogs,recurring_drift_01,,,,"[np.float64(1043.0), np.float64(1261.0)]","[500, 1000]",0.5,43.0,00:00:00,0.443025900000066,0.0002953506,,,,700.0,210.0,,,
Zheng DBSCAN,AdditionalLogs,recurring_drift_01,,,,[np.float64(1152.0)],"[500, 1000]",0.6666666666666666,152.0,00:00:00,0.443025900000066,0.0002953506,,,,700.0,280.0,,,
Zheng DBSCAN,AdditionalLogs,recurring_drift_01,,,,[],"[500, 1000]",,,00:00:00,0.443025900000066,0.0002953506,,,,700.0,350.0,,,
Process Graph Metrics,AdditionalLogs,gradual_drift_08,,,,"[495, 1270]","[500, 1000]",0.5,5.0,00:00:01,1.5119876000026125,0.001079991142859,0.05,100.0,400.0,,,,,
Process Graph Metrics,AdditionalLogs,gradual_drift_00,,,,"[998, 1580]","[500, 1000]",0.5,2.0,00:00:02,2.3374712000004365,0.0016696222857145,0.05,200.0,400.0,,,,,
Process Graph Metrics,AdditionalLogs,gradual_drift_04,,,,[480],"[500, 1000]",0.6666666666666666,20.0,00:00:01,1.4557318999941344,0.0010398084999958,0.1,300.0,400.0,,,,,
Zheng DBSCAN,AdditionalLogs,gradual_drift_04,,,,"[np.float64(983.35), np.float64(1241.0), np.float64(1334.0)]","[500, 1000]",0.4,16.649999999999977,00:00:00,0.4224207000006572,0.000301729071429,,,,800.0,80.0,,,
Zheng DBSCAN,AdditionalLogs,gradual_drift_04,,,,[np.float64(1011.0)],"[500, 1000]",0.6666666666666666,11.0,00:00:00,0.4224207000006572,0.000301729071429,,,,800.0,160.0,,,
Zheng DBSCAN,AdditionalLogs,gradual_drift_04,,,,[np.float64(1011.0)],"[500, 1000]",0.6666666666666666,11.0,00:00:00,0.4224207000006572,0.000301729071429,,,,800.0,240.0,,,
Zheng DBSCAN,AdditionalLogs,gradual_drift_04,,,,[np.float64(1011.0)],"[500, 1000]",0.6666666666666666,11.0,00:00:00,0.4224207000006572,0.000301729071429,,,,800.0,320.0,,,
Zheng DBSCAN,AdditionalLogs,gradual_drift_04,,,,[np.float64(1011.0)],"[500, 1000]",0.6666666666666666,11.0,00:00:00,0.4224207000006572,0.000301729071429,,,,800.0,400.0,,,
LCDD,AdditionalLogs,gradual_drift_07,100.0,100.0,150.0,"[182, 291, 416, 516, 650, 759, 863, 975, 1090, 1197, 1297]","[500, 1000]",0.3076923076923077,20.5,00:00:00,0.0208997000008821,1.4928357143487247e-05,,,,,,,,
LCDD,AdditionalLogs,sudden_drift_00,300.0,300.0,5.0,"[502, 1000]","[500, 1000]",1.0,1.0,00:00:00,0.010381200001575,6.920800001050035e-06,,,,,,,,
LCDD,AdditionalLogs,sudden_drift_03,600.0,600.0,50.0,[816],"[500, 1000]",0.6666666666666666,184.0,00:00:00,0.0166575000039301,1.110500000262012e-05,,,,,,,,
Process Graph Metrics,AdditionalLogs,recurring_drift_01,,,,"[565, 715, 865, 1058]","[500, 1000]",0.6666666666666666,61.5,00:00:01,1.720930399998906,0.0011472869333326,0.1,300.0,400.0,,,,,
Process Graph Metrics,AdditionalLogs,sudden_drift_07,,,,"[560, 1100]","[500, 1000]",1.0,80.0,00:00:01,1.072761499999615,0.000715174333333,0.0001,100.0,700.0,,,,,
Process Graph Metrics,AdditionalLogs,gradual_drift_09,,,,"[537, 1042, 1492]","[500, 1000]",0.8,39.5,00:00:07,7.237917799997376,0.0051699412857124,0.05,300.0,700.0,,,,,
LCDD,AdditionalLogs,sudden_drift_05,600.0,600.0,200.0,[1000],"[500, 1000]",0.6666666666666666,0.0,00:00:00,0.0175311999992118,1.1687466666141214e-05,,,,,,,,
Process Graph Metrics,AdditionalLogs,gradual_drift_03,,,,"[525, 1075]","[500, 1000]",1.0,50.0,00:00:02,2.064991799998097,0.0014749941428557,0.1,300.0,600.0,,,,,
LCDD,AdditionalLogs,gradual_drift_01,1200.0,1200.0,150.0,[1248],"[500, 1000]",,,00:00:00,0.0289835000003222,2.070250000023017e-05,,,,,,,,
Process Graph Metrics,AdditionalLogs,recurring_drift_03,,,,[600],"[500, 1000]",0.6666666666666666,100.0,00:00:00,0.3073199999998905,0.0002048799999999,0.05,400.0,400.0,,,,,
LCDD,AdditionalLogs,recurring_drift_08,600.0,600.0,20.0,"[600, 1230]","[500, 1000]",0.5,100.0,00:00:00,0.0131394000054569,8.759600003637995e-06,,,,,,,,
Zheng DBSCAN,AdditionalLogs,recurring_drift_04,,,,"[np.float64(783.0), np.float64(1277.0)]","[500, 1000]",,,00:00:00,0.4291701000038301,0.0002861134000025,,,,700.0,70.0,,,
Zheng DBSCAN,AdditionalLogs,recurring_drift_04,,,,"[np.float64(783.0), np.float64(1277.0)]","[500, 1000]",,,00:00:00,0.4291701000038301,0.0002861134000025,,,,700.0,140.0,,,
Zheng DBSCAN,AdditionalLogs,recurring_drift_04,,,,"[np.float64(783.0), np.float64(1277.0)]","[500, 1000]",,,00:00:00,0.4291701000038301,0.0002861134000025,,,,700.0,210.0,,,
Zheng DBSCAN,AdditionalLogs,recurring_drift_04,,,,"[np.float64(783.0), np.float64(1277.0)]","[500, 1000]",,,00:00:00,0.4291701000038301,0.0002861134000025,,,,700.0,280.0,,,
Zheng DBSCAN,AdditionalLogs,recurring_drift_04,,,,[np.float64(1277.0)],"[500, 1000]",,,00:00:00,0.4291701000038301,0.0002861134000025,,,,700.0,350.0,,,
LCDD,AdditionalLogs,recurring_drift_06,100.0,100.0,20.0,"[143, 248, 356, 464, 569, 672, 778, 882, 986, 1183, 1318, 1454]","[500, 1000]",0.2857142857142857,25.0,00:00:00,0.0623677999974461,4.157853333163075e-05,,,,,,,,
Process Graph Metrics,AdditionalLogs,recurring_drift_02,,,,[1078],"[500, 1000]",0.6666666666666666,78.0,00:00:12,12.743889600002149,0.0084959264000014,0.005,200.0,500.0,,,,,
LCDD,AdditionalLogs,sudden_drift_06,800.0,800.0,100.0,[805],"[500, 1000]",0.6666666666666666,195.0,00:00:00,0.0642320999977528,4.282139999850187e-05,,,,,,,,
Process Graph Metrics,AdditionalLogs,gradual_drift_08,,,,"[495, 1157]","[500, 1000]",1.0,81.0,00:00:02,2.004692700000305,0.001431923357143,0.1,100.0,600.0,,,,,
LCDD,AdditionalLogs,recurring_drift_07,100.0,100.0,100.0,"[112, 258, 502, 649, 824, 1000, 1165, 1266, 1382]","[500, 1000]",0.3636363636363636,1.0,00:00:00,0.0134018000026117,8.934533335074471e-06,,,,,,,,
Process Graph Metrics,AdditionalLogs,recurring_drift_02,,,,"[717, 1368]","[500, 1000]",,,00:00:06,6.900715700001456,0.0046004771333343,0.05,300.0,600.0,,,,,
Process Graph Metrics,AdditionalLogs,recurring_drift_00,,,,"[531, 1047]","[500, 1000]",1.0,39.0,00:00:02,2.50702530000126,0.0016713502000008,0.1,300.0,500.0,,,,,
Process Graph Metrics,AdditionalLogs,gradual_drift_08,,,,"[600, 1200]","[500, 1000]",1.0,150.0,00:00:00,0.1824525999982142,0.000130323285713,0.1,400.0,600.0,,,,,
LCDD,AdditionalLogs,gradual_drift_04,100.0,100.0,150.0,"[104, 215, 316, 416, 521, 642, 745, 847, 947, 1052, 1158, 1271, 1396]","[500, 1000]",0.2666666666666667,36.5,00:00:00,0.013106999998854,9.362142856324292e-06,,,,,,,,
Process Graph Metrics,AdditionalLogs,recurring_drift_04,,,,"[644, 1185]","[500, 1000]",1.0,164.5,00:00:03,3.5536573999997927,0.0023691049333331,0.0001,100.0,700.0,,,,,
Process Graph Metrics,AdditionalLogs,recurring_drift_06,,,,"[750, 980, 1197]","[500, 1000]",0.4,20.0,00:00:04,4.060793999997259,0.0027071959999981,0.05,400.0,600.0,,,,,
Process Graph Metrics,AdditionalLogs,sudden_drift_05,,,,[564],"[500, 1000]",0.6666666666666666,64.0,00:00:05,5.027892999998585,0.0033519286666657,0.0001,100.0,600.0,,,,,
Process Graph Metrics,AdditionalLogs,sudden_drift_06,,,,"[551, 811, 1071]","[500, 1000]",0.8,61.0,00:00:03,3.4389392000011867,0.0022926261333341,0.005,200.0,400.0,,,,,
LCDD,AdditionalLogs,recurring_drift_00,200.0,200.0,100.0,"[502, 706, 966, 1210, 1435]","[500, 1000]",0.5714285714285715,18.0,00:00:00,0.0165491000007023,1.103273333380154e-05,,,,,,,,
Process Graph Metrics,AdditionalLogs,sudden_drift_07,,,,"[600, 1155, 1467]","[500, 1000]",0.8,127.5,00:00:00,0.2984168999973917,0.0001989445999982,0.05,400.0,400.0,,,,,
LCDD,AdditionalLogs,recurring_drift_00,1200.0,1200.0,150.0,[1259],"[500, 1000]",,,00:00:00,0.0064934999973047,4.328999998203168e-06,,,,,,,,
Process Graph Metrics,AdditionalLogs,gradual_drift_03,,,,"[600, 1200]","[500, 1000]",1.0,150.0,00:00:00,0.1501634000014746,0.0001072595714296,0.005,400.0,500.0,,,,,
LCDD,AdditionalLogs,gradual_drift_09,300.0,300.0,150.0,"[408, 920]","[500, 1000]",1.0,86.0,00:00:00,0.0256643000029725,1.833164285926614e-05,,,,,,,,
LCDD,AdditionalLogs,sudden_drift_09,1200.0,1200.0,100.0,[1236],"[500, 1000]",,,00:00:00,0.0211792000045534,1.411946666970228e-05,,,,,,,,
LCDD,AdditionalLogs,gradual_drift_03,400.0,400.0,200.0,"[412, 830, 1390]","[500, 1000]",0.8,129.0,00:00:00,0.0111677999957464,7.976999996961759e-06,,,,,,,,
Process Graph Metrics,AdditionalLogs,recurring_drift_00,,,,"[600, 1200]","[500, 1000]",1.0,150.0,00:00:00,0.1414346999954432,9.428979999696215e-05,0.1,400.0,700.0,,,,,
Process Graph Metrics,AdditionalLogs,gradual_drift_07,,,,"[648, 1555]","[500, 1000]",0.5,148.0,00:00:07,7.041052900000068,0.0050293235,0.0001,100.0,500.0,,,,,
Process Graph Metrics,AdditionalLogs,recurring_drift_07,,,,"[551, 1091]","[500, 1000]",1.0,71.0,00:00:00,0.5138202999951318,0.0003425468666634,0.0001,300.0,700.0,,,,,
LCDD,AdditionalLogs,gradual_drift_01,1200.0,1200.0,100.0,[1248],"[500, 1000]",,,00:00:00,0.0286952999958884,2.0496642854206064e-05,,,,,,,,
Process Graph Metrics,AdditionalLogs,gradual_drift_05,,,,"[600, 1200]","[500, 1000]",1.0,150.0,00:00:00,0.2689010000030976,0.0001920721428593,0.0001,400.0,700.0,,,,,
Process Graph Metrics,AdditionalLogs,sudden_drift_05,,,,"[539, 1482]","[500, 1000]",0.5,39.0,00:00:07,7.239329399999406,0.0048262195999996,0.05,100.0,700.0,,,,,
Process Graph Metrics,AdditionalLogs,gradual_drift_08,,,,[569],"[500, 1000]",0.6666666666666666,69.0,00:00:04,4.770150999996986,0.0034072507142835,0.005,200.0,400.0,,,,,
Process Graph Metrics,AdditionalLogs,recurring_drift_00,,,,"[600, 1200]","[500, 1000]",1.0,150.0,00:00:00,0.2323487999965436,0.0001548991999976,0.005,400.0,600.0,,,,,
LCDD,AdditionalLogs,recurring_drift_09,1200.0,1200.0,5.0,[],"[500, 1000]",,,00:00:00,0.0237090000009629,1.580600000064199e-05,,,,,,,,
Process Graph Metrics,AdditionalLogs,sudden_drift_04,,,,"[600, 1320]","[500, 1000]",0.5,100.0,00:00:00,0.2449562000037985,0.0001633041333358,0.05,400.0,500.0,,,,,
Process Graph Metrics,AdditionalLogs,gradual_drift_08,,,,[1082],"[500, 1000]",0.6666666666666666,82.0,00:00:13,13.292262599999958,0.0094944732857142,0.0001,400.0,500.0,,,,,
Zheng DBSCAN,AdditionalLogs,recurring_drift_02,,,,"[np.float64(729.2), np.float64(995.0), np.float64(1167.0), np.float64(1263.5)]","[500, 1000]",0.3333333333333333,5.0,00:00:00,0.5067314999978407,0.0003378209999985,,,,700.0,70.0,,,
Zheng DBSCAN,AdditionalLogs,recurring_drift_02,,,,"[np.float64(739.4230769230769), np.float64(1231.3333333333333)]","[500, 1000]",,,00:00:00,0.5067314999978407,0.0003378209999985,,,,700.0,140.0,,,
Zheng DBSCAN,AdditionalLogs,recurring_drift_02,,,,[np.float64(790.3103448275862)],"[500, 1000]",,,00:00:00,0.5067314999978407,0.0003378209999985,,,,700.0,210.0,,,
Zheng DBSCAN,AdditionalLogs,recurring_drift_02,,,,[np.float64(790.3103448275862)],"[500, 1000]",,,00:00:00,0.5067314999978407,0.0003378209999985,,,,700.0,280.0,,,
Zheng DBSCAN,AdditionalLogs,recurring_drift_02,,,,[np.float64(748.3225806451613)],"[500, 1000]",,,00:00:00,0.5067314999978407,0.0003378209999985,,,,700.0,350.0,,,
Process Graph Metrics,AdditionalLogs,gradual_drift_09,,,,"[216, 496, 887, 1391]","[500, 1000]",0.6666666666666666,58.5,00:00:06,6.580937300001096,0.0047006695000007,0.05,100.0,500.0,,,,,
Process Graph Metrics,AdditionalLogs,recurring_drift_09,,,,"[557, 1069]","[500, 1000]",1.0,63.0,00:00:09,9.300968799994736,0.0062006458666631,0.0001,300.0,700.0,,,,,
Process Graph Metrics,AdditionalLogs,gradual_drift_04,,,,[600],"[500, 1000]",0.6666666666666666,100.0,00:00:00,0.2998580999992555,0.0002141843571423,0.05,400.0,400.0,,,,,
LCDD,AdditionalLogs,sudden_drift_02,800.0,800.0,50.0,[1003],"[500, 1000]",0.6666666666666666,3.0,00:00:00,0.0319502999991527,2.1300199999435185e-05,,,,,,,,
Process Graph Metrics,AdditionalLogs,gradual_drift_08,,,,[600],"[500, 1000]",0.6666666666666666,100.0,00:00:01,1.848780700005591,0.0013205576428611,0.1,400.0,400.0,,,,,
LCDD,AdditionalLogs,recurring_drift_07,200.0,200.0,50.0,"[203, 502, 1000, 1231]","[500, 1000]",0.6666666666666666,1.0,00:00:00,0.0184674999982235,1.2311666665482334e-05,,,,,,,,
Zheng DBSCAN,AdditionalLogs,gradual_drift_07,,,,"[np.float64(442.25), np.float64(542.5), np.float64(713.0), np.float64(768.0), np.float64(940.2666666666667)]","[500, 1000]",0.5714285714285715,51.116666666666674,00:00:00,0.3001278999945498,0.0002143770714246,,,,400.0,40.0,,,
Zheng DBSCAN,AdditionalLogs,gradual_drift_07,,,,"[np.float64(462.3), np.float64(740.5), np.float64(940.2666666666667)]","[500, 1000]",0.8,48.71666666666667,00:00:00,0.3001278999945498,0.0002143770714246,,,,400.0,80.0,,,
Zheng DBSCAN,AdditionalLogs,gradual_drift_07,,,,"[np.float64(462.3), np.float64(916.7647058823529)]","[500, 1000]",1.0,60.46764705882353,00:00:00,0.3001278999945498,0.0002143770714246,,,,400.0,120.0,,,
Zheng DBSCAN,AdditionalLogs,gradual_drift_07,,,,"[np.float64(462.3), np.float64(916.7647058823529)]","[500, 1000]",1.0,60.46764705882353,00:00:00,0.3001278999945498,0.0002143770714246,,,,400.0,160.0,,,
Zheng DBSCAN,AdditionalLogs,gradual_drift_07,,,,[np.float64(748.4444444444445)],"[500, 1000]",,,00:00:00,0.3001278999945498,0.0002143770714246,,,,400.0,200.0,,,
LCDD,AdditionalLogs,recurring_drift_08,400.0,400.0,50.0,"[426, 874, 1324]","[500, 1000]",0.8,100.0,00:00:00,0.0113530000016908,7.568666667793878e-06,,,,,,,,
LCDD,AdditionalLogs,sudden_drift_07,300.0,300.0,200.0,"[501, 913, 1324]","[500, 1000]",0.8,44.0,00:00:00,0.0130322000040905,8.68813333606037e-06,,,,,,,,
Process Graph Metrics,AdditionalLogs,recurring_drift_04,,,,"[622, 1162]","[500, 1000]",1.0,142.0,00:00:02,2.694166299996141,0.001796110866664,0.1,300.0,600.0,,,,,
Process Graph Metrics,AdditionalLogs,sudden_drift_02,,,,"[463, 1091, 1468]","[500, 1000]",0.8,64.0,00:00:01,1.5914315999980315,0.0010609543999986,0.005,300.0,500.0,,,,,
Process Graph Metrics,AdditionalLogs,sudden_drift_09,,,,"[531, 1079]","[500, 1000]",1.0,55.0,00:00:05,5.710759900000994,0.0038071732666673,0.05,100.0,400.0,,,,,
LCDD,AdditionalLogs,recurring_drift_03,200.0,200.0,100.0,"[219, 446, 657, 911, 1116, 1333]","[500, 1000]",0.5,71.5,00:00:00,0.0110456000038539,7.363733335902604e-06,,,,,,,,
Process Graph Metrics,AdditionalLogs,sudden_drift_08,,,,"[716, 1079]","[500, 1000]",0.5,79.0,00:00:00,0.635501299999305,0.0004236675333328,0.005,200.0,500.0,,,,,
Process Graph Metrics,AdditionalLogs,sudden_drift_03,,,,"[651, 1413]","[500, 1000]",0.5,151.0,00:00:01,1.8194858999995631,0.0012129905999997,0.005,400.0,500.0,,,,,
Process Graph Metrics,AdditionalLogs,gradual_drift_08,,,,"[495, 1274]","[500, 1000]",0.5,5.0,00:00:01,1.3118786999984875,0.0009370562142846,0.05,300.0,700.0,,,,,
Process Graph Metrics,AdditionalLogs,recurring_drift_06,,,,"[812, 1262]","[500, 1000]",0.5,188.0,00:00:04,4.026521799998591,0.0026843478666657,0.1,100.0,500.0,,,,,
Process Graph Metrics,AdditionalLogs,recurring_drift_04,,,,"[651, 1251]","[500, 1000]",0.5,151.0,00:00:01,1.890524499998719,0.0012603496666658,0.005,400.0,600.0,,,,,
LCDD,AdditionalLogs,recurring_drift_07,100.0,100.0,10.0,"[112, 258, 502, 649, 824, 1000, 1165, 1266, 1382]","[500, 1000]",0.3636363636363636,1.0,00:00:00,0.0133127000008244,8.875133333882938e-06,,,,,,,,
Process Graph Metrics,AdditionalLogs,recurring_drift_00,,,,"[600, 1200]","[500, 1000]",1.0,150.0,00:00:00,0.1387474000002839,9.249826666685598e-05,0.0001,400.0,700.0,,,,,
Process Graph Metrics,AdditionalLogs,sudden_drift_05,,,,[564],"[500, 1000]",0.6666666666666666,64.0,00:00:04,4.770051899999089,0.0031800345999993,0.0001,300.0,700.0,,,,,
LCDD,AdditionalLogs,sudden_drift_04,1200.0,1200.0,10.0,[1492],"[500, 1000]",,,00:00:00,0.0193760999973164,1.2917399998210991e-05,,,,,,,,
Process Graph Metrics,AdditionalLogs,gradual_drift_03,,,,"[520, 1053]","[500, 1000]",1.0,36.5,00:00:02,2.395562500001688,0.0017111160714297,0.05,200.0,400.0,,,,,
LCDD,AdditionalLogs,sudden_drift_06,800.0,800.0,5.0,[805],"[500, 1000]",0.6666666666666666,195.0,00:00:00,0.2549428999991505,0.0001699619333327,,,,,,,,
Process Graph Metrics,AdditionalLogs,gradual_drift_09,,,,"[520, 1042, 1492]","[500, 1000]",0.8,31.0,00:00:09,9.16182210000261,0.006544158642859,0.05,200.0,500.0,,,,,
LCDD,AdditionalLogs,recurring_drift_00,400.0,400.0,100.0,"[502, 1004]","[500, 1000]",1.0,3.0,00:00:00,0.015346899999713,1.0231266666475372e-05,,,,,,,,
LCDD,AdditionalLogs,gradual_drift_03,1200.0,1200.0,20.0,[1390],"[500, 1000]",,,00:00:00,0.0130867999978363,9.347714284168822e-06,,,,,,,,
LCDD,AdditionalLogs,sudden_drift_04,400.0,400.0,100.0,"[500, 946, 1492]","[500, 1000]",0.8,27.0,00:00:00,0.0164054999986547,1.0936999999103137e-05,,,,,,,,
Process Graph Metrics,AdditionalLogs,recurring_drift_05,,,,"[586, 1126]","[500, 1000]",1.0,106.0,00:00:02,2.563105000001088,0.0017087366666673,0.005,300.0,600.0,,,,,
LCDD,AdditionalLogs,gradual_drift_00,300.0,300.0,50.0,"[413, 912]","[500, 1000]",1.0,87.5,00:00:00,0.0098465999981272,7.0332857129480026e-06,,,,,,,,
LCDD,AdditionalLogs,recurring_drift_09,400.0,400.0,10.0,"[500, 1000]","[500, 1000]",1.0,0.0,00:00:00,0.027356199992937,1.8237466661958023e-05,,,,,,,,
Process Graph Metrics,AdditionalLogs,sudden_drift_07,,,,"[560, 1100]","[500, 1000]",1.0,80.0,00:00:00,0.9212132999964524,0.0006141421999976,0.0001,100.0,400.0,,,,,
LCDD,AdditionalLogs,gradual_drift_02,1200.0,1200.0,5.0,[1245],"[500, 1000]",,,00:00:00,0.0236128000033204,1.686628571665746e-05,,,,,,,,
Zheng DBSCAN,AdditionalLogs,recurring_drift_07,,,,[],"[500, 1000]",,,00:00:00,0.2512645000024349,0.0001675096666682,,,,800.0,80.0,,,
Zheng DBSCAN,AdditionalLogs,recurring_drift_07,,,,[],"[500, 1000]",,,00:00:00,0.2512645000024349,0.0001675096666682,,,,800.0,160.0,,,
Zheng DBSCAN,AdditionalLogs,recurring_drift_07,,,,[],"[500, 1000]",,,00:00:00,0.2512645000024349,0.0001675096666682,,,,800.0,240.0,,,
Zheng DBSCAN,AdditionalLogs,recurring_drift_07,,,,[],"[500, 1000]",,,00:00:00,0.2512645000024349,0.0001675096666682,,,,800.0,320.0,,,
Zheng DBSCAN,AdditionalLogs,recurring_drift_07,,,,[],"[500, 1000]",,,00:00:00,0.2512645000024349,0.0001675096666682,,,,800.0,400.0,,,
LCDD,AdditionalLogs,sudden_drift_00,300.0,300.0,100.0,"[502, 1000]","[500, 1000]",1.0,1.0,00:00:00,0.0106502999988151,7.100199999210114e-06,,,,,,,,
LCDD,AdditionalLogs,sudden_drift_02,200.0,200.0,20.0,"[236, 447, 654, 854, 1055, 1257, 1469]","[500, 1000]",0.4444444444444445,54.0,00:00:00,0.026462599998922,1.7641733332614725e-05,,,,,,,,
Process Graph Metrics,AdditionalLogs,recurring_drift_00,,,,"[531, 1047]","[500, 1000]",1.0,39.0,00:00:02,2.982858900002612,0.0019885726000017,0.1,100.0,400.0,,,,,
Process Graph Metrics,AdditionalLogs,recurring_drift_06,,,,"[750, 974, 1190]","[500, 1000]",0.4,26.0,00:00:05,5.048186500003794,0.0033654576666691,0.1,100.0,600.0,,,,,
Process Graph Metrics,AdditionalLogs,sudden_drift_04,,,,[577],"[500, 1000]",0.6666666666666666,77.0,00:00:04,4.3132048999978,0.0028754699333318,0.005,200.0,500.0,,,,,
Process Graph Metrics,AdditionalLogs,gradual_drift_08,,,,"[600, 1200]","[500, 1000]",1.0,150.0,00:00:00,0.1777842000010423,0.0001269887142864,0.1,400.0,500.0,,,,,
Process Graph Metrics,AdditionalLogs,recurring_drift_05,,,,"[379, 860, 1310]","[500, 1000]",0.8,130.5,00:00:01,1.9427843000012217,0.0012951895333341,0.1,100.0,500.0,,,,,
LCDD,AdditionalLogs,recurring_drift_09,100.0,100.0,5.0,"[108, 500, 1000]","[500, 1000]",0.8,0.0,00:00:00,0.0310170000011567,2.0678000000771136e-05,,,,,,,,
LCDD,AdditionalLogs,gradual_drift_04,300.0,300.0,50.0,"[316, 655, 959, 1334]","[500, 1000]",0.6666666666666666,98.0,00:00:00,0.0110790000035194,7.913571431085334e-06,,,,,,,,
Process Graph Metrics,AdditionalLogs,sudden_drift_09,,,,"[525, 1082]","[500, 1000]",1.0,53.5,00:00:07,7.699676900003396,0.0051331179333355,0.05,200.0,500.0,,,,,
Process Graph Metrics,AdditionalLogs,gradual_drift_07,,,,[750],"[500, 1000]",,,00:00:00,0.377155700000003,0.0002693969285714,0.0001,200.0,700.0,,,,,
Process Graph Metrics,AdditionalLogs,recurring_drift_03,,,,"[600, 1200]","[500, 1000]",1.0,150.0,00:00:00,0.1778862999999546,0.0001185908666666,0.05,400.0,500.0,,,,,
Zheng DBSCAN,AdditionalLogs,recurring_drift_07,,,,"[np.float64(500.0), np.float64(649.0), np.float64(1002.0)]","[500, 1000]",0.8,1.0,00:00:00,0.267595600002096,0.000178397066668,,,,400.0,40.0,,,
Zheng DBSCAN,AdditionalLogs,recurring_drift_07,,,,"[np.float64(500.0), np.float64(649.0), np.float64(1002.0)]","[500, 1000]",0.8,1.0,00:00:00,0.267595600002096,0.000178397066668,,,,400.0,80.0,,,
Zheng DBSCAN,AdditionalLogs,recurring_drift_07,,,,"[np.float64(500.0), np.float64(649.0), np.float64(1002.0)]","[500, 1000]",0.8,1.0,00:00:00,0.267595600002096,0.000178397066668,,,,400.0,120.0,,,
Zheng DBSCAN,AdditionalLogs,recurring_drift_07,,,,"[np.float64(524.8333333333334), np.float64(1002.0)]","[500, 1000]",1.0,13.416666666666686,00:00:00,0.267595600002096,0.000178397066668,,,,400.0,160.0,,,
Zheng DBSCAN,AdditionalLogs,recurring_drift_07,,,,"[np.float64(524.8333333333334), np.float64(1002.0)]","[500, 1000]",1.0,13.416666666666686,00:00:00,0.267595600002096,0.000178397066668,,,,400.0,200.0,,,
LCDD,AdditionalLogs,recurring_drift_09,300.0,300.0,20.0,"[500, 1000]","[500, 1000]",1.0,0.0,00:00:00,0.0209260999981779,1.395073333211864e-05,,,,,,,,
Process Graph Metrics,AdditionalLogs,recurring_drift_03,,,,[708],"[500, 1000]",,,00:00:03,3.0432330000039656,0.0020288220000026,0.0001,200.0,500.0,,,,,
LCDD,AdditionalLogs,gradual_drift_02,1200.0,1200.0,10.0,[1245],"[500, 1000]",,,00:00:00,0.0215674999999464,1.540535714281889e-05,,,,,,,,
Process Graph Metrics,AdditionalLogs,sudden_drift_07,,,,"[551, 1087]","[500, 1000]",1.0,69.0,00:00:01,1.6785430000018096,0.0011190286666678,0.0001,200.0,500.0,,,,,
Process Graph Metrics,AdditionalLogs,gradual_drift_00,,,,"[622, 1368]","[500, 1000]",0.5,122.0,00:00:00,0.6926445999997668,0.0004947461428569,0.1,400.0,400.0,,,,,
Process Graph Metrics,AdditionalLogs,sudden_drift_01,,,,"[529, 1048, 1672]","[500, 1000]",0.8,38.5,00:00:01,1.58243819999916,0.0010549587999994,0.005,200.0,600.0,,,,,
LCDD,AdditionalLogs,recurring_drift_06,800.0,800.0,5.0,[939],"[500, 1000]",0.6666666666666666,61.0,00:00:00,0.0775810999984969,5.1720733332331294e-05,,,,,,,,
LCDD,AdditionalLogs,sudden_drift_08,100.0,100.0,200.0,"[101, 208, 308, 415, 529, 650, 808, 911, 1014, 1145, 1256, 1357, 1458]","[500, 1000]",0.2666666666666667,21.5,00:00:00,0.0186401000028126,1.2426733335208458e-05,,,,,,,,
LCDD,AdditionalLogs,sudden_drift_08,800.0,800.0,200.0,[828],"[500, 1000]",0.6666666666666666,172.0,00:00:00,0.0119100000010803,7.940000000720222e-06,,,,,,,,
LCDD,AdditionalLogs,gradual_drift_01,400.0,400.0,10.0,"[443, 911, 1353]","[500, 1000]",0.8,73.0,00:00:00,0.1702791999996407,0.0001216279999997,,,,,,,,
LCDD,AdditionalLogs,sudden_drift_09,400.0,400.0,10.0,"[502, 1000]","[500, 1000]",1.0,1.0,00:00:00,0.0228220999997574,1.5214733333171655e-05,,,,,,,,
Process Graph Metrics,AdditionalLogs,gradual_drift_00,,,,"[681, 1329]","[500, 1000]",0.5,181.0,00:00:01,1.0658949999997276,0.0007613535714283,0.005,300.0,700.0,,,,,
LCDD,AdditionalLogs,sudden_drift_01,1200.0,1200.0,200.0,[1254],"[500, 1000]",,,00:00:00,0.1654420999984722,0.0001102947333323,,,,,,,,
Process Graph Metrics,AdditionalLogs,sudden_drift_04,,,,"[600, 1297]","[500, 1000]",0.5,100.0,00:00:02,2.301957100004074,0.0015346380666693,0.05,400.0,400.0,,,,,
Process Graph Metrics,AdditionalLogs,sudden_drift_00,,,,"[600, 1201]","[500, 1000]",0.5,100.0,00:00:00,0.1755671999999322,0.0001170447999999,0.05,400.0,700.0,,,,,
Process Graph Metrics,AdditionalLogs,gradual_drift_02,,,,"[450, 1229]","[500, 1000]",0.5,50.0,00:00:01,1.1367453999991994,0.0008119609999994,0.0001,100.0,700.0,,,,,
LCDD,AdditionalLogs,gradual_drift_00,800.0,800.0,20.0,[912],"[500, 1000]",0.6666666666666666,88.0,00:00:00,0.0093247999975574,6.660571426826728e-06,,,,,,,,
Zheng DBSCAN,AdditionalLogs,recurring_drift_04,,,,"[np.float64(518.2244897959183), np.float64(957.8), np.float64(1109.75), np.float64(1277.0), np.float64(1475.0)]","[500, 1000]",0.5714285714285715,30.21224489795918,00:00:00,0.4403070000043954,0.0002935380000029,,,,400.0,40.0,,,
Zheng DBSCAN,AdditionalLogs,recurring_drift_04,,,,"[np.float64(514.96), np.float64(970.204081632653), np.float64(1277.0), np.float64(1475.0)]","[500, 1000]",0.6666666666666666,22.37795918367351,00:00:00,0.4403070000043954,0.0002935380000029,,,,400.0,80.0,,,
Zheng DBSCAN,AdditionalLogs,recurring_drift_04,,,,"[np.float64(730.8910891089109), np.float64(1277.0), np.float64(1475.0)]","[500, 1000]",,,00:00:00,0.4403070000043954,0.0002935380000029,,,,400.0,120.0,,,
Zheng DBSCAN,AdditionalLogs,recurring_drift_04,,,,"[np.float64(736.2450980392157), np.float64(1475.0)]","[500, 1000]",,,00:00:00,0.4403070000043954,0.0002935380000029,,,,400.0,160.0,,,
Zheng DBSCAN,AdditionalLogs,recurring_drift_04,,,,[np.float64(743.4174757281553)],"[500, 1000]",,,00:00:00,0.4403070000043954,0.0002935380000029,,,,400.0,200.0,,,
Process Graph Metrics,AdditionalLogs,gradual_drift_01,,,,"[435, 999, 1539]","[500, 1000]",0.8,33.0,00:00:01,1.890649700006179,0.0013504640714329,0.0001,200.0,400.0,,,,,
LCDD,AdditionalLogs,sudden_drift_04,800.0,800.0,5.0,[849],"[500, 1000]",0.6666666666666666,151.0,00:00:00,0.1537188000002061,0.0001024792000001,,,,,,,,
LCDD,AdditionalLogs,recurring_drift_09,200.0,200.0,5.0,"[500, 1000]","[500, 1000]",1.0,0.0,00:00:00,0.031825399993977,2.1216933329318028e-05,,,,,,,,
Zheng DBSCAN,AdditionalLogs,recurring_drift_02,,,,"[np.float64(590.4181818181818), np.float64(968.3488372093024), np.float64(1171.6666666666667), np.float64(1263.5), np.float64(1379.0)]","[500, 1000]",0.5714285714285715,61.03467230443971,00:00:00,0.5417641999956686,0.0003611761333304,,,,500.0,50.0,,,
Zheng DBSCAN,AdditionalLogs,recurring_drift_02,,,,"[np.float64(778.1941747572815), np.float64(1379.0)]","[500, 1000]",,,00:00:00,0.5417641999956686,0.0003611761333304,,,,500.0,100.0,,,
Zheng DBSCAN,AdditionalLogs,recurring_drift_02,,,,[np.float64(783.9711538461538)],"[500, 1000]",,,00:00:00,0.5417641999956686,0.0003611761333304,,,,500.0,150.0,,,
Zheng DBSCAN,AdditionalLogs,recurring_drift_02,,,,[np.float64(783.9711538461538)],"[500, 1000]",,,00:00:00,0.5417641999956686,0.0003611761333304,,,,500.0,200.0,,,
Zheng DBSCAN,AdditionalLogs,recurring_drift_02,,,,[np.float64(783.9711538461538)],"[500, 1000]",,,00:00:00,0.5417641999956686,0.0003611761333304,,,,500.0,250.0,,,
Process Graph Metrics,AdditionalLogs,sudden_drift_02,,,,"[600, 1204]","[500, 1000]",0.5,100.0,00:00:00,0.7666387999997823,0.0005110925333331,0.1,400.0,500.0,,,,,
Process Graph Metrics,AdditionalLogs,sudden_drift_07,,,,"[600, 1207]","[500, 1000]",0.5,100.0,00:00:00,0.4216511999984504,0.0002811007999989,0.05,400.0,600.0,,,,,
Process Graph Metrics,AdditionalLogs,recurring_drift_08,,,,"[581, 893, 1268]","[500, 1000]",0.8,94.0,00:00:00,0.4115246000001207,0.0002743497333334,0.05,300.0,400.0,,,,,
LCDD,AdditionalLogs,recurring_drift_05,400.0,400.0,5.0,"[504, 929, 1337]","[500, 1000]",0.8,37.5,00:00:00,0.0167507000005571,1.1167133333704744e-05,,,,,,,,
Process Graph Metrics,AdditionalLogs,sudden_drift_08,,,,"[720, 1620]","[500, 1000]",,,00:00:08,8.220977299999504,0.005480651533333,0.05,400.0,700.0,,,,,
Process Graph Metrics,AdditionalLogs,recurring_drift_07,,,,"[512, 962]","[500, 1000]",1.0,25.0,00:00:01,1.694902600000205,0.0011299350666668,0.005,300.0,700.0,,,,,
Process Graph Metrics,AdditionalLogs,sudden_drift_00,,,,"[666, 1266]","[500, 1000]",0.5,166.0,00:00:01,1.9147879999945872,0.0012765253333297,0.0001,400.0,700.0,,,,,
LCDD,AdditionalLogs,gradual_drift_07,800.0,800.0,150.0,[915],"[500, 1000]",0.6666666666666666,85.0,00:00:00,0.0170427999983076,1.2173428570219716e-05,,,,,,,,
LCDD,AdditionalLogs,gradual_drift_02,600.0,600.0,100.0,"[612, 1245]","[500, 1000]",0.5,112.0,00:00:00,0.0272232999996049,1.944521428543209e-05,,,,,,,,
Process Graph Metrics,AdditionalLogs,sudden_drift_06,,,,"[551, 811, 1071]","[500, 1000]",0.8,61.0,00:00:04,4.123918099998264,0.0027492787333321,0.005,100.0,400.0,,,,,
Process Graph Metrics,AdditionalLogs,sudden_drift_03,,,,"[631, 1171]","[500, 1000]",1.0,151.0,00:00:02,2.8886668999984977,0.0019257779333323,0.005,100.0,700.0,,,,,
LCDD,AdditionalLogs,sudden_drift_08,100.0,100.0,5.0,"[101, 208, 308, 415, 529, 650, 808, 911, 1014, 1145, 1256, 1357, 1458]","[500, 1000]",0.2666666666666667,21.5,00:00:00,0.0117167999997036,7.811199999802435e-06,,,,,,,,
LCDD,AdditionalLogs,gradual_drift_07,800.0,800.0,100.0,[915],"[500, 1000]",0.6666666666666666,85.0,00:00:00,0.0199624000015319,1.425885714395138e-05,,,,,,,,
LCDD,AdditionalLogs,recurring_drift_07,100.0,100.0,5.0,"[112, 258, 502, 649, 824, 1000, 1165, 1266, 1382]","[500, 1000]",0.3636363636363636,1.0,00:00:00,0.0136214000012842,9.080933334189468e-06,,,,,,,,
LCDD,AdditionalLogs,gradual_drift_07,1200.0,1200.0,10.0,[],"[500, 1000]",,,00:00:00,0.010159500001464,7.256785715331456e-06,,,,,,,,
Process Graph Metrics,AdditionalLogs,recurring_drift_01,,,,"[587, 1136]","[500, 1000]",1.0,111.5,00:00:06,6.927495500000077,0.0046183303333333,0.0001,200.0,400.0,,,,,
Process Graph Metrics,AdditionalLogs,sudden_drift_05,,,,[557],"[500, 1000]",0.6666666666666666,57.0,00:00:05,5.41822449999745,0.0036121496666649,0.05,200.0,400.0,,,,,
Process Graph Metrics,AdditionalLogs,recurring_drift_00,,,,"[561, 1101]","[500, 1000]",1.0,81.0,00:00:00,0.7625546000053873,0.0005083697333369,0.0001,100.0,600.0,,,,,
LCDD,AdditionalLogs,sudden_drift_00,800.0,800.0,150.0,[1000],"[500, 1000]",0.6666666666666666,0.0,00:00:00,0.0088060999987646,5.870733332509796e-06,,,,,,,,
Process Graph Metrics,AdditionalLogs,recurring_drift_01,,,,"[587, 1136]","[500, 1000]",1.0,111.5,00:00:07,7.234700100001646,0.004823133400001,0.0001,100.0,400.0,,,,,
LCDD,AdditionalLogs,gradual_drift_00,1200.0,1200.0,5.0,[1206],"[500, 1000]",,,00:00:00,0.0089064999992842,6.3617857137744845e-06,,,,,,,,
LCDD,AdditionalLogs,sudden_drift_04,1200.0,1200.0,50.0,[1492],"[500, 1000]",,,00:00:00,0.0151293000017176,1.0086200001145092e-05,,,,,,,,
LCDD,AdditionalLogs,recurring_drift_05,200.0,200.0,100.0,"[205, 453, 696, 929, 1138, 1339]","[500, 1000]",0.5,59.0,00:00:00,0.023668900001212,1.577926666747468e-05,,,,,,,,
LCDD,AdditionalLogs,gradual_drift_04,800.0,800.0,150.0,[909],"[500, 1000]",0.6666666666666666,91.0,00:00:00,0.0183042999997269,1.3074499999804954e-05,,,,,,,,
Process Graph Metrics,AdditionalLogs,recurring_drift_02,,,,"[550, 925]","[500, 1000]",1.0,62.5,00:00:01,1.035703999994439,0.0006904693333296,0.1,400.0,400.0,,,,,
Process Graph Metrics,AdditionalLogs,recurring_drift_06,,,,[1351],"[500, 1000]",,,00:00:05,5.621880200000305,0.0037479201333335,0.05,200.0,700.0,,,,,
LCDD,AdditionalLogs,recurring_drift_05,100.0,100.0,150.0,"[113, 215, 315, 423, 523, 632, 734, 836, 945, 1053, 1154, 1259, 1361, 1465]","[500, 1000]",0.25,38.0,00:00:00,0.0178059000027133,1.1870600001808876e-05,,,,,,,,
LCDD,AdditionalLogs,gradual_drift_01,800.0,800.0,5.0,[911],"[500, 1000]",0.6666666666666666,89.0,00:00:00,0.0289204999935464,2.0657499995390287e-05,,,,,,,,
LCDD,AdditionalLogs,gradual_drift_09,400.0,400.0,20.0,"[408, 920]","[500, 1000]",1.0,86.0,00:00:00,0.0254383999999845,1.817028571427467e-05,,,,,,,,
LCDD,AdditionalLogs,gradual_drift_05,1200.0,1200.0,5.0,[1316],"[500, 1000]",,,00:00:00,0.0160600000017439,1.1471428572674215e-05,,,,,,,,
Process Graph Metrics,AdditionalLogs,sudden_drift_07,,,,"[470, 1001]","[500, 1000]",1.0,15.5,00:00:02,2.7612618999992264,0.0018408412666661,0.05,200.0,600.0,,,,,
Process Graph Metrics,AdditionalLogs,gradual_drift_02,,,,"[450, 1129]","[500, 1000]",1.0,89.5,00:00:02,2.7647435999970185,0.0019748168571407,0.005,300.0,500.0,,,,,
Process Graph Metrics,AdditionalLogs,sudden_drift_04,,,,"[555, 1275]","[500, 1000]",0.5,55.0,00:00:03,3.481983500001661,0.0023213223333344,0.05,300.0,500.0,,,,,
Process Graph Metrics,AdditionalLogs,recurring_drift_03,,,,"[577, 1038]","[500, 1000]",1.0,57.5,00:00:03,3.5662295000001905,0.0023774863333334,0.05,300.0,700.0,,,,,
Process Graph Metrics,AdditionalLogs,sudden_drift_00,,,,"[600, 1158, 1418]","[500, 1000]",0.8,129.0,00:00:00,0.215665199997602,0.0001437767999984,0.05,400.0,400.0,,,,,
LCDD,AdditionalLogs,recurring_drift_07,800.0,800.0,200.0,[],"[500, 1000]",,,00:00:00,0.0190053000042098,1.2670200002806572e-05,,,,,,,,
Process Graph Metrics,AdditionalLogs,recurring_drift_07,,,,"[512, 962]","[500, 1000]",1.0,25.0,00:00:01,1.6258387999987465,0.0010838925333324,0.005,300.0,600.0,,,,,
Process Graph Metrics,AdditionalLogs,recurring_drift_07,,,,"[535, 1080]","[500, 1000]",1.0,57.5,00:00:01,1.524760000000242,0.0010165066666668,0.005,200.0,400.0,,,,,
LCDD,AdditionalLogs,recurring_drift_06,400.0,400.0,100.0,"[500, 939, 1401]","[500, 1000]",0.8,30.5,00:00:00,0.0837565999972866,5.583773333152446e-05,,,,,,,,
Process Graph Metrics,AdditionalLogs,recurring_drift_09,,,,"[600, 1200]","[500, 1000]",1.0,150.0,00:00:00,0.3857610000050044,0.0002571740000033,0.05,400.0,500.0,,,,,
Process Graph Metrics,AdditionalLogs,gradual_drift_09,,,,"[216, 496, 887, 1391]","[500, 1000]",0.6666666666666666,58.5,00:00:06,6.572468400001526,0.0046946202857153,0.05,100.0,400.0,,,,,
Process Graph Metrics,AdditionalLogs,sudden_drift_07,,,,"[458, 1003]","[500, 1000]",1.0,22.5,00:00:00,0.6394054000047618,0.0004262702666698,0.1,300.0,400.0,,,,,
LCDD,AdditionalLogs,sudden_drift_07,400.0,400.0,20.0,"[501, 913, 1324]","[500, 1000]",0.8,44.0,00:00:00,0.0128489999988232,8.565999999215516e-06,,,,,,,,
LCDD,AdditionalLogs,sudden_drift_06,300.0,300.0,50.0,"[336, 644, 986, 1452]","[500, 1000]",0.6666666666666666,79.0,00:00:00,0.0934759999945527,6.231733332970179e-05,,,,,,,,
LCDD,AdditionalLogs,gradual_drift_07,300.0,300.0,50.0,"[416, 768, 1068]","[500, 1000]",0.8,76.0,00:00:00,0.0106923999992432,7.637428570888005e-06,,,,,,,,
Zheng DBSCAN,AdditionalLogs,gradual_drift_07,,,,"[np.float64(542.5), np.float64(713.0), np.float64(768.0), np.float64(897.0), np.float64(975.0)]","[500, 1000]",0.5714285714285715,33.75,00:00:00,0.3166385000004084,0.0002261703571431,,,,500.0,50.0,,,
Zheng DBSCAN,AdditionalLogs,gradual_drift_07,,,,"[np.float64(515.6666666666666), np.float64(863.4285714285714)]","[500, 1000]",1.0,76.11904761904759,00:00:00,0.3166385000004084,0.0002261703571431,,,,500.0,100.0,,,
Zheng DBSCAN,AdditionalLogs,gradual_drift_07,,,,"[np.float64(515.6666666666666), np.float64(863.4285714285714)]","[500, 1000]",1.0,76.11904761904759,00:00:00,0.3166385000004084,0.0002261703571431,,,,500.0,150.0,,,
Zheng DBSCAN,AdditionalLogs,gradual_drift_07,,,,[np.float64(759.1)],"[500, 1000]",,,00:00:00,0.3166385000004084,0.0002261703571431,,,,500.0,200.0,,,
Zheng DBSCAN,AdditionalLogs,gradual_drift_07,,,,[np.float64(759.1)],"[500, 1000]",,,00:00:00,0.3166385000004084,0.0002261703571431,,,,500.0,250.0,,,
LCDD,AdditionalLogs,sudden_drift_06,600.0,600.0,150.0,"[805, 1452]","[500, 1000]",0.5,195.0,00:00:00,0.0746595000018714,4.977300000124766e-05,,,,,,,,
Process Graph Metrics,AdditionalLogs,gradual_drift_00,,,,"[622, 1222]","[500, 1000]",0.5,122.0,00:00:00,0.7108071000038763,0.0005077193571456,0.1,400.0,700.0,,,,,
LCDD,AdditionalLogs,gradual_drift_02,300.0,300.0,5.0,"[329, 651, 956, 1330]","[500, 1000]",0.6666666666666666,97.5,00:00:00,0.0218482999989646,1.5605928570689033e-05,,,,,,,,
Process Graph Metrics,AdditionalLogs,gradual_drift_08,,,,[1069],"[500, 1000]",0.6666666666666666,69.0,00:00:17,17.7915823000003,0.0127082730714287,0.0001,200.0,400.0,,,,,
LCDD,AdditionalLogs,recurring_drift_05,400.0,400.0,50.0,"[504, 929, 1337]","[500, 1000]",0.8,37.5,00:00:00,0.0243320999943534,1.6221399996235657e-05,,,,,,,,
Process Graph Metrics,AdditionalLogs,sudden_drift_02,,,,"[457, 1082, 1457]","[500, 1000]",0.8,62.5,00:00:01,1.5898257000008016,0.0010598838000005,0.05,100.0,400.0,,,,,
LCDD,AdditionalLogs,recurring_drift_07,400.0,400.0,150.0,"[502, 1000]","[500, 1000]",1.0,1.0,00:00:00,0.0126333000007434,8.42220000049565e-06,,,,,,,,
Zheng DBSCAN,AdditionalLogs,gradual_drift_09,,,,[np.float64(994.0)],"[500, 1000]",0.6666666666666666,6.0,00:00:00,0.3630016000024625,0.0002592868571446,,,,800.0,80.0,,,
Zheng DBSCAN,AdditionalLogs,gradual_drift_09,,,,[np.float64(994.0)],"[500, 1000]",0.6666666666666666,6.0,00:00:00,0.3630016000024625,0.0002592868571446,,,,800.0,160.0,,,
Zheng DBSCAN,AdditionalLogs,gradual_drift_09,,,,[np.float64(994.0)],"[500, 1000]",0.6666666666666666,6.0,00:00:00,0.3630016000024625,0.0002592868571446,,,,800.0,240.0,,,
Zheng DBSCAN,AdditionalLogs,gradual_drift_09,,,,[np.float64(994.0)],"[500, 1000]",0.6666666666666666,6.0,00:00:00,0.3630016000024625,0.0002592868571446,,,,800.0,320.0,,,
Zheng DBSCAN,AdditionalLogs,gradual_drift_09,,,,[np.float64(994.0)],"[500, 1000]",0.6666666666666666,6.0,00:00:00,0.3630016000024625,0.0002592868571446,,,,800.0,400.0,,,
Process Graph Metrics,AdditionalLogs,sudden_drift_00,,,,"[558, 1181]","[500, 1000]",1.0,119.5,00:00:02,2.5708395000037854,0.0017138930000025,0.005,100.0,700.0,,,,,
Process Graph Metrics,AdditionalLogs,gradual_drift_09,,,,"[540, 1044]","[500, 1000]",1.0,42.0,00:00:07,7.307210300001316,0.0052194359285723,0.005,300.0,400.0,,,,,
LCDD,AdditionalLogs,recurring_drift_04,100.0,100.0,50.0,"[109, 215, 316, 417, 517, 627, 729, 835, 935, 1036, 1159, 1262, 1362, 1463]","[500, 1000]",0.25,26.5,00:00:00,0.1358196000001044,9.05464000000696e-05,,,,,,,,
LCDD,AdditionalLogs,gradual_drift_04,300.0,300.0,10.0,"[316, 655, 959, 1334]","[500, 1000]",0.6666666666666666,98.0,00:00:00,0.0107265999977244,7.661857141231718e-06,,,,,,,,
LCDD,AdditionalLogs,recurring_drift_09,300.0,300.0,50.0,"[500, 1000]","[500, 1000]",1.0,0.0,00:00:00,0.0244741999995312,1.6316133333020844e-05,,,,,,,,
LCDD,AdditionalLogs,gradual_drift_03,400.0,400.0,100.0,"[412, 830, 1390]","[500, 1000]",0.8,129.0,00:00:00,0.0095744999998714,6.8389285713367696e-06,,,,,,,,
LCDD,AdditionalLogs,sudden_drift_09,200.0,200.0,10.0,"[502, 1000, 1236]","[500, 1000]",0.8,1.0,00:00:00,0.0301178000008803,2.0078533333920254e-05,,,,,,,,
Process Graph Metrics,AdditionalLogs,recurring_drift_01,,,,[779],"[500, 1000]",,,00:00:01,1.276974500004144,0.000851316333336,0.0001,100.0,600.0,,,,,
Process Graph Metrics,AdditionalLogs,recurring_drift_02,,,,"[717, 1368]","[500, 1000]",,,00:00:07,7.328521499999624,0.0048856809999997,0.05,100.0,600.0,,,,,
LCDD,AdditionalLogs,sudden_drift_00,200.0,200.0,100.0,"[502, 1000, 1246]","[500, 1000]",0.8,1.0,00:00:00,0.0193539999963832,1.2902666664255471e-05,,,,,,,,
Process Graph Metrics,AdditionalLogs,sudden_drift_06,,,,"[673, 1321]","[500, 1000]",0.5,173.0,00:00:08,8.490859300000011,0.0056605728666666,0.005,100.0,500.0,,,,,
Process Graph Metrics,AdditionalLogs,gradual_drift_02,,,,"[533, 1068]","[500, 1000]",1.0,50.5,00:00:08,8.778168600001663,0.0062701204285726,0.005,200.0,700.0,,,,,
Process Graph Metrics,AdditionalLogs,recurring_drift_02,,,,[864],"[500, 1000]",0.6666666666666666,136.0,00:00:00,0.7071604000011575,0.0004714402666674,0.0001,400.0,700.0,,,,,
LCDD,AdditionalLogs,gradual_drift_04,1200.0,1200.0,10.0,[1241],"[500, 1000]",,,00:00:00,0.0111968999990494,7.99778571360678e-06,,,,,,,,
Process Graph Metrics,AdditionalLogs,gradual_drift_00,,,,"[680, 1328]","[500, 1000]",0.5,180.0,00:00:01,1.044995800002653,0.0007464255714304,0.05,300.0,500.0,,,,,
Process Graph Metrics,AdditionalLogs,gradual_drift_06,,,,"[315, 824, 1190]","[500, 1000]",0.8,180.5,00:00:29,29.86204330000328,0.0213300309285737,0.1,100.0,600.0,,,,,
LCDD,AdditionalLogs,sudden_drift_02,1200.0,1200.0,50.0,[1224],"[500, 1000]",,,00:00:00,0.161759599999641,0.000107839733333,,,,,,,,
Process Graph Metrics,AdditionalLogs,sudden_drift_05,,,,[564],"[500, 1000]",0.6666666666666666,64.0,00:00:04,4.992065099999309,0.0033280433999995,0.005,100.0,600.0,,,,,
Process Graph Metrics,AdditionalLogs,recurring_drift_06,,,,[],"[500, 1000]",,,00:00:05,5.995851799998491,0.0039972345333323,0.0001,100.0,500.0,,,,,
LCDD,AdditionalLogs,gradual_drift_08,600.0,600.0,5.0,"[607, 1235]","[500, 1000]",0.5,107.0,00:00:00,0.0149516000019502,1.0679714287107344e-05,,,,,,,,
LCDD,AdditionalLogs,sudden_drift_03,400.0,400.0,200.0,"[417, 914]","[500, 1000]",1.0,84.5,00:00:00,0.0111344999968423,7.4229999978949e-06,,,,,,,,
Process Graph Metrics,AdditionalLogs,gradual_drift_06,,,,"[312, 970, 1510]","[500, 1000]",0.8,109.0,00:00:34,34.117408400001295,0.0243695774285723,0.1,200.0,400.0,,,,,
Process Graph Metrics,AdditionalLogs,recurring_drift_01,,,,"[779, 1529]","[500, 1000]",,,00:00:01,1.2731717000060598,0.0008487811333373,0.005,100.0,600.0,,,,,
Process Graph Metrics,AdditionalLogs,gradual_drift_07,,,,[617],"[500, 1000]",0.6666666666666666,117.0,00:00:09,9.840128499999992,0.0070286632142857,0.0001,400.0,700.0,,,,,
LCDD,AdditionalLogs,recurring_drift_09,800.0,800.0,150.0,[],"[500, 1000]",,,00:00:00,0.0215583000026526,1.4372200001768457e-05,,,,,,,,
LCDD,AdditionalLogs,recurring_drift_02,600.0,600.0,20.0,"[637, 1258]","[500, 1000]",0.5,137.0,00:00:00,0.0300041000009514,2.0002733333967623e-05,,,,,,,,
Process Graph Metrics,AdditionalLogs,sudden_drift_03,,,,"[629, 1169]","[500, 1000]",1.0,149.0,00:00:02,2.650628499999584,0.0017670856666663,0.05,100.0,700.0,,,,,
Process Graph Metrics,AdditionalLogs,sudden_drift_01,,,,"[600, 1200]","[500, 1000]",1.0,150.0,00:00:00,0.4277666999987559,0.0002851777999991,0.005,400.0,600.0,,,,,
Process Graph Metrics,AdditionalLogs,sudden_drift_03,,,,"[624, 1143]","[500, 1000]",1.0,133.5,00:00:03,3.001008200000797,0.0020006721333338,0.1,200.0,600.0,,,,,
Process Graph Metrics,AdditionalLogs,recurring_drift_07,,,,"[519, 1038]","[500, 1000]",1.0,28.5,00:00:00,0.3212901000006241,0.0002141934000004,0.05,200.0,600.0,,,,,
LCDD,AdditionalLogs,recurring_drift_07,100.0,100.0,150.0,"[112, 258, 502, 649, 824, 1000, 1165, 1266, 1382]","[500, 1000]",0.3636363636363636,1.0,00:00:00,0.012194000002637,8.12933333509136e-06,,,,,,,,
Process Graph Metrics,AdditionalLogs,recurring_drift_09,,,,"[557, 1069]","[500, 1000]",1.0,63.0,00:00:09,9.418550200003663,0.0062790334666691,0.0001,100.0,700.0,,,,,
Process Graph Metrics,AdditionalLogs,recurring_drift_06,,,,[807],"[500, 1000]",0.6666666666666666,193.0,00:00:11,11.575720199994976,0.0077171467999966,0.005,200.0,400.0,,,,,
Process Graph Metrics,AdditionalLogs,gradual_drift_06,,,,"[315, 824, 1190]","[500, 1000]",0.8,180.5,00:00:30,30.5623115999988,0.0218302225714277,0.1,100.0,700.0,,,,,
Zheng DBSCAN,AdditionalLogs,gradual_drift_07,,,,"[np.float64(446.55555555555554), np.float64(547.0), np.float64(713.0), np.float64(768.0), np.float64(814.0), np.float64(936.5), np.float64(1220.0)]","[500, 1000]",0.4444444444444445,55.25,00:00:00,0.2953419999976177,0.0002109585714268,,,,300.0,30.0,,,
Zheng DBSCAN,AdditionalLogs,gradual_drift_07,,,,"[np.float64(471.6666666666667), np.float64(909.421052631579), np.float64(1220.0)]","[500, 1000]",0.8,59.45614035087718,00:00:00,0.2953419999976177,0.0002109585714268,,,,300.0,60.0,,,
Zheng DBSCAN,AdditionalLogs,gradual_drift_07,,,,"[np.float64(471.6666666666667), np.float64(909.421052631579), np.float64(1220.0)]","[500, 1000]",0.8,59.45614035087718,00:00:00,0.2953419999976177,0.0002109585714268,,,,300.0,90.0,,,
Zheng DBSCAN,AdditionalLogs,gradual_drift_07,,,,"[np.float64(471.6666666666667), np.float64(909.421052631579), np.float64(1220.0)]","[500, 1000]",0.8,59.45614035087718,00:00:00,0.2953419999976177,0.0002109585714268,,,,300.0,120.0,,,
Zheng DBSCAN,AdditionalLogs,gradual_drift_07,,,,"[np.float64(471.6666666666667), np.float64(909.421052631579), np.float64(1220.0)]","[500, 1000]",0.8,59.45614035087718,00:00:00,0.2953419999976177,0.0002109585714268,,,,300.0,150.0,,,
LCDD,AdditionalLogs,gradual_drift_01,1200.0,1200.0,50.0,[1248],"[500, 1000]",,,00:00:00,0.0255153999969479,1.8225285712105686e-05,,,,,,,,
Process Graph Metrics,AdditionalLogs,recurring_drift_05,,,,"[615, 1215]","[500, 1000]",0.5,115.0,00:00:01,1.0944406999988132,0.0007296271333325,0.005,400.0,600.0,,,,,
LCDD,AdditionalLogs,gradual_drift_06,1200.0,1200.0,20.0,[1206],"[500, 1000]",,,00:00:00,0.0672389999963343,4.80278571402388e-05,,,,,,,,
Process Graph Metrics,AdditionalLogs,gradual_drift_05,,,,"[466, 1009, 1335]","[500, 1000]",0.8,21.5,00:00:01,1.0214324999979,0.0007295946428556,0.1,300.0,700.0,,,,,
LCDD,AdditionalLogs,sudden_drift_09,1200.0,1200.0,5.0,[1236],"[500, 1000]",,,00:00:00,0.0266540000011445,1.7769333334096398e-05,,,,,,,,
Process Graph Metrics,AdditionalLogs,recurring_drift_09,,,,"[546, 1010, 1658]","[500, 1000]",0.8,28.0,00:00:06,6.123415400004888,0.0040822769333365,0.1,300.0,700.0,,,,,
LCDD,AdditionalLogs,recurring_drift_02,100.0,100.0,10.0,"[104, 206, 307, 412, 512, 637, 738, 841, 941, 1041, 1148, 1252, 1352, 1468]","[500, 1000]",0.25,26.5,00:00:00,0.0292221999989124,1.94814666659416e-05,,,,,,,,
Process Graph Metrics,AdditionalLogs,sudden_drift_01,,,,"[192, 411, 591, 966, 1441]","[500, 1000]",0.5714285714285715,61.5,00:00:03,3.652337999999872,0.0024348919999999,0.05,100.0,700.0,,,,,
Process Graph Metrics,AdditionalLogs,gradual_drift_05,,,,"[466, 1009, 1335]","[500, 1000]",0.8,21.5,00:00:01,1.0215312999935122,0.000729665214281,0.1,300.0,400.0,,,,,
Process Graph Metrics,AdditionalLogs,sudden_drift_00,,,,"[557, 1181]","[500, 1000]",1.0,119.0,00:00:02,2.5813649999981862,0.0017209099999987,0.05,100.0,700.0,,,,,
LCDD,AdditionalLogs,recurring_drift_08,800.0,800.0,100.0,[892],"[500, 1000]",0.6666666666666666,108.0,00:00:00,0.0115991000056965,7.732733337131019e-06,,,,,,,,
LCDD,AdditionalLogs,gradual_drift_02,300.0,300.0,200.0,"[329, 651, 956, 1330]","[500, 1000]",0.6666666666666666,97.5,00:00:00,0.0256847999989986,1.834628571357045e-05,,,,,,,,
Process Graph Metrics,AdditionalLogs,sudden_drift_00,,,,"[528, 1091, 1424]","[500, 1000]",0.8,59.5,00:00:01,1.7215661000009277,0.0011477107333339,0.1,300.0,600.0,,,,,
Process Graph Metrics,AdditionalLogs,gradual_drift_04,,,,"[480, 1143]","[500, 1000]",1.0,81.5,00:00:01,1.6606449000028078,0.0011861749285734,0.1,300.0,600.0,,,,,
Process Graph Metrics,AdditionalLogs,sudden_drift_08,,,,"[816, 1032, 1572]","[500, 1000]",0.4,32.0,00:00:00,0.82091919999948,0.0005472794666663,0.05,200.0,600.0,,,,,
LCDD,AdditionalLogs,sudden_drift_08,200.0,200.0,200.0,"[225, 426, 626, 828, 1032, 1233, 1435]","[500, 1000]",0.4444444444444445,53.0,00:00:00,0.0125778000001446,8.385200000096423e-06,,,,,,,,
Process Graph Metrics,AdditionalLogs,gradual_drift_03,,,,[600],"[500, 1000]",0.6666666666666666,100.0,00:00:00,0.2615492999975686,0.0001868209285696,0.005,400.0,400.0,,,,,
Process Graph Metrics,AdditionalLogs,recurring_drift_01,,,,[779],"[500, 1000]",,,00:00:01,1.345805199998722,0.0008972034666658,0.0001,100.0,700.0,,,,,
LCDD,AdditionalLogs,recurring_drift_04,300.0,300.0,20.0,"[306, 628, 1000, 1475]","[500, 1000]",0.6666666666666666,64.0,00:00:00,0.0140209999954095,9.347333330273008e-06,,,,,,,,
LCDD,AdditionalLogs,sudden_drift_08,300.0,300.0,20.0,"[308, 626, 932, 1233]","[500, 1000]",0.6666666666666666,97.0,00:00:00,0.0125012999997125,8.334199999808334e-06,,,,,,,,
LCDD,AdditionalLogs,recurring_drift_07,400.0,400.0,100.0,"[502, 1000]","[500, 1000]",1.0,1.0,00:00:00,0.0198814999966998,1.325433333113324e-05,,,,,,,,
LCDD,AdditionalLogs,gradual_drift_05,200.0,200.0,200.0,"[201, 403, 627, 828, 1104, 1309]","[500, 1000]",0.5,100.5,00:00:00,0.1408617999986745,0.0001006155714276,,,,,,,,
Zheng DBSCAN,AdditionalLogs,recurring_drift_02,,,,"[np.float64(755.6460176991151), np.float64(1182.0), np.float64(1269.5), np.float64(1379.0), np.float64(1433.0)]","[500, 1000]",0.2857142857142857,182.0,00:00:00,0.5243496000039158,0.0003495664000026,,,,400.0,40.0,,,
Zheng DBSCAN,AdditionalLogs,recurring_drift_02,,,,"[np.float64(786.7272727272727), np.float64(1406.0)]","[500, 1000]",,,00:00:00,0.5243496000039158,0.0003495664000026,,,,400.0,80.0,,,
Zheng DBSCAN,AdditionalLogs,recurring_drift_02,,,,[np.float64(789.376)],"[500, 1000]",,,00:00:00,0.5243496000039158,0.0003495664000026,,,,400.0,120.0,,,
Zheng DBSCAN,AdditionalLogs,recurring_drift_02,,,,[np.float64(789.376)],"[500, 1000]",,,00:00:00,0.5243496000039158,0.0003495664000026,,,,400.0,160.0,,,
Zheng DBSCAN,AdditionalLogs,recurring_drift_02,,,,[np.float64(758.7328244274809)],"[500, 1000]",,,00:00:00,0.5243496000039158,0.0003495664000026,,,,400.0,200.0,,,
Process Graph Metrics,AdditionalLogs,recurring_drift_02,,,,"[717, 1368]","[500, 1000]",,,00:00:07,7.123479400004726,0.0047489862666698,0.05,300.0,500.0,,,,,
Process Graph Metrics,AdditionalLogs,gradual_drift_00,,,,"[622, 1222]","[500, 1000]",0.5,122.0,00:00:00,0.6543739999979152,0.0004674099999985,0.1,400.0,600.0,,,,,
Process Graph Metrics,AdditionalLogs,recurring_drift_07,,,,"[600, 1200]","[500, 1000]",1.0,150.0,00:00:00,0.1772421999994549,0.0001181614666663,0.1,400.0,500.0,,,,,
Process Graph Metrics,AdditionalLogs,gradual_drift_07,,,,"[648, 1555]","[500, 1000]",0.5,148.0,00:00:07,7.280101700001978,0.0052000726428585,0.0001,300.0,700.0,,,,,
Zheng DBSCAN,AdditionalLogs,sudden_drift_00,,,,"[np.float64(646.0), np.float64(787.0), np.float64(1010.75), np.float64(1095.0)]","[500, 1000]",0.6666666666666666,78.375,00:00:00,0.4866746000043349,0.0003244497333362,,,,600.0,60.0,,,
Zheng DBSCAN,AdditionalLogs,sudden_drift_00,,,,"[np.float64(646.0), np.float64(787.0), np.float64(1027.6)]","[500, 1000]",0.8,86.79999999999995,00:00:00,0.4866746000043349,0.0003244497333362,,,,600.0,120.0,,,
Zheng DBSCAN,AdditionalLogs,sudden_drift_00,,,,[np.float64(1027.6)],"[500, 1000]",0.6666666666666666,27.59999999999991,00:00:00,0.4866746000043349,0.0003244497333362,,,,600.0,180.0,,,
Zheng DBSCAN,AdditionalLogs,sudden_drift_00,,,,[np.float64(804.5)],"[500, 1000]",0.6666666666666666,195.5,00:00:00,0.4866746000043349,0.0003244497333362,,,,600.0,240.0,,,
Zheng DBSCAN,AdditionalLogs,sudden_drift_00,,,,[np.float64(752.6363636363636)],"[500, 1000]",,,00:00:00,0.4866746000043349,0.0003244497333362,,,,600.0,300.0,,,
LCDD,AdditionalLogs,gradual_drift_01,800.0,800.0,10.0,[911],"[500, 1000]",0.6666666666666666,89.0,00:00:00,0.0244095000016386,1.7435357144027617e-05,,,,,,,,
Process Graph Metrics,AdditionalLogs,gradual_drift_01,,,,"[315, 658, 970, 1282]","[500, 1000]",0.6666666666666666,94.0,00:00:02,2.276613100002578,0.0016261522142875,0.05,100.0,400.0,,,,,
LCDD,AdditionalLogs,gradual_drift_06,600.0,600.0,10.0,[923],"[500, 1000]",0.6666666666666666,77.0,00:00:00,0.0691058999946108,4.936135713900772e-05,,,,,,,,
LCDD,AdditionalLogs,gradual_drift_08,200.0,200.0,150.0,"[208, 416, 649, 862, 1070, 1278]","[500, 1000]",0.5,77.0,00:00:00,0.0116449999986798,8.317857141914178e-06,,,,,,,,
Zheng DBSCAN,AdditionalLogs,sudden_drift_07,,,,"[np.float64(567.0), np.float64(913.0), np.float64(1025.875), np.float64(1324.0)]","[500, 1000]",0.6666666666666666,46.4375,00:00:00,0.3015894999989541,0.0002010596666659,,,,500.0,50.0,,,
Zheng DBSCAN,AdditionalLogs,sudden_drift_07,,,,"[np.float64(509.6666666666667), np.float64(1013.3333333333334), np.float64(1324.0)]","[500, 1000]",0.8,11.500000000000028,00:00:00,0.3015894999989541,0.0002010596666659,,,,500.0,100.0,,,
Zheng DBSCAN,AdditionalLogs,sudden_drift_07,,,,"[np.float64(509.6666666666667), np.float64(1013.3333333333334), np.float64(1324.0)]","[500, 1000]",0.8,11.500000000000028,00:00:00,0.3015894999989541,0.0002010596666659,,,,500.0,150.0,,,
Zheng DBSCAN,AdditionalLogs,sudden_drift_07,,,,"[np.float64(509.6666666666667), np.float64(1013.3333333333334), np.float64(1324.0)]","[500, 1000]",0.8,11.500000000000028,00:00:00,0.3015894999989541,0.0002010596666659,,,,500.0,200.0,,,
Zheng DBSCAN,AdditionalLogs,sudden_drift_07,,,,"[np.float64(509.6666666666667), np.float64(1044.4)]","[500, 1000]",1.0,27.03333333333339,00:00:00,0.3015894999989541,0.0002010596666659,,,,500.0,250.0,,,
Process Graph Metrics,AdditionalLogs,sudden_drift_07,,,,"[463, 1004]","[500, 1000]",1.0,20.5,00:00:00,0.5347942000007606,0.0003565294666671,0.05,300.0,400.0,,,,,
LCDD,AdditionalLogs,sudden_drift_01,400.0,400.0,20.0,"[448, 921, 1337]","[500, 1000]",0.8,65.5,00:00:00,0.0276223999971989,1.841493333146597e-05,,,,,,,,
Process Graph Metrics,AdditionalLogs,sudden_drift_06,,,,"[550, 1090]","[500, 1000]",1.0,70.0,00:00:03,3.531973900004232,0.0023546492666694,0.05,300.0,700.0,,,,,
Process Graph Metrics,AdditionalLogs,gradual_drift_02,,,,"[557, 1106]","[500, 1000]",1.0,81.5,00:00:09,9.446538500000315,0.0067475275000002,0.0001,200.0,600.0,,,,,
LCDD,AdditionalLogs,sudden_drift_09,600.0,600.0,100.0,[1000],"[500, 1000]",0.6666666666666666,0.0,00:00:00,0.0208369999963906,1.3891333330927106e-05,,,,,,,,
Process Graph Metrics,AdditionalLogs,recurring_drift_06,,,,[],"[500, 1000]",,,00:00:06,6.075160100001085,0.004050106733334,0.0001,100.0,600.0,,,,,
Process Graph Metrics,AdditionalLogs,gradual_drift_00,,,,"[622, 1222]","[500, 1000]",0.5,122.0,00:00:00,0.6334828000035486,0.0004524877142882,0.05,400.0,600.0,,,,,
LCDD,AdditionalLogs,gradual_drift_03,200.0,200.0,5.0,"[275, 533, 784, 994, 1205]","[500, 1000]",0.5714285714285715,19.5,00:00:00,0.0151667000027373,1.0833357144812387e-05,,,,,,,,
LCDD,AdditionalLogs,gradual_drift_08,1200.0,1200.0,200.0,[1235],"[500, 1000]",,,00:00:00,0.0102079999996931,7.291428571209378e-06,,,,,,,,
Process Graph Metrics,AdditionalLogs,sudden_drift_01,,,,"[600, 1200]","[500, 1000]",1.0,150.0,00:00:00,0.5252995000046212,0.0003501996666697,0.0001,400.0,500.0,,,,,
Process Graph Metrics,AdditionalLogs,gradual_drift_05,,,,"[466, 1012, 1336]","[500, 1000]",0.8,23.0,00:00:01,1.0783815999966464,0.0007702725714261,0.05,300.0,400.0,,,,,
Process Graph Metrics,AdditionalLogs,gradual_drift_04,,,,"[600, 1218]","[500, 1000]",0.5,100.0,00:00:00,0.7847938999984763,0.0005605670714274,0.005,400.0,500.0,,,,,
LCDD,AdditionalLogs,recurring_drift_04,800.0,800.0,5.0,[],"[500, 1000]",,,00:00:00,0.017463600001065,1.164240000071004e-05,,,,,,,,
LCDD,AdditionalLogs,gradual_drift_09,100.0,100.0,10.0,"[408, 524, 920, 1025, 1126, 1278]","[500, 1000]",0.5,24.5,00:00:00,0.025555100000929,1.825364285780649e-05,,,,,,,,
Process Graph Metrics,AdditionalLogs,recurring_drift_04,,,,"[632, 1232]","[500, 1000]",0.5,132.0,00:00:01,1.1952749999982188,0.0007968499999988,0.1,400.0,500.0,,,,,
Process Graph Metrics,AdditionalLogs,sudden_drift_02,,,,"[463, 1091, 1468]","[500, 1000]",0.8,64.0,00:00:02,2.012938300002133,0.001341958866668,0.005,100.0,500.0,,,,,
LCDD,AdditionalLogs,sudden_drift_01,400.0,400.0,5.0,"[448, 921, 1337]","[500, 1000]",0.8,65.5,00:00:00,0.0279378999985056,1.86252666656704e-05,,,,,,,,
Process Graph Metrics,AdditionalLogs,recurring_drift_05,,,,"[379, 860, 1310]","[500, 1000]",0.8,130.5,00:00:01,1.979234300000826,0.0013194895333338,0.1,100.0,600.0,,,,,
Process Graph Metrics,AdditionalLogs,sudden_drift_09,,,,"[458, 908, 1363]","[500, 1000]",0.8,67.0,00:00:00,0.9706403000018328,0.0006470935333345,0.1,300.0,400.0,,,,,
Zheng DBSCAN,AdditionalLogs,sudden_drift_02,,,,"[np.float64(723.3333333333334), np.float64(1057.52), np.float64(1377.0), np.float64(1474.0)]","[500, 1000]",0.3333333333333333,57.51999999999998,00:00:00,0.6040044999972451,0.0004026696666648,,,,700.0,70.0,,,
Zheng DBSCAN,AdditionalLogs,sudden_drift_02,,,,"[np.float64(1057.52), np.float64(1425.5)]","[500, 1000]",0.5,57.51999999999998,00:00:00,0.6040044999972451,0.0004026696666648,,,,700.0,140.0,,,
Zheng DBSCAN,AdditionalLogs,sudden_drift_02,,,,[np.float64(1108.2758620689656)],"[500, 1000]",0.6666666666666666,108.27586206896558,00:00:00,0.6040044999972451,0.0004026696666648,,,,700.0,210.0,,,
Zheng DBSCAN,AdditionalLogs,sudden_drift_02,,,,[np.float64(962.9487179487179)],"[500, 1000]",0.6666666666666666,37.0512820512821,00:00:00,0.6040044999972451,0.0004026696666648,,,,700.0,280.0,,,
Zheng DBSCAN,AdditionalLogs,sudden_drift_02,,,,[np.float64(962.9487179487179)],"[500, 1000]",0.6666666666666666,37.0512820512821,00:00:00,0.6040044999972451,0.0004026696666648,,,,700.0,350.0,,,
Process Graph Metrics,AdditionalLogs,gradual_drift_01,,,,"[450, 1098]","[500, 1000]",1.0,74.0,00:00:00,0.6662635000029695,0.0004759025000021,0.05,300.0,500.0,,,,,
Process Graph Metrics,AdditionalLogs,gradual_drift_02,,,,"[450, 1074]","[500, 1000]",1.0,62.0,00:00:10,10.298246500002278,0.0073558903571444,0.05,300.0,400.0,,,,,
LCDD,AdditionalLogs,recurring_drift_09,600.0,600.0,150.0,[],"[500, 1000]",,,00:00:00,0.0390833999990718,2.605559999938123e-05,,,,,,,,
Process Graph Metrics,AdditionalLogs,sudden_drift_07,,,,"[600, 1207]","[500, 1000]",0.5,100.0,00:00:00,0.4375001000007614,0.0002916667333338,0.1,400.0,500.0,,,,,
LCDD,AdditionalLogs,recurring_drift_01,200.0,200.0,5.0,"[263, 504, 708, 977, 1261]","[500, 1000]",0.5714285714285715,13.5,00:00:00,0.0294538999951328,1.9635933330088543e-05,,,,,,,,
LCDD,AdditionalLogs,sudden_drift_04,100.0,100.0,100.0,"[108, 209, 309, 409, 512, 633, 757, 865, 980, 1080, 1186, 1295, 1415]","[500, 1000]",0.2666666666666667,16.0,00:00:00,0.0138058000011369,9.20386666742464e-06,,,,,,,,
LCDD,AdditionalLogs,recurring_drift_02,200.0,200.0,10.0,"[207, 419, 637, 841, 1041, 1252, 1478]","[500, 1000]",0.4444444444444445,61.0,00:00:00,0.0255079999988083,1.7005333332538916e-05,,,,,,,,
Process Graph Metrics,AdditionalLogs,gradual_drift_09,,,,"[527, 1065]","[500, 1000]",1.0,46.0,00:00:01,1.8454148000018904,0.0013181534285727,0.005,200.0,400.0,,,,,
LCDD,AdditionalLogs,gradual_drift_02,800.0,800.0,10.0,[815],"[500, 1000]",0.6666666666666666,185.0,00:00:00,0.0220730000000912,1.5766428571493765e-05,,,,,,,,
LCDD,AdditionalLogs,gradual_drift_03,600.0,600.0,10.0,"[600, 1390]","[500, 1000]",0.5,100.0,00:00:00,0.0114564999967115,8.183214283365357e-06,,,,,,,,
Process Graph Metrics,AdditionalLogs,recurring_drift_02,,,,[908],"[500, 1000]",0.6666666666666666,92.0,00:00:07,7.542085900000529,0.005028057266667,0.05,200.0,500.0,,,,,
Process Graph Metrics,AdditionalLogs,recurring_drift_06,,,,[],"[500, 1000]",,,00:00:05,5.446473500000138,0.0036309823333334,0.0001,200.0,700.0,,,,,
Process Graph Metrics,AdditionalLogs,gradual_drift_02,,,,"[450, 1074]","[500, 1000]",1.0,62.0,00:00:09,9.94338229999994,0.0071024159285713,0.05,300.0,700.0,,,,,
Process Graph Metrics,AdditionalLogs,recurring_drift_00,,,,"[600, 1200]","[500, 1000]",1.0,150.0,00:00:00,0.140550299998722,9.370019999914802e-05,0.0001,400.0,500.0,,,,,
LCDD,AdditionalLogs,gradual_drift_01,100.0,100.0,150.0,"[104, 221, 331, 441, 542, 647, 749, 860, 964, 1072, 1179, 1281, 1384]","[500, 1000]",0.2666666666666667,39.0,00:00:00,0.0274990999969304,1.964221428352176e-05,,,,,,,,
Process Graph Metrics,AdditionalLogs,recurring_drift_06,,,,[],"[500, 1000]",,,00:00:04,4.876768100002664,0.0032511787333351,0.0001,300.0,500.0,,,,,
LCDD,AdditionalLogs,sudden_drift_05,1200.0,1200.0,150.0,[1204],"[500, 1000]",,,00:00:00,0.025436299998546,1.6957533332364014e-05,,,,,,,,
LCDD,AdditionalLogs,sudden_drift_06,400.0,400.0,10.0,"[500, 919, 1452]","[500, 1000]",0.8,40.5,00:00:00,0.074121899997408,4.9414599998272025e-05,,,,,,,,
LCDD,AdditionalLogs,recurring_drift_01,800.0,800.0,50.0,[1261],"[500, 1000]",,,00:00:00,0.0298270999992382,1.988473333282552e-05,,,,,,,,
Process Graph Metrics,AdditionalLogs,gradual_drift_03,,,,"[525, 1075]","[500, 1000]",1.0,50.0,00:00:02,2.0627533000006224,0.0014733952142861,0.1,100.0,500.0,,,,,
Process Graph Metrics,AdditionalLogs,gradual_drift_09,,,,"[573, 1092]","[500, 1000]",1.0,82.5,00:00:03,3.542766600003233,0.0025305475714308,0.0001,200.0,400.0,,,,,
Process Graph Metrics,AdditionalLogs,sudden_drift_03,,,,"[624, 1143]","[500, 1000]",1.0,133.5,00:00:03,3.0268897999994806,0.0020179265333329,0.05,200.0,700.0,,,,,
Zheng DBSCAN,AdditionalLogs,sudden_drift_09,,,,"[np.float64(520.6666666666666), np.float64(1030.7692307692307), np.float64(1197.0), np.float64(1236.0)]","[500, 1000]",0.6666666666666666,25.71794871794868,00:00:00,0.3218449999985751,0.0002145633333323,,,,300.0,30.0,,,
Zheng DBSCAN,AdditionalLogs,sudden_drift_09,,,,"[np.float64(520.6666666666666), np.float64(1030.7692307692307), np.float64(1216.5)]","[500, 1000]",0.8,25.71794871794868,00:00:00,0.3218449999985751,0.0002145633333323,,,,300.0,60.0,,,
Zheng DBSCAN,AdditionalLogs,sudden_drift_09,,,,"[np.float64(520.6666666666666), np.float64(1030.7692307692307), np.float64(1216.5)]","[500, 1000]",0.8,25.71794871794868,00:00:00,0.3218449999985751,0.0002145633333323,,,,300.0,90.0,,,
Zheng DBSCAN,AdditionalLogs,sudden_drift_09,,,,"[np.float64(520.6666666666666), np.float64(1055.5333333333333)]","[500, 1000]",1.0,38.099999999999966,00:00:00,0.3218449999985751,0.0002145633333323,,,,300.0,120.0,,,
Zheng DBSCAN,AdditionalLogs,sudden_drift_09,,,,"[np.float64(520.6666666666666), np.float64(1055.5333333333333)]","[500, 1000]",1.0,38.099999999999966,00:00:00,0.3218449999985751,0.0002145633333323,,,,300.0,150.0,,,
Process Graph Metrics,AdditionalLogs,sudden_drift_09,,,,"[545, 1084]","[500, 1000]",1.0,64.5,00:00:03,3.348238200000196,0.0022321588000001,0.005,200.0,400.0,,,,,
LCDD,AdditionalLogs,recurring_drift_08,200.0,200.0,50.0,"[211, 413, 614, 815, 1030, 1230, 1495]","[500, 1000]",0.4444444444444445,58.5,00:00:00,0.0122771999958786,8.184799997252411e-06,,,,,,,,
LCDD,AdditionalLogs,recurring_drift_06,300.0,300.0,100.0,"[309, 672, 1008, 1401]","[500, 1000]",0.6666666666666666,90.0,00:00:00,0.0774917999951867,5.166119999679116e-05,,,,,,,,
LCDD,AdditionalLogs,gradual_drift_04,400.0,400.0,20.0,"[401, 809, 1212]","[500, 1000]",0.8,145.0,00:00:00,0.0114880000037373,8.205714288383856e-06,,,,,,,,
LCDD,AdditionalLogs,gradual_drift_09,300.0,300.0,20.0,"[408, 920]","[500, 1000]",1.0,86.0,00:00:00,0.0212265999944065,1.5161857138861836e-05,,,,,,,,
LCDD,AdditionalLogs,gradual_drift_09,100.0,100.0,20.0,"[408, 524, 920, 1025, 1126, 1278]","[500, 1000]",0.5,24.5,00:00:00,0.02720990000671,1.9435642861935776e-05,,,,,,,,
Process Graph Metrics,AdditionalLogs,recurring_drift_06,,,,[812],"[500, 1000]",0.6666666666666666,188.0,00:00:03,3.392073299997719,0.0022613821999984,0.005,400.0,500.0,,,,,
Process Graph Metrics,AdditionalLogs,gradual_drift_04,,,,"[541, 1616]","[500, 1000]",0.5,41.0,00:00:13,13.051626899999974,0.0093225906428571,0.0001,300.0,600.0,,,,,
Process Graph Metrics,AdditionalLogs,gradual_drift_06,,,,"[323, 997]","[500, 1000]",1.0,90.0,00:00:05,5.532257499995467,0.0039516124999967,0.05,200.0,600.0,,,,,
Process Graph Metrics,AdditionalLogs,gradual_drift_00,,,,"[680, 1328]","[500, 1000]",0.5,180.0,00:00:01,1.1307336000027135,0.0008076668571447,0.05,100.0,600.0,,,,,
Process Graph Metrics,AdditionalLogs,sudden_drift_07,,,,"[600, 1163, 1434]","[500, 1000]",0.8,131.5,00:00:00,0.550014899999951,0.0003666765999999,0.005,400.0,400.0,,,,,
Process Graph Metrics,AdditionalLogs,sudden_drift_00,,,,"[600, 1201]","[500, 1000]",0.5,100.0,00:00:00,0.1709200999976019,0.0001139467333317,0.1,400.0,500.0,,,,,
Process Graph Metrics,AdditionalLogs,recurring_drift_03,,,,"[300, 600, 960, 1510]","[500, 1000]",0.6666666666666666,70.0,00:00:00,0.3183460000000195,0.0002122306666666,0.1,200.0,400.0,,,,,
Process Graph Metrics,AdditionalLogs,gradual_drift_08,,,,"[612, 1152]","[500, 1000]",1.0,132.0,00:00:02,2.3411052000010386,0.0016722180000007,0.005,300.0,500.0,,,,,
LCDD,AdditionalLogs,sudden_drift_03,600.0,600.0,100.0,[816],"[500, 1000]",0.6666666666666666,184.0,00:00:00,0.0124673999962396,8.311599997493128e-06,,,,,,,,
Process Graph Metrics,AdditionalLogs,sudden_drift_07,,,,"[463, 1004]","[500, 1000]",1.0,20.5,00:00:00,0.6270797999968636,0.0004180531999979,0.05,300.0,700.0,,,,,
LCDD,AdditionalLogs,gradual_drift_04,200.0,200.0,20.0,"[201, 401, 655, 892, 1092, 1334]","[500, 1000]",0.5,95.5,00:00:00,0.0121044999978039,8.646071427002815e-06,,,,,,,,
LCDD,AdditionalLogs,sudden_drift_09,800.0,800.0,100.0,[1000],"[500, 1000]",0.6666666666666666,0.0,00:00:00,0.0225582000057329,1.503880000382196e-05,,,,,,,,
Process Graph Metrics,AdditionalLogs,gradual_drift_09,,,,"[520, 1042, 1492]","[500, 1000]",0.8,31.0,00:00:09,9.156901800000924,0.0065406441428578,0.05,200.0,600.0,,,,,
LCDD,AdditionalLogs,recurring_drift_04,200.0,200.0,10.0,"[261, 500, 719, 928, 1177, 1391]","[500, 1000]",0.5,36.0,00:00:00,0.0136930000007851,9.12866666719007e-06,,,,,,,,
Process Graph Metrics,AdditionalLogs,recurring_drift_07,,,,"[600, 1200]","[500, 1000]",1.0,150.0,00:00:00,0.20142240000132,0.0001342816000008,0.0001,400.0,500.0,,,,,
Process Graph Metrics,AdditionalLogs,recurring_drift_00,,,,"[561, 1101]","[500, 1000]",1.0,81.0,00:00:00,0.639177800003381,0.0004261185333355,0.005,300.0,600.0,,,,,
Process Graph Metrics,AdditionalLogs,recurring_drift_05,,,,"[602, 1202]","[500, 1000]",0.5,102.0,00:00:00,0.3961300000009942,0.0002640866666673,0.1,400.0,700.0,,,,,
Process Graph Metrics,AdditionalLogs,recurring_drift_09,,,,"[553, 1008]","[500, 1000]",1.0,30.5,00:00:07,7.643099599998095,0.005095399733332,0.005,200.0,700.0,,,,,
LCDD,AdditionalLogs,gradual_drift_01,800.0,800.0,100.0,[911],"[500, 1000]",0.6666666666666666,89.0,00:00:00,0.1800293999986024,0.0001285924285704,,,,,,,,
Process Graph Metrics,AdditionalLogs,gradual_drift_02,,,,"[600, 1200]","[500, 1000]",1.0,150.0,00:00:00,0.3785846000027959,0.0002704175714305,0.0001,400.0,700.0,,,,,
Process Graph Metrics,AdditionalLogs,gradual_drift_00,,,,[703],"[500, 1000]",,,00:00:02,2.3546781000040937,0.0016819129285743,0.0001,200.0,700.0,,,,,
Process Graph Metrics,AdditionalLogs,recurring_drift_09,,,,"[546, 1010, 1658]","[500, 1000]",0.8,28.0,00:00:06,6.294962199994188,0.0041966414666627,0.1,100.0,600.0,,,,,
LCDD,AdditionalLogs,sudden_drift_06,200.0,200.0,100.0,"[210, 410, 610, 822, 1022, 1227, 1429]","[500, 1000]",0.4444444444444445,56.0,00:00:00,0.0708957999959238,4.7263866663949256e-05,,,,,,,,
Process Graph Metrics,AdditionalLogs,recurring_drift_02,,,,"[580, 961]","[500, 1000]",1.0,59.5,00:00:01,1.92941069999506,0.0012862737999967,0.05,100.0,400.0,,,,,
Process Graph Metrics,AdditionalLogs,recurring_drift_00,,,,"[561, 1101]","[500, 1000]",1.0,81.0,00:00:00,0.589697299998079,0.000393131533332,0.005,300.0,700.0,,,,,
Process Graph Metrics,AdditionalLogs,gradual_drift_02,,,,"[600, 1200]","[500, 1000]",1.0,150.0,00:00:00,0.3838532000008854,0.0002741808571434,0.1,400.0,700.0,,,,,
Process Graph Metrics,AdditionalLogs,gradual_drift_07,,,,"[450, 915, 1455]","[500, 1000]",0.8,67.5,00:00:00,0.5493484999969951,0.0003923917857121,0.1,300.0,400.0,,,,,
Process Graph Metrics,AdditionalLogs,gradual_drift_03,,,,"[551, 1077]","[500, 1000]",1.0,64.0,00:00:01,1.2480158999969715,0.0008914399285692,0.0001,200.0,600.0,,,,,
LCDD,AdditionalLogs,recurring_drift_07,400.0,400.0,5.0,"[502, 1000]","[500, 1000]",1.0,1.0,00:00:00,0.0124865999969188,8.324399997945875e-06,,,,,,,,
Process Graph Metrics,AdditionalLogs,sudden_drift_01,,,,"[192, 411, 591, 966, 1441]","[500, 1000]",0.5714285714285715,61.5,00:00:03,3.5345548000041163,0.0023563698666694,0.05,100.0,400.0,,,,,
Process Graph Metrics,AdditionalLogs,recurring_drift_02,,,,"[624, 1259]","[500, 1000]",0.5,124.0,00:00:01,1.569277199996577,0.0010461847999977,0.1,200.0,500.0,,,,,
Process Graph Metrics,AdditionalLogs,gradual_drift_06,,,,"[600, 1200]","[500, 1000]",1.0,150.0,00:00:01,1.2177362999937031,0.0008698116428526,0.005,400.0,600.0,,,,,
Process Graph Metrics,AdditionalLogs,gradual_drift_05,,,,"[494, 1022]","[500, 1000]",1.0,14.0,00:00:04,4.762813499997719,0.0034020096428555,0.005,300.0,400.0,,,,,
Process Graph Metrics,AdditionalLogs,recurring_drift_04,,,,"[640, 1178]","[500, 1000]",1.0,159.0,00:00:04,4.571614899999986,0.0030477432666666,0.0001,200.0,700.0,,,,,
Process Graph Metrics,AdditionalLogs,recurring_drift_01,,,,"[329, 629, 929, 1553]","[500, 1000]",0.6666666666666666,100.0,00:00:02,2.049503300004289,0.0013663355333361,0.1,200.0,700.0,,,,,
Process Graph Metrics,AdditionalLogs,sudden_drift_06,,,,[1056],"[500, 1000]",0.6666666666666666,56.0,00:00:20,20.46729420000338,0.0136448628000022,0.0001,200.0,500.0,,,,,
LCDD,AdditionalLogs,recurring_drift_06,1200.0,1200.0,100.0,[],"[500, 1000]",,,00:00:00,0.0690432999981567,4.602886666543782e-05,,,,,,,,
Process Graph Metrics,AdditionalLogs,recurring_drift_00,,,,"[531, 1059]","[500, 1000]",1.0,45.0,00:00:02,2.950907799997367,0.0019672718666649,0.05,100.0,500.0,,,,,
Process Graph Metrics,AdditionalLogs,recurring_drift_04,,,,"[608, 1173]","[500, 1000]",1.0,140.5,00:00:05,5.988189299998339,0.0039921261999988,0.1,200.0,400.0,,,,,
Process Graph Metrics,AdditionalLogs,gradual_drift_05,,,,"[600, 1312]","[500, 1000]",0.5,100.0,00:00:00,0.308340199997474,0.0002202429999981,0.005,400.0,400.0,,,,,
Process Graph Metrics,AdditionalLogs,sudden_drift_07,,,,"[506, 1046]","[500, 1000]",1.0,26.0,00:00:02,2.92326779999712,0.001948845199998,0.005,100.0,600.0,,,,,
Process Graph Metrics,AdditionalLogs,sudden_drift_02,,,,"[451, 1056, 1493]","[500, 1000]",0.8,52.5,00:00:02,2.140504200004216,0.0014270028000028,0.05,200.0,600.0,,,,,
LCDD,AdditionalLogs,sudden_drift_07,200.0,200.0,5.0,"[501, 913, 1324]","[500, 1000]",0.8,44.0,00:00:00,0.0200635000001057,1.3375666666737136e-05,,,,,,,,
LCDD,AdditionalLogs,gradual_drift_02,200.0,200.0,100.0,"[231, 442, 651, 887, 1105, 1319]","[500, 1000]",0.5,81.5,00:00:00,0.0210752999992109,1.505378571372213e-05,,,,,,,,
Process Graph Metrics,AdditionalLogs,sudden_drift_08,,,,[900],"[500, 1000]",0.6666666666666666,100.0,00:00:00,0.4158432999975048,0.000277228866665,0.1,200.0,700.0,,,,,
Process Graph Metrics,AdditionalLogs,sudden_drift_07,,,,"[300, 600, 1073, 1478]","[500, 1000]",0.6666666666666666,86.5,00:00:00,0.4583733000035863,0.0003055822000023,0.1,200.0,700.0,,,,,
Process Graph Metrics,AdditionalLogs,recurring_drift_01,,,,[779],"[500, 1000]",,,00:00:01,1.342093200000818,0.0008947288000005,0.005,100.0,700.0,,,,,
LCDD,AdditionalLogs,gradual_drift_08,400.0,400.0,100.0,"[407, 862, 1315]","[500, 1000]",0.8,115.5,00:00:00,0.0115200000000186,8.228571428584733e-06,,,,,,,,
Process Graph Metrics,AdditionalLogs,sudden_drift_04,,,,"[601, 1201]","[500, 1000]",0.5,101.0,00:00:00,0.2370893999977852,0.0001580595999985,0.005,400.0,500.0,,,,,
LCDD,AdditionalLogs,recurring_drift_08,1200.0,1200.0,5.0,[1234],"[500, 1000]",,,00:00:00,0.0141202000013436,9.413466667562411e-06,,,,,,,,
LCDD,AdditionalLogs,gradual_drift_05,100.0,100.0,150.0,"[104, 207, 312, 425, 580, 680, 780, 891, 991, 1104, 1206, 1306]","[500, 1000]",0.2857142857142857,42.0,00:00:00,0.0169841000024462,1.2131500001747294e-05,,,,,,,,
Process Graph Metrics,AdditionalLogs,recurring_drift_03,,,,[701],"[500, 1000]",,,00:00:03,3.4062604999999166,0.0022708403333332,0.0001,400.0,600.0,,,,,
LCDD,AdditionalLogs,recurring_drift_09,200.0,200.0,100.0,"[500, 1000]","[500, 1000]",1.0,0.0,00:00:00,0.0294594000006327,1.9639600000421827e-05,,,,,,,,
Process Graph Metrics,AdditionalLogs,sudden_drift_00,,,,"[651, 1174]","[500, 1000]",1.0,162.5,00:00:03,3.237748899999133,0.002158499266666,0.0001,200.0,400.0,,,,,
Process Graph Metrics,AdditionalLogs,sudden_drift_08,,,,"[550, 1026, 1598]","[500, 1000]",0.8,38.0,00:00:02,2.315445799998997,0.0015436305333326,0.05,100.0,700.0,,,,,
LCDD,AdditionalLogs,sudden_drift_01,800.0,800.0,10.0,[921],"[500, 1000]",0.6666666666666666,79.0,00:00:00,0.0308119999972404,2.0541333331493665e-05,,,,,,,,
Process Graph Metrics,AdditionalLogs,gradual_drift_03,,,,"[600, 1306]","[500, 1000]",0.5,100.0,00:00:00,0.1681986999974469,0.0001201419285696,0.1,400.0,400.0,,,,,
Process Graph Metrics,AdditionalLogs,gradual_drift_01,,,,"[555, 1095]","[500, 1000]",1.0,75.0,00:00:07,7.658137300000817,0.0054700980714291,0.0001,100.0,700.0,,,,,
Process Graph Metrics,AdditionalLogs,gradual_drift_01,,,,"[315, 658, 970, 1282]","[500, 1000]",0.6666666666666666,94.0,00:00:02,2.144281399996544,0.0015316295714261,0.05,100.0,600.0,,,,,
Process Graph Metrics,AdditionalLogs,recurring_drift_07,,,,"[519, 1038]","[500, 1000]",1.0,28.5,00:00:00,0.3286055000062333,0.0002190703333374,0.05,200.0,500.0,,,,,
Process Graph Metrics,AdditionalLogs,gradual_drift_03,,,,"[551, 1077]","[500, 1000]",1.0,64.0,00:00:01,1.187763099995209,0.0008484022142822,0.0001,200.0,400.0,,,,,
Zheng DBSCAN,AdditionalLogs,sudden_drift_08,,,,"[np.float64(322.1), np.float64(582.8947368421053), np.float64(820.5), np.float64(990.2682926829268), np.float64(1144.75), np.float64(1244.142857142857), np.float64(1348.5), np.float64(1444.1)]","[500, 1000]",0.4,46.31322207958925,00:00:00,0.5004226999953971,0.0003336151333302,,,,300.0,30.0,,,
Zheng DBSCAN,AdditionalLogs,sudden_drift_08,,,,"[np.float64(528.5625), np.float64(1085.0)]","[500, 1000]",1.0,56.78125,00:00:00,0.5004226999953971,0.0003336151333302,,,,300.0,60.0,,,
Zheng DBSCAN,AdditionalLogs,sudden_drift_08,,,,[np.float64(858.6525423728814)],"[500, 1000]",0.6666666666666666,141.34745762711862,00:00:00,0.5004226999953971,0.0003336151333302,,,,300.0,90.0,,,
Zheng DBSCAN,AdditionalLogs,sudden_drift_08,,,,[np.float64(800.671875)],"[500, 1000]",0.6666666666666666,199.328125,00:00:00,0.5004226999953971,0.0003336151333302,,,,300.0,120.0,,,
Zheng DBSCAN,AdditionalLogs,sudden_drift_08,,,,[np.float64(800.671875)],"[500, 1000]",0.6666666666666666,199.328125,00:00:00,0.5004226999953971,0.0003336151333302,,,,300.0,150.0,,,
Zheng DBSCAN,AdditionalLogs,sudden_drift_09,,,,"[np.float64(520.6666666666666), np.float64(1030.7692307692307), np.float64(1216.5)]","[500, 1000]",0.8,25.71794871794868,00:00:00,0.3237999999983003,0.0002158666666655,,,,400.0,40.0,,,
Zheng DBSCAN,AdditionalLogs,sudden_drift_09,,,,"[np.float64(520.6666666666666), np.float64(1030.7692307692307), np.float64(1216.5)]","[500, 1000]",0.8,25.71794871794868,00:00:00,0.3237999999983003,0.0002158666666655,,,,400.0,80.0,,,
Zheng DBSCAN,AdditionalLogs,sudden_drift_09,,,,"[np.float64(520.6666666666666), np.float64(1055.5333333333333)]","[500, 1000]",1.0,38.099999999999966,00:00:00,0.3237999999983003,0.0002158666666655,,,,400.0,120.0,,,
Zheng DBSCAN,AdditionalLogs,sudden_drift_09,,,,"[np.float64(520.6666666666666), np.float64(1055.5333333333333)]","[500, 1000]",1.0,38.099999999999966,00:00:00,0.3237999999983003,0.0002158666666655,,,,400.0,160.0,,,
Zheng DBSCAN,AdditionalLogs,sudden_drift_09,,,,"[np.float64(520.6666666666666), np.float64(1055.5333333333333)]","[500, 1000]",1.0,38.099999999999966,00:00:00,0.3237999999983003,0.0002158666666655,,,,400.0,200.0,,,
Process Graph Metrics,AdditionalLogs,recurring_drift_05,,,,"[412, 1038, 1494]","[500, 1000]",0.8,63.0,00:00:06,6.155803699999524,0.004103869133333,0.1,200.0,700.0,,,,,
Process Graph Metrics,AdditionalLogs,recurring_drift_04,,,,"[622, 1162]","[500, 1000]",1.0,142.0,00:00:03,3.1181520000027376,0.0020787680000018,0.1,100.0,500.0,,,,,
Process Graph Metrics,AdditionalLogs,gradual_drift_07,,,,"[648, 1552]","[500, 1000]",0.5,148.0,00:00:06,6.782585700006166,0.0048447040714329,0.005,100.0,500.0,,,,,
Process Graph Metrics,AdditionalLogs,sudden_drift_02,,,,"[600, 1272]","[500, 1000]",0.5,100.0,00:00:03,3.0386794000005466,0.002025786266667,0.1,400.0,400.0,,,,,
Process Graph Metrics,AdditionalLogs,gradual_drift_00,,,,"[632, 1256]","[500, 1000]",0.5,132.0,00:00:00,0.4907078000032925,0.0003505055714309,0.05,200.0,500.0,,,,,
Process Graph Metrics,AdditionalLogs,recurring_drift_02,,,,[1114],"[500, 1000]",0.6666666666666666,114.0,00:00:10,10.986252399998191,0.0073241682666654,0.0001,200.0,400.0,,,,,
Process Graph Metrics,AdditionalLogs,gradual_drift_01,,,,"[555, 1095]","[500, 1000]",1.0,75.0,00:00:06,6.844995800005563,0.0048892827142896,0.0001,300.0,500.0,,,,,
Process Graph Metrics,AdditionalLogs,sudden_drift_09,,,,"[569, 1109]","[500, 1000]",1.0,89.0,00:00:07,7.3211108000032254,0.0048807405333354,0.005,100.0,500.0,,,,,
Process Graph Metrics,AdditionalLogs,gradual_drift_04,,,,[541],"[500, 1000]",0.6666666666666666,41.0,00:00:00,0.4584045999945374,0.0003274318571389,0.0001,300.0,400.0,,,,,
Process Graph Metrics,AdditionalLogs,sudden_drift_09,,,,"[569, 1109]","[500, 1000]",1.0,89.0,00:00:07,7.477696299996751,0.0049851308666645,0.005,100.0,600.0,,,,,
LCDD,AdditionalLogs,sudden_drift_08,100.0,100.0,150.0,"[101, 208, 308, 415, 529, 650, 808, 911, 1014, 1145, 1256, 1357, 1458]","[500, 1000]",0.2666666666666667,21.5,00:00:00,0.0124079000015626,8.27193333437511e-06,,,,,,,,
Process Graph Metrics,AdditionalLogs,sudden_drift_08,,,,[726],"[500, 1000]",,,00:00:02,2.7737873000005493,0.0018491915333336,0.0001,200.0,500.0,,,,,
Zheng DBSCAN,AdditionalLogs,gradual_drift_07,,,,"[np.float64(740.5), np.float64(937.0)]","[500, 1000]",0.5,63.0,00:00:00,0.3030242000022554,0.0002164458571444,,,,600.0,60.0,,,
Zheng DBSCAN,AdditionalLogs,gradual_drift_07,,,,"[np.float64(740.5), np.float64(937.0)]","[500, 1000]",0.5,63.0,00:00:00,0.3030242000022554,0.0002164458571444,,,,600.0,120.0,,,
Zheng DBSCAN,AdditionalLogs,gradual_drift_07,,,,[np.float64(858.4)],"[500, 1000]",0.6666666666666666,141.60000000000002,00:00:00,0.3030242000022554,0.0002164458571444,,,,600.0,180.0,,,
Zheng DBSCAN,AdditionalLogs,gradual_drift_07,,,,[np.float64(858.4)],"[500, 1000]",0.6666666666666666,141.60000000000002,00:00:00,0.3030242000022554,0.0002164458571444,,,,600.0,240.0,,,
Zheng DBSCAN,AdditionalLogs,gradual_drift_07,,,,[np.float64(792.3333333333334)],"[500, 1000]",,,00:00:00,0.3030242000022554,0.0002164458571444,,,,600.0,300.0,,,
Process Graph Metrics,AdditionalLogs,sudden_drift_00,,,,"[647, 1187]","[500, 1000]",1.0,167.0,00:00:02,2.732931900005497,0.0018219546000036,0.0001,100.0,600.0,,,,,
LCDD,AdditionalLogs,gradual_drift_02,600.0,600.0,150.0,"[612, 1245]","[500, 1000]",0.5,112.0,00:00:00,0.0243996999997762,1.742835714269729e-05,,,,,,,,
LCDD,AdditionalLogs,sudden_drift_09,600.0,600.0,50.0,[1000],"[500, 1000]",0.6666666666666666,0.0,00:00:00,0.0254974999988917,1.6998333332594483e-05,,,,,,,,
Process Graph Metrics,AdditionalLogs,recurring_drift_01,,,,"[1044, 1692]","[500, 1000]",0.5,44.0,00:00:01,1.962426799997047,0.0013082845333313,0.005,100.0,500.0,,,,,
Process Graph Metrics,AdditionalLogs,gradual_drift_02,,,,[600],"[500, 1000]",0.6666666666666666,100.0,00:00:00,0.5975958000053652,0.0004268541428609,0.005,400.0,400.0,,,,,
LCDD,AdditionalLogs,gradual_drift_09,200.0,200.0,10.0,"[408, 608, 920, 1120, 1373]","[500, 1000]",0.5714285714285715,86.0,00:00:00,0.028186800002004,2.0133428572860013e-05,,,,,,,,
LCDD,AdditionalLogs,recurring_drift_05,300.0,300.0,10.0,"[302, 645, 951, 1319]","[500, 1000]",0.6666666666666666,97.0,00:00:00,0.0198975999956019,1.3265066663734614e-05,,,,,,,,
Process Graph Metrics,AdditionalLogs,recurring_drift_04,,,,"[632, 1232]","[500, 1000]",0.5,132.0,00:00:01,1.2712605999986408,0.0008475070666657,0.1,400.0,700.0,,,,,
LCDD,AdditionalLogs,sudden_drift_09,300.0,300.0,5.0,"[502, 1000]","[500, 1000]",1.0,1.0,00:00:00,0.1574716000031912,0.0001049810666687,,,,,,,,
LCDD,AdditionalLogs,recurring_drift_07,600.0,600.0,10.0,[],"[500, 1000]",,,00:00:00,0.0155000000013387,1.033333333422585e-05,,,,,,,,
Process Graph Metrics,AdditionalLogs,gradual_drift_06,,,,"[468, 1008]","[500, 1000]",1.0,20.0,00:00:04,4.490051400003722,0.0032071795714312,0.005,300.0,500.0,,,,,
LCDD,AdditionalLogs,recurring_drift_08,100.0,100.0,50.0,"[101, 207, 308, 413, 522, 639, 758, 859, 970, 1079, 1183, 1297, 1397, 1498]","[500, 1000]",0.25,26.0,00:00:00,0.0124138999963179,8.275933330878615e-06,,,,,,,,
LCDD,AdditionalLogs,sudden_drift_00,100.0,100.0,10.0,"[100, 200, 329, 502, 609, 709, 829, 1000, 1143, 1246, 1442]","[500, 1000]",0.3076923076923077,1.0,00:00:00,0.0097622000030241,6.50813333534946e-06,,,,,,,,
Process Graph Metrics,AdditionalLogs,gradual_drift_04,,,,"[540, 1188]","[500, 1000]",1.0,114.0,00:00:00,0.4731912999995984,0.0003379937857139,0.005,100.0,600.0,,,,,
Process Graph Metrics,AdditionalLogs,recurring_drift_02,,,,[779],"[500, 1000]",,,00:00:01,1.400895999999193,0.0009339306666661,0.0001,100.0,700.0,,,,,
Process Graph Metrics,AdditionalLogs,sudden_drift_05,,,,[600],"[500, 1000]",0.6666666666666666,100.0,00:00:00,0.5583441999988281,0.0003722294666658,0.05,400.0,700.0,,,,,
LCDD,AdditionalLogs,gradual_drift_04,1200.0,1200.0,20.0,[1241],"[500, 1000]",,,00:00:00,0.1511138999994727,0.0001079384999996,,,,,,,,
Process Graph Metrics,AdditionalLogs,gradual_drift_09,,,,"[559, 1060]","[500, 1000]",1.0,59.5,00:00:06,6.322292600001674,0.0045159232857154,0.0001,100.0,600.0,,,,,
LCDD,AdditionalLogs,recurring_drift_09,1200.0,1200.0,20.0,[],"[500, 1000]",,,00:00:00,0.1691218000050867,0.00011274786667,,,,,,,,
Process Graph Metrics,AdditionalLogs,sudden_drift_03,,,,"[631, 1171]","[500, 1000]",1.0,151.0,00:00:02,2.711502899997868,0.0018076685999985,0.005,300.0,500.0,,,,,
Process Graph Metrics,AdditionalLogs,sudden_drift_01,,,,"[600, 1182, 1362, 1542]","[500, 1000]",0.6666666666666666,141.0,00:00:00,0.4855318000045372,0.0003236878666696,0.1,400.0,400.0,,,,,
LCDD,AdditionalLogs,gradual_drift_05,400.0,400.0,150.0,"[425, 845, 1251]","[500, 1000]",0.8,115.0,00:00:00,0.0207851000013761,1.4846500000982944e-05,,,,,,,,
LCDD,AdditionalLogs,sudden_drift_01,300.0,300.0,150.0,"[354, 921, 1254]","[500, 1000]",0.8,112.5,00:00:00,0.0287286000020685,1.915240000137904e-05,,,,,,,,
LCDD,AdditionalLogs,sudden_drift_02,300.0,300.0,100.0,"[336, 641, 1003, 1338]","[500, 1000]",0.6666666666666666,72.0,00:00:00,0.0255873000060091,1.7058200004006116e-05,,,,,,,,
Process Graph Metrics,AdditionalLogs,sudden_drift_00,,,,"[557, 1181]","[500, 1000]",1.0,119.0,00:00:02,2.5754557000036584,0.0017169704666691,0.05,100.0,500.0,,,,,
Zheng DBSCAN,AdditionalLogs,recurring_drift_08,,,,"[np.float64(533.0), np.float64(725.3333333333334), np.float64(1022.3714285714286), np.float64(1324.0), np.float64(1385.0), np.float64(1496.5)]","[500, 1000]",0.5,27.68571428571431,00:00:00,0.5274423000009847,0.0003516282000006,,,,500.0,50.0,,,
Zheng DBSCAN,AdditionalLogs,recurring_drift_08,,,,"[np.float64(711.2168674698795), np.float64(1496.5)]","[500, 1000]",,,00:00:00,0.5274423000009847,0.0003516282000006,,,,500.0,100.0,,,
Zheng DBSCAN,AdditionalLogs,recurring_drift_08,,,,[np.float64(729.6941176470589)],"[500, 1000]",,,00:00:00,0.5274423000009847,0.0003516282000006,,,,500.0,150.0,,,
Zheng DBSCAN,AdditionalLogs,recurring_drift_08,,,,[np.float64(729.6941176470589)],"[500, 1000]",,,00:00:00,0.5274423000009847,0.0003516282000006,,,,500.0,200.0,,,
Zheng DBSCAN,AdditionalLogs,recurring_drift_08,,,,[np.float64(729.6941176470589)],"[500, 1000]",,,00:00:00,0.5274423000009847,0.0003516282000006,,,,500.0,250.0,,,
LCDD,AdditionalLogs,recurring_drift_05,800.0,800.0,50.0,[888],"[500, 1000]",0.6666666666666666,112.0,00:00:00,0.0237583000052836,1.5838866670189116e-05,,,,,,,,
LCDD,AdditionalLogs,recurring_drift_00,1200.0,1200.0,20.0,[1259],"[500, 1000]",,,00:00:00,0.0148295999970287,9.88639999801914e-06,,,,,,,,
LCDD,AdditionalLogs,sudden_drift_02,600.0,600.0,150.0,"[607, 1224]","[500, 1000]",0.5,107.0,00:00:00,0.0302865999983623,2.019106666557491e-05,,,,,,,,
LCDD,AdditionalLogs,gradual_drift_00,100.0,100.0,150.0,"[100, 200, 329, 431, 576, 912, 1067, 1177, 1277]","[500, 1000]",0.3636363636363636,68.0,00:00:00,0.0123903999992762,8.850285713768764e-06,,,,,,,,
LCDD,AdditionalLogs,sudden_drift_04,1200.0,1200.0,20.0,[1492],"[500, 1000]",,,00:00:00,0.0185411999991629,1.2360799999441951e-05,,,,,,,,
LCDD,AdditionalLogs,recurring_drift_05,800.0,800.0,20.0,[888],"[500, 1000]",0.6666666666666666,112.0,00:00:00,0.0199563999995007,1.3304266666333812e-05,,,,,,,,
LCDD,AdditionalLogs,recurring_drift_01,100.0,100.0,10.0,"[101, 263, 363, 504, 618, 734, 838, 977, 1090, 1207, 1382]","[500, 1000]",0.3076923076923077,13.5,00:00:00,0.0274718000000575,1.8314533333371703e-05,,,,,,,,
LCDD,AdditionalLogs,recurring_drift_01,200.0,200.0,150.0,"[263, 504, 708, 977, 1261]","[500, 1000]",0.5714285714285715,13.5,00:00:00,0.0265220000001136,1.768133333340908e-05,,,,,,,,
Process Graph Metrics,AdditionalLogs,gradual_drift_04,,,,[490],"[500, 1000]",0.6666666666666666,10.0,00:00:01,1.5390238000036334,0.0010993027142883,0.05,300.0,400.0,,,,,
Process Graph Metrics,AdditionalLogs,recurring_drift_08,,,,"[741, 1616]","[500, 1000]",,,00:00:01,1.2498072000016691,0.0008332048000011,0.005,400.0,500.0,,,,,
LCDD,AdditionalLogs,gradual_drift_04,800.0,800.0,100.0,[909],"[500, 1000]",0.6666666666666666,91.0,00:00:00,0.0135326999952667,9.666214282333384e-06,,,,,,,,
LCDD,AdditionalLogs,gradual_drift_00,600.0,600.0,50.0,[912],"[500, 1000]",0.6666666666666666,88.0,00:00:00,0.0094748999981675,6.767785712976807e-06,,,,,,,,
Process Graph Metrics,AdditionalLogs,sudden_drift_04,,,,"[547, 1108, 1287]","[500, 1000]",0.8,77.5,00:00:03,3.726116500001808,0.0024840776666678,0.1,100.0,400.0,,,,,
LCDD,AdditionalLogs,gradual_drift_05,600.0,600.0,50.0,"[657, 1309]","[500, 1000]",0.5,157.0,00:00:00,0.0236761999985901,1.6911571427564403e-05,,,,,,,,
Process Graph Metrics,AdditionalLogs,sudden_drift_02,,,,"[572, 1080]","[500, 1000]",1.0,76.0,00:00:12,12.02851350000128,0.0080190090000008,0.0001,300.0,500.0,,,,,
LCDD,AdditionalLogs,gradual_drift_02,800.0,800.0,20.0,[815],"[500, 1000]",0.6666666666666666,185.0,00:00:00,0.0249910000056843,1.7850714289774518e-05,,,,,,,,
Process Graph Metrics,AdditionalLogs,sudden_drift_03,,,,"[624, 1143]","[500, 1000]",1.0,133.5,00:00:03,3.1710862000036286,0.002114057466669,0.05,200.0,500.0,,,,,
LCDD,AdditionalLogs,sudden_drift_03,300.0,300.0,150.0,"[359, 688, 1009, 1362]","[500, 1000]",0.6666666666666666,75.0,00:00:00,0.1325368000034359,8.835786666895728e-05,,,,,,,,
LCDD,AdditionalLogs,sudden_drift_00,1200.0,1200.0,100.0,[],"[500, 1000]",,,00:00:00,0.0075926999998046,5.0617999998697394e-06,,,,,,,,
Process Graph Metrics,AdditionalLogs,sudden_drift_03,,,,[672],"[500, 1000]",0.6666666666666666,172.0,00:00:01,1.2089513999962946,0.0008059675999975,0.0001,100.0,700.0,,,,,
Process Graph Metrics,AdditionalLogs,sudden_drift_00,,,,"[558, 1181]","[500, 1000]",1.0,119.5,00:00:02,2.624198700003035,0.001749465800002,0.005,100.0,600.0,,,,,
Process Graph Metrics,AdditionalLogs,sudden_drift_07,,,,"[468, 1040]","[500, 1000]",1.0,36.0,00:00:00,0.7145952999999281,0.0004763968666666,0.1,100.0,700.0,,,,,
LCDD,AdditionalLogs,sudden_drift_04,1200.0,1200.0,150.0,[1492],"[500, 1000]",,,00:00:00,0.0138389999992796,9.225999999519749e-06,,,,,,,,
LCDD,AdditionalLogs,recurring_drift_09,600.0,600.0,50.0,[],"[500, 1000]",,,00:00:00,0.0274475000042002,1.829833333613351e-05,,,,,,,,
Process Graph Metrics,AdditionalLogs,gradual_drift_02,,,,"[557, 1106]","[500, 1000]",1.0,81.5,00:00:09,9.621784999995723,0.0068727035714255,0.0001,200.0,700.0,,,,,
Process Graph Metrics,AdditionalLogs,sudden_drift_07,,,,"[600, 1207]","[500, 1000]",0.5,100.0,00:00:00,0.4252025000023423,0.0002834683333348,0.005,400.0,600.0,,,,,
LCDD,AdditionalLogs,sudden_drift_09,800.0,800.0,5.0,[1000],"[500, 1000]",0.6666666666666666,0.0,00:00:00,0.0214725000041653,1.4315000002776892e-05,,,,,,,,
Process Graph Metrics,AdditionalLogs,sudden_drift_03,,,,"[631, 1171]","[500, 1000]",1.0,151.0,00:00:02,2.848584100000153,0.0018990560666667,0.005,100.0,400.0,,,,,
Process Graph Metrics,AdditionalLogs,recurring_drift_06,,,,[],"[500, 1000]",,,00:00:05,5.34630979999929,0.0035642065333328,0.0001,200.0,500.0,,,,,
Process Graph Metrics,AdditionalLogs,recurring_drift_03,,,,"[600, 1200]","[500, 1000]",1.0,150.0,00:00:00,0.1808730999982799,0.0001205820666655,0.05,400.0,600.0,,,,,
LCDD,AdditionalLogs,gradual_drift_00,1200.0,1200.0,10.0,[1206],"[500, 1000]",,,00:00:00,0.0176028000059886,1.2573428575706202e-05,,,,,,,,
LCDD,AdditionalLogs,gradual_drift_00,200.0,200.0,10.0,"[413, 613, 912, 1206]","[500, 1000]",0.6666666666666666,87.5,00:00:00,0.0109626999983447,7.830499998817687e-06,,,,,,,,
LCDD,AdditionalLogs,recurring_drift_09,300.0,300.0,100.0,"[500, 1000]","[500, 1000]",1.0,0.0,00:00:00,0.0270369999998365,1.80246666665577e-05,,,,,,,,
Process Graph Metrics,AdditionalLogs,sudden_drift_08,,,,"[698, 1061, 1345]","[500, 1000]",0.8,129.5,00:00:01,1.5811288000040804,0.0010540858666693,0.05,200.0,400.0,,,,,
LCDD,AdditionalLogs,recurring_drift_00,600.0,600.0,20.0,"[601, 1259]","[500, 1000]",0.5,101.0,00:00:00,0.0138197999986005,9.213199999067002e-06,,,,,,,,
LCDD,AdditionalLogs,sudden_drift_05,1200.0,1200.0,20.0,[1204],"[500, 1000]",,,00:00:00,0.0203567999997176,1.3571199999811748e-05,,,,,,,,
LCDD,AdditionalLogs,recurring_drift_01,800.0,800.0,100.0,[1261],"[500, 1000]",,,00:00:00,0.1481201999995391,9.87467999996928e-05,,,,,,,,
Zheng DBSCAN,AdditionalLogs,sudden_drift_01,,,,"[np.float64(497.27777777777777), np.float64(620.6666666666666), np.float64(789.0), np.float64(912.6666666666666), np.float64(1007.3333333333334), np.float64(1115.0), np.float64(1254.0), np.float64(1345.5)]","[500, 1000]",0.4,5.0277777777778,00:00:00,0.4831386000005295,0.0003220924000003,,,,400.0,40.0,,,
Zheng DBSCAN,AdditionalLogs,sudden_drift_01,,,,"[np.float64(467.18518518518516), np.float64(789.0), np.float64(975.7777777777778), np.float64(1115.0), np.float64(1254.0), np.float64(1345.5)]","[500, 1000]",0.5,28.518518518518505,00:00:00,0.4831386000005295,0.0003220924000003,,,,400.0,80.0,,,
Zheng DBSCAN,AdditionalLogs,sudden_drift_01,,,,"[np.float64(467.18518518518516), np.float64(943.3846153846154), np.float64(1315.0)]","[500, 1000]",0.8,44.71509971509974,00:00:00,0.4831386000005295,0.0003220924000003,,,,400.0,120.0,,,
Zheng DBSCAN,AdditionalLogs,sudden_drift_01,,,,[np.float64(656.0)],"[500, 1000]",0.6666666666666666,156.0,00:00:00,0.4831386000005295,0.0003220924000003,,,,400.0,160.0,,,
Zheng DBSCAN,AdditionalLogs,sudden_drift_01,,,,[np.float64(656.0)],"[500, 1000]",0.6666666666666666,156.0,00:00:00,0.4831386000005295,0.0003220924000003,,,,400.0,200.0,,,
LCDD,AdditionalLogs,recurring_drift_02,400.0,400.0,10.0,"[440, 841, 1258]","[500, 1000]",0.8,109.5,00:00:00,0.0267673999987891,1.7844933332526124e-05,,,,,,,,
Process Graph Metrics,AdditionalLogs,recurring_drift_02,,,,"[580, 1071]","[500, 1000]",1.0,75.5,00:00:03,3.748992900000303,0.0024993286000002,0.005,300.0,400.0,,,,,
Process Graph Metrics,AdditionalLogs,recurring_drift_07,,,,"[465, 1005]","[500, 1000]",1.0,20.0,00:00:00,0.5476990000024671,0.0003651326666683,0.05,300.0,500.0,,,,,
Process Graph Metrics,AdditionalLogs,recurring_drift_04,,,,[660],"[500, 1000]",0.6666666666666666,160.0,00:00:02,2.36585770000238,0.0015772384666682,0.0001,400.0,400.0,,,,,
Process Graph Metrics,AdditionalLogs,recurring_drift_03,,,,[1104],"[500, 1000]",0.6666666666666666,104.0,00:00:03,3.4451746999984607,0.0022967831333323,0.0001,200.0,400.0,,,,,
Process Graph Metrics,AdditionalLogs,recurring_drift_09,,,,"[432, 864, 1389]","[500, 1000]",0.8,102.0,00:00:04,4.330142599996179,0.0028867617333307,0.1,200.0,700.0,,,,,
LCDD,AdditionalLogs,recurring_drift_04,100.0,100.0,150.0,"[109, 215, 316, 417, 517, 627, 729, 835, 935, 1036, 1159, 1262, 1362, 1463]","[500, 1000]",0.25,26.5,00:00:00,0.0123644999985117,8.24299999900783e-06,,,,,,,,
LCDD,AdditionalLogs,sudden_drift_02,200.0,200.0,150.0,"[236, 447, 654, 854, 1055, 1257, 1469]","[500, 1000]",0.4444444444444445,54.0,00:00:00,0.0336868000013055,2.2457866667537017e-05,,,,,,,,
Process Graph Metrics,AdditionalLogs,sudden_drift_00,,,,"[600, 1201]","[500, 1000]",0.5,100.0,00:00:00,0.1667488000020967,0.000111165866668,0.1,400.0,600.0,,,,,
Process Graph Metrics,AdditionalLogs,sudden_drift_02,,,,"[572, 1080]","[500, 1000]",1.0,76.0,00:00:12,12.5667512,0.0083778341333333,0.0001,100.0,400.0,,,,,
LCDD,AdditionalLogs,gradual_drift_04,200.0,200.0,200.0,"[201, 401, 655, 892, 1092, 1334]","[500, 1000]",0.5,95.5,00:00:00,0.011546100002306,8.247214287361463e-06,,,,,,,,
Process Graph Metrics,AdditionalLogs,sudden_drift_04,,,,"[584, 1232]","[500, 1000]",0.5,84.0,00:00:01,1.757033699999738,0.0011713557999998,0.005,300.0,700.0,,,,,
Process Graph Metrics,AdditionalLogs,gradual_drift_05,,,,"[600, 1200]","[500, 1000]",1.0,150.0,00:00:00,0.2695049000030849,0.0001925035000022,0.05,400.0,600.0,,,,,
Process Graph Metrics,AdditionalLogs,recurring_drift_03,,,,"[571, 1038]","[500, 1000]",1.0,54.5,00:00:03,3.5366709000009,0.0023577806000006,0.1,300.0,600.0,,,,,
LCDD,AdditionalLogs,gradual_drift_09,400.0,400.0,10.0,"[408, 920]","[500, 1000]",1.0,86.0,00:00:00,0.0203825000062352,1.4558928575882289e-05,,,,,,,,
Process Graph Metrics,AdditionalLogs,gradual_drift_07,,,,[970],"[500, 1000]",0.6666666666666666,30.0,00:00:01,1.1934394999989308,0.0008524567857135,0.005,200.0,400.0,,,,,
Process Graph Metrics,AdditionalLogs,recurring_drift_01,,,,"[580, 1030]","[500, 1000]",1.0,55.0,00:00:01,1.0088718999977573,0.0006725812666651,0.005,300.0,400.0,,,,,
Process Graph Metrics,AdditionalLogs,recurring_drift_02,,,,[1078],"[500, 1000]",0.6666666666666666,78.0,00:00:13,13.024312200002896,0.0086828748000019,0.005,100.0,500.0,,,,,
Process Graph Metrics,AdditionalLogs,gradual_drift_06,,,,"[600, 1200]","[500, 1000]",1.0,150.0,00:00:01,1.2059112999995705,0.0008613652142854,0.05,400.0,700.0,,,,,
Process Graph Metrics,AdditionalLogs,gradual_drift_05,,,,"[466, 1012, 1336]","[500, 1000]",0.8,23.0,00:00:01,1.0059773999964818,0.0007185552857117,0.05,300.0,500.0,,,,,
Process Graph Metrics,AdditionalLogs,gradual_drift_02,,,,"[450, 1071]","[500, 1000]",1.0,60.5,00:00:09,9.721470100004808,0.0069439072142891,0.1,300.0,600.0,,,,,
Process Graph Metrics,AdditionalLogs,gradual_drift_06,,,,"[315, 824, 1190]","[500, 1000]",0.8,180.5,00:00:23,23.396504899996216,0.016711789214283,0.1,100.0,500.0,,,,,
Process Graph Metrics,AdditionalLogs,gradual_drift_01,,,,"[600, 1266]","[500, 1000]",0.5,100.0,00:00:00,0.6816390999956639,0.0004868850714254,0.05,400.0,400.0,,,,,
LCDD,AdditionalLogs,sudden_drift_04,200.0,200.0,100.0,"[234, 443, 677, 920, 1186, 1415]","[500, 1000]",0.5,68.5,00:00:00,0.0145541000019875,9.702733334658357e-06,,,,,,,,
LCDD,AdditionalLogs,gradual_drift_09,200.0,200.0,100.0,"[408, 608, 920, 1120, 1373]","[500, 1000]",0.5714285714285715,86.0,00:00:00,0.028863799998362,2.061699999883006e-05,,,,,,,,
Process Graph Metrics,AdditionalLogs,sudden_drift_05,,,,[600],"[500, 1000]",0.6666666666666666,100.0,00:00:00,0.5736563999962527,0.0003824375999975,0.0001,400.0,600.0,,,,,
Zheng DBSCAN,AdditionalLogs,sudden_drift_02,,,,"[np.float64(560.6451612903226), np.float64(777.0), np.float64(835.5), np.float64(1013.175), np.float64(1212.0), np.float64(1284.0), np.float64(1377.0), np.float64(1477.0)]","[500, 1000]",0.4,36.91008064516126,00:00:00,0.6056289999978617,0.0004037526666652,,,,400.0,40.0,,,
Zheng DBSCAN,AdditionalLogs,sudden_drift_02,,,,"[np.float64(836.8589743589744), np.float64(1377.0), np.float64(1477.0)]","[500, 1000]",0.4,163.14102564102564,00:00:00,0.6056289999978617,0.0004037526666652,,,,400.0,80.0,,,
Zheng DBSCAN,AdditionalLogs,sudden_drift_02,,,,[np.float64(873.0120481927711)],"[500, 1000]",0.6666666666666666,126.98795180722892,00:00:00,0.6056289999978617,0.0004037526666652,,,,400.0,120.0,,,
Zheng DBSCAN,AdditionalLogs,sudden_drift_02,,,,[np.float64(873.0120481927711)],"[500, 1000]",0.6666666666666666,126.98795180722892,00:00:00,0.6056289999978617,0.0004037526666652,,,,400.0,160.0,,,
Zheng DBSCAN,AdditionalLogs,sudden_drift_02,,,,[np.float64(816.9222222222222)],"[500, 1000]",0.6666666666666666,183.07777777777773,00:00:00,0.6056289999978617,0.0004037526666652,,,,400.0,200.0,,,
Process Graph Metrics,AdditionalLogs,sudden_drift_01,,,,"[546, 1134]","[500, 1000]",1.0,90.0,00:00:04,4.142418099996576,0.0027616120666643,0.0001,300.0,500.0,,,,,
LCDD,AdditionalLogs,gradual_drift_00,800.0,800.0,100.0,[912],"[500, 1000]",0.6666666666666666,88.0,00:00:00,0.0142796000000089,1.0199714285720673e-05,,,,,,,,
Process Graph Metrics,AdditionalLogs,sudden_drift_01,,,,"[600, 1200]","[500, 1000]",1.0,150.0,00:00:00,0.5979371000066749,0.0003986247333377,0.05,400.0,600.0,,,,,
Process Graph Metrics,AdditionalLogs,sudden_drift_06,,,,"[629, 1253]","[500, 1000]",0.5,129.0,00:00:03,3.281107399998291,0.0021874049333321,0.05,200.0,500.0,,,,,
LCDD,AdditionalLogs,recurring_drift_00,1200.0,1200.0,200.0,[1259],"[500, 1000]",,,00:00:00,0.1398741999946651,9.324946666311008e-05,,,,,,,,
Process Graph Metrics,AdditionalLogs,gradual_drift_07,,,,"[450, 915, 1455]","[500, 1000]",0.8,67.5,00:00:00,0.5001816999938455,0.0003572726428527,0.1,300.0,700.0,,,,,
Process Graph Metrics,AdditionalLogs,gradual_drift_03,,,,"[525, 1075]","[500, 1000]",1.0,50.0,00:00:02,2.007594799993967,0.0014339962857099,0.1,300.0,700.0,,,,,
Process Graph Metrics,AdditionalLogs,gradual_drift_02,,,,"[375, 876]","[500, 1000]",1.0,124.5,00:00:06,6.272693500002788,0.0044804953571448,0.1,100.0,600.0,,,,,
Process Graph Metrics,AdditionalLogs,recurring_drift_03,,,,"[312, 624, 1050]","[500, 1000]",0.8,87.0,00:00:01,1.2692801000011968,0.0008461867333341,0.005,100.0,500.0,,,,,
LCDD,AdditionalLogs,sudden_drift_02,400.0,400.0,20.0,"[467, 1003, 1469]","[500, 1000]",0.8,18.0,00:00:00,0.0324059999984456,2.160399999896375e-05,,,,,,,,
Process Graph Metrics,AdditionalLogs,sudden_drift_01,,,,"[540, 1080]","[500, 1000]",1.0,60.0,00:00:00,0.6021976000047289,0.0004014650666698,0.1,300.0,400.0,,,,,
Process Graph Metrics,AdditionalLogs,recurring_drift_08,,,,"[717, 1365]","[500, 1000]",,,00:00:02,2.7807201000032364,0.0018538134000021,0.1,300.0,700.0,,,,,
Process Graph Metrics,AdditionalLogs,sudden_drift_06,,,,"[673, 1321]","[500, 1000]",0.5,173.0,00:00:08,8.501932999999553,0.005667955333333,0.005,100.0,600.0,,,,,
LCDD,AdditionalLogs,gradual_drift_00,400.0,400.0,5.0,"[413, 912]","[500, 1000]",1.0,87.5,00:00:00,0.0089809000055538,6.414928575395606e-06,,,,,,,,
Process Graph Metrics,AdditionalLogs,gradual_drift_08,,,,[1355],"[500, 1000]",,,00:00:15,15.26066759999958,0.0109004768571425,0.0001,200.0,700.0,,,,,
LCDD,AdditionalLogs,recurring_drift_07,1200.0,1200.0,5.0,[],"[500, 1000]",,,00:00:00,0.0181443000037688,1.2096200002512584e-05,,,,,,,,
Process Graph Metrics,AdditionalLogs,sudden_drift_06,,,,"[632, 1256]","[500, 1000]",0.5,132.0,00:00:04,4.226276100001996,0.0028175174000013,0.005,200.0,700.0,,,,,
Process Graph Metrics,AdditionalLogs,gradual_drift_01,,,,"[450, 1101]","[500, 1000]",1.0,75.5,00:00:01,1.4145024000026751,0.0010103588571447,0.005,100.0,600.0,,,,,
Process Graph Metrics,AdditionalLogs,sudden_drift_08,,,,"[704, 1046, 1306]","[500, 1000]",0.4,46.0,00:00:02,2.5113032999943243,0.0016742021999962,0.005,300.0,400.0,,,,,
LCDD,AdditionalLogs,gradual_drift_04,300.0,300.0,200.0,"[316, 655, 959, 1334]","[500, 1000]",0.6666666666666666,98.0,00:00:00,0.0111190000025089,7.942142858934988e-06,,,,,,,,
Process Graph Metrics,AdditionalLogs,recurring_drift_00,,,,"[561, 1101]","[500, 1000]",1.0,81.0,00:00:00,0.7529324000061024,0.0005019549333374,0.005,100.0,600.0,,,,,
Process Graph Metrics,AdditionalLogs,sudden_drift_02,,,,"[451, 1056, 1493]","[500, 1000]",0.8,52.5,00:00:02,2.126200600003358,0.0014174670666689,0.05,200.0,700.0,,,,,
LCDD,AdditionalLogs,sudden_drift_06,800.0,800.0,10.0,[805],"[500, 1000]",0.6666666666666666,195.0,00:00:00,0.0772260000012465,5.148400000083105e-05,,,,,,,,
Process Graph Metrics,AdditionalLogs,recurring_drift_06,,,,"[880, 1060]","[500, 1000]",0.5,60.0,00:00:04,4.042414900002768,0.0026949432666685,0.1,300.0,700.0,,,,,
Process Graph Metrics,AdditionalLogs,sudden_drift_03,,,,"[626, 1166]","[500, 1000]",1.0,146.0,00:00:02,2.666331499996886,0.0017775543333312,0.1,300.0,500.0,,,,,
Process Graph Metrics,AdditionalLogs,gradual_drift_02,,,,"[323, 625, 1069]","[500, 1000]",0.8,97.0,00:00:02,2.3333278999998583,0.0016666627857141,0.1,200.0,600.0,,,,,
Zheng DBSCAN,AdditionalLogs,sudden_drift_08,,,,"[np.float64(560.90625), np.float64(822.5), np.float64(983.96875), np.float64(1235.857142857143), np.float64(1429.4285714285713)]","[500, 1000]",0.5714285714285715,38.46875,00:00:00,0.5085805999988224,0.0003390537333325,,,,500.0,50.0,,,
Zheng DBSCAN,AdditionalLogs,sudden_drift_08,,,,[np.float64(803.3777777777777)],"[500, 1000]",0.6666666666666666,196.62222222222223,00:00:00,0.5085805999988224,0.0003390537333325,,,,500.0,100.0,,,
Zheng DBSCAN,AdditionalLogs,sudden_drift_08,,,,[np.float64(803.3777777777777)],"[500, 1000]",0.6666666666666666,196.62222222222223,00:00:00,0.5085805999988224,0.0003390537333325,,,,500.0,150.0,,,
Zheng DBSCAN,AdditionalLogs,sudden_drift_08,,,,[np.float64(803.3777777777777)],"[500, 1000]",0.6666666666666666,196.62222222222223,00:00:00,0.5085805999988224,0.0003390537333325,,,,500.0,200.0,,,
Zheng DBSCAN,AdditionalLogs,sudden_drift_08,,,,[np.float64(803.3777777777777)],"[500, 1000]",0.6666666666666666,196.62222222222223,00:00:00,0.5085805999988224,0.0003390537333325,,,,500.0,250.0,,,
LCDD,AdditionalLogs,gradual_drift_03,800.0,800.0,20.0,[830],"[500, 1000]",0.6666666666666666,170.0,00:00:00,0.0178922999984934,1.2780214284638144e-05,,,,,,,,
Process Graph Metrics,AdditionalLogs,gradual_drift_08,,,,"[562, 1186]","[500, 1000]",1.0,124.0,00:00:01,1.5226441999984672,0.0010876029999989,0.05,200.0,500.0,,,,,
LCDD,AdditionalLogs,sudden_drift_02,300.0,300.0,20.0,"[336, 641, 1003, 1338]","[500, 1000]",0.6666666666666666,72.0,00:00:00,0.0348392000014428,2.3226133334295205e-05,,,,,,,,
Process Graph Metrics,AdditionalLogs,recurring_drift_07,,,,"[304, 564, 939, 1314]","[500, 1000]",0.6666666666666666,62.5,00:00:00,0.951375000004191,0.0006342500000027,0.1,100.0,500.0,,,,,
LCDD,AdditionalLogs,gradual_drift_01,300.0,300.0,50.0,"[303, 639, 951, 1256]","[500, 1000]",0.6666666666666666,94.0,00:00:00,0.0298626000003423,2.133042857167311e-05,,,,,,,,
Process Graph Metrics,AdditionalLogs,gradual_drift_09,,,,"[600, 1200]","[500, 1000]",1.0,150.0,00:00:00,0.4936501999982283,0.000352607285713,0.0001,400.0,600.0,,,,,
Process Graph Metrics,AdditionalLogs,recurring_drift_06,,,,"[550, 862, 1442]","[500, 1000]",0.8,94.0,00:00:06,6.088723299995763,0.0040591488666638,0.05,400.0,400.0,,,,,
LCDD,AdditionalLogs,sudden_drift_08,600.0,600.0,50.0,"[601, 1233]","[500, 1000]",0.5,101.0,00:00:00,0.0126910999970277,8.46073333135185e-06,,,,,,,,
Process Graph Metrics,AdditionalLogs,sudden_drift_04,,,,[609],"[500, 1000]",0.6666666666666666,109.0,00:00:02,2.920720499998424,0.0019471469999989,0.0001,100.0,400.0,,,,,
Process Graph Metrics,AdditionalLogs,gradual_drift_08,,,,"[562, 1186]","[500, 1000]",1.0,124.0,00:00:01,1.5235818999935873,0.0010882727857097,0.05,200.0,700.0,,,,,
LCDD,AdditionalLogs,sudden_drift_07,800.0,800.0,100.0,[913],"[500, 1000]",0.6666666666666666,87.0,00:00:00,0.0118415999968419,7.894399997894652e-06,,,,,,,,
Process Graph Metrics,AdditionalLogs,gradual_drift_01,,,,"[315, 658, 970, 1282]","[500, 1000]",0.6666666666666666,94.0,00:00:02,2.459774800001469,0.001756982000001,0.05,100.0,500.0,,,,,
LCDD,AdditionalLogs,recurring_drift_09,800.0,800.0,10.0,[],"[500, 1000]",,,00:00:00,0.028829200004111,1.921946666940736e-05,,,,,,,,
LCDD,AdditionalLogs,recurring_drift_07,800.0,800.0,20.0,[],"[500, 1000]",,,00:00:00,0.0176212000005762,1.1747466667050808e-05,,,,,,,,
Process Graph Metrics,AdditionalLogs,sudden_drift_03,,,,[651],"[500, 1000]",0.6666666666666666,151.0,00:00:01,1.877097900003719,0.0012513986000024,0.005,400.0,700.0,,,,,
Process Graph Metrics,AdditionalLogs,recurring_drift_09,,,,"[600, 1200]","[500, 1000]",1.0,150.0,00:00:00,0.3890517000036197,0.0002593678000024,0.1,400.0,500.0,,,,,
Process Graph Metrics,AdditionalLogs,recurring_drift_01,,,,[779],"[500, 1000]",,,00:00:01,1.0626657999964664,0.0007084438666643,0.0001,300.0,700.0,,,,,
LCDD,AdditionalLogs,sudden_drift_09,800.0,800.0,20.0,[1000],"[500, 1000]",0.6666666666666666,0.0,00:00:00,0.0221743000001879,1.478286666679196e-05,,,,,,,,
LCDD,AdditionalLogs,gradual_drift_04,400.0,400.0,5.0,"[401, 809, 1212]","[500, 1000]",0.8,145.0,00:00:00,0.0078013000020291,5.572357144306547e-06,,,,,,,,
LCDD,AdditionalLogs,sudden_drift_00,300.0,300.0,20.0,"[502, 1000]","[500, 1000]",1.0,1.0,00:00:00,0.1448930999977165,9.659539999847768e-05,,,,,,,,
Process Graph Metrics,AdditionalLogs,sudden_drift_04,,,,[613],"[500, 1000]",0.6666666666666666,113.0,00:00:00,0.8566000999999233,0.0005710667333332,0.0001,400.0,400.0,,,,,
Process Graph Metrics,AdditionalLogs,gradual_drift_06,,,,"[464, 972]","[500, 1000]",1.0,32.0,00:00:09,9.981630099995527,0.007129735785711,0.005,200.0,700.0,,,,,
LCDD,AdditionalLogs,gradual_drift_05,600.0,600.0,200.0,"[657, 1309]","[500, 1000]",0.5,157.0,00:00:00,0.019650599999295,1.4036142856639344e-05,,,,,,,,
LCDD,AdditionalLogs,sudden_drift_05,800.0,800.0,100.0,[1000],"[500, 1000]",0.6666666666666666,0.0,00:00:00,0.0219638000053237,1.464253333688248e-05,,,,,,,,
LCDD,AdditionalLogs,sudden_drift_03,600.0,600.0,200.0,[816],"[500, 1000]",0.6666666666666666,184.0,00:00:00,0.010965200002829,7.310133335219386e-06,,,,,,,,
LCDD,AdditionalLogs,gradual_drift_05,1200.0,1200.0,150.0,[1316],"[500, 1000]",,,00:00:00,0.017634599993471,1.2596142852479326e-05,,,,,,,,
LCDD,AdditionalLogs,recurring_drift_03,300.0,300.0,150.0,"[301, 631, 962, 1284]","[500, 1000]",0.6666666666666666,84.5,00:00:00,0.0117817999998806,7.854533333253737e-06,,,,,,,,
LCDD,AdditionalLogs,gradual_drift_04,300.0,300.0,100.0,"[316, 655, 959, 1334]","[500, 1000]",0.6666666666666666,98.0,00:00:00,0.0109813000017311,7.843785715522244e-06,,,,,,,,
Process Graph Metrics,AdditionalLogs,gradual_drift_05,,,,"[466, 1009, 1335]","[500, 1000]",0.8,21.5,00:00:01,1.0751864000048954,0.0007679902857177,0.1,300.0,600.0,,,,,
LCDD,AdditionalLogs,recurring_drift_02,200.0,200.0,5.0,"[207, 419, 637, 841, 1041, 1252, 1478]","[500, 1000]",0.4444444444444445,61.0,00:00:00,0.0259351999993668,1.729013333291126e-05,,,,,,,,
Process Graph Metrics,AdditionalLogs,recurring_drift_01,,,,"[587, 1136]","[500, 1000]",1.0,111.5,00:00:04,4.802194899995811,0.0032014632666638,0.0001,400.0,400.0,,,,,
Process Graph Metrics,AdditionalLogs,sudden_drift_00,,,,"[647, 1187]","[500, 1000]",1.0,167.0,00:00:02,2.3801937000025646,0.0015867958000017,0.0001,100.0,500.0,,,,,
Process Graph Metrics,AdditionalLogs,recurring_drift_03,,,,"[577, 1038]","[500, 1000]",1.0,57.5,00:00:02,2.790619100000185,0.0018604127333334,0.05,300.0,400.0,,,,,
LCDD,AdditionalLogs,sudden_drift_06,600.0,600.0,20.0,"[805, 1452]","[500, 1000]",0.5,195.0,00:00:00,0.0597754000045824,3.985026666972165e-05,,,,,,,,
LCDD,AdditionalLogs,gradual_drift_00,100.0,100.0,200.0,"[100, 200, 329, 431, 576, 912, 1067, 1177, 1277]","[500, 1000]",0.3636363636363636,68.0,00:00:00,0.0082766999985324,5.911928570380301e-06,,,,,,,,
LCDD,AdditionalLogs,gradual_drift_05,300.0,300.0,5.0,"[318, 627, 935, 1251]","[500, 1000]",0.6666666666666666,96.0,00:00:00,0.0195616999990306,1.3972642856450484e-05,,,,,,,,
LCDD,AdditionalLogs,sudden_drift_04,200.0,200.0,5.0,"[234, 443, 677, 920, 1186, 1415]","[500, 1000]",0.5,68.5,00:00:00,0.0141481000027852,9.432066668523475e-06,,,,,,,,
Process Graph Metrics,AdditionalLogs,sudden_drift_05,,,,[564],"[500, 1000]",0.6666666666666666,64.0,00:00:03,3.492419099995459,0.0023282793999969,0.0001,100.0,500.0,,,,,
Process Graph Metrics,AdditionalLogs,recurring_drift_04,,,,"[644, 1185]","[500, 1000]",1.0,164.5,00:00:02,2.375042199993913,0.0015833614666626,0.0001,300.0,500.0,,,,,
LCDD,AdditionalLogs,sudden_drift_05,200.0,200.0,20.0,"[200, 423, 643, 881, 1087, 1315]","[500, 1000]",0.5,82.0,00:00:00,0.0222340000036638,1.4822666669109216e-05,,,,,,,,
Process Graph Metrics,AdditionalLogs,recurring_drift_07,,,,"[600, 1200]","[500, 1000]",1.0,150.0,00:00:00,0.1611154999991413,0.0001074103333327,0.05,400.0,600.0,,,,,
Bose J,AdditionalLogs,recurring_drift_01,,,,[np.int64(430)],"[500, 1000]",0.6666666666666666,70.0,00:02:18,138.96410589999869,0.0926427372666657,,,,,,200.0,2.0,
Bose WC,AdditionalLogs,recurring_drift_01,,,,"[np.int64(430), np.int64(948)]","[500, 1000]",1.0,61.0,00:02:14,134.8881615000064,0.0899254410000042,,,,,,200.0,2.0,
Bose J,AdditionalLogs,gradual_drift_08,,,,[],"[500, 1000]",,,00:03:28,208.8073235999982,0.149148088285713,,,,,,200.0,2.0,
Bose WC,AdditionalLogs,gradual_drift_08,,,,[],"[500, 1000]",,,00:03:30,210.38894590000564,0.150277818500004,,,,,,200.0,2.0,
Bose J,AdditionalLogs,recurring_drift_09,,,,"[np.int64(472), np.int64(958)]","[500, 1000]",1.0,35.0,00:01:34,94.6204304999992,0.0630802869999994,,,,,,200.0,2.0,
Bose WC,AdditionalLogs,recurring_drift_09,,,,"[np.int64(472), np.int64(986)]","[500, 1000]",1.0,21.0,00:01:34,94.599263899996,0.0630661759333306,,,,,,200.0,2.0,
Bose J,AdditionalLogs,gradual_drift_00,,,,[np.int64(998)],"[500, 1000]",0.6666666666666666,2.0,00:02:17,137.79192880000485,0.0984228062857177,,,,,,200.0,2.0,
Bose WC,AdditionalLogs,gradual_drift_00,,,,[],"[500, 1000]",,,00:02:19,139.00833039999998,0.0992916645714285,,,,,,200.0,2.0,
Bose J,AdditionalLogs,gradual_drift_09,,,,"[np.int64(424), np.int64(898)]","[500, 1000]",1.0,89.0,00:01:48,108.47420109999804,0.0774815722142843,,,,,,200.0,2.0,
Bose WC,AdditionalLogs,gradual_drift_09,,,,"[np.int64(424), np.int64(822)]","[500, 1000]",1.0,127.0,00:01:48,108.92481899999984,0.077803442142857,,,,,,200.0,2.0,
Bose J,AdditionalLogs,recurring_drift_00,,,,[],"[500, 1000]",,,00:01:41,101.78186060000009,0.0678545737333333,,,,,,200.0,2.0,
Bose WC,AdditionalLogs,recurring_drift_00,,,,[np.int64(500)],"[500, 1000]",0.6666666666666666,0.0,00:02:20,140.13112610000098,0.0934207507333339,,,,,,200.0,2.0,
Bose J,AdditionalLogs,recurring_drift_06,,,,[],"[500, 1000]",,,00:02:58,178.93377450000116,0.1192891830000007,,,,,,200.0,2.0,
Bose WC,AdditionalLogs,recurring_drift_06,,,,[],"[500, 1000]",,,00:02:57,177.3035194999975,0.1182023463333316,,,,,,200.0,2.0,
Bose J,AdditionalLogs,sudden_drift_08,,,,[np.int64(994)],"[500, 1000]",0.6666666666666666,6.0,00:03:17,197.5298134999976,0.1316865423333316,,,,,,200.0,2.0,
Bose WC,AdditionalLogs,sudden_drift_08,,,,[],"[500, 1000]",,,00:03:18,198.70526279999467,0.1324701751999964,,,,,,200.0,2.0,
Bose J,AdditionalLogs,recurring_drift_08,,,,"[np.int64(500), np.int64(1002)]","[500, 1000]",1.0,1.0,00:03:13,193.67254759999923,0.1291150317333328,,,,,,200.0,2.0,
Bose WC,AdditionalLogs,recurring_drift_08,,,,[],"[500, 1000]",,,00:03:15,195.3833011999959,0.1302555341333306,,,,,,200.0,2.0,
Bose J,AdditionalLogs,sudden_drift_02,,,,"[np.int64(348), np.int64(992)]","[500, 1000]",1.0,80.0,00:03:05,185.54635599999887,0.1236975706666659,,,,,,200.0,2.0,
Bose WC,AdditionalLogs,sudden_drift_02,,,,[np.int64(992)],"[500, 1000]",0.6666666666666666,8.0,00:03:10,190.25685800000065,0.1268379053333337,,,,,,200.0,2.0,
Bose J,AdditionalLogs,gradual_drift_04,,,,"[np.int64(414), np.int64(926)]","[500, 1000]",1.0,80.0,00:02:27,147.78627810000037,0.1055616272142859,,,,,,200.0,2.0,
Bose WC,AdditionalLogs,gradual_drift_04,,,,[],"[500, 1000]",,,00:02:27,147.6217883000063,0.1054441345000045,,,,,,200.0,2.0,
Bose J,AdditionalLogs,recurring_drift_02,,,,[np.int64(962)],"[500, 1000]",0.6666666666666666,38.0,00:02:46,166.35352930000226,0.1109023528666681,,,,,,200.0,2.0,
Bose WC,AdditionalLogs,recurring_drift_02,,,,[np.int64(962)],"[500, 1000]",0.6666666666666666,38.0,00:02:51,171.66384280000057,0.114442561866667,,,,,,200.0,2.0,
Bose J,AdditionalLogs,gradual_drift_03,,,,"[np.int64(510), np.int64(950)]","[500, 1000]",1.0,30.0,00:02:09,129.50706039999932,0.0925050431428566,,,,,,200.0,2.0,
Bose WC,AdditionalLogs,gradual_drift_03,,,,[],"[500, 1000]",,,00:02:08,128.08886610000627,0.0914920472142901,,,,,,200.0,2.0,
Bose J,AdditionalLogs,gradual_drift_05,,,,"[np.int64(554), np.int64(938)]","[500, 1000]",1.0,58.0,00:01:48,108.9846247999958,0.0778461605714255,,,,,,200.0,2.0,
Bose WC,AdditionalLogs,gradual_drift_05,,,,[np.int64(896)],"[500, 1000]",0.6666666666666666,104.0,00:01:51,111.4895344999968,0.079635381785712,,,,,,200.0,2.0,
Bose J,AdditionalLogs,gradual_drift_06,,,,"[np.int64(528), np.int64(1040)]","[500, 1000]",1.0,34.0,00:02:55,175.22273470000073,0.1251590962142862,,,,,,200.0,2.0,
Bose WC,AdditionalLogs,gradual_drift_06,,,,"[np.int64(440), np.int64(1040)]","[500, 1000]",1.0,50.0,00:02:51,171.13668719999987,0.1222404908571427,,,,,,200.0,2.0,
Bose J,AdditionalLogs,sudden_drift_05,,,,"[np.int64(512), np.int64(962)]","[500, 1000]",1.0,25.0,00:01:45,105.78158890000486,0.0705210592666699,,,,,,200.0,2.0,
Bose WC,AdditionalLogs,sudden_drift_05,,,,"[np.int64(510), np.int64(986)]","[500, 1000]",1.0,12.0,00:01:49,109.2682627000031,0.0728455084666687,,,,,,200.0,2.0,
Bose J,AdditionalLogs,sudden_drift_01,,,,"[np.int64(486), np.int64(1006)]","[500, 1000]",1.0,10.0,00:02:31,151.3393154000005,0.1008928769333336,,,,,,200.0,2.0,
Bose WC,AdditionalLogs,sudden_drift_01,,,,"[np.int64(486), np.int64(1006)]","[500, 1000]",1.0,10.0,00:02:28,148.475824000001,0.0989838826666673,,,,,,200.0,2.0,
Bose J,AdditionalLogs,sudden_drift_00,,,,[],"[500, 1000]",,,00:03:22,202.8909929999936,0.1352606619999957,,,,,,200.0,2.0,
Bose WC,AdditionalLogs,sudden_drift_00,,,,[],"[500, 1000]",,,00:02:42,162.50667780000367,0.1083377852000024,,,,,,200.0,2.0,
Bose J,AdditionalLogs,recurring_drift_03,,,,"[np.int64(500), np.int64(990)]","[500, 1000]",1.0,5.0,00:02:20,140.71491539999988,0.0938099435999999,,,,,,200.0,2.0,
Bose WC,AdditionalLogs,recurring_drift_03,,,,[],"[500, 1000]",,,00:02:21,141.04838349999773,0.0940322556666651,,,,,,200.0,2.0,
Bose J,AdditionalLogs,gradual_drift_02,,,,[np.int64(472)],"[500, 1000]",0.6666666666666666,28.0,00:02:18,138.5308587000036,0.0989506133571454,,,,,,200.0,2.0,
Bose WC,AdditionalLogs,gradual_drift_02,,,,[np.int64(460)],"[500, 1000]",0.6666666666666666,40.0,00:02:21,141.27220320000197,0.1009087165714299,,,,,,200.0,2.0,
Bose J,AdditionalLogs,sudden_drift_06,,,,"[np.int64(470), np.int64(1088)]","[500, 1000]",1.0,59.0,00:05:04,304.8535913000014,0.2032357275333342,,,,,,200.0,2.0,
Bose WC,AdditionalLogs,sudden_drift_06,,,,"[np.int64(506), np.int64(1088)]","[500, 1000]",1.0,47.0,00:02:33,153.52071710000018,0.1023471447333334,,,,,,200.0,2.0,
Bose J,AdditionalLogs,gradual_drift_01,,,,"[np.int64(472), np.int64(924)]","[500, 1000]",1.0,52.0,00:02:33,153.03888780000125,0.1093134912857151,,,,,,200.0,2.0,
Bose WC,AdditionalLogs,gradual_drift_01,,,,"[np.int64(472), np.int64(926)]","[500, 1000]",1.0,51.0,00:02:12,132.805260000001,0.0948609000000007,,,,,,200.0,2.0,
Bose J,AdditionalLogs,sudden_drift_07,,,,[np.int64(1120)],"[500, 1000]",0.6666666666666666,120.0,00:01:52,112.02971749999416,0.0746864783333294,,,,,,200.0,2.0,
Bose WC,AdditionalLogs,sudden_drift_07,,,,[],"[500, 1000]",,,00:01:48,108.320355200005,0.0722135701333366,,,,,,200.0,2.0,
Bose J,AdditionalLogs,sudden_drift_09,,,,"[np.int64(482), np.int64(994)]","[500, 1000]",1.0,12.0,00:01:33,93.56260420000037,0.0623750694666669,,,,,,200.0,2.0,
Bose WC,AdditionalLogs,sudden_drift_09,,,,[np.int64(852)],"[500, 1000]",0.6666666666666666,148.0,00:01:34,94.73268000000098,0.0631551200000006,,,,,,200.0,2.0,
Bose J,AdditionalLogs,gradual_drift_07,,,,"[np.int64(434), np.int64(996)]","[500, 1000]",1.0,35.0,00:01:43,103.0976645999981,0.0736411889999986,,,,,,200.0,2.0,
Bose WC,AdditionalLogs,gradual_drift_07,,,,[],"[500, 1000]",,,00:01:32,92.118501500001,0.0657989296428578,,,,,,200.0,2.0,
Bose J,AdditionalLogs,recurring_drift_04,,,,"[np.int64(498), np.int64(1000)]","[500, 1000]",1.0,1.0,00:02:38,158.73485889999574,0.1058232392666638,,,,,,200.0,2.0,
Bose WC,AdditionalLogs,recurring_drift_04,,,,[],"[500, 1000]",,,00:01:27,87.36230709999654,0.0582415380666643,,,,,,200.0,2.0,
Bose J,AdditionalLogs,sudden_drift_03,,,,"[np.int64(532), np.int64(1064)]","[500, 1000]",1.0,48.0,00:02:08,128.4397334000023,0.0856264889333348,,,,,,200.0,2.0,
Bose WC,AdditionalLogs,sudden_drift_03,,,,[],"[500, 1000]",,,00:01:24,84.05065229999309,0.0560337681999953,,,,,,200.0,2.0,
Bose J,AdditionalLogs,recurring_drift_05,,,,"[np.int64(516), np.int64(996)]","[500, 1000]",1.0,10.0,00:02:13,133.66554319999705,0.0891103621333313,,,,,,200.0,2.0,
Bose WC,AdditionalLogs,recurring_drift_05,,,,"[np.int64(496), np.int64(996)]","[500, 1000]",1.0,4.0,00:01:17,77.79579809999996,0.0518638653999999,,,,,,200.0,2.0,
Bose J,AdditionalLogs,recurring_drift_07,,,,[],"[500, 1000]",,,00:01:27,87.36178620000283,0.0582411908000018,,,,,,200.0,2.0,
Bose WC,AdditionalLogs,recurring_drift_07,,,,[],"[500, 1000]",,,00:01:05,65.68246180000278,0.0437883078666685,,,,,,200.0,2.0,
Bose J,AdditionalLogs,sudden_drift_04,,,,"[np.int64(492), np.int64(1000)]","[500, 1000]",1.0,4.0,00:01:54,114.56937570000446,0.0763795838000029,,,,,,200.0,2.0,
Bose WC,AdditionalLogs,sudden_drift_04,,,,[],"[500, 1000]",,,00:01:27,87.89588240000012,0.0585972549333334,,,,,,200.0,2.0,
Earth Mover's Distance,AdditionalLogs,recurring_drift_04,,,,[np.int64(1008)],"[500, 1000]",0.6666666666666666,8.0,00:00:04,4.247207500004151,0.0028314716666694,,,,,,100.0,2.0,
Earth Mover's Distance,AdditionalLogs,sudden_drift_09,,,,[],"[500, 1000]",,,00:00:15,15.779021499998636,0.0105193476666657,,,,,,100.0,2.0,
Maaradji Runs,AdditionalLogs,recurring_drift_06,,,,[],"[500, 1000]",,,00:09:29,569.6781820999968,0.3797854547333312,,,,,,300.0,2.0,
Maaradji Runs,AdditionalLogs,recurring_drift_05,,,,[],"[500, 1000]",,,00:00:27,27.87267219999921,0.0185817814666661,,,,,,300.0,2.0,
Earth Mover's Distance,AdditionalLogs,recurring_drift_06,,,,[np.int64(668)],"[500, 1000]",0.6666666666666666,168.0,00:03:52,232.5227098000032,0.1550151398666688,,,,,,100.0,2.0,
Maaradji Runs,AdditionalLogs,recurring_drift_07,,,,[],"[500, 1000]",,,00:00:04,4.789034599998558,0.0031926897333323,,,,,,300.0,2.0,
Maaradji Runs,AdditionalLogs,sudden_drift_05,,,,[568],"[500, 1000]",0.6666666666666666,68.0,00:00:10,10.581475399994815,0.0070543169333298,,,,,,300.0,2.0,
Maaradji Runs,AdditionalLogs,sudden_drift_06,,,,[],"[500, 1000]",,,00:19:40,1180.3834055000043,0.7869222703333362,,,,,,300.0,2.0,
Maaradji Runs,AdditionalLogs,gradual_drift_09,,,,[],"[500, 1000]",,,00:01:16,76.11725129999832,0.0543694652142845,,,,,,300.0,2.0,
Earth Mover's Distance,AdditionalLogs,recurring_drift_01,,,,[],"[500, 1000]",,,00:00:35,35.852099899995665,0.0239013999333304,,,,,,100.0,2.0,
Maaradji Runs,AdditionalLogs,gradual_drift_08,,,,[998],"[500, 1000]",0.6666666666666666,2.0,00:00:03,3.2148694999996223,0.0022963353571425,,,,,,300.0,2.0,
Earth Mover's Distance,AdditionalLogs,recurring_drift_09,,,,[],"[500, 1000]",,,00:00:21,21.188771399996767,0.0141258475999978,,,,,,100.0,2.0,
Earth Mover's Distance,AdditionalLogs,recurring_drift_08,,,,[np.int64(500)],"[500, 1000]",0.6666666666666666,0.0,00:00:01,1.5661383000042406,0.0010440922000028,,,,,,100.0,2.0,
Maaradji Runs,AdditionalLogs,sudden_drift_04,,,,"[498, 988]","[500, 1000]",1.0,7.0,00:00:04,4.921876799999154,0.0032812511999994,,,,,,300.0,2.0,
Earth Mover's Distance,AdditionalLogs,sudden_drift_02,,,,[],"[500, 1000]",,,00:00:28,28.617511600001308,0.0190783410666675,,,,,,100.0,2.0,
Maaradji Runs,AdditionalLogs,sudden_drift_09,,,,[552],"[500, 1000]",0.6666666666666666,52.0,00:01:21,81.03973279999627,0.0540264885333308,,,,,,300.0,2.0,
Earth Mover's Distance,AdditionalLogs,gradual_drift_00,,,,[np.int64(1004)],"[500, 1000]",0.6666666666666666,4.0,00:00:01,1.8442741000035312,0.0013173386428596,,,,,,100.0,2.0,
Maaradji Runs,AdditionalLogs,sudden_drift_08,,,,[970],"[500, 1000]",0.6666666666666666,30.0,00:00:05,5.972559699999692,0.0039817064666664,,,,,,300.0,2.0,
Maaradji Runs,AdditionalLogs,sudden_drift_02,,,,[],"[500, 1000]",,,00:02:47,167.96611819999816,0.1119774121333321,,,,,,300.0,2.0,
Maaradji Runs,AdditionalLogs,recurring_drift_02,,,,[],"[500, 1000]",,,00:02:27,147.62530459999834,0.0984168697333322,,,,,,300.0,2.0,
Maaradji Runs,AdditionalLogs,recurring_drift_01,,,,[],"[500, 1000]",,,00:01:13,73.04563030000281,0.0486970868666685,,,,,,300.0,2.0,
Earth Mover's Distance,AdditionalLogs,gradual_drift_09,,,,[],"[500, 1000]",,,00:00:16,16.224238499999046,0.0115887417857136,,,,,,100.0,2.0,
Earth Mover's Distance,AdditionalLogs,sudden_drift_01,,,,"[np.int64(568), np.int64(974)]","[500, 1000]",1.0,47.0,00:00:35,35.41610840000067,0.0236107389333337,,,,,,100.0,2.0,
Earth Mover's Distance,AdditionalLogs,sudden_drift_07,,,,[],"[500, 1000]",,,00:00:06,6.083922099998745,0.0040559480666658,,,,,,100.0,2.0,
Earth Mover's Distance,AdditionalLogs,gradual_drift_02,,,,[],"[500, 1000]",,,00:00:17,17.31091980000201,0.0123649427142871,,,,,,100.0,2.0,
Maaradji Runs,AdditionalLogs,recurring_drift_09,,,,[588],"[500, 1000]",0.6666666666666666,88.0,00:02:31,151.66036069999973,0.1011069071333331,,,,,,300.0,2.0,
Earth Mover's Distance,AdditionalLogs,gradual_drift_03,,,,[np.int64(470)],"[500, 1000]",0.6666666666666666,30.0,00:00:02,2.1367126000041026,0.0015262232857172,,,,,,100.0,2.0,
Earth Mover's Distance,AdditionalLogs,gradual_drift_06,,,,[np.int64(982)],"[500, 1000]",0.6666666666666666,18.0,00:03:16,196.1223439000023,0.1400873885000016,,,,,,100.0,2.0,
Maaradji Runs,AdditionalLogs,gradual_drift_01,,,,[532],"[500, 1000]",0.6666666666666666,32.0,00:01:01,61.19378919999872,0.0437098494285705,,,,,,300.0,2.0,
Maaradji Runs,AdditionalLogs,sudden_drift_00,,,,[],"[500, 1000]",,,00:00:08,8.94741459999932,0.0059649430666662,,,,,,300.0,2.0,
Earth Mover's Distance,AdditionalLogs,gradual_drift_07,,,,[],"[500, 1000]",,,00:00:03,3.753909899998689,0.0026813642142847,,,,,,100.0,2.0,
Maaradji Runs,AdditionalLogs,gradual_drift_07,,,,"[498, 940]","[500, 1000]",1.0,31.0,00:00:04,4.144467899997835,0.0029603342142841,,,,,,300.0,2.0,
Maaradji Runs,AdditionalLogs,recurring_drift_04,,,,"[542, 1008]","[500, 1000]",1.0,25.0,00:00:03,3.424200399997062,0.0022828002666647,,,,,,300.0,2.0,
Maaradji Runs,AdditionalLogs,recurring_drift_00,,,,[1116],"[500, 1000]",0.6666666666666666,116.0,00:00:08,8.561651300005906,0.0057077675333372,,,,,,300.0,2.0,
Maaradji Runs,AdditionalLogs,gradual_drift_05,,,,[498],"[500, 1000]",0.6666666666666666,2.0,00:00:22,22.173657100000128,0.0158383265,,,,,,300.0,2.0,
Earth Mover's Distance,AdditionalLogs,gradual_drift_05,,,,[np.int64(924)],"[500, 1000]",0.6666666666666666,76.0,00:00:08,8.158035200001905,0.0058271680000013,,,,,,100.0,2.0,
Earth Mover's Distance,AdditionalLogs,sudden_drift_04,,,,"[np.int64(500), np.int64(788), np.int64(1000)]","[500, 1000]",0.8,0.0,00:00:06,6.714057900004264,0.0044760386000028,,,,,,100.0,2.0,
Maaradji Runs,AdditionalLogs,recurring_drift_08,,,,"[498, 974]","[500, 1000]",1.0,14.0,00:00:05,5.024120900001435,0.0033494139333342,,,,,,300.0,2.0,
Earth Mover's Distance,AdditionalLogs,sudden_drift_05,,,,[np.int64(1000)],"[500, 1000]",0.6666666666666666,0.0,00:00:08,8.942613599996548,0.0059617423999976,,,,,,100.0,2.0,
Maaradji Runs,AdditionalLogs,gradual_drift_04,,,,"[498, 942]","[500, 1000]",1.0,30.0,00:00:03,3.626918399997521,0.0025906559999982,,,,,,300.0,2.0,
Earth Mover's Distance,AdditionalLogs,gradual_drift_08,,,,[],"[500, 1000]",,,00:00:01,1.0918964000011329,0.0007799260000008,,,,,,100.0,2.0,
Earth Mover's Distance,AdditionalLogs,gradual_drift_01,,,,"[np.int64(180), np.int64(918)]","[500, 1000]",0.5,82.0,00:00:32,32.18091980000463,0.0229863712857175,,,,,,100.0,2.0,
Earth Mover's Distance,AdditionalLogs,sudden_drift_06,,,,[np.int64(972)],"[500, 1000]",0.6666666666666666,28.0,00:03:27,207.111032300003,0.1380740215333353,,,,,,100.0,2.0,
Maaradji Runs,AdditionalLogs,gradual_drift_02,,,,[],"[500, 1000]",,,00:01:17,77.88370320000104,0.0556312165714293,,,,,,300.0,2.0,
Maaradji Runs,AdditionalLogs,sudden_drift_03,,,,[498],"[500, 1000]",0.6666666666666666,2.0,00:00:05,5.501635099994019,0.0036677567333293,,,,,,300.0,2.0,
Earth Mover's Distance,AdditionalLogs,sudden_drift_08,,,,[np.int64(1000)],"[500, 1000]",0.6666666666666666,0.0,00:00:03,3.3198621999981697,0.0022132414666654,,,,,,100.0,2.0,
Earth Mover's Distance,AdditionalLogs,gradual_drift_04,,,,"[np.int64(416), np.int64(948)]","[500, 1000]",1.0,68.0,00:00:05,5.293426000003819,0.0037810185714312,,,,,,100.0,2.0,
Maaradji Runs,AdditionalLogs,sudden_drift_01,,,,[],"[500, 1000]",,,00:01:07,67.37288750000153,0.0449152583333343,,,,,,300.0,2.0,
Earth Mover's Distance,AdditionalLogs,recurring_drift_00,,,,"[np.int64(500), np.int64(1000)]","[500, 1000]",1.0,0.0,00:00:02,2.015271500000381,0.0013435143333335,,,,,,100.0,2.0,
Earth Mover's Distance,AdditionalLogs,sudden_drift_00,,,,[np.int64(548)],"[500, 1000]",0.6666666666666666,48.0,00:00:01,1.840505000000121,0.0012270033333334,,,,,,100.0,2.0,
Maaradji Runs,AdditionalLogs,gradual_drift_06,,,,[1050],"[500, 1000]",0.6666666666666666,50.0,00:13:59,839.0946217000019,0.5993533012142871,,,,,,300.0,2.0,
Maaradji Runs,AdditionalLogs,recurring_drift_03,,,,"[498, 1048]","[500, 1000]",1.0,25.0,00:00:05,5.00035179999395,0.0033335678666626,,,,,,300.0,2.0,
Earth Mover's Distance,AdditionalLogs,sudden_drift_03,,,,"[np.int64(500), np.int64(990)]","[500, 1000]",1.0,5.0,00:00:02,2.318044300001929,0.0015453628666679,,,,,,100.0,2.0,
Earth Mover's Distance,AdditionalLogs,recurring_drift_07,,,,[np.int64(1016)],"[500, 1000]",0.6666666666666666,16.0,00:00:05,5.817553300003056,0.0038783688666687,,,,,,100.0,2.0,
Earth Mover's Distance,AdditionalLogs,recurring_drift_05,,,,[np.int64(510)],"[500, 1000]",0.6666666666666666,10.0,00:00:11,11.678371900001366,0.0077855812666675,,,,,,100.0,2.0,
Maaradji Runs,AdditionalLogs,gradual_drift_00,,,,[],"[500, 1000]",,,00:00:09,9.919904399997904,0.0070856459999985,,,,,,300.0,2.0,
Maaradji Runs,AdditionalLogs,gradual_drift_03,,,,[498],"[500, 1000]",0.6666666666666666,2.0,00:00:05,5.438833600004728,0.0038848811428605,,,,,,300.0,2.0,
Earth Mover's Distance,AdditionalLogs,recurring_drift_03,,,,"[np.int64(468), np.int64(998)]","[500, 1000]",1.0,17.0,00:00:02,2.2122701999978744,0.0014748467999985,,,,,,100.0,2.0,
Earth Mover's Distance,AdditionalLogs,recurring_drift_02,,,,[np.int64(422)],"[500, 1000]",0.6666666666666666,78.0,00:00:21,21.08466330000374,0.0140564422000024,,,,,,100.0,2.0,
Maaradji Runs,AdditionalLogs,sudden_drift_07,,,,[],"[500, 1000]",,,00:00:04,4.930699700002151,0.0032871331333347,,,,,,300.0,2.0,
Martjushev ADWIN J,AdditionalLogs,recurring_drift_05,,,,[],"[500, 1000]",,,00:00:09,9.889832599998044,0.006593221733332,0.4,200.0,500.0,,,,,50.0
Martjushev ADWIN J,AdditionalLogs,recurring_drift_07,,,,[],"[500, 1000]",,,00:00:08,8.250492099999974,0.0055003280666666,0.4,200.0,500.0,,,,,20.0
Martjushev ADWIN J,AdditionalLogs,recurring_drift_06,,,,[],"[500, 1000]",,,00:01:03,63.249877000002016,0.042166584666668,0.4,200.0,500.0,,,,,10.0
Martjushev ADWIN J,AdditionalLogs,recurring_drift_02,,,,[999],"[500, 1000]",0.6666666666666666,1.0,00:00:17,17.256034800004272,0.0115040232000028,0.4,200.0,500.0,,,,,50.0
Martjushev ADWIN J,AdditionalLogs,sudden_drift_06,,,,[],"[500, 1000]",,,00:01:52,112.40361619999749,0.0749357441333316,0.4,200.0,500.0,,,,,10.0
Martjushev ADWIN J,AdditionalLogs,gradual_drift_06,,,,[],"[500, 1000]",,,00:00:46,46.072244599999976,0.0329087461428571,0.4,200.0,500.0,,,,,50.0
Martjushev ADWIN J,AdditionalLogs,gradual_drift_04,,,,[],"[500, 1000]",,,00:00:14,14.713149499999416,0.0105093924999995,0.4,200.0,500.0,,,,,20.0
Martjushev ADWIN J,AdditionalLogs,recurring_drift_07,,,,[],"[500, 1000]",,,00:00:13,13.446952400001464,0.0089646349333343,0.4,200.0,500.0,,,,,10.0
Martjushev ADWIN J,AdditionalLogs,sudden_drift_08,,,,[],"[500, 1000]",,,00:00:13,13.538443800003732,0.0090256292000024,0.4,200.0,500.0,,,,,50.0
Martjushev ADWIN J,AdditionalLogs,sudden_drift_08,,,,[],"[500, 1000]",,,00:00:21,21.48352309999609,0.0143223487333307,0.4,200.0,500.0,,,,,20.0
Martjushev ADWIN J,AdditionalLogs,gradual_drift_01,,,,[],"[500, 1000]",,,00:00:16,16.79904009999882,0.011999314357142,0.4,200.0,500.0,,,,,50.0
Martjushev ADWIN J,AdditionalLogs,gradual_drift_09,,,,[],"[500, 1000]",,,00:00:09,9.811945500005097,0.0070085325000036,0.4,200.0,500.0,,,,,50.0
Martjushev ADWIN J,AdditionalLogs,sudden_drift_02,,,,[],"[500, 1000]",,,00:00:26,26.827159699998447,0.0178847731333322,0.4,200.0,500.0,,,,,20.0
Martjushev ADWIN J,AdditionalLogs,gradual_drift_00,,,,[],"[500, 1000]",,,00:00:22,22.8289614000023,0.0163064010000016,0.4,200.0,500.0,,,,,10.0
Martjushev ADWIN J,AdditionalLogs,sudden_drift_07,,,,[],"[500, 1000]",,,00:00:07,7.678884300003119,0.005119256200002,0.4,200.0,500.0,,,,,50.0
Martjushev ADWIN J,AdditionalLogs,sudden_drift_07,,,,[],"[500, 1000]",,,00:00:18,18.737666500004707,0.0124917776666698,0.4,200.0,500.0,,,,,10.0
Martjushev ADWIN J,AdditionalLogs,sudden_drift_09,,,,[909],"[500, 1000]",0.6666666666666666,91.0,00:00:12,12.61641360000067,0.0084109424000004,0.4,200.0,500.0,,,,,20.0
Martjushev ADWIN J,AdditionalLogs,gradual_drift_00,,,,[],"[500, 1000]",,,00:00:15,15.217231499998888,0.0108694510714277,0.4,200.0,500.0,,,,,20.0
Martjushev ADWIN J,AdditionalLogs,recurring_drift_04,,,,[],"[500, 1000]",,,00:00:17,17.902001099995687,0.0119346673999971,0.4,200.0,500.0,,,,,20.0
Martjushev ADWIN J,AdditionalLogs,recurring_drift_06,,,,[],"[500, 1000]",,,00:00:55,55.49794380000094,0.0369986292000006,0.4,200.0,500.0,,,,,20.0
Martjushev ADWIN J,AdditionalLogs,recurring_drift_01,,,,[],"[500, 1000]",,,00:00:29,29.671912199999497,0.0197812747999996,0.4,200.0,500.0,,,,,10.0
Martjushev ADWIN J,AdditionalLogs,recurring_drift_03,,,,[],"[500, 1000]",,,00:00:24,24.19098300000041,0.0161273220000002,0.4,200.0,500.0,,,,,10.0
Martjushev ADWIN J,AdditionalLogs,recurring_drift_01,,,,[],"[500, 1000]",,,00:00:21,21.269805299998552,0.014179870199999,0.4,200.0,500.0,,,,,20.0
Martjushev ADWIN J,AdditionalLogs,sudden_drift_09,,,,[899],"[500, 1000]",0.6666666666666666,101.0,00:00:17,17.481657399999676,0.0116544382666664,0.4,200.0,500.0,,,,,10.0
Martjushev ADWIN J,AdditionalLogs,sudden_drift_04,,,,[],"[500, 1000]",,,00:00:14,14.184195100002398,0.0094561300666682,0.4,200.0,500.0,,,,,50.0
Martjushev ADWIN J,AdditionalLogs,gradual_drift_05,,,,[],"[500, 1000]",,,00:00:20,20.389108899995332,0.0145636492142823,0.4,200.0,500.0,,,,,10.0
Martjushev ADWIN J,AdditionalLogs,gradual_drift_02,,,,[],"[500, 1000]",,,00:00:28,28.22629130000132,0.020161636642858,0.4,200.0,500.0,,,,,10.0
Martjushev ADWIN J,AdditionalLogs,sudden_drift_06,,,,[],"[500, 1000]",,,00:01:27,87.03213269999833,0.0580214217999988,0.4,200.0,500.0,,,,,50.0
Martjushev ADWIN J,AdditionalLogs,gradual_drift_07,,,,[],"[500, 1000]",,,00:00:10,10.99256840000453,0.0078518345714318,0.4,200.0,500.0,,,,,20.0
Martjushev ADWIN J,AdditionalLogs,gradual_drift_08,,,,[],"[500, 1000]",,,00:00:23,23.166873899994243,0.0165477670714244,0.4,200.0,500.0,,,,,20.0
Martjushev ADWIN J,AdditionalLogs,gradual_drift_01,,,,[],"[500, 1000]",,,00:00:23,23.604071000001568,0.0168600507142868,0.4,200.0,500.0,,,,,20.0
Martjushev ADWIN J,AdditionalLogs,recurring_drift_02,,,,[979],"[500, 1000]",0.6666666666666666,21.0,00:00:35,35.865841799997725,0.0239105611999984,0.4,200.0,500.0,,,,,10.0
Martjushev ADWIN J,AdditionalLogs,sudden_drift_05,,,,[],"[500, 1000]",,,00:00:20,20.112493100001306,0.0134083287333342,0.4,200.0,500.0,,,,,10.0
Martjushev ADWIN J,AdditionalLogs,sudden_drift_01,,,,[],"[500, 1000]",,,00:00:17,17.780054199996812,0.0118533694666645,0.4,200.0,500.0,,,,,50.0
Martjushev ADWIN J,AdditionalLogs,sudden_drift_05,,,,[],"[500, 1000]",,,00:00:13,13.244319499994162,0.0088295463333294,0.4,200.0,500.0,,,,,20.0
Martjushev ADWIN J,AdditionalLogs,sudden_drift_00,,,,[],"[500, 1000]",,,00:00:21,21.85152689999813,0.0145676845999987,0.4,200.0,500.0,,,,,20.0
Martjushev ADWIN J,AdditionalLogs,sudden_drift_01,,,,[],"[500, 1000]",,,00:00:32,32.24225230000593,0.0214948348666706,0.4,200.0,500.0,,,,,10.0
Martjushev ADWIN J,AdditionalLogs,sudden_drift_03,,,,[],"[500, 1000]",,,00:00:09,9.511649300002318,0.0063410995333348,0.4,200.0,500.0,,,,,50.0
Martjushev ADWIN J,AdditionalLogs,gradual_drift_06,,,,[],"[500, 1000]",,,00:01:01,61.63781890000246,0.0440270135000017,0.4,200.0,500.0,,,,,10.0
Martjushev ADWIN J,AdditionalLogs,gradual_drift_00,,,,[],"[500, 1000]",,,00:00:09,9.752597600003355,0.0069661411428595,0.4,200.0,500.0,,,,,50.0
Martjushev ADWIN J,AdditionalLogs,recurring_drift_05,,,,[],"[500, 1000]",,,00:00:26,26.38367009999638,0.0175891133999975,0.4,200.0,500.0,,,,,10.0
Martjushev ADWIN J,AdditionalLogs,gradual_drift_09,,,,[],"[500, 1000]",,,00:00:22,22.51876370000537,0.0160848312142895,0.4,200.0,500.0,,,,,10.0
Martjushev ADWIN J,AdditionalLogs,sudden_drift_03,,,,[],"[500, 1000]",,,00:00:21,21.93007149999903,0.014620047666666,0.4,200.0,500.0,,,,,10.0
Martjushev ADWIN J,AdditionalLogs,gradual_drift_01,,,,[],"[500, 1000]",,,00:00:33,33.54548649999924,0.0239610617857137,0.4,200.0,500.0,,,,,10.0
Martjushev ADWIN J,AdditionalLogs,sudden_drift_00,,,,[],"[500, 1000]",,,00:00:13,13.919899200001964,0.0092799328000013,0.4,200.0,500.0,,,,,50.0
Martjushev ADWIN J,AdditionalLogs,gradual_drift_03,,,,[],"[500, 1000]",,,00:00:22,22.873544299996865,0.0163382459285691,0.4,200.0,500.0,,,,,10.0
Martjushev ADWIN J,AdditionalLogs,recurring_drift_07,,,,[],"[500, 1000]",,,00:00:06,6.707145300002594,0.0044714302000017,0.4,200.0,500.0,,,,,50.0
Martjushev ADWIN J,AdditionalLogs,recurring_drift_01,,,,[],"[500, 1000]",,,00:00:16,16.386303700004646,0.0109242024666697,0.4,200.0,500.0,,,,,50.0
Martjushev ADWIN J,AdditionalLogs,recurring_drift_08,,,,[],"[500, 1000]",,,00:00:14,14.313741000005392,0.0095424940000035,0.4,200.0,500.0,,,,,50.0
Martjushev ADWIN J,AdditionalLogs,sudden_drift_04,,,,[],"[500, 1000]",,,00:00:22,22.415287000003445,0.0149435246666689,0.4,200.0,500.0,,,,,20.0
Martjushev ADWIN J,AdditionalLogs,sudden_drift_08,,,,[],"[500, 1000]",,,00:00:35,35.90733960000216,0.0239382264000014,0.4,200.0,500.0,,,,,10.0
Martjushev ADWIN J,AdditionalLogs,sudden_drift_05,,,,[],"[500, 1000]",,,00:00:09,9.216459800001758,0.0061443065333345,0.4,200.0,500.0,,,,,50.0
Martjushev ADWIN J,AdditionalLogs,sudden_drift_00,,,,[],"[500, 1000]",,,00:00:34,34.770511899994744,0.0231803412666631,0.4,200.0,500.0,,,,,10.0
Martjushev ADWIN J,AdditionalLogs,recurring_drift_00,,,,[],"[500, 1000]",,,00:00:10,10.99822480000148,0.0073321498666676,0.4,200.0,500.0,,,,,20.0
Martjushev ADWIN J,AdditionalLogs,gradual_drift_03,,,,[],"[500, 1000]",,,00:00:14,14.669024399998309,0.0104778745714273,0.4,200.0,500.0,,,,,20.0
Martjushev ADWIN J,AdditionalLogs,recurring_drift_00,,,,[],"[500, 1000]",,,00:00:07,7.623543699999573,0.0050823624666663,0.4,200.0,500.0,,,,,50.0
Martjushev ADWIN J,AdditionalLogs,recurring_drift_09,,,,[],"[500, 1000]",,,00:00:10,10.429952300000878,0.0069533015333339,0.4,200.0,500.0,,,,,50.0
Martjushev ADWIN J,AdditionalLogs,gradual_drift_08,,,,[],"[500, 1000]",,,00:00:15,15.11010620000161,0.0107929330000011,0.4,200.0,500.0,,,,,50.0
Martjushev ADWIN J,AdditionalLogs,recurring_drift_08,,,,[],"[500, 1000]",,,00:00:22,22.68153280000115,0.0151210218666674,0.4,200.0,500.0,,,,,20.0
Martjushev ADWIN J,AdditionalLogs,gradual_drift_02,,,,[],"[500, 1000]",,,00:00:14,14.822451200001524,0.0105874651428582,0.4,200.0,500.0,,,,,50.0
Martjushev ADWIN J,AdditionalLogs,gradual_drift_09,,,,[],"[500, 1000]",,,00:00:15,15.584379599997192,0.0111316997142837,0.4,200.0,500.0,,,,,20.0
Martjushev ADWIN J,AdditionalLogs,gradual_drift_02,,,,[],"[500, 1000]",,,00:00:19,19.554881199997908,0.0139677722857127,0.4,200.0,500.0,,,,,20.0
Martjushev ADWIN J,AdditionalLogs,recurring_drift_04,,,,[],"[500, 1000]",,,00:00:11,11.791740799999388,0.0078611605333329,0.4,200.0,500.0,,,,,50.0
Martjushev ADWIN J,AdditionalLogs,sudden_drift_04,,,,[],"[500, 1000]",,,00:00:34,34.5412748000017,0.0230275165333344,0.4,200.0,500.0,,,,,10.0
Martjushev ADWIN J,AdditionalLogs,gradual_drift_04,,,,[],"[500, 1000]",,,00:00:11,11.159865299996454,0.0079713323571403,0.4,200.0,500.0,,,,,50.0
Martjushev ADWIN J,AdditionalLogs,recurring_drift_02,,,,[989],"[500, 1000]",0.6666666666666666,11.0,00:00:26,26.07903810000425,0.0173860254000028,0.4,200.0,500.0,,,,,20.0
Martjushev ADWIN J,AdditionalLogs,recurring_drift_09,,,,[],"[500, 1000]",,,00:00:14,14.089002700005947,0.0093926684666706,0.4,200.0,500.0,,,,,20.0
Martjushev ADWIN J,AdditionalLogs,recurring_drift_03,,,,[],"[500, 1000]",,,00:00:16,16.101833200002147,0.010734555466668,0.4,200.0,500.0,,,,,20.0
Martjushev ADWIN J,AdditionalLogs,gradual_drift_08,,,,[],"[500, 1000]",,,00:00:37,37.00383739999961,0.0264313124285711,0.4,200.0,500.0,,,,,10.0
Martjushev ADWIN J,AdditionalLogs,gradual_drift_05,,,,[],"[500, 1000]",,,00:00:13,13.825126100004129,0.0098750900714315,0.4,200.0,500.0,,,,,20.0
Martjushev ADWIN J,AdditionalLogs,gradual_drift_07,,,,[],"[500, 1000]",,,00:00:17,17.2742031999951,0.012338716571425,0.4,200.0,500.0,,,,,10.0
Martjushev ADWIN J,AdditionalLogs,gradual_drift_06,,,,[],"[500, 1000]",,,00:00:45,45.49167119999765,0.0324940508571411,0.4,200.0,500.0,,,,,20.0
Martjushev ADWIN J,AdditionalLogs,recurring_drift_08,,,,[],"[500, 1000]",,,00:00:34,34.55868519999785,0.0230391234666652,0.4,200.0,500.0,,,,,10.0
Martjushev ADWIN J,AdditionalLogs,gradual_drift_05,,,,[],"[500, 1000]",,,00:00:10,10.0395847999971,0.0071711319999979,0.4,200.0,500.0,,,,,50.0
Martjushev ADWIN J,AdditionalLogs,sudden_drift_07,,,,[],"[500, 1000]",,,00:00:12,12.61792019999848,0.0084119467999989,0.4,200.0,500.0,,,,,20.0
Martjushev ADWIN J,AdditionalLogs,recurring_drift_03,,,,[],"[500, 1000]",,,00:00:10,10.30342699999892,0.0068689513333326,0.4,200.0,500.0,,,,,50.0
Martjushev ADWIN J,AdditionalLogs,gradual_drift_07,,,,[],"[500, 1000]",,,00:00:07,7.933428600001207,0.0056667347142865,0.4,200.0,500.0,,,,,50.0
Martjushev ADWIN J,AdditionalLogs,gradual_drift_04,,,,[],"[500, 1000]",,,00:00:26,26.0014633000028,0.0185724737857162,0.4,200.0,500.0,,,,,10.0
Martjushev ADWIN J,AdditionalLogs,gradual_drift_03,,,,[],"[500, 1000]",,,00:00:09,9.58101500000339,0.0068435821428595,0.4,200.0,500.0,,,,,50.0
Martjushev ADWIN J,AdditionalLogs,recurring_drift_00,,,,[],"[500, 1000]",,,00:00:16,16.578870500001358,0.0110525803333342,0.4,200.0,500.0,,,,,10.0
Martjushev ADWIN J,AdditionalLogs,recurring_drift_09,,,,[],"[500, 1000]",,,00:00:19,19.73907259999396,0.0131593817333293,0.4,200.0,500.0,,,,,10.0
Martjushev ADWIN J,AdditionalLogs,recurring_drift_06,,,,[],"[500, 1000]",,,00:00:36,36.305429499996535,0.0242036196666643,0.4,200.0,500.0,,,,,50.0
Martjushev ADWIN J,AdditionalLogs,sudden_drift_09,,,,[899],"[500, 1000]",0.6666666666666666,101.0,00:00:10,10.422424399999729,0.0069482829333331,0.4,200.0,500.0,,,,,50.0
Martjushev ADWIN J,AdditionalLogs,sudden_drift_03,,,,[],"[500, 1000]",,,00:00:14,14.386797099999969,0.0095911980666666,0.4,200.0,500.0,,,,,20.0
Martjushev ADWIN J,AdditionalLogs,recurring_drift_05,,,,[],"[500, 1000]",,,00:00:17,17.440654899997753,0.0116271032666651,0.4,200.0,500.0,,,,,20.0
Martjushev ADWIN J,AdditionalLogs,recurring_drift_04,,,,[],"[500, 1000]",,,00:00:25,25.68483620000188,0.0171232241333345,0.4,200.0,500.0,,,,,10.0
Martjushev ADWIN J,AdditionalLogs,sudden_drift_02,,,,[919],"[500, 1000]",0.6666666666666666,81.0,00:00:29,29.593694600000163,0.0197291297333334,0.4,200.0,500.0,,,,,10.0
Martjushev ADWIN J,AdditionalLogs,sudden_drift_02,,,,[],"[500, 1000]",,,00:00:19,19.375751300001863,0.0129171675333345,0.4,200.0,500.0,,,,,50.0
Martjushev ADWIN J,AdditionalLogs,sudden_drift_01,,,,[],"[500, 1000]",,,00:00:19,19.96086150000337,0.0133072410000022,0.4,200.0,500.0,,,,,20.0
Martjushev ADWIN J,AdditionalLogs,sudden_drift_06,,,,[],"[500, 1000]",,,00:00:52,52.4634303999992,0.0349756202666661,0.4,200.0,500.0,,,,,20.0
